[
{"page_index": 0, "movie_id": "30180521", "title": "\u4e8c\u5e08\u5144\u6765\u4e86", "username": "\u53f8\u96ea\u8fb0\u9022", "user_id": "wjy4520", "rating": "\u8fd8\u884c", "date": "2019-04-05", "time": "20:05:03", "comment": "\u4e5f\u6ca1\u8fd9\u4e48\u70c2\u5427", "useful_count": "0"},
{"page_index": 0, "movie_id": "30180521", "title": "\u4e8c\u5e08\u5144\u6765\u4e86", "username": "\u592a\u5200\u03be\u98ce", "user_id": "forza-lukas", "rating": "\u8f83\u5dee", "date": "2019-12-11", "time": "20:42:55", "comment": "\u6211\u7adf\u7136\u770b\u5b8c\u4e86\u3002\u3002\u3002", "useful_count": "0"},
{"page_index": 0, "movie_id": "30180521", "title": "\u4e8c\u5e08\u5144\u6765\u4e86", "username": "\u54b8\u5858\u6d5c\u8001\u9ed1\u9c7c", "user_id": "82933969", "rating": "\u8f83\u5dee", "date": "2019-06-22", "time": "23:20:53", "comment": "\u975e\u5e38\u4e3b\u65cb\u5f8b\uff0c\u611f\u89c9\u5c31\u50cf\u5ba3\u4f20\u7247\uff0c\u5f88\u505a\u4f5c\u2026\u2026", "useful_count": "0"},
{"page_index": 0, "movie_id": "30180521", "title": "\u4e8c\u5e08\u5144\u6765\u4e86", "username": "az", "user_id": "152573613", "rating": "\u8f83\u5dee", "date": "2019-12-10", "time": "23:07:33", "comment": "\u8d8a\u5f80\u540e\u8d8a\u8dd1\u504f\u7684\u6b63\u6c14\u3002", "useful_count": "0"},
{"page_index": 0, "movie_id": "30180521", "title": "\u4e8c\u5e08\u5144\u6765\u4e86", "username": "\u963f\u963f\u963f\u5468", "user_id": "44418766", "rating": "\u8f83\u5dee", "date": "2018-04-14", "time": "20:29:21", "comment": "\u770b\u4e0d\u4e0b\u53bb\uff01", "useful_count": "1"},
{"page_index": 0, "movie_id": "30180521", "title": "\u4e8c\u5e08\u5144\u6765\u4e86", "username": "\u5b5f\u96ea\u6ce5", "user_id": "189568803", "rating": null, "date": "2019-07-29", "time": "22:38:46", "comment": "\u517b\u732a\u5ba3\u4f20\u7247", "useful_count": "0"},
{"page_index": 0, "movie_id": "30180521", "title": "\u4e8c\u5e08\u5144\u6765\u4e86", "username": "\u857e\u857e", "user_id": "140131371", "rating": null, "date": "2020-04-19", "time": "20:16:11", "comment": "\u7eff\u6c34\u9752\u5c71\u5c31\u662f\u91d1\u5c71\u94f6\u5c71\u7cfb\u5217\uff0c\u957f\u8f88\u90a3\u8f88\u4eba\u662f\u600e\u6837\u7684\u601d\u60f3\u8f6c\u53d8\uff0c\u6c42\u53d8\u624d\u662f\u6210\u529f\u7684\u57fa\u77f3", "useful_count": "0"},
{"page_index": 0, "movie_id": "30180521", "title": "\u4e8c\u5e08\u5144\u6765\u4e86", "username": "\u9053\u9053\u770b\u7535\u5f71", "user_id": "film1984", "rating": "\u5f88\u5dee", "date": "2019-03-26", "time": "17:52:33", "comment": "\u5bfc\u6f14\u53eb\u6731\u4e39", "useful_count": "0"},
{"page_index": 0, "movie_id": "30180521", "title": "\u4e8c\u5e08\u5144\u6765\u4e86", "username": "\u8fa3\u4e48\u5e05\u00b7\u5e05\u5fb7\u5e03\u8000", "user_id": "174507507", "rating": "\u8fd8\u884c", "date": "2018-06-13", "time": "11:46:03", "comment": "\u67d0\u6c47\u7684\u517b\u732a\u5ba3\u4f20\u7247", "useful_count": "0"},
{"page_index": 0, "movie_id": "30180521", "title": "\u4e8c\u5e08\u5144\u6765\u4e86", "username": "\u623f\u6dd9", "user_id": "138133701", "rating": "\u5f88\u5dee", "date": "2018-04-16", "time": "01:49:30", "comment": "\u7968\u623f\u70c2\u5230\u4e00\u90e8\u6295\u8d44\u65b9\u80fd\u56de\u6536\u7684\u6210\u672c\u7ed9\u5267\u7ec4\u4e70\u76d2\u996d\u94b1\u90fd\u4e0d\u591f", "useful_count": "5"},
{"page_index": 0, "movie_id": "30180521", "title": "\u4e8c\u5e08\u5144\u6765\u4e86", "username": "\u4e0d\u8a31\u52d5", "user_id": "47190086", "rating": "\u5f88\u5dee", "date": "2019-03-27", "time": "01:34:10", "comment": "\u5509", "useful_count": "0"},
{"page_index": 0, "movie_id": "30180521", "title": "\u4e8c\u5e08\u5144\u6765\u4e86", "username": "\u654f\u654f", "user_id": "138269541", "rating": "\u5f88\u5dee", "date": "2019-10-25", "time": "17:53:09", "comment": "\u6211\u8001\u516c\u65e0\u610f\u5728\u7535\u89c6\u4e0a\u70b9\u5f00\u7684\u3002\u73b0\u5728\u662f2019\u5e7410\u670826\u65e5\u3002\u4e09\u7ebf\u57ce\u5e02\u57ce\u4e2d\u6751\u83dc\u5e02\u573a\u732a\u8089\u4ef7\u683c34\u5757\u4e00\u65a4\u3002\u5f71\u7247\u524d\u51e0\u5206\u949f\u9762\u4e34\u7684\u95ee\u9898\u5df2\u7ecf\u5728\u73b0\u5b9e\u4e2d\u89e3\u51b3\u4e86\u3002\n\u8c46\u74e3\u8bc4\u5206\u53f2\u4e0a\u6700\u4f4e\u4e00\u6b21\u3002\u7279\u6b64\u7eaa\u5ff5\u3002", "useful_count": "1"},
{"page_index": 0, "movie_id": "30180521", "title": "\u4e8c\u5e08\u5144\u6765\u4e86", "username": "\u65ed\u4e1c\u5200\u79d1\u5b66", "user_id": "177802059", "rating": "\u5f88\u5dee", "date": "2018-04-24", "time": "16:03:32", "comment": "\u7b80\u76f4\u70c2\u5230\u4e0d\u80fd\u518d\u70c2\uff0c\u8fd9\u5b8c\u5168\u4e0d\u80fd\u8bf4\u662f\u4e00\u90e8\u7535\u5f71\u4e86\uff0c\u592a\u7c97\u7cd9\u4e86\u2026", "useful_count": "1"},
{"page_index": 0, "movie_id": "30180521", "title": "\u4e8c\u5e08\u5144\u6765\u4e86", "username": "\u5343\u91cc\u4ece\u661f", "user_id": "151915532", "rating": "\u5f88\u5dee", "date": "2019-10-31", "time": "12:14:55", "comment": "\u771f\u5783\u573e\uff0c\u770b\u4e0d\u4e0b\u53bb", "useful_count": "0"},
{"page_index": 0, "movie_id": "30180521", "title": "\u4e8c\u5e08\u5144\u6765\u4e86", "username": "irrirrirrirr", "user_id": "irrirrirrirr", "rating": "\u529b\u8350", "date": "2019-11-28", "time": "19:00:24", "comment": "\u732a\u4ef7\u4e0a\u6da8\uff0c\u8c01\u83b7\u76ca\u6700\u5927 \uff1f \uff08 2019.11)", "useful_count": "0"},
{"page_index": 0, "movie_id": "30180521", "title": "\u4e8c\u5e08\u5144\u6765\u4e86", "username": "\u98ce", "user_id": "177542612", "rating": "\u529b\u8350", "date": "2018-04-19", "time": "09:12:10", "comment": "\u559c\u6b22\u770b\u559c\u5267", "useful_count": "0"},
{"page_index": 0, "movie_id": "30180521", "title": "\u4e8c\u5e08\u5144\u6765\u4e86", "username": "\u5bd2\u98ce", "user_id": "177270409", "rating": "\u529b\u8350", "date": "2018-04-13", "time": "12:09:10", "comment": "\u4eca\u665a\u53bb\u770b\uff0c\u4e0d\u4e3a\u522b\u7684\uff0c\u5c31\u4e3a\u8fd9\u662f\u6731\u4e39\u5bfc\u6f14\u7684\u7247\u5b50", "useful_count": "0"},
{"page_index": 0, "movie_id": "30180521", "title": "\u4e8c\u5e08\u5144\u6765\u4e86", "username": "\u63b8\u843d\u67ab\u6eaa", "user_id": "154223463", "rating": "\u529b\u8350", "date": "2019-03-29", "time": "20:01:26", "comment": "\u5929\u554a\uff01\u770b\u4e86\u4e2a\u5f00\u5934\uff0c\u8d8a\u770b\u8d8a\u773c\u719f\uff0c\u662f\u6211\u4eec\u6f2f\u6cb3\u7684\u666f\uff0c\u7247\u7684\u5185\u5bb9\u6ca1\u770b\u5c31\u4e0d\u591a\u8bf4\u4e86\uff0c\u51ed\u8fd9\u4e2a\u666f\u7ed9\u4e2a\u5370\u8c61\u5206\u5427", "useful_count": "0"}
]