[
{"page_index": 0, "movie_id": "30183443", "title": "\u58f9\u53f7\u522b\u5885", "username": "\u6e1a\u6e1a\u6e1a", "user_id": "155451932", "rating": "\u5f88\u5dee", "date": "2018-04-19", "time": "11:53:14", "comment": "\u4f60\u4eec\u770b\u770b\u4e0b\u9762\u4e94\u661f\u8bc4\u8bba\u7684ID\u5c31\u4f1a\u56de\u6765\u8d5e\u6211", "useful_count": "57"},
{"page_index": 0, "movie_id": "30183443", "title": "\u58f9\u53f7\u522b\u5885", "username": "\u9ec4\u60a6_", "user_id": "69475039", "rating": "\u5f88\u5dee", "date": "2018-04-19", "time": "14:51:43", "comment": "\u5c0f\u5973\u5b69\u628a\u5934\u53d1\u624e\u8d77\u6765\u4e4b\u540e\u592a\u50cf\u5173\u6653\u5f64\u4e86\u54c8\u54c8\u54c8 \u5bb3\u6211\u4e00\u76f4\u51fa\u620f", "useful_count": "10"},
{"page_index": 0, "movie_id": "30183443", "title": "\u58f9\u53f7\u522b\u5885", "username": "\u671b\u8212", "user_id": "154516644", "rating": "\u5f88\u5dee", "date": "2018-04-19", "time": "10:44:39", "comment": "\u4e3a\u4ec0\u4e48\u8c46\u74e3\u4e0d\u80fd\u6253\u8d1f\u5206\uff1f\u4e3a\u4ec0\u4e48\u4e00\u661f\u662f2\u5206\uff1f\u4e0d\u7ed9\u8fd9\u90e8\u7535\u5f71\u8d1f\u5206\u662f\u5bf9\u5bfc\u6f14\u548c\u7f16\u5267\u7684\u4fae\u8fb1\uff01", "useful_count": "18"},
{"page_index": 0, "movie_id": "30183443", "title": "\u58f9\u53f7\u522b\u5885", "username": "\u5047\u7b11girl", "user_id": "2161666", "rating": "\u5f88\u5dee", "date": "2018-04-19", "time": "18:51:23", "comment": "\u5bfc\u6f14\u51fa\u6765\u6211\u4fdd\u8bc1\u4e0d\u6253\u6b7b\u4f60\u6211\u5c31\u60f3\u8ddf\u4f60\u8c08\u8c08\u7cfb\u5217", "useful_count": "5"},
{"page_index": 0, "movie_id": "30183443", "title": "\u58f9\u53f7\u522b\u5885", "username": "\u9488\u773c\u753b\u5e08", "user_id": "51266657", "rating": "\u8f83\u5dee", "date": "2018-06-09", "time": "16:07:44", "comment": "\u670b\u53cb\u4e3b\u6f14\u7684\u7535\u5f71\uff0c\u611f\u89c9\u6574\u4f53\u4e71\u4e03\u516b\u7cdf\uff0c\u9664\u4e24\u4e3b\u6f14\u5916\uff0c\u5176\u5b83\u6f14\u5458\u5b9e\u5728\u592a\u4e1a\u4f59\u4e86\u3002", "useful_count": "4"},
{"page_index": 0, "movie_id": "30183443", "title": "\u58f9\u53f7\u522b\u5885", "username": "\u53eb\u6211\u654f\u80d6\u80d6", "user_id": "70147844", "rating": "\u529b\u8350", "date": "2018-04-19", "time": "16:44:47", "comment": "\u6700\u559c\u6b22\u770b\u56fd\u4ea7\u6050\u6016\u7247\u7684\u9884\u544a\u7247\u4e86\uff0c\u5f53\u6210\u559c\u5267\u770b", "useful_count": "9"},
{"page_index": 0, "movie_id": "30183443", "title": "\u58f9\u53f7\u522b\u5885", "username": "\u5566\u5566\u5566", "user_id": "157273478", "rating": "\u5f88\u5dee", "date": "2018-04-19", "time": "11:10:40", "comment": "\u5988\u5440\uff0c\u4ec0\u4e48\u70c2\u7247", "useful_count": "6"},
{"page_index": 0, "movie_id": "30183443", "title": "\u58f9\u53f7\u522b\u5885", "username": "\u4ed8\u73b2", "user_id": "flowertide", "rating": "\u5f88\u5dee", "date": "2018-06-06", "time": "06:57:45", "comment": "\u7ec8\u4e8e\u89c1\u8bc6\u4e86\u4e00\u6b21\u56fd\u4ea7\u53ef\u6015\u7247\uff0c\u592a\u5174\u594b\u4e86\u3002", "useful_count": "0"},
{"page_index": 0, "movie_id": "30183443", "title": "\u58f9\u53f7\u522b\u5885", "username": "ericxu", "user_id": "219916521", "rating": "\u5f88\u5dee", "date": "2021-06-17", "time": "19:37:22", "comment": "\u8d1f\u5206", "useful_count": "0"},
{"page_index": 0, "movie_id": "30183443", "title": "\u58f9\u53f7\u522b\u5885", "username": "weakish", "user_id": "WeakishJiang", "rating": "\u5f88\u5dee", "date": "2018-08-19", "time": "20:22:44", "comment": "\u5473\u540c\u56bc\u8721", "useful_count": "1"},
{"page_index": 0, "movie_id": "30183443", "title": "\u58f9\u53f7\u522b\u5885", "username": "Que sera", "user_id": "iamafrog", "rating": "\u5f88\u5dee", "date": "2018-06-01", "time": "17:54:11", "comment": "\u7535\u89c6\u91cc\u603b\u6709\u56fd\u4ea7\u6050\u6016\u7535\u5f71\uff0c\u770b\u5f97\u6211\u65e0\u6b32\u65e0\u6c42\u7684\uff0c\u6f14\u5458\u597d\u770b\u70b9\u80fd\u7ed9\u4e24\u661f\uff0c\u6885\u59e8\u7b97\u6700\u597d\u770b\u7684\u4e86\uff0c\u4f46\u600e\u4e48\u770b\u90fd\u50cf\u4f1a\u9986\u91cc\u5531\u4eac\u4e1c\u5927\u9f13\u7684\u3002", "useful_count": "1"},
{"page_index": 0, "movie_id": "30183443", "title": "\u58f9\u53f7\u522b\u5885", "username": "\u7231\u6bd4\u6b7b\u66f4\u51b7", "user_id": "70421764", "rating": "\u5f88\u5dee", "date": "2018-05-29", "time": "10:12:58", "comment": "\u5bfc\u6f14: \u738b\u4fdd\u56fd\n\u7f16\u5267: \u738b\u4fdd\u56fd / \u7941\u6653\u91ce / \u5218\u7389\u7487\n\u4e3b\u6f14: \u9879\u6d2a / \u4faf\u5b87\u822a / \u6797\u8bd7\u66c8 / \u5173\u5065\n\u7c7b\u578b: \u5267\u60c5 / \u60ac\u7591\n\u5236\u7247\u56fd\u5bb6/\u5730\u533a: \u4e2d\u56fd\u5927\u9646", "useful_count": "1"},
{"page_index": 0, "movie_id": "30183443", "title": "\u58f9\u53f7\u522b\u5885", "username": "uu_whatevs", "user_id": "56917736", "rating": "\u5f88\u5dee", "date": "2018-12-19", "time": "22:04:08", "comment": "\u8fd9\u6211\u90fd\u770b\u8fc7\uff0c\u725b\u903c\u4e0d", "useful_count": "3"},
{"page_index": 0, "movie_id": "30183443", "title": "\u58f9\u53f7\u522b\u5885", "username": "\u805a\u7fbd\u6210\u7ffc", "user_id": "S7vv", "rating": "\u5f88\u5dee", "date": "2018-05-30", "time": "01:58:52", "comment": ".", "useful_count": "0"},
{"page_index": 0, "movie_id": "30183443", "title": "\u58f9\u53f7\u522b\u5885", "username": "\u7ed9\u94b1\u5199\u7535\u5f71\u597d\u8bc4", "user_id": "joker1114713710", "rating": "\u529b\u8350", "date": "2019-05-02", "time": "22:22:19", "comment": "\u5f88\u591a\u5b69\u5b50\u5f88\u8ba8\u538c\uff0c\u6c34\u716e\u5c0f\u5b69\u7684\u6982\u5ff5\u5f88\u503c\u5f97\u5b66\u4e60\uff0c\u70b9\u8d5e\u4e86\uff0c\u8fc7\u4e24\u5929\u6211\u5c31\u628a\u6211\u7684\u5b69\u5b50\u716e\u4e86\u3002", "useful_count": "0"},
{"page_index": 0, "movie_id": "30183443", "title": "\u58f9\u53f7\u522b\u5885", "username": "\u96ea\u767d\u5e72\u51c0\u5c11\u5e2e\u4e3b", "user_id": "66470368", "rating": "\u5f88\u5dee", "date": "2022-12-02", "time": "21:13:12", "comment": "\u6551\u547d \u6211\u770b\u5b8c\u4e86 \u6c34\u5f00\u4e86 \u53c8\u8981\u505a\u996d\u4e86 \u5207\u5207\u5207 \u6211\u75af\u4e86", "useful_count": "0"},
{"page_index": 0, "movie_id": "30183443", "title": "\u58f9\u53f7\u522b\u5885", "username": "\u70df\u706b\u4f73\u4eba", "user_id": "151076960", "rating": "\u5f88\u5dee", "date": "2018-04-20", "time": "23:54:39", "comment": "\u4e00\u70b9\u90fd\u4e0d\u597d\u770b", "useful_count": "0"},
{"page_index": 0, "movie_id": "30183443", "title": "\u58f9\u53f7\u522b\u5885", "username": "\u5b50\u671f\u5df2\u5f52\u897f", "user_id": "lasomabra", "rating": "\u5f88\u5dee", "date": "2019-08-25", "time": "23:07:47", "comment": "\u6885\u59e8\u662f\u9b54\u4ed9\u5821\u91cc\u51fa\u6765\u7684", "useful_count": "1"},
{"page_index": 0, "movie_id": "30183443", "title": "\u58f9\u53f7\u522b\u5885", "username": "\u9999\u706b\u5144\u5f1f", "user_id": "gw150080", "rating": "\u5f88\u5dee", "date": "2018-05-28", "time": "15:53:50", "comment": "\u5b9e\u5728\u6ca1\u8010\u5fc3\u770b\u5b8c\u4e86^_^", "useful_count": "0"},
{"page_index": 0, "movie_id": "30183443", "title": "\u58f9\u53f7\u522b\u5885", "username": "\u5b89\u8d1e\u91cc", "user_id": "140835094", "rating": "\u5f88\u5dee", "date": "2021-07-28", "time": "03:11:40", "comment": "\u5bfc\u6f14\u548c\u9a6c\u4fdd\u56fd\u662f\u8868\u5144\u5f1f\u5427", "useful_count": "0"},
{"page_index": 0, "movie_id": "30183443", "title": "\u58f9\u53f7\u522b\u5885", "username": "\u554a\u554a\u554a", "user_id": "175948971", "rating": "\u5f88\u5dee", "date": "2018-04-19", "time": "12:20:04", "comment": "\u5bf9\u4e0d\u8d77 \u6211\u77e5\u9053\u8fd9\u6837\u4e0d\u597d \u53ef\u8fd8\u662f\u5f97\u8bf4\u4e00\u53e5 \u8fa3\u9e21", "useful_count": "3"},
{"page_index": 0, "movie_id": "30183443", "title": "\u58f9\u53f7\u522b\u5885", "username": "Geralt", "user_id": "78327576", "rating": "\u5f88\u5dee", "date": "2018-05-27", "time": "19:47:50", "comment": "\u5927\u5bb6\u770b\u5230\u201c\u56fd\u4ea7+\u6050\u6016\u7247\u201d\u53ef\u4ee5\u76f4\u63a5\u5f03\u4e86\uff0c\u6ca1\u5fc5\u8981\u5c1d\u8bd5\u3002", "useful_count": "0"},
{"page_index": 0, "movie_id": "30183443", "title": "\u58f9\u53f7\u522b\u5885", "username": "\u738b\u6728\u5ddd", "user_id": "jielunxiaoxin", "rating": "\u8f83\u5dee", "date": "2018-06-23", "time": "13:43:13", "comment": "\u597d\u8ff7\u5e7b\uff0c\u5c0f\u5973\u5b69\u6f14\u6280\u6700\u4f73\u3002", "useful_count": "0"},
{"page_index": 0, "movie_id": "30183443", "title": "\u58f9\u53f7\u522b\u5885", "username": "\u9ea6\u5b50", "user_id": "btone0808", "rating": "\u5f88\u5dee", "date": "2018-05-26", "time": "09:54:56", "comment": "\u6050\u6016\u7247\u7684\u803b\u8fb1\uff0c\u795e\u795e\u53e8\u53e8\u7684\u83dc\u5200\u821e\u5012\u662f\u86ee\u6709\u559c\u611f", "useful_count": "0"},
{"page_index": 0, "movie_id": "30183443", "title": "\u58f9\u53f7\u522b\u5885", "username": "\u5c0f\u4e11", "user_id": "155014456", "rating": "\u5f88\u5dee", "date": "2018-04-14", "time": "22:06:58", "comment": "\u56fd\u4ea7\u6050\u6016\u7247\u3002\u3002\u3002", "useful_count": "0"},
{"page_index": 0, "movie_id": "30183443", "title": "\u58f9\u53f7\u522b\u5885", "username": "\u5c0f\u68cd", "user_id": "27403984", "rating": "\u5f88\u5dee", "date": "2018-05-29", "time": "22:42:56", "comment": "\u4ec0\u4e48JB\u73a9\u610f\uff0c\u771fTM\u70c2\uff0c\u6ca1\u6709\u4e4b\u4e00", "useful_count": "0"},
{"page_index": 0, "movie_id": "30183443", "title": "\u58f9\u53f7\u522b\u5885", "username": "\u96ea\u8c46\u513f\u7096\u8e44\u82b1\u513f", "user_id": "143481653", "rating": "\u5f88\u5dee", "date": "2018-04-21", "time": "09:42:24", "comment": "fhhdijfugogdbiifucib", "useful_count": "0"},
{"page_index": 0, "movie_id": "30183443", "title": "\u58f9\u53f7\u522b\u5885", "username": "\u6d6a\u5473\u4ed9", "user_id": "dijianglin", "rating": "\u5f88\u5dee", "date": "2018-04-19", "time": "16:18:40", "comment": "\u4e0d\u8bf4\u8bdd\u2026", "useful_count": "2"},
{"page_index": 0, "movie_id": "30183443", "title": "\u58f9\u53f7\u522b\u5885", "username": "\ud83d\udeaa\ud83c\udf19", "user_id": "157637086", "rating": "\u63a8\u8350", "date": "2022-03-02", "time": "11:24:08", "comment": "\u4e00\u934b\u6c34\u71d2\u958b\u4e86\uff0c\u958b\u59cb\u505a\u98ef\u4e86\uff0c\u53c8\u8981\u52d5\u5200\u4e86\uff0c\u5207\u5207\u5207\uff0c\u83dc\u82b1\uff0c\u8525\u82b1\uff0c\u97ed\u83dc\u82b1\uff0c\u6211\u7684\u5bf6\u8c9d\uff0c\u6211\u7684\u5bf6\u8c9d\uff0c\u770b\u770b\u662f\u8ab0\uff01\n\u6885\u59e8\u7684\u8868\u6f14\u771f\u7684\u5f88\u5c2c\u3002\u6885\u59e8\u5bf9\u6bdb\u8c46\u8bf4\uff1a\u77e5\u97f3\u554a\uff0c\u8981\u662f\u6211\u7684\u5973\u513f\u8be5\u591a\u597d\u554a\u3002\n\u6bdb\u8c46\u68a6\u6e38\u627e\u7684\u5c0f\u59d0\u59d0\n\u795e\u79d8\u7684\u5730\u4e0b\u5ba4\n\u8001\u662f\u523b\u610f\u7684\u51fa\u73b0\u5e2e\u52a9\u5973\u4e3b\u8fd8\u7231\u5c2c\u5531\u7684\u5916\u5356\u5458\uff0c\u8ba9\u5973\u4e3b\u901f\u79bb\u5f00\u6885\u59e8\uff0c\u8bf4\u6885\u59e8\u6709\u7cbe\u795e\u969c\u788d\uff0c\u6740\u4eba\n\u5973\u4e3b\u53eb\u8001\u677f\uff0c\u6885\u59e8\u53eb\u8001\u516c\uff0c\u5916\u5356\u5458\u53eb\u59d1\u7236\n\u4f1a\u6613\u5bb9\u7684\u8001\u677f\u5973\u79d8\u4e66\uff08\u5373\u6885\u59e8\u53e3\u4e2d\u7684\u5927\u9b54\u738b\uff0c\u4e5f\u662f\u5979\u6613\u5bb9\u6210\u597d\u5fc3\u4eba\u8ba9\u5973\u4e3b\u4f4f\u8fdb\u58f9\u53f7\u522b\u5885\uff09\n\u6885\u59e8\u7684\u7ae5\u5e74\u9634\u5f71\uff0c\u540e\u5988\u6050\u5413\u5979\u8981\u62ff\u5979\u7172\u6c64\uff0c\u540e\u6765\u8ddf\u7740\u53a8\u5b50\u5b66\u4f1a\u4e86\u53a8\u827a\u3002\n\u6885\u59e8\u4e3a\u4e86\u6e05\u9192\u628a\u53cc\u624b\u653e\u8fdb\u4e86\u6eda\u70eb\u7684\u6c64\u91cc\uff0c\u5c0f\u54e5\u5c06\u786b\u9178\u503e\u5411\u81ea\u5df1\u5973\u4e3b\u62b1\u7740\u5973\u513f\u62ff\u7740\u8bc1\u636e\u8dd1\u53bb\u62a5\u8b66\u4e86\u3002\u6885\u59e8\u628a\u95e8\u4e00\u5173\uff0c\u4e09\u4e2a\u6076\u9b54\u8c01\u4e5f\u522b\u60f3\u8dd1\n", "useful_count": "0"},
{"page_index": 0, "movie_id": "30183443", "title": "\u58f9\u53f7\u522b\u5885", "username": "\u8d85\u7231\u7535\u5f71", "user_id": "136082670", "rating": null, "date": "2018-09-23", "time": "20:31:41", "comment": "\u597d\u591a\u4eba\u6253\u4e94\u661f\u2026\u2026", "useful_count": "0"},
{"page_index": 0, "movie_id": "30183443", "title": "\u58f9\u53f7\u522b\u5885", "username": "\u5e7b\u9b54\u5e08", "user_id": "Vanya", "rating": "\u5f88\u5dee", "date": "2018-04-19", "time": "17:48:18", "comment": "\u770b\u4f60\u59b9\u7684\u5934", "useful_count": "2"},
{"page_index": 0, "movie_id": "30183443", "title": "\u58f9\u53f7\u522b\u5885", "username": "\u6bd4\u5df4\u535c\u5927\u738b\u76ae\u76ae", "user_id": "154105324", "rating": "\u8fd8\u884c", "date": "2018-05-25", "time": "08:58:54", "comment": "\u505a\u5bb6\u52a1\u653e\u7740\u770b\u770b\u633a\u597d\u7684", "useful_count": "1"},
{"page_index": 0, "movie_id": "30183443", "title": "\u58f9\u53f7\u522b\u5885", "username": "M", "user_id": "4657732", "rating": "\u5f88\u5dee", "date": "2018-12-09", "time": "03:52:28", "comment": "\u770b\u8fc7\u7684\u6700\u70c2\u7684\u7535\u5f71\u5427", "useful_count": "0"},
{"page_index": 0, "movie_id": "30183443", "title": "\u58f9\u53f7\u522b\u5885", "username": "EvilGoblin", "user_id": "64996012", "rating": "\u5f88\u5dee", "date": "2018-07-06", "time": "21:15:58", "comment": "\u7cbe\u795e\u75c5\u7c7b\u7535\u5f71\u4e4b\u6700\u3002", "useful_count": "0"},
{"page_index": 0, "movie_id": "30183443", "title": "\u58f9\u53f7\u522b\u5885", "username": "\u6797\u6df1\u65f6\u89c1", "user_id": "175763784", "rating": "\u5f88\u5dee", "date": "2018-05-24", "time": "20:57:05", "comment": "\u4ec0\u4e48\u5783\u573e\u4e1c\u897f\uff0c\u6f14\u5458\u6f14\u7684\u4e0d\u5c34\u5c2c\u5417\uff1f", "useful_count": "0"},
{"page_index": 0, "movie_id": "30183443", "title": "\u58f9\u53f7\u522b\u5885", "username": "\u68a6\u61ff", "user_id": "165386510", "rating": "\u529b\u8350", "date": "2020-09-03", "time": "14:08:02", "comment": "\u4e00\u822c", "useful_count": "0"},
{"page_index": 0, "movie_id": "30183443", "title": "\u58f9\u53f7\u522b\u5885", "username": "\u827e\u739b.\u675c\u8499\u7279", "user_id": "171502733", "rating": "\u5f88\u5dee", "date": "2018-07-11", "time": "10:44:25", "comment": "\u5783\u573e", "useful_count": "0"},
{"page_index": 0, "movie_id": "30183443", "title": "\u58f9\u53f7\u522b\u5885", "username": "\u64bc\u52a8", "user_id": "134159440", "rating": "\u5f88\u5dee", "date": "2018-05-25", "time": "10:53:52", "comment": "shabi", "useful_count": "0"},
{"page_index": 0, "movie_id": "30183443", "title": "\u58f9\u53f7\u522b\u5885", "username": "\u653e\u5c04\u6d77", "user_id": "120002421", "rating": "\u8f83\u5dee", "date": "2020-04-23", "time": "02:41:33", "comment": "\u6c89\u9189\u4e86\u7b11\u5230\u5934\u6389", "useful_count": "0"},
{"page_index": 0, "movie_id": "30183443", "title": "\u58f9\u53f7\u522b\u5885", "username": "Lindsey", "user_id": "lindsey0909", "rating": "\u5f88\u5dee", "date": "2018-05-28", "time": "21:35:46", "comment": "\u8d1f\u5206\u5427", "useful_count": "0"},
{"page_index": 0, "movie_id": "30183443", "title": "\u58f9\u53f7\u522b\u5885", "username": "\u65ed\u54e5", "user_id": "32657268", "rating": "\u5f88\u5dee", "date": "2018-05-26", "time": "18:33:33", "comment": "\u4e0d\u8981\u770b\uff0c\u592a\u5c3c\u739b\u6d6a\u8d39\u65f6\u95f4\uff0c\u7f16\u5267\u662f\u8111\u6b8b\u5417", "useful_count": "0"},
{"page_index": 0, "movie_id": "30183443", "title": "\u58f9\u53f7\u522b\u5885", "username": "Anaru", "user_id": "nine219", "rating": "\u5f88\u5dee", "date": "2019-02-10", "time": "20:19:35", "comment": "\u52a8\u4e0d\u52a8\u5c31\u62ff\u83dc\u5200\uff0c\u56fd\u4ea7\u6050\u6016\u7247\u679c\u7136\u6ca1\u8ba9\u6211\u5931\u671b", "useful_count": "0"},
{"page_index": 0, "movie_id": "30183443", "title": "\u58f9\u53f7\u522b\u5885", "username": "\u7af9\u5c0f\u606f", "user_id": "197386564", "rating": "\u5f88\u5dee", "date": "2020-03-09", "time": "15:31:15", "comment": "\u989d\u2026\u2026\u4ec0\u4e48\u9b3c\uff0c\u955c\u5934\u5c34\u5c2c\u6b7b\u4e86\u2026\u2026\u65e0\u529b\u5410\u69fd", "useful_count": "0"},
{"page_index": 0, "movie_id": "30183443", "title": "\u58f9\u53f7\u522b\u5885", "username": "\u96f6", "user_id": "61412163", "rating": null, "date": "2019-09-10", "time": "14:18:44", "comment": "\u4e00\u5206\u90fd\u4e0d\u60f3\u7ed9\u2026\u2026\n\u770b\u5230\u7edd\u671b\uff0c\u70c2", "useful_count": "0"},
{"page_index": 0, "movie_id": "30183443", "title": "\u58f9\u53f7\u522b\u5885", "username": "\u8354\u679d", "user_id": "194287330", "rating": "\u5f88\u5dee", "date": "2021-01-26", "time": "10:29:03", "comment": "\u603b\u662f\u5728\u6311\u6218\u6211\u5bf9\u70c2\u7247\u7684\u6781\u9650\u3002", "useful_count": "0"},
{"page_index": 0, "movie_id": "30183443", "title": "\u58f9\u53f7\u522b\u5885", "username": "\u82e5\u4e3a\u60c5", "user_id": "54903981", "rating": "\u5f88\u5dee", "date": "2018-05-27", "time": "14:54:20", "comment": "\u7ed9\u5c0f\u5973\u5b69\u4e00\u661f\u3002\u3002\u6f14\u6280\u561b\u5012\u8fd8\u53ef\u4ee5\u3002\u3002\u8fd9\u6545\u4e8b\u5c31\u662f\u592a\u50bb\u7f3a\u4e86\u3002\u3002\u6700\u50bb\u7f3a\u7684\u6211\u5c45\u7136\u770b\u5b8c\u4e86", "useful_count": "0"},
{"page_index": 0, "movie_id": "30183443", "title": "\u58f9\u53f7\u522b\u5885", "username": "biu..biu..biu", "user_id": "68816004", "rating": "\u5f88\u5dee", "date": "2018-04-20", "time": "22:18:34", "comment": "\u58f9\u661f\u522b\u5885", "useful_count": "0"},
{"page_index": 0, "movie_id": "30183443", "title": "\u58f9\u53f7\u522b\u5885", "username": "\u9752\u83dc\u5148\u751f", "user_id": "136936658", "rating": null, "date": "2018-06-01", "time": "09:07:39", "comment": "\u7ec8\u4e8e\u89c1\u8bc6\u4e86\u4e00\u6b21\u56fd\u4ea7\u53ef\u6015\u7247\uff0c\u592a\u5174\u594b\u4e86\u3002", "useful_count": "0"},
{"page_index": 0, "movie_id": "30183443", "title": "\u58f9\u53f7\u522b\u5885", "username": "Fighting~!!!", "user_id": "162238394", "rating": "\u5f88\u5dee", "date": "2018-06-07", "time": "00:08:30", "comment": "\u5c31\u4e00\u62bd\u98ce\u7684\u795e\u7ecf\u75c5\uff0c\u8d1f\u5206\uff01", "useful_count": "0"},
{"page_index": 0, "movie_id": "30183443", "title": "\u58f9\u53f7\u522b\u5885", "username": "\u5b89\u7136", "user_id": "172003905", "rating": "\u63a8\u8350", "date": "2018-04-21", "time": "11:47:51", "comment": "\u60ac\u7591\u7684\uff0c\u5f88\u8111\u6d1e\u54e6\uff01", "useful_count": "0"},
{"page_index": 0, "movie_id": "30183443", "title": "\u58f9\u53f7\u522b\u5885", "username": "\u706b\u65e5\u7acb", "user_id": "160627163", "rating": "\u5f88\u5dee", "date": "2018-04-19", "time": "09:45:21", "comment": "\u60f3\u60f3\u6c34\u716e\u4e5f\u5408\u60c5\u5408\u7406\u2026\u2026\u6bd5\u7adf\u5973\u5b69\u53eb\u6bdb\u8c46\uff0c\u603b\u4e0d\u80fd\u7206\u7092\u5427", "useful_count": "1"},
{"page_index": 0, "movie_id": "30183443", "title": "\u58f9\u53f7\u522b\u5885", "username": "\u5eb7\u5b81", "user_id": "177530954", "rating": "\u529b\u8350", "date": "2018-04-18", "time": "22:48:54", "comment": "\u54c8\u54c8\u54c8\uff0c\u6709\u60ac\u5ff5\u5417\uff1f", "useful_count": "0"},
{"page_index": 0, "movie_id": "30183443", "title": "\u58f9\u53f7\u522b\u5885", "username": "\u9b4f \u4e1e. \u5fd7 Zz", "user_id": "150569248", "rating": "\u5f88\u5dee", "date": "2018-04-19", "time": "19:06:46", "comment": "\u5c31\u8fd9\u7834\u7535\u5f71\u5c45\u7136\u8fd8\u4e0d\u8981\u78a7\u83b2\u5237\u8bc4\u5206\u3002\u4f60\u5f53\u6211\u4eec\u50bb\u554a", "useful_count": "2"},
{"page_index": 0, "movie_id": "30183443", "title": "\u58f9\u53f7\u522b\u5885", "username": "Master Gan", "user_id": "157712802", "rating": "\u5f88\u5dee", "date": "2019-02-23", "time": "17:12:21", "comment": "\u4e71\u4e03\u516b\u7cdf\u7684\uff0c\u4e0d\u77e5\u9053\u5728\u8bf4\u4ec0\u4e48\u3002\u4ec0\u4e48\u9b3c\uff01", "useful_count": "0"},
{"page_index": 0, "movie_id": "30183443", "title": "\u58f9\u53f7\u522b\u5885", "username": "\u5eb8\u4eba\u81ea\u6270", "user_id": "188659848", "rating": "\u5f88\u5dee", "date": "2019-11-09", "time": "01:17:34", "comment": "\u5947\u5947\u602a\u602a", "useful_count": "0"},
{"page_index": 0, "movie_id": "30183443", "title": "\u58f9\u53f7\u522b\u5885", "username": "\u6b7b\u795e\u6765\u4e86", "user_id": "154021147", "rating": "\u529b\u8350", "date": "2018-08-12", "time": "23:13:13", "comment": "\u597d\u70c2\u554a", "useful_count": "0"},
{"page_index": 0, "movie_id": "30183443", "title": "\u58f9\u53f7\u522b\u5885", "username": "Aki", "user_id": "akakiwong", "rating": "\u5f88\u5dee", "date": "2019-06-12", "time": "21:31:22", "comment": "\u6807\u51c6\u56fd\u4ea7\u6050\u6016\u7247\u6c34\u5e73", "useful_count": "0"},
{"page_index": 0, "movie_id": "30183443", "title": "\u58f9\u53f7\u522b\u5885", "username": "\u4e0d\u7528\u62c5\u5fc32", "user_id": "144525079", "rating": null, "date": "2019-02-15", "time": "15:22:34", "comment": "\u70c2\u5230\u6781\u81f4", "useful_count": "0"},
{"page_index": 0, "movie_id": "30183443", "title": "\u58f9\u53f7\u522b\u5885", "username": "smile\u5c81\u6708\u9759\u597d", "user_id": "143363671", "rating": "\u8f83\u5dee", "date": "2018-05-31", "time": "19:08:45", "comment": "\u5f3a\u786c\u7684\u60ac\u7591\uff0c\u7528\u8bed\u8a00\u4ea4\u4ee3\u7684\u6848\u4ef6\uff0c\u7528\u8d2a\u5b98\u4f5c\u4e3a\u5671\u5934\uff0c\u6240\u4ee5\u867d\u7136\u7528\u529b\uff0c\u4f46\u8fc7\u4e8e\u6577\u884d\u3001\u6d45\u8584\u3002", "useful_count": "0"},
{"page_index": 0, "movie_id": "30183443", "title": "\u58f9\u53f7\u522b\u5885", "username": "\u6a78\u6a78\ue314", "user_id": "140906602", "rating": "\u5f88\u5dee", "date": "2018-04-21", "time": "22:11:26", "comment": "\u4e0d\u548b\u5730", "useful_count": "0"},
{"page_index": 0, "movie_id": "30183443", "title": "\u58f9\u53f7\u522b\u5885", "username": "&\u5466\u5466\u9e7f\u9e23", "user_id": "183616588", "rating": "\u5f88\u5dee", "date": "2019-05-05", "time": "18:55:54", "comment": "emmm\u4f60\u61c2\u7684", "useful_count": "0"},
{"page_index": 0, "movie_id": "30183443", "title": "\u58f9\u53f7\u522b\u5885", "username": "\u6211\u66fe\u90a3\u4e48\u63a5\u8fd1\u4f60", "user_id": "129221003", "rating": "\u5f88\u5dee", "date": "2020-10-06", "time": "23:09:22", "comment": "\u4ec0\u4e48\u65f6\u5019\u5728\u5bb6\u770b\u7535\u89c6\u4e0d\u770b\u56fd\u4ea7\u6050\u6016\u7247\u5440\ud83d\ude02\ud83d\ude02\ud83d\ude02", "useful_count": "0"},
{"page_index": 0, "movie_id": "30183443", "title": "\u58f9\u53f7\u522b\u5885", "username": "\u94c3\u5170\u7684\u51ac\u5929", "user_id": "97839460", "rating": "\u5f88\u5dee", "date": "2018-05-31", "time": "00:15:02", "comment": "\u8fd8\u80fd\u518d\u9760\u8c31\u70b9\u513f\u5417\uff1f\u5f3a\u5fcd\u7740\u770b\u5b8c...", "useful_count": "0"},
{"page_index": 0, "movie_id": "30183443", "title": "\u58f9\u53f7\u522b\u5885", "username": "\u4e07\u4e8b\u80dc\u610f", "user_id": "171709204", "rating": "\u8f83\u5dee", "date": "2018-06-12", "time": "16:00:51", "comment": "\u6c38\u8fdc\u4e0d\u8981\u5bf9\u56fd\u4ea7\u6050\u6016\u7247\u6709\u671f\u5f85", "useful_count": "0"},
{"page_index": 0, "movie_id": "30183443", "title": "\u58f9\u53f7\u522b\u5885", "username": "\u9753\u9753Niki", "user_id": "177726293", "rating": "\u529b\u8350", "date": "2018-04-22", "time": "22:54:06", "comment": "\u8d5e", "useful_count": "0"},
{"page_index": 0, "movie_id": "30183443", "title": "\u58f9\u53f7\u522b\u5885", "username": "\u4ece\u524d\u7684\u51ac\u5929", "user_id": "lulinqing2050", "rating": "\u5f88\u5dee", "date": "2020-09-07", "time": "22:55:12", "comment": "\u5783\u573e", "useful_count": "0"},
{"page_index": 0, "movie_id": "30183443", "title": "\u58f9\u53f7\u522b\u5885", "username": "\ue11c", "user_id": "151915731", "rating": "\u5f88\u5dee", "date": "2018-04-19", "time": "12:25:39", "comment": "1\u5c3c\u739b\u7684\u522b\u5885 ", "useful_count": "2"},
{"page_index": 0, "movie_id": "30183443", "title": "\u58f9\u53f7\u522b\u5885", "username": "\u672a\u6765\u6c5f\u6e56\u672f\u58eb", "user_id": "132224202", "rating": "\u5f88\u5dee", "date": "2020-02-18", "time": "23:26:59", "comment": "\u6211\u8fd8\u4ee5\u4e3a\u662f\u81ea\u5df1\u62cd\u7740\u73a9\u7684...\u6ca1\u60f3\u5230\u8fd8\u6709\u5236\u4f5c...", "useful_count": "0"},
{"page_index": 0, "movie_id": "30183443", "title": "\u58f9\u53f7\u522b\u5885", "username": "\u6c82\u66e6", "user_id": "82054705", "rating": "\u5f88\u5dee", "date": "2018-04-21", "time": "23:49:48", "comment": "\uff1f\uff1f\uff1f", "useful_count": "0"},
{"page_index": 0, "movie_id": "30183443", "title": "\u58f9\u53f7\u522b\u5885", "username": "\u90ed\u8001\u5e08\u7684\u9644\u4ef6", "user_id": "184518864", "rating": "\u5f88\u5dee", "date": "2019-05-08", "time": "15:45:34", "comment": "\u8fd9\u91cc\u6709\u5360\u661f\u9b54\u4ed9", "useful_count": "1"},
{"page_index": 0, "movie_id": "30183443", "title": "\u58f9\u53f7\u522b\u5885", "username": "\u963f\u59c6\u50f5\u5c38\u7c89", "user_id": "154123679", "rating": "\u5f88\u5dee", "date": "2018-04-22", "time": "09:46:48", "comment": "\u6211\u770b\u5230\u7b2c\u4e8c\u5341\u516b\u5f20\u5267\u7167\u5c31\u660e\u767d\u4e00\u5207\u4e86\uff0c\u53c8\u662f\u4ece\u7cbe\u795e\u75c5\u9662\u8dd1\u51fa\u6765\u505a\u5996\u7684\u8d27\u8272", "useful_count": "0"},
{"page_index": 0, "movie_id": "30183443", "title": "\u58f9\u53f7\u522b\u5885", "username": "\u65e0\u80fd\u5c0f\u767d", "user_id": "227508392", "rating": "\u8f83\u5dee", "date": "2022-08-25", "time": "22:40:09", "comment": "\u521d\u4e8c\u770b\u7684\u3002\u56e0\u4e3a\u5728271\u4e0a\u514d\u8d39", "useful_count": "0"},
{"page_index": 0, "movie_id": "30183443", "title": "\u58f9\u53f7\u522b\u5885", "username": "y_xh", "user_id": "136895741", "rating": "\u5f88\u5dee", "date": "2020-02-02", "time": "18:45:45", "comment": "\u8fa3\u9e21\u3002\u8fa3\u9e21\u3002\u8fa3\u9e21\u3002", "useful_count": "0"},
{"page_index": 0, "movie_id": "30183443", "title": "\u58f9\u53f7\u522b\u5885", "username": "\u767d\u5929\u4e0d\u61c2\u7237\u7684\u9ed1", "user_id": "154604679", "rating": "\u5f88\u5dee", "date": "2018-04-28", "time": "00:00:40", "comment": "\u521a\u770b\u5b8c\u3002\u770b\u7684\u6211\u60f3\u5410\uff0c\u771f\u7684\u540e\u6094\u3002\u60f3\u8fc7\u5f88\u70c2\u3002\u6ca1\u60f3\u5230\u8fd9\u4e48\u70c2\u3002\u6ca1\u4e0b\u9650\uff0c\u771f\u7684\u5367\u69fd\u3002\u65e0\u654c\u5c34\u5c2c\u7684\u6f14\u6280\u3002\u8ff7\u4e4b\u914d\u97f3\uff0c\u8bf4\u597d\u7684\u6050\u6016\u7247\uff0c\u770b\u7684\u60f3\u7761\u89c9\u3002", "useful_count": "0"},
{"page_index": 0, "movie_id": "30183443", "title": "\u58f9\u53f7\u522b\u5885", "username": "SC", "user_id": "153842937", "rating": "\u5f88\u5dee", "date": "2018-04-22", "time": "13:35:05", "comment": "\u4e3a\u4ec0\u4e48\u7ed9\u8bc4\u5206\u7684\u90fd\u6ca1\u6709", "useful_count": "0"},
{"page_index": 0, "movie_id": "30183443", "title": "\u58f9\u53f7\u522b\u5885", "username": "\u989d\u6ef4\u4e2a\u9648", "user_id": "132853255", "rating": "\u5f88\u5dee", "date": "2018-09-08", "time": "16:00:45", "comment": "\u8fd9\u6837\u7684\u56fd\u4ea7\u6050\u6016\u771f\u7684\u8d8a\u770b\u8d8a\u5931\u671b\uff0c\u4f30\u8ba1\u5230\u540e\u6765\u542c\u5230\u56fd\u4ea7\u8fd9\u51e0\u4e2a\u5b57\u5c31\u4f1a\u5931\u671b\u900f\u9876\u4e86\u5427\uff0c\u8fd9\u4e48\u70c2\u7684\u5267\u60c5\uff0c\u6211\u4e00\u4e2a\u519c\u6c11\u6765\u6765\u5f53\u5bfc\u6f14\u6050\u6015\u4e5f\u80fd\u62cd\u51fa\u8fd9\u79cd\u6548\u679c\u5427\uff0c\u4e00\u4e2a\u955c\u5934\u91cd\u590d\u91cd\u590d\u518d\u91cd\u590d\uff0c\u4e00\u53e5\u8bdd\u4e5f\u662f\u8fd9\u822c\u91cd\u590d\uff0c\u771f\u5b9e\u81ed\u5a46\u5a18\u7684\u88f9\u811a\u5e03\u2014\u2014\u53c8\u81ed\u53c8\u957f\uff0c\u7535\u5f7180\u591a\u5206\u949f\uff0c\u5e72\u8106\u4e70\u4e2a\u590d\u8bfb\u673a\u6444\u50cf\u5934\u76f4\u63a5\u5bf9\u51c6\u4ed6\u90fd\u80fd\u62cd\u4e2a40\u5206\u949f\uff0c\u53bb\u6b7b\u5427\uff0c\u50bb\u903c\u5bfc\u6f14\uff0c\u50bb\u903c\u7f16\u5267\uff01\u56fd\u4ea7\u6050\u6016\u7247\u6ca1\u6709\u6700\u70c2\uff0c\u53ea\u6709\u66f4\u70c2\uff01", "useful_count": "0"},
{"page_index": 0, "movie_id": "30183443", "title": "\u58f9\u53f7\u522b\u5885", "username": "Randomway", "user_id": "174431397", "rating": "\u5f88\u5dee", "date": "2018-05-28", "time": "17:00:56", "comment": "\u4e0d\u662f\u592a\u70c2\u7684\u6211\u4e0d\u8bc4\u8bba\uff0c\u771f\u7684\u592a\u70c2\u4e86\uff0c\u611f\u89c9\u5c31\u50cf\u662f\u5bfc\u6f14\u81ea\u5df1\u770b\u4e86\u5b8c\u6574\u7684\u5c0f\u8bf4\u6216\u5267\u672c\uff0c\u7136\u540e\u62cd\u7684\u65f6\u5019\u8df3\u8fc7\u4e86\u4e00\u4e9b\u60c5\u8282\uff0c\u5bfc\u6f14\u81ea\u5df1\u770b\u53ef\u80fd\u4e0d\u89c9\u5f97\u600e\u4e48\u7740\uff0c\u6bd5\u7adf\u5b8c\u6574\u5267\u672c\u5728\u4f60\u8111\u5b50\u91cc\u4f60\u53ef\u4ee5\u8054\u7cfb\u8d77\u6765\uff0c\u4f46\u89c2\u4f17\u4eec\u770b\u5b8c\u7535\u5f71\u4e91\u91cc\u96fe\u91cc\uff0c\u524d\u540e\u60c5\u8282\u6328\u4e0d\u7740\u8fb9\uff0c\u8df3\u8dc3\u7279\u522b\u5927\u3002\u548b\u6ca1\u6709\u8d1f\u5206\u5462\uff1f\u771f\u662f\u4e00\u90e8\u66f4\u6bd4\u4e00\u90e8\u70c2\uff0c\u6ca1\u6709\u5e95\u7ebf\uff0c\u8fd8\u4e0d\u5982\u6d4e\u516c\u5f52\u4f4d", "useful_count": "0"},
{"page_index": 0, "movie_id": "30183443", "title": "\u58f9\u53f7\u522b\u5885", "username": "\u6211\u60f3\u73af\u7403\u65c5\u884c", "user_id": "136706656", "rating": "\u5f88\u5dee", "date": "2020-10-07", "time": "18:29:58", "comment": "\u54c7\uff0c\u592a\u597d\u770b\u6765\uff0c\u5feb\u6765\u770b\u5427\uff0c\u6b64\u7247\u5c06\u5f7b\u5e95\u98a0\u8986\u4f60\u5bf9\u7535\u5f71\u7684\u8ba4\u77e5", "useful_count": "0"},
{"page_index": 0, "movie_id": "30183443", "title": "\u58f9\u53f7\u522b\u5885", "username": "fei", "user_id": "177014752", "rating": "\u529b\u8350", "date": "2018-04-17", "time": "10:00:42", "comment": "\u633a\u597d\u770b\u7684\uff0c\u6709\u70b9\u6050\u6016", "useful_count": "0"},
{"page_index": 0, "movie_id": "30183443", "title": "\u58f9\u53f7\u522b\u5885", "username": "\u8212\u96ea", "user_id": "173327258", "rating": null, "date": "2018-04-19", "time": "19:26:30", "comment": "\u6b63\u4e49\u4e4b\u6218", "useful_count": "0"},
{"page_index": 0, "movie_id": "30183443", "title": "\u58f9\u53f7\u522b\u5885", "username": "A-\u9ea6\u515c", "user_id": "177480868", "rating": "\u529b\u8350", "date": "2018-04-17", "time": "22:25:03", "comment": "\u8fd8\u60f3\u518d\u770b\u4e00\u904d", "useful_count": "0"},
{"page_index": 0, "movie_id": "30183443", "title": "\u58f9\u53f7\u522b\u5885", "username": "\u5403\u74dc\u5417", "user_id": "172780673", "rating": "\u8fd8\u884c", "date": "2018-04-25", "time": "21:43:20", "comment": "\u611f\u89c9\u6ca1\u6709\u60f3\u8c61\u4e2d\u8fd9\u4e48\u6050\u6016", "useful_count": "0"},
{"page_index": 0, "movie_id": "30183443", "title": "\u58f9\u53f7\u522b\u5885", "username": "YoonMi92", "user_id": "176043373", "rating": "\u529b\u8350", "date": "2018-04-17", "time": "09:35:00", "comment": "\u6f14\u5458\u4eec\u5f88\u68d2\uff0c\u503c\u5f97\u4e00\u770b", "useful_count": "0"},
{"page_index": 0, "movie_id": "30183443", "title": "\u58f9\u53f7\u522b\u5885", "username": "choledrow", "user_id": "98732279", "rating": "\u5f88\u5dee", "date": "2018-09-03", "time": "23:39:31", "comment": "\u9898\u6750\u8fd8\u6210\u2026\u2026\n\u4e0d\u8fc7\uff0c\u62cd\u7684\u4ec0\u4e48\u9b3c\uff1f", "useful_count": "0"},
{"page_index": 0, "movie_id": "30183443", "title": "\u58f9\u53f7\u522b\u5885", "username": "\u4e94\u5473\u5b50", "user_id": "144872418", "rating": "\u5f88\u5dee", "date": "2019-02-11", "time": "11:28:27", "comment": "\u770b\u7684\u6211\u60f3\u9a82\u4eba\u3002", "useful_count": "0"},
{"page_index": 0, "movie_id": "30183443", "title": "\u58f9\u53f7\u522b\u5885", "username": "\u8001\u738b\u5bb6\u7684\u5e8a\u5934\u67dc", "user_id": "162578402", "rating": "\u5f88\u5dee", "date": "2018-04-19", "time": "22:33:20", "comment": "\u8fd9\u4e48\u591a\u4e94\u661f\u6709\u70b9\u4e0d\u5e73\u8861\u7684\u611f\u89c9\uff08\u770b\u51fa\u6765\u7684\u4eba\u85cf\u5728\u5fc3\u91cc\u5c31\u4e0d\u8981\u8bf4\u51fa\u6765\u4e86\uff09", "useful_count": "0"},
{"page_index": 0, "movie_id": "30183443", "title": "\u58f9\u53f7\u522b\u5885", "username": "\u4e03\u4e03", "user_id": "174108276", "rating": "\u8f83\u5dee", "date": "2018-04-19", "time": "14:31:03", "comment": "\u770b\u5230\u8fd9\u4e48\u591a\u7684\u4e94\u661f\u597d\u8bc4\uff0c\u6211\u5c31\u5475\u5475\u54d2\u4e86\uff0c\u6709\u4e00\u4e2a\u5751\u662f\u4e00\u4e2a\u5751\uff0c\u80fd\u5165\u5c31\u5165\uff01", "useful_count": "5"},
{"page_index": 0, "movie_id": "30183443", "title": "\u58f9\u53f7\u522b\u5885", "username": "Viva La Vida", "user_id": "VivaLaVidaatu", "rating": "\u5f88\u5dee", "date": "2018-10-30", "time": "19:44:23", "comment": "\u8fd9\u662f\u6211\u770b\u8fc7\u6700\u96be\u770b\u7684\u7535\u5f71...", "useful_count": "0"},
{"page_index": 0, "movie_id": "30183443", "title": "\u58f9\u53f7\u522b\u5885", "username": "\u771f\u25a1\u8d64\u8272\u5f57\u661f", "user_id": "16734504", "rating": "\u5f88\u5dee", "date": "2018-04-19", "time": "07:47:33", "comment": "\u4e2d\u56fd\u5973\u9b3c\u6807\u914d1\u767d\u8272\u957f\u88d92\u957f\u5934\u53d13\u56db\u80a2\u65e0\u529b\u5f0f\u7ad9\u59ff4\u6c38\u8fdc\u6321\u4f4f\u5934\u53d15\u8eab\u8fb9\u5fc5\u987b\u6709\u4e2a\u5c0f\u5b69\u6216\u8005\u59d1\u5a18", "useful_count": "2"},
{"page_index": 0, "movie_id": "30183443", "title": "\u58f9\u53f7\u522b\u5885", "username": "\u673a\u667a\u7684\u5c0f\u8611\u83c7", "user_id": "182763417", "rating": "\u5f88\u5dee", "date": "2019-08-10", "time": "16:46:16", "comment": "\u4e2d\u56fd\u7684\u6050\u6016\u7247\u2026\u5475\u5475", "useful_count": "0"},
{"page_index": 0, "movie_id": "30183443", "title": "\u58f9\u53f7\u522b\u5885", "username": "\u795e\u4ed9", "user_id": "177123373", "rating": "\u8f83\u5dee", "date": "2018-04-23", "time": "00:33:11", "comment": "\u70c2\u7247", "useful_count": "0"},
{"page_index": 0, "movie_id": "30183443", "title": "\u58f9\u53f7\u522b\u5885", "username": "\u51e1\u95f4", "user_id": "217945674", "rating": "\u5f88\u5dee", "date": "2022-09-11", "time": "23:17:17", "comment": "\u592a\u597d\u770b\u4e86\ud83e\udd29\ud83e\udd29\ud83e\udd29\u5927\u5bb6\u5feb\u53bb\u770b", "useful_count": "0"},
{"page_index": 0, "movie_id": "30183443", "title": "\u58f9\u53f7\u522b\u5885", "username": "1970s", "user_id": "TheShowMustGoOn", "rating": "\u5f88\u5dee", "date": "2019-01-13", "time": "23:52:20", "comment": "\u8fd9\u662f\u6211\u8fc4\u4eca\u4e3a\u6b62\u770b\u8fc7\u6700\u5783\u573e\u7684\u4e00\u90e8\u7535\u5f71\u3002", "useful_count": "0"},
{"page_index": 0, "movie_id": "30183443", "title": "\u58f9\u53f7\u522b\u5885", "username": "\u9759\u5fc3", "user_id": "175909689", "rating": "\u5f88\u5dee", "date": "2018-04-23", "time": "20:30:06", "comment": "\u5bfc\u6f14\u3002\u6211\u5c31\u60f3\u77e5\u9053\uff0c\u4f60\u662f\u7528\u4ec0\u4e48\u65b9\u6cd5\uff0c\u62cd\u6210\u70c2\u7247\u4e2d\u7684\u6218\u6597\u673a\u7684\uff1f", "useful_count": "0"},
{"page_index": 0, "movie_id": "30183443", "title": "\u58f9\u53f7\u522b\u5885", "username": "\u5409\u4ed6\u624b", "user_id": "95840894", "rating": "\u5f88\u5dee", "date": "2018-07-25", "time": "15:25:53", "comment": "\u8bf4\u5b9e\u8bdd\u3002\u770b\u5b8c\u4e4b\u540e\u7b2c\u4e00\u6b21\u6709\u79cd\u60f3\u8981\u628a\u94b1\u9000\u7ed9\u6211\u7684\u51b2\u52a8", "useful_count": "0"},
{"page_index": 0, "movie_id": "30183443", "title": "\u58f9\u53f7\u522b\u5885", "username": "Dj_yang154", "user_id": "14539286", "rating": null, "date": "2018-04-22", "time": "18:40:59", "comment": "\u8fd9\u4e48\u597d\u7684\u7247\u5c45\u7136\u6ca1\u4eba\u8bc4\u8bba\uff0c\u6211\u4e00\u4f1a\u5c31\u7ea6\u5973\u670b\u53cb\u53bb\u770b", "useful_count": "0"},
{"page_index": 0, "movie_id": "30183443", "title": "\u58f9\u53f7\u522b\u5885", "username": "\u7528\u62376454197773", "user_id": "177578035", "rating": null, "date": "2018-04-20", "time": "00:09:05", "comment": "\u5165", "useful_count": "0"},
{"page_index": 0, "movie_id": "30183443", "title": "\u58f9\u53f7\u522b\u5885", "username": "\u518d\u5411\u864e\u5c71\u884c", "user_id": "177807779", "rating": "\u5f88\u5dee", "date": "2018-04-24", "time": "18:30:04", "comment": "\u8d85\u7ea7\u70c2\u7247\uff0c\u6211\u7ed9\u7684\u662f\u8d1f\u4e00\u661f\uff0c\u5237\u4e94\u661f\u7684\u5168\u8111\u6b8b", "useful_count": "0"},
{"page_index": 0, "movie_id": "30183443", "title": "\u58f9\u53f7\u522b\u5885", "username": "\u84b2\u8335\u8700", "user_id": "171353094", "rating": "\u5f88\u5dee", "date": "2018-05-28", "time": "17:29:22", "comment": "\u5403\u996d\u7684\u65f6\u5019\u770b \u7136\u540e\u5c31 \u53cd\u80c3\u4e86\n\u7b2c\u4e00\u6b21\u770b\u4e00\u90e8\u7535\u5f71\u770b\u5341\u51e0\u5206\u949f\u5c31\u60f3\u5410\n\u5c1d\u8bd5\u7740\u60f3\u628a\u5185\u5bb9\u5f80\u9633\u6625\u767d\u96ea\u4e0a\u9760\uff0c\u4f46\u5b9e\u5728\u770b\u4e0d\u4e0b\u53bb", "useful_count": "0"},
{"page_index": 0, "movie_id": "30183443", "title": "\u58f9\u53f7\u522b\u5885", "username": "\u72fc\u7259t", "user_id": "196043465", "rating": "\u5f88\u5dee", "date": "2020-02-06", "time": "19:25:45", "comment": "\u65e0\u8bed", "useful_count": "0"},
{"page_index": 0, "movie_id": "30183443", "title": "\u58f9\u53f7\u522b\u5885", "username": "\u65e0\u4eba\u50cf\u6211", "user_id": "177121307", "rating": "\u8fd8\u884c", "date": "2018-04-20", "time": "19:00:37", "comment": "\u4e00\u822c\u7684\u70c2", "useful_count": "0"},
{"page_index": 0, "movie_id": "30183443", "title": "\u58f9\u53f7\u522b\u5885", "username": "\u8c46\u53cb201137947", "user_id": "201137947", "rating": "\u5f88\u5dee", "date": "2019-08-07", "time": "12:19:57", "comment": "\u6211\u770b\u8fc7\u6700\u5783\u573e\u7684\u6050\u6016\u7247\uff0c\u4e0d\u4e0d\u4e0d\uff0c\u5783\u573e\u5df2\u7ecf\u4e0d\u8db3\u4ee5\u5f62\u5bb9\u8fd9\u90e8\u7247\u7684\u70c2\u4e86\u3002\u611f\u89c9\u5bfc\u6f14\u7f16\u5267\u4e00\u4e2a\u662f\u5f31\u667a\u4e00\u4e2a\u662f\u8111\u762b", "useful_count": "0"},
{"page_index": 0, "movie_id": "30183443", "title": "\u58f9\u53f7\u522b\u5885", "username": "\u6cb3\u9a6c\u725b\u54e5\u54e5", "user_id": "142757145", "rating": "\u5f88\u5dee", "date": "2018-04-22", "time": "22:23:59", "comment": "\u7968\u623f9\u4e07\uff0c\u54c8\u54c8\uff0c\u6740\u9752\u6446\u4e2a\u5e86\u529f\u5bb4\u90fd\u4e0d\u591f\u5427\ud83d\ude04", "useful_count": "0"},
{"page_index": 0, "movie_id": "30183443", "title": "\u58f9\u53f7\u522b\u5885", "username": "I M Way", "user_id": "177716177", "rating": "\u529b\u8350", "date": "2018-04-22", "time": "20:01:15", "comment": "\u5413\u5230\u6211\u4e86\uff0c\u5f88\u597d\ud83d\udc4d", "useful_count": "0"},
{"page_index": 0, "movie_id": "30183443", "title": "\u58f9\u53f7\u522b\u5885", "username": "\u98ce\u9a9a\u7684\u6d6a\u5b50", "user_id": "179819628", "rating": "\u5f88\u5dee", "date": "2018-06-12", "time": "20:57:55", "comment": "\u70c2\u7247\u8fd9\u7247\u8bf4\u7b2c\u4e8c\u6ca1\u6709\u4eba\u6562\u8bf4\u7b2c\u4e00", "useful_count": "0"},
{"page_index": 0, "movie_id": "30183443", "title": "\u58f9\u53f7\u522b\u5885", "username": "Brady\u5566\u5566\u5566", "user_id": "165193545", "rating": "\u5f88\u5dee", "date": "2018-04-21", "time": "21:55:57", "comment": "\u597d\u770b\u5c3c\u739b\u5927\u897f\u74dc", "useful_count": "0"},
{"page_index": 0, "movie_id": "30183443", "title": "\u58f9\u53f7\u522b\u5885", "username": "\u70df\u706b\u7684\u5b63\u8282", "user_id": "136831387", "rating": "\u5f88\u5dee", "date": "2020-11-11", "time": "20:27:37", "comment": "\u8fd9\u79cd\u7247\u5b50\u4e0d\u7528\u53bb\u55b7 \u56e0\u4e3a\u5b83\u62cd\u51fa\u6765\u5c31\u4e0d\u4e3a\u4ec0\u4e48 \u53ea\u4e3a\u6d17\u94b1", "useful_count": "0"},
{"page_index": 0, "movie_id": "30183443", "title": "\u58f9\u53f7\u522b\u5885", "username": "\u79cb\u98ce\u4e4b\u58a9UNSC", "user_id": "177457001", "rating": "\u8f83\u5dee", "date": "2018-04-19", "time": "14:31:06", "comment": "\u592a\u5c2c\uff0c\u6211\u770b\u7684\u662f\u6d51\u8eab\u96be\u53d7", "useful_count": "0"}
]