[
{"page_index": 0, "movie_id": "27149979", "title": "\u7406\u60f3\u4e4b\u8def", "username": "Morning", "user_id": "qiweiming750", "rating": "\u5f88\u5dee", "date": "2020-04-05", "time": "02:47:01", "comment": "\u753b\u5ba4\u90a3\u4e00\u573a\u620f\u6709\u70b9\u5077\u5e08\u300a\u5bcc\u6625\u5c71\u5c45\u56fe\u300b\u7684\u610f\u601d\uff0c\u5c06\u4eba\u6446\u5728\u90a3\u505a\u884c\u4e3a\u827a\u672f\uff0c\u8fd9\u79cd\u620f\u62cd\u5f97\u597d\u5c31\u5bb9\u6613\u62c9\u597d\u611f\uff0c\u4f46\u7279\u522b\u5bb9\u6613\u62cd\u6210\u88c5*\u3002", "useful_count": "0"},
{"page_index": 0, "movie_id": "27149979", "title": "\u7406\u60f3\u4e4b\u8def", "username": "\u8377\u5c14\u8499\u592a\u591a\u4e86", "user_id": "174317341", "rating": "\u5f88\u5dee", "date": "2018-04-16", "time": "09:58:07", "comment": "\u552f\u4e00\u4e00\u90e8\u770b\u5b8c\u9884\u544a\u7247\u5c31\u611f\u89c9\u770b\u5b8c\u5168\u7247\u7684\u9876\u7ea7\u795e\u4f5c\uff01", "useful_count": "1"},
{"page_index": 0, "movie_id": "27149979", "title": "\u7406\u60f3\u4e4b\u8def", "username": "weakish", "user_id": "WeakishJiang", "rating": "\u5f88\u5dee", "date": "2018-08-19", "time": "14:47:23", "comment": "\u770b\u67b6\u52bf\u8981\u62cd\u4e00\u90e8\u827a\u672f\u7247\uff0c\u4f46\u662f\u62cd\u51fa\u6765\u53cd\u800c\u663e\u5f97\u4e0d\u4f26\u4e0d\u7c7b", "useful_count": "1"},
{"page_index": 0, "movie_id": "27149979", "title": "\u7406\u60f3\u4e4b\u8def", "username": "\u5bf9\u4f60\u7231\u4e0d\u5b8c", "user_id": "140638723", "rating": "\u5f88\u5dee", "date": "2018-04-19", "time": "12:11:55", "comment": "\u6bc1\u706d\u4e4b\u8def\u3002", "useful_count": "3"},
{"page_index": 0, "movie_id": "27149979", "title": "\u7406\u60f3\u4e4b\u8def", "username": "Hseisenberg", "user_id": "154896363", "rating": "\u5f88\u5dee", "date": "2018-10-22", "time": "00:31:54", "comment": "\u8fd9\u90e8\u7535\u5f71\u5bfc\u6f14\u6765\u81ea\u6211\u8001\u5bb6\u5e7f\u4e1c\u7701\u8302\u540d\u5e02\u9ad8\u5dde\u5e02\u7684\u5bfc\u6f14\u62cd\u6444\u7684\uff0c\u8fd9\u90e8\u7535\u5f71\uff0c\u6211\u5728\u8302\u540d\u9ad8\u5dde\u7535\u5f71\u9662\u90fd\u6ca1\u6709\u770b\u8fc7\uff0c\u7b2c\u4e00\u65e5\u4e0a\u6620\u5728\u8302\u540d\u4e1c\u6c47\u57ce(\u5546\u4e1a\u7efc\u5408\u4f53)\u641e\u4e2a\u9996\u6620\u793c\uff0c\u8bdd\u8bf4\u4e1c\u6c47\u57ce\u5f71\u57ce\u90fd\u662f\u7b2c\u4e00\u5929\u7ed9\u591a\u4e9b\u6392\u573a\uff0c\u7b2c\u4e8c\u5929\u5c31\u780d\u4e3a\u4e00\u573a\u4e86\uff0c\u5168\u8302\u540d\u5730\u533a\u51e0\u4e4e\u6ca1\u6709\u7535\u5f71\u9662\u7ed9\u6392\u573a\u300a\u7406\u60f3\u4e4b\u8def\u300b\u7684\uff0c\u8302\u540d\u5e02\u533a\u5341\u95f4\u5f71\u57ce\u4e5d\u5bb6\u90fd\u6ca1\u6709\u6392\u573a\uff0c\u5bfc\u6f14\u6025\u4e86\uff0c\u53ea\u80fd\u5728\u9ad8\u5dde\u77f3\u9f13\u9547\u4e2d\u5f71\u91d1\u6e7e\u5f71\u57ce\u4e70\u6392\u573a\uff0c\u4e70\u7968\u623f\u8fd9\u5bb6\u7535\u5f71\u9662\u521a\u5f00\u5f20\u5728\u519c\u6751\u6ca1\u4ec0\u4e48\u5e74\u8f7b\u4eba\u5230\u9547\u91cc\u770b\u7535\u5f71\uff0c\u8fd9\u5bb6\u5f71\u9662\u4ece\u65e9\u4e0a\u4e5d\u70b9\u5230\u665a\u4e0a\u51cc\u6668\u90fd\u662f\u6ee1\u5ea7\u7684\u5728\u6dd8\u7968\u7968\u4e0a\u770b\u5ea7\u4f4d\u5168\u90e8\u9501\u5b9a\u6ee1\u5ea7\u7684\u5b9e\u9645\u5c31\u6ca1\u4eba\u770b\uff0c\u7535\u5f71\u9662\u4e5f\u4e0d\u7528\u5f00\u95e8\uff0c\u56e0\u4e3a\u5bfc\u6f14\u638f\u4e86\u51e0\u5341\u4e07\u6765\u4e70\u7968\u623f\u4e86", "useful_count": "1"},
{"page_index": 0, "movie_id": "27149979", "title": "\u7406\u60f3\u4e4b\u8def", "username": "Syd Berg", "user_id": "87769477", "rating": "\u5f88\u5dee", "date": "2018-06-04", "time": "10:20:15", "comment": "\u5e0c\u671b\u5927\u5bb6\u4e0d\u8981\u6d6a\u8d39\u65f6\u95f4", "useful_count": "1"},
{"page_index": 0, "movie_id": "27149979", "title": "\u7406\u60f3\u4e4b\u8def", "username": "\u805a\u7fbd\u6210\u7ffc", "user_id": "S7vv", "rating": "\u5f88\u5dee", "date": "2018-06-06", "time": "03:24:03", "comment": "LOWB", "useful_count": "1"},
{"page_index": 0, "movie_id": "27149979", "title": "\u7406\u60f3\u4e4b\u8def", "username": "\u9ea6\u5b50", "user_id": "btone0808", "rating": "\u5f88\u5dee", "date": "2018-06-11", "time": "13:12:27", "comment": "\u800d\u9177\u4e4b\u8def", "useful_count": "1"},
{"page_index": 0, "movie_id": "27149979", "title": "\u7406\u60f3\u4e4b\u8def", "username": "Tay Young Soon", "user_id": "177623820", "rating": "\u63a8\u8350", "date": "2018-04-21", "time": "00:13:19", "comment": "\u52a8\u4f5c\u573a\u9762\u633a\u9707\u64bc\u7684\uff0c\u503c\u5f97\u4e00\u770b", "useful_count": "6"},
{"page_index": 0, "movie_id": "27149979", "title": "\u7406\u60f3\u4e4b\u8def", "username": "\u4e94\u5473\u5b50", "user_id": "144872418", "rating": "\u5f88\u5dee", "date": "2019-02-11", "time": "10:51:06", "comment": "\u83ab\u540d\u5176\u5999\u7684\u5267\u60c5\u3002", "useful_count": "1"},
{"page_index": 0, "movie_id": "27149979", "title": "\u7406\u60f3\u4e4b\u8def", "username": "\u5434\u5c0f\u634c", "user_id": "155924300", "rating": "\u5f88\u5dee", "date": "2022-01-17", "time": "07:54:55", "comment": "\u6211\u5f53\u65f6\u5728\u4e2d\u5c71\u8bfb\u5927\u5b66\uff0c\u7ed9\u8fd9\u90e8\u620f\u8dd1\u8fc7\u9f99\u5957\uff08\u8ddf\u7740\u8dd1\u7684\u6253\u624b\uff09\n\u4ece\u5f53\u65f6\u5c31\u53ef\u4ee5\u770b\u51fa\u8fd9\uff0c\u4e0d\u662f\u4e00\u822c\u7684\u70c2\ud83e\udd2b", "useful_count": "1"},
{"page_index": 0, "movie_id": "27149979", "title": "\u7406\u60f3\u4e4b\u8def", "username": "\u73e0\u5564\u4e4b\u738b", "user_id": "177569997", "rating": "\u5f88\u5dee", "date": "2018-04-21", "time": "09:59:17", "comment": "\u4e00\u661f\u7ed9\u7f8e\u4e3d\u7684\u4e2d\u5c71\uff0c\u5176\u4ed6\u6ca1\u4ec0\u4e48\u597d\u8bf4\u7684\uff0c\u8fd8\u73a9\u5c4f\u853d\u8bc4\u8bba\u3002\u54c8\u54c8\uff0c\u53ef\u601c\u3002\u3002", "useful_count": "3"},
{"page_index": 0, "movie_id": "27149979", "title": "\u7406\u60f3\u4e4b\u8def", "username": ".", "user_id": "156549426", "rating": "\u5f88\u5dee", "date": "2018-04-21", "time": "14:07:44", "comment": "\u70c2\u7247\u4e00\u90e8", "useful_count": "2"},
{"page_index": 0, "movie_id": "27149979", "title": "\u7406\u60f3\u4e4b\u8def", "username": "fafa", "user_id": "251589013", "rating": "\u5f88\u5dee", "date": "2022-09-20", "time": "16:17:40", "comment": "\u597d\u5783\u573e\u7684\u7535\u5f71", "useful_count": "0"},
{"page_index": 0, "movie_id": "27149979", "title": "\u7406\u60f3\u4e4b\u8def", "username": "\u732a\u4e00\u679a", "user_id": "37886901", "rating": "\u8fd8\u884c", "date": "2018-06-24", "time": "19:19:41", "comment": "\u6253\u6597\u4e3a\u4e3b\u7684\u7247\u5b50\u3002\u6700\u540e\u4e00\u4e2a\u6218\u6597winner is\u94a2\u7b4b\u3002\u8c8c\u4f3c\u770b\u8fc7\u51e0\u4e2a\u7535\u5f71\u6700\u540e\u90fd\u662f\u94a2\u7b4bwin", "useful_count": "1"},
{"page_index": 0, "movie_id": "27149979", "title": "\u7406\u60f3\u4e4b\u8def", "username": "lee", "user_id": "172836287", "rating": "\u63a8\u8350", "date": "2018-04-21", "time": "00:43:31", "comment": "\u672c\u7740\u89c2\u6469\u4e00\u90e8\u521a\u521a\u83b7\u5f97\u7f8e\u56fd\u7535\u5f71\u8282\u5f97\u5956\u7535\u5f71\u7684\u672c\u571f\u5236\u4f5c\uff0c\u652f\u6301\u4e2d\u56fd\u52a8\u4f5c\u7247\u7684\u7cbe\u795e\u8fdb\u5165\u5f71\u9662\u3002\u6253\u6597\u573a\u9762\u4e0d\u9519\uff0c\u52a8\u4f5c\u5e72\u51c0\u5229\u843d\uff0c\u5973\u4e3b\u4e5f\u5f88\u6027\u611f\uff0c\u6709\u6d53\u6d53\u7684\u9999\u6e2f\u7535\u5f71\u5473\u9053\u3002\u53ef\u60dc\u8282\u594f\u6709\u70b9\u5feb\u3002 \n\n\u81f4\u656c\u56fd\u4ea7\u52a8\u4f5c\u7247", "useful_count": "4"},
{"page_index": 0, "movie_id": "27149979", "title": "\u7406\u60f3\u4e4b\u8def", "username": "\u4e91\u7eb1\u747e\u7455", "user_id": "163617821", "rating": "\u5f88\u5dee", "date": "2018-12-20", "time": "10:11:17", "comment": "\u4e0d\u597d\u770b", "useful_count": "0"},
{"page_index": 0, "movie_id": "27149979", "title": "\u7406\u60f3\u4e4b\u8def", "username": "irrelevant", "user_id": "66804006", "rating": "\u63a8\u8350", "date": "2020-08-20", "time": "03:17:16", "comment": "\u5148\u7ed9\u56fd\u4ea7\u72ec\u7acb\u7535\u5f71\u70b9\u4e2a\u8d5e", "useful_count": "0"},
{"page_index": 0, "movie_id": "27149979", "title": "\u7406\u60f3\u4e4b\u8def", "username": "\u5143\u5e05\u5973\u513f\u53eb\u5361\u5361", "user_id": "132762348", "rating": null, "date": "2019-02-10", "time": "20:11:41", "comment": "\u662f\u6211\u54e5\u70b9\u5f00\u770b\u7684\uff0c\u6ca1\u770b\u5b8c\uff0c\u4e00\u822c\u822c\u7684\u6545\u4e8b", "useful_count": "1"},
{"page_index": 0, "movie_id": "27149979", "title": "\u7406\u60f3\u4e4b\u8def", "username": "\u672a\u5b8c\u6210\u7684\u6211", "user_id": "lucky2017", "rating": "\u8fd8\u884c", "date": "2018-04-25", "time": "14:22:16", "comment": "\u53ea\u80fd\u8bf4\u5144\u5f1f\u4e4b\u95f4\u7684\u611f\u60c5\u548c\u52a8\u4f5c\u8bbe\u8ba1\u8fd8\u4e0d\u9519\uff0c\u6700\u540e\u7ed3\u5c3e\u662f\u4ec0\u4e48\u9b3c\uff0c\u6bd4\u8d5b\u8fd8\u6ca1\u6253\u5c31\u7ed3\u675f\u4e86\uff0c\u7559\u7740\u62cd\u4e0b\u96c6\u5417\uff1f", "useful_count": "1"},
{"page_index": 0, "movie_id": "27149979", "title": "\u7406\u60f3\u4e4b\u8def", "username": "\u8c46\u53cb78666775", "user_id": "78666775", "rating": null, "date": "2020-02-24", "time": "18:44:20", "comment": "\u5976\u5706\uff1f\uff01", "useful_count": "0"},
{"page_index": 0, "movie_id": "27149979", "title": "\u7406\u60f3\u4e4b\u8def", "username": "harvey\u5c11\u6821", "user_id": "108693709", "rating": "\u8f83\u5dee", "date": "2018-06-06", "time": "20:07:43", "comment": "\u51a0\u519b\u51a0\u519b\u7684\u8fde\u6bd4\u8d5b\u90fd\u6ca1\u6253\u5c31\u7ed3\u675f\u4e86\u3002", "useful_count": "1"},
{"page_index": 0, "movie_id": "27149979", "title": "\u7406\u60f3\u4e4b\u8def", "username": "\u6d6e\u5149\u63a0\u5f71", "user_id": "211094281", "rating": "\u8f83\u5dee", "date": "2021-03-14", "time": "18:59:12", "comment": "\u867d\u7136\u8bf4\u662f\u6211\u4eb2\u621a\u62cd\u7684\uff0c\u4f46\u786e\u5b9e\u4e0d\u597d\u3002\u52a0\u6cb9", "useful_count": "0"}
]