[
{"page_index": 0, "movie_id": "27592569", "title": "\u96ea\u846c", "username": "\u6000\u5b55\u7684\u8682\u86b1", "user_id": "huaiyundemazha", "rating": "\u8fd8\u884c", "date": "2019-04-04", "time": "08:41:49", "comment": "\u7537\u4e3b\u6f14\u7684\u4e0d\u9519\u3002\u3002\u7247\u5b50\u4e5f\u6709\u4e00\u4e9b\u53ef\u53d6\u7684\u5730\u65b9\u3002\u3002", "useful_count": "4"},
{"page_index": 0, "movie_id": "27592569", "title": "\u96ea\u846c", "username": "\u96ea", "user_id": "1282175", "rating": "\u63a8\u8350", "date": "2019-03-28", "time": "22:36:12", "comment": "\u542c\u6751\u88e1\u4eba\u8b1b\uff0c\u5e7e\u767e\u5e74\u524d\uff0c\u5c71\u53e3\u5bfa\u5edf\u6709\u500b\u548c\u5c1a\uff0c\u662f\u500b\u5927\u5584\u4eba\u8457\u3002\u5f8c\u4f86\u88ab\u58de\u4eba\u5f15\u8a98\uff0c\u7834\u4e86\u7537\u5973\u6212\uff0c\u6c92\u81c9\u6d3b\u4eba\u4e86\uff0c\u5f9e\u9019\u8df3\u4e0b\u53bb\u4e86\uff0c\u5f8c\u4f86\uff0c\u5c31\u628a\u90a3\u88e1\u53eb\u4e86\u500b\u6368\u8eab\u5d16\u3002", "useful_count": "10"},
{"page_index": 0, "movie_id": "27592569", "title": "\u96ea\u846c", "username": "\u5f20\u65e0\u60c5", "user_id": "59408878", "rating": "\u5f88\u5dee", "date": "2019-04-06", "time": "15:23:37", "comment": "\u4e3b\u65cb\u5f8b\u7247\u5c31\u8fd9\u4e48\u62cd\uff1f\u5267\u60c5\u4e1c\u62c9\u897f\u626f\uff0c\u95ea\u70c1\u8df3\u8dc3\uff0c\u4eba\u7269\u8138\u8c31\u5316\uff0c\u6d6a\u8d39\u65f6\u95f4\u3002", "useful_count": "2"},
{"page_index": 0, "movie_id": "27592569", "title": "\u96ea\u846c", "username": "\u5df4\u58eb\u5e95\u7684\u732b", "user_id": "goldene", "rating": "\u8fd8\u884c", "date": "2020-06-25", "time": "16:34:19", "comment": "\u96be\u5f97\u9760\u8c31\u7684\u519c\u6751\u73b0\u5b9e\u4e3b\u4e49\u9898\u6750\u7535\u5f71\uff0c\u6709\u7684\u5730\u65b9\u70b9\u5230\u4e3a\u6b62\uff0c\u53ef\u4ee5\u7406\u89e3\u3002\u4e0d\u6015\u7a77\u3001\u4e0d\u6015\u82e6\uff0c\u5c31\u6015\u5f53\u5b98\u7684\u8ddf\u4f60\u5957\u8fd1\u4e4e\u30026", "useful_count": "3"},
{"page_index": 0, "movie_id": "27592569", "title": "\u96ea\u846c", "username": "\u9ad8\u7687\u540e\u672c\u4ed9", "user_id": "95395180", "rating": "\u63a8\u8350", "date": "2018-05-01", "time": "14:47:26", "comment": "\u6574\u4f53\u597d\u8bc4\uff0c\u867d\u7136\u5230\u6700\u540e\u6709\u4e00\u4e1d\u6124\u6012\uff0c\u60f3\u95ee\u5bfc\u6f14\u7ec4\u5230\u5e95\u60f3\u8868\u8fbe\u4ec0\u4e48\u3002\u5168\u7247\u9057\u61be\u7684\u662f\u6700\u540e\u8d75\u5929\u4f51\u4f9d\u7136\u8df3\u5d16\uff0c\u8fd9\u4e5f\u662f\u6734\u5b9e\u519c\u6c11\u6700\u597d\u9009\u62e9\u3002\u6b23\u6170\u7684\u662f\u7537\u4e3b\u6700\u7ec8\u4e5f\u6ca1\u9ed1\u5316\uff0c\u59cb\u7ec8\u771f\u8bda\u3001\u62c5\u5f53\u3001\u4fe1\u4efb\u5bf9\u5f85\u5468\u56f4\u4e00\u5207\uff0c\u8fd9\u4e5f\u662f\u7247\u5b50\u4e09\u89c2\u5e26\u6765\u5e0c\u671b\u7684\u529b\u91cf\u3002\u81f3\u4e8e\u5b98\u573a\u5c14\u865e\u6211\u8bc8\u548c\u5546\u4eba\u5751\u8499\u62d0\u9a97\u90fd\u662f\u6709\u7684\uff0c\u4e8b\u5b9e\u5374\u53ea\u4f1a\u662f\u66f4\u8840\u6dcb\u6dcb\u3001\u9677\u9631\u66f4\u4e25\u8c28\u3002", "useful_count": "10"},
{"page_index": 0, "movie_id": "27592569", "title": "\u96ea\u846c", "username": "\u9053\u9053\u770b\u7535\u5f71", "user_id": "film1984", "rating": "\u5f88\u5dee", "date": "2019-03-24", "time": "09:31:24", "comment": "\u5927\u6c5f\u5927\u6cb3\u554a", "useful_count": "2"},
{"page_index": 0, "movie_id": "27592569", "title": "\u96ea\u846c", "username": "@_@", "user_id": "fly0222", "rating": "\u63a8\u8350", "date": "2019-04-08", "time": "14:47:20", "comment": "\u5185\u5bb9\u5927\u4e8e\u7535\u5f71\u672c\u4e8b\uff0c\u9f13\u52b1\u56fd\u4ea7\u7535\u5f71\u591a\u5173\u6ce8\u793e\u4f1a\u73b0\u5b9e\u95ee\u9898\uff0c\u53ef\u4ee5\u518d\u72e0\u4e00\u4e9b\u3002", "useful_count": "7"},
{"page_index": 0, "movie_id": "27592569", "title": "\u96ea\u846c", "username": "cilei", "user_id": "4545627", "rating": "\u8f83\u5dee", "date": "2019-03-24", "time": "10:49:48", "comment": "\u4f5c\u4e3a\u4e00\u822c\u4e5d\u5341\u5e74\u4ee3\u7684\u6807\u51c6\u7684\u7535\u89c6\u5267\u770b\u770b\u8fd8\u884c\uff0c\u7535\u5f71\u5c31\u7b97\u4e86\uff0c\u9ec4\u571f\u586c\u7684\u51ac\u666f\u5f88\u58ee\u7f8e\uff0c\u9886\u5bfc\u5c0f\u59e8\u5b50\u6709\u4e9b\u98ce\u60c5\u3002", "useful_count": "0"},
{"page_index": 0, "movie_id": "27592569", "title": "\u96ea\u846c", "username": "\u9ea6\u5b50", "user_id": "btone0808", "rating": "\u5f88\u5dee", "date": "2019-03-27", "time": "11:12:17", "comment": "\u6709\u70b9\u300a\u4eba\u751f\u300b\u7684\u610f\u601d\uff0c\u65f6\u4ee3\u8de8\u5ea6\u7684\u7247\u5b50\u4f46\u5e76\u4e0d\u6062\u5f18\uff0c\u6700\u540e\u53c8\u6210\u4e86\u53cd\u8150\u7247", "useful_count": "0"},
{"page_index": 0, "movie_id": "27592569", "title": "\u96ea\u846c", "username": "\u5149\u9634\u6545\u4e8b", "user_id": "gygushi", "rating": "\u8fd8\u884c", "date": "2022-10-28", "time": "19:32:52", "comment": "\u8fd9\u7535\u5f71\u5e76\u4e0d\u5dee\uff0c\u8bbd\u523a\u548c\u63ed\u9732\u4e86\u4e0d\u5c11\u4e1c\u897f\u3002", "useful_count": "0"},
{"page_index": 0, "movie_id": "27592569", "title": "\u96ea\u846c", "username": "eddy", "user_id": "55512479", "rating": "\u63a8\u8350", "date": "2019-03-29", "time": "20:38:28", "comment": "\u53d9\u4e8b\u5f88\u957f\uff0c\u573a\u666f\u5f88\u957f\uff0c\u77db\u76fe\u96c6\u4e2d\uff0c\u8868\u6f14\u4e5f\u5730\u9053\uff0c\u4eba\u7269\u5851\u9020\u4e5f\u8fd8\u4e0d\u9519\uff0c\u6700\u540e\u6ee1\u6ee1\u7684\u60b2\u6124\uff0c\u63ed\u9732\u4e86\u5b98\u573a\u5546\u573a\u7684\u9ed1\u6697\u548c\u519c\u6c11\u7684\u6734\u5b9e\u3002\u6709\u4e9b\u653f\u5e9c\u5b98\u5458\u771f\u8be5\u6b7b\uff0c\u73b0\u5728\u4e5f\u662f\u3002", "useful_count": "4"},
{"page_index": 0, "movie_id": "27592569", "title": "\u96ea\u846c", "username": "\u718a\u80fd\u80fd\u811a\u4e0d\u6cbe\u5730", "user_id": "newbear", "rating": "\u8fd8\u884c", "date": "2019-11-05", "time": "09:41:19", "comment": "\u4e2d\u89c4\u4e2d\u77e9\u3002\uff08\u6211\u4e3a\u4ec0\u4e48\u8981\u770b\u8fd9\u4e2a\uff1f\uff09", "useful_count": "0"},
{"page_index": 0, "movie_id": "27592569", "title": "\u96ea\u846c", "username": "\u7237\u7ed9\u4f60\u4e50\u4e00\u4e2a", "user_id": "124815886", "rating": "\u5f88\u5dee", "date": "2019-07-28", "time": "03:09:37", "comment": "\u641e\u53cd\u5171\u98a0\u8986\u7684\u610f\u8bc6\u5f62\u6001\u4f5c\u54c1\u4ece\u6765\u90fd\u6ca1\u7edd\u8ff9\uff0c\u7528\u5c3d\u65b9\u6cd5\u8fc7\u5ba1\u53c8\u80fd\u9a97\u51e0\u4e2a\u4eba\u3002", "useful_count": "0"},
{"page_index": 0, "movie_id": "27592569", "title": "\u96ea\u846c", "username": "Joel", "user_id": "80335780", "rating": "\u5f88\u5dee", "date": "2019-07-14", "time": "21:59:20", "comment": "\u88ab\u4f18\u91778\u5206\u7684\u9ad8\u5206\u9a97\u4e86\uff0c\u53d1\u8a93\u4ee5\u540e\u8fd9\u79cd\u6ca1\u542c\u8bf4\u7684\u7247\u5b50\u4e00\u5b9a\u5148\u6765\u8c46\u74e3\u67e5\u4e00\u4e0b", "useful_count": "1"},
{"page_index": 0, "movie_id": "27592569", "title": "\u96ea\u846c", "username": "\u4eba\u6c11\u5357\u8def\u58f9\u53f7", "user_id": "60911277", "rating": "\u8fd8\u884c", "date": "2019-09-22", "time": "19:08:07", "comment": "\u867d\u8bf4\u6709\u7684\u5730\u65b9\u4e0d\u7b26\u5408\u903b\u8f91\uff0c\u4f46\u4e5f\u53cd\u6620\u4e86\u4f53\u5236\u5185\u7684\u95ee\u9898\uff0c\u540c\u65f6\u53cd\u601d\u6211\u4eec\u4e2a\u4eba\u8981\u63d0\u9ad8\u667a\u6167\uff0c\u8001\u5b9e\u4eba\u53ef\u601c\uff0c\u540c\u65f6\u6700\u8ba9\u6211\u611f\u52a8\u7684\u662f\u6700\u540e\u5f88\u591a\u4eba\u4ed8\u9762\u94b1\u8001\u677f\u8bf4\u7684\u8fd9\u5f97\u591a\u5927\u5b98\u8fd9\u4e48\u591a\u4eba\u7ed9\u4ed8\u94b1\uff0c\u4e00\u4e0b\u5b50\u5347\u534e\u4e86\u3002", "useful_count": "0"},
{"page_index": 0, "movie_id": "27592569", "title": "\u96ea\u846c", "username": "\u5f88\u9971\u7684\u8d3c", "user_id": "xiaochao919", "rating": "\u8fd8\u884c", "date": "2021-05-22", "time": "17:05:16", "comment": "\u5b8c\u6574\u6d41\u7545\u7684\u6545\u4e8b\uff0c\u5176\u5b9e\u633a\u6709\u6df1\u610f\u7684", "useful_count": "0"},
{"page_index": 0, "movie_id": "27592569", "title": "\u96ea\u846c", "username": "\u67fb", "user_id": "184758076", "rating": "\u529b\u8350", "date": "2019-06-28", "time": "12:02:52", "comment": "\u4ece\u79c1\u8425\u3001\u516c\u79c1\u5408\u8425\u3001\u56fd\u8425\uff0c\u6700\u540e\u518d\u5230\u5708\u94b1\u8dd1\u8def\uff0c\u4ece\u5ba3\u4f20\u3001\u63d0\u62d4\u3001\u6709\u540d\u65e0\u5b9e\uff0c\u6700\u540e\u518d\u5230\u5404\u79cd\u7529\u9505\uff0c\u5386\u53f2\u4e0a\uff0c\u653f\u6cbb\u8def\uff0c\u8fd9\u6761\u8def\u4e0a\u4e0d\u597d\u8d70\uff0c\u5f39\u5e55\u4e0a\u5f88\u591a\u4eba\u90fd\u8bf4\u600e\u4e48\u8fc7\u5ba1\u7684\uff0c\u662f\u554a\uff0c\u600e\u4e48\u8fc7\u5ba1\u7684\u5462\uff1f\u4f1a\u8fd9\u6837\u95ee\u4e5f\u662f\u4e00\u4e2a\u56fd\u5bb6\u7684\u60b2\u54c0\uff0c\u6700\u540e\uff0c\u597d\u5267\u672c\u771f\u7684\u4e0d\u9700\u8981\u90a3\u4e9b\u8155\u513f\u30022\uff0c\u4e8c\u5237\u4e0b\u6765\uff0c\u5168\u7247\u900f\u7740\u60b2\u54c0\uff0c\u4ece\u4e00\u5f00\u59cb\u7684\u9020\u53cd\u6709\u7406\uff0c\u5230\u6700\u540e\u7684\u96ea\u846c\uff0c\u7ed3\u5c3e\u5403\u9762\u90a3\u6bb5\u7684\u56de\u5fc6\uff0c\u592a\u63ea\u5fc3\uff0c\u65e0\u989c\u9762\u5bf9\u6c5f\u4e1c\u7236\u8001\u548c\u59bb\u513f\u8001\u5c0f\uff0c\u5f53\u6751\u6c11\u81ea\u613f\u70e7\u6389\u5408\u540c\u796d\u62dc\u5929\u4f51\u65f6\uff0c\u4ece\u4e00\u4e2a\u4eba\u7684\u60b2\u54c0\u4e0a\u5347\u5230\u4e00\u4e2a\u7fa4\u4f53\uff0c\u4eba\u6015\u51fa\u540d\u732a\u6015\u58ee\u554a\uff0c\u8e0f\u8e0f\u5b9e\u5b9e\u4f4e\u8c03\u8fc7\u65e5\u5b50\u4e5f\u633a\u597d\u7684\u30022020-11-25", "useful_count": "12"},
{"page_index": 0, "movie_id": "27592569", "title": "\u96ea\u846c", "username": "JIE", "user_id": "4582130", "rating": "\u63a8\u8350", "date": "2020-10-19", "time": "23:00:58", "comment": "\u8fd8\u53ef\u4ee5\uff0c\u5c31\u662f\u89c9\u5f97\u7565\u5e26\u751f\u786c\u4e86\u70b9\u3002", "useful_count": "0"},
{"page_index": 0, "movie_id": "27592569", "title": "\u96ea\u846c", "username": "\u6797\u679c\u6797\u68ee", "user_id": "60380681", "rating": "\u529b\u8350", "date": "2018-06-28", "time": "22:33:19", "comment": "\u6444\u5f71\u662f\u5f71\u7247\u7684\u4eae\u70b9\uff0c\u9009\u666f\u5f00\u9614\u5b8f\u5927\uff0c\u5728\u767d\u832b\u832b\u7684\u51b0\u96ea\u5730\u91cc\uff0c\u4eba\u7269\u7684\u5185\u5fc3\u88ab\u6e32\u67d3\u51fa\u4e86\u60f3\u8868\u8fbe\u800c\u6ca1\u6709\u52c7\u6c14\u53bb\u63a5\u53d7\u7684\u51c4\u51c9\uff0c\u9ec4\u571f\u5730\u7684\u6ca7\u6851\u8fd9\u4e00\u6b21\u5728\u5927\u96ea\u4e2d\u5c55\u73b0\uff0c\u800c\u4eba\u548c\u6545\u4e8b\uff0c\u90fd\u53ea\u662f\u8fc7\u5ba2\uff0c\u955c\u5934\u4e2d\u7684\u6c14\u6c1b\uff0c\u53ef\u8c13\u5f97\u5929\u65f6\u5730\u5229\u6cb9\u7136\u800c\u751f\uff0c\u5bf9\u4e8e\u8fd9\u6837\u9057\u843d\u5728\u5927\u7247\u7126\u70b9\u4e4b\u5916\u7684\u597d\u666f\u8272\uff0c\u5e94\u5f53\u591a\u591a\u6316\u6398\u9f13\u52b1\u624d\u662f", "useful_count": "7"},
{"page_index": 0, "movie_id": "27592569", "title": "\u96ea\u846c", "username": "\u79bb\u8c31\u7684\u7409\u7483", "user_id": "50300705", "rating": "\u8fd8\u884c", "date": "2019-07-08", "time": "21:47:40", "comment": "\u5f53\u5b98\u8005\u7684\u57ab\u811a\u77f3\uff0c\u8d2a\u8150\u8005\u7684\u80cc\u9505\u4fa0\u3002\u519c\u540d\u4f01\u4e1a\u5bb6\u88ab\u4eba\u5f53\u68cb\u5b50\u4f7f\uff0c\u6700\u7ec8\u4ee5\u6b7b\u8c22\u7f6a\u3002", "useful_count": "0"},
{"page_index": 0, "movie_id": "27592569", "title": "\u96ea\u846c", "username": "komori", "user_id": "i-1992", "rating": "\u8f83\u5dee", "date": "2019-10-09", "time": "22:07:16", "comment": "\u7535\u89c6\u5267\u89c2\u611f....", "useful_count": "0"},
{"page_index": 0, "movie_id": "27592569", "title": "\u96ea\u846c", "username": "\u718a\u672c\u718a\u975e\u5e38\u718a", "user_id": "137925369", "rating": "\u63a8\u8350", "date": "2022-11-12", "time": "14:04:04", "comment": "\u8fd9\u4e0d\u662f\u4e3b\u65cb\u5f8b\u800c\u662f\u63a7\u8bc9", "useful_count": "0"},
{"page_index": 0, "movie_id": "27592569", "title": "\u96ea\u846c", "username": "\u4e0d\u542c\u8bdd\u7684\u571f\u53f8", "user_id": "164427911", "rating": "\u63a8\u8350", "date": "2022-12-18", "time": "13:27:17", "comment": "\u516b\u5927\u91d1\u521a\u4e5f\u6728\u6709\u7528\u715e\u2026\u2026\u519c\u6c11\u8eab\u4efd\u5f53\u5382\u957f\uff0c\u6b7b\u4e86\u4e5f\u5835\u4e0d\u4f4f\u7a9f\u7abf\u3002\u90a3\u4e0d\u662f\u519c\u6c11\u6252\u51fa\u6765\u7684\u7a9f\u7abf\uff0c\u6b7b\u4e86\u4e5f\u5835\u4e0d\u4e0a\u7684\u3002\u53f0\u8bcd\u91cc\u585e\u8fdb\u5f88\u591a\u4fda\u8bed\u6b47\u540e\u8bed\uff0c\u8bb0\u4f4f\u4e86\u4e00\u53e5\u2014\u2014\u732a\u5f80\u524d\u62f1\uff0c\u9e21\u5f80\u540e\u5228\u2026\u2026", "useful_count": "0"},
{"page_index": 0, "movie_id": "27592569", "title": "\u96ea\u846c", "username": "\u7d2b\u90aa", "user_id": "Dandy_Space", "rating": "\u63a8\u8350", "date": "2021-10-03", "time": "15:52:43", "comment": "\u301087\u3011\n\n\u8fd8\u4e0d\u9519\uff0c\u5c31\u662f\u627e\u4e0d\u5230\u8d44\u6e90", "useful_count": "0"},
{"page_index": 0, "movie_id": "27592569", "title": "\u96ea\u846c", "username": "\u590f\u65e5\u8fdc\u884c\u5ba2", "user_id": "SummerTravelers", "rating": "\u8fd8\u884c", "date": "2019-12-11", "time": "10:33:27", "comment": "\u653f\u5e9c\u592a\u9ed1\u4e86\u3002", "useful_count": "0"},
{"page_index": 0, "movie_id": "27592569", "title": "\u96ea\u846c", "username": "\u6df1\u79cb", "user_id": "148090329", "rating": "\u8f83\u5dee", "date": "2020-01-28", "time": "23:02:25", "comment": "\u966a\u5988\u4e00\u8d77\u770b\u7684\u7535\u5f71\uff0c\u6709\u70b9\u5927\u6c5f\u5927\u6cb3\u7684\u610f\u601d\u3002\u5176\u5b9e\u7535\u5f71\u53ef\u4ee5\u62cd\u597d\uff0c\u7ed3\u5c40\u4e0d\u884c\uff01\u554a", "useful_count": "0"},
{"page_index": 0, "movie_id": "27592569", "title": "\u96ea\u846c", "username": "\ue10b", "user_id": "140340293", "rating": "\u529b\u8350", "date": "2019-03-25", "time": "05:43:58", "comment": "\u4ee5\u524d\u5546\u4eba\u4e5f\u633a\u4e0d\u5bb9\u6613\u7684\uff0c\u4f18\u5316\u8425\u5546\u73af\u5883\u52bf\u5728\u5fc5\u884c\uff0c\u5f88\u597d\u7684\u7535\u5f71\u3002\u90a3\u4e9b\u6253\u4e00\u661f\u7684\u4eba\u90fd\u53bb\u770b\u7f8e\u56fd\u5927\u7247\uff0c\u65e5\u672c\u5c0f\u6e05\u65b0\u7535\u5f71\u5427\uff0c\u8fd9\u4e2a\u771f\u4e0d\u9002\u5408\u4f60\u4eec\u3002", "useful_count": "7"},
{"page_index": 0, "movie_id": "27592569", "title": "\u96ea\u846c", "username": "\u9ea6\u514b\u897f\u7c73\u5170", "user_id": "ibravo", "rating": "\u63a8\u8350", "date": "2021-07-26", "time": "23:48:12", "comment": "\u6392\u51fa\u4e86\u60b2\u58ee", "useful_count": "0"},
{"page_index": 0, "movie_id": "27592569", "title": "\u96ea\u846c", "username": "\u53f8\u9a6c\u826f\u6728", "user_id": "nanjiren", "rating": "\u529b\u8350", "date": "2019-09-14", "time": "12:47:03", "comment": "\u9886\u5bfc\u4eec\u7684\u5f62\u8c61\u5851\u9020\u5f97\u5f88\u5230\u4f4d\u554a\uff01\u8fd9\u90e8\u5f71\u7247\u4e0d\u4ec5\u7c97\u63cf\u4e86\u6539\u9769\u5f00\u653e\u4e2d\u4e61\u9547\u4f01\u4e1a\u7684\u5f81\u7a0b\uff0c\u66f4\u68d2\u7684\u5730\u65b9\u662f\u5e26\u7ed9\u4eba\u91cd\u8981\u7684\u601d\u8003\uff1a\u5230\u5e95\u662f\u8c01\u963b\u788d\u4e86\u4eba\u6c11\u7fa4\u4f17\u53d1\u8d22\uff1f\u53c8\u662f\u8c01\u593a\u8d70\u4e86\u4eba\u6c11\u7fa4\u4f17\u7684\u8d22\u5bcc\uff1f\u2014\u2014\u96c4\u98ce\u996e\u6599\u4e0d\u9519\u54c8\u54c8\u54c8", "useful_count": "0"},
{"page_index": 0, "movie_id": "27592569", "title": "\u96ea\u846c", "username": "\u5389\u5bb3\u82b1\u74f6\u5efa\u7b51\u5e08", "user_id": "XabiYeah", "rating": null, "date": "2022-07-26", "time": "19:22:15", "comment": "\u65f6\u4ee3", "useful_count": "0"},
{"page_index": 0, "movie_id": "27592569", "title": "\u96ea\u846c", "username": "\u82a5\u5b50\u4e66\u5c4b", "user_id": "47819631", "rating": "\u63a8\u8350", "date": "2019-04-07", "time": "14:34:31", "comment": "\u738b\u671d\u9a6c\u6c49\uff0c\u5f00\u94e1\uff01", "useful_count": "2"},
{"page_index": 0, "movie_id": "27592569", "title": "\u96ea\u846c", "username": "\u695a\u6210\u738b", "user_id": "Yololee", "rating": "\u8fd8\u884c", "date": "2021-02-03", "time": "23:19:29", "comment": "\u519c\u6c11\u4f01\u4e1a\u5bb6\u6210\u66ff\u7f6a\u7f8a\uff0c\u6539\u9769\u5f00\u653e\u521d\u671f\u3002\u6700\u540e\uff0c\u8d70\u6295\u65e0\u8def\u8df3\u5d16\u8d74\u6b7b\u3002\u6751\u6c11\u4eec\u6495\u6389\u4e86\u5408\u540c\u3002\u7535\u5f71\u611f\u4e0d\u8db3\u3002", "useful_count": "0"},
{"page_index": 0, "movie_id": "27592569", "title": "\u96ea\u846c", "username": "\u4e1c\u65b9\u5c0f\u5955\u8363", "user_id": "29437323", "rating": "\u529b\u8350", "date": "2023-01-27", "time": "02:07:11", "comment": "\u597d\u7247\uff01\u5c0f\u8001\u767e\u59d3\u6ca1\u80cc\u666f\u5c31\u8e0f\u8e0f\u5b9e\u5b9e\u8fc7\u597d\u81ea\u5df1\u7684\u65e5\u5b50\uff0c\u505a\u4e0d\u4e86\u82f1\u96c4\uff0c\u53ea\u80fd\u6210\u70c8\u58eb\u3002\u4f60\u4e0d\u662f\u6551\u4e16\u4e3b\uff0c\u6551\u4e0d\u4e86\u4e16\u4eba\uff0c\u6e21\u4eba\u8005\u5148\u6e21\u5df1\u3002\u6539\u9769\u5f00\u653e\u5148\u8ba9\u4e00\u90e8\u4eba\u5bcc\u8d77\u6765\uff0c\u5bcc\u4e86\u5c31\u505a\u4e2a\u5bcc\u519c\uff0c\u5343\u4e07\u522b\u8ddf\u5b98\u573a\u642d\u8fb9\uff0c\u653f\u6cbb\u4e0d\u662f\u8001\u767e\u59d3\u80fd\u73a9\u7684\uff0c\u6700\u540e\u600e\u4e48\u6b7b\u7684\u90fd\u4e0d\u77e5\u9053\u3002\u4efb\u5e05\u4e0d\u9519\uff01", "useful_count": "0"},
{"page_index": 0, "movie_id": "27592569", "title": "\u96ea\u846c", "username": "\u522b\u8bf4\u591a\u60c5\u597d", "user_id": "34006126", "rating": "\u8f83\u5dee", "date": "2022-03-20", "time": "00:08:03", "comment": "\u571f\u90fd\u4e0d\u60f3\u770b\u4e0b\u53bb", "useful_count": "0"},
{"page_index": 0, "movie_id": "27592569", "title": "\u96ea\u846c", "username": "\u547c\u547c", "user_id": "165174423", "rating": "\u63a8\u8350", "date": "2019-09-09", "time": "10:21:46", "comment": "\u672c\u6765\u53ef\u4ee5\u51b2\u4e94\u661f\u7684\uff0c\u4f46\u662f\u603b\u611f\u89c9\u6709\u4e9b\u864e\u5934\u86c7\u5c3e\u3002\u7c97\u7565\u770b\u5267\u60c5\uff0c\u5f88\u50cf\u5fae\u7f29\u7248\u7684\u300a\u6d3b\u7740\u300b\u3002WG\u65f6\u7684\u79ef\u6781\u5206\u5b50\uff0c\u6700\u540e\u56e0\u4e3a\u5f62\u52bf\u53cd\u8f6c\uff0c\u843d\u4e0b\u5fc3\u7406\u9634\u5f71\u3002\u5e78\u4e8f\u201c\u8fdc\u5ac1\u201d\u4ed6\u6751\uff0c\u673a\u7f18\u5de7\u5408\uff0c\u4eba\u751f\u7684\u673a\u9047\u53c8\u518d\u6b21\u7737\u987e\u4e86\u8fd9\u4f4d\u5929\u8d44\u806a\u9896\u7684\u5c0f\u4f19\u5b50\u3002\u5f53\u7136\u5f71\u7247\u7684\u91cd\u70b9\u662f\u6539\u9769\u5f00\u653e\u521d\u671f\uff0c\u519c\u6c11\u3001\u8f6c\u578b\u4f01\u4e1a\u5bb6\u4ee5\u53ca\u653f\u5e9c\u4e4b\u95f4\u4e09\u8005\u5728\u7ecf\u6d4e\u5229\u76ca\u548c\u653f\u6cbb\u4e0a\u7684\u7ea0\u845b\u3002\u5f71\u7247\u7f16\u5267\u5de7\u5999\u4e4b\u5904\uff0c\u5728\u4e8e\u6545\u4e8b\u70b9\u5230\u5373\u6b62\uff0c\u67d0\u4e9b\u51b2\u7a81\u663e\u800c\u6613\u89c1\uff0c\u5305\u62ec\u57fa\u5c42\u5e72\u90e8\u7684\u56f0\u60d1\u548c\u5c0f\u72e1\u733e\u90fd\u70b9\u5230\u5373\u6b62\uff0c\u76f8\u5f53\u6f02\u4eae\u3002\u4f46\u662f\u5728\u5f71\u7247\u540e\u534a\u90e8\u5206\uff0c\u5bf9\u4eba\u7269\u7684\u523b\u753b\uff0c\u7a81\u7136\u88ab\u8f7b\u89c6\u4e86\uff0c\u5305\u62ec\u7537\u4e3b\u6700\u540e\u8d70\u5411\u7edd\u8def\u7684\u4e2a\u6027\u94fa\u57ab\u548c\u5fc3\u7406\u53d8\u5316\u90fd\u6ca1\u6709\u975e\u5e38\u597d\u7684\u8fc7\u6e21\u3002\u5305\u62ec\u7ed3\u5c3e\u4e24\u4f4d\u9886\u5bfc\uff0c\u4e00\u4e2a\u53bb\u62c5\u4efb\u5382\u957f\uff0c\u4e00\u4e2a\u966a\u8001\u4e61\u5531\u66f2\uff0c\u770b\u4f3c\u6709\u4e00\u79cd\u4ea4\u4ee3\uff0c\u5374\u662f\u5f88\u4ed3\u4fc3\u3002\u4f46\u7455\u4e0d\u63a9\u745c\uff0c\u4f5c\u4e3a\u4e00\u90e8\u4e3b\u65cb\u5f8b\uff0c\u6d89\u53ca\u5230FB\u7684\u8bdd\u9898\uff0c\u8fd8\u662f\u5341\u5206\u7cbe\u5f69\uff0c\u503c\u5f97\u63a8\u8350", "useful_count": "0"},
{"page_index": 0, "movie_id": "27592569", "title": "\u96ea\u846c", "username": "\u836f\u4e00\u4e38", "user_id": "161512119", "rating": "\u8fd8\u884c", "date": "2022-05-18", "time": "23:29:09", "comment": "\u672c\u6765\u662f\u4e2a\u597d\u6545\u4e8b\uff0c\u62cd\u7684\u5374\u5f88\u7275\u5f3a\u3002\u519c\u6c11\u4f01\u4e1a\u5bb6\u6709\u7ecf\u6d4e\u5934\u8111\uff0c\u5374\u4e0d\u4e86\u89e3\u793e\u4f1a\u590d\u6742\u7684\u4e00\u9762\u3002\u4e00\u4eba\u683d\u6811\uff0c\u4e07\u4eba\u6458\u6843\uff0c\u4e3a\u4e86\u540d\u5229\uff0c\u4e0d\u60dc\u5fb7\u8a89\u3002\u6539\u9769\u5f00\u653e\u540e\u7684\u7ecf\u6d4e\u53d1\u5c55\u786e\u5b9e\u8ba9\u5927\u5bb6\u7684\u65e5\u5b50\u5bcc\u8d77\u6765\u4e86\uff0c\u5374\u603b\u6709\u4e00\u90e8\u5206\u5b98\u5458\u52a8\u4e86\u6b6a\u8111\u7b4b\uff0c\u628a\u6743\u5229\u5f53\u4f5c\u81ea\u5bb6\u655b\u8d22\u5de5\u5177\uff0c\u5b9a\u5f53\u4e25\u60e9\u3002\u518d\u8bf4\u56fd\u4f01\uff0c\u672c\u8be5\u662f\u4e3a\u6c11\u8c0b\u5229\uff0c\u800c\u4e0d\u662f\u4e0e\u6c11\u4e89\u5229\u3002", "useful_count": "0"},
{"page_index": 0, "movie_id": "27592569", "title": "\u96ea\u846c", "username": "\u4e61\u90bb", "user_id": "56602755", "rating": "\u529b\u8350", "date": "2018-07-14", "time": "01:47:11", "comment": "\u826f\u5fc3\u4e4b\u4f5c\uff0c\u4e09\u89c2\u7aef\u6b63\u3002\u6545\u4e8b\u56f4\u7ed5\u4e24\u7ec4\u77db\u76fe:\u8f88\u8f88\u606a\u5b88\u5fe0\u8bda\u793c\u4eea\u4fe1\u7684\u5730\u4e3b\u513f\u5b50\uff0c\u4e0e\u7ffb\u8eab\u4f5c\u4e3b\u5374\u6ca1\u6709\u4fe1\u4ef0\uff0c\u884c\u4e3a\u65e0\u62d8\u675f\u7684\u8eab\u8fb9\u4eba\u7684\u77db\u76fe\uff0c\u5176\u5b9e\u662f\u4f20\u7edf\u6587\u5316\u548c\u65e0\u4fe1\u4ef0\u65e0\u5e95\u7ebf\u6587\u5316\u7684\u77db\u76fe\u3002\u4e8c\u662f\u5b98\u6c11\u77db\u76fe\uff0c\u5b98\u4f9d\u9644\u4e8e\u6c11\uff0c\u5374\u53ef\u4ee5\u5de7\u5999\u5730\u611a\u5f04\u6c11\uff0c\u6b3a\u9a97\u6c11\uff0c\u80cc\u53db\u6c11\uff0c\u5b98\u4e2d\u867d\u6709\u826f\u5fc3\u4eba\uff0c\u867d\u8fde\u5347\u4e94\u7ea7\uff0c\u4f46\u5176\u6c89\u9ed8\u4e0e\u4e0d\u62c5\u5f53\u4ea6\u8ba9\u4eba\u5fc3\u5bd2\u3002", "useful_count": "8"},
{"page_index": 0, "movie_id": "27592569", "title": "\u96ea\u846c", "username": "\u6bcf\u5929\u6002\u5230\u5e95\u5185\u5fc3", "user_id": "83155631", "rating": "\u8fd8\u884c", "date": "2019-07-21", "time": "00:01:42", "comment": "\u7247\u5b50\u4e00\u822c", "useful_count": "0"},
{"page_index": 0, "movie_id": "27592569", "title": "\u96ea\u846c", "username": "\u8f7b\u72c2\u96be\u5fa1\u665a\u79cb\u98ce", "user_id": "154785768", "rating": "\u529b\u8350", "date": "2020-07-07", "time": "08:47:26", "comment": "\u8001\u767e\u59d3\u6700\u6015\u7a77\u6298\u817e", "useful_count": "1"},
{"page_index": 0, "movie_id": "27592569", "title": "\u96ea\u846c", "username": "\u51c9\u98ce\u6709\u4fe1-\u59da", "user_id": "138577608", "rating": "\u63a8\u8350", "date": "2019-06-23", "time": "17:42:11", "comment": "\u6709\u4e9b\u8bdd\u4e0d\u80fd\u8bf4\uff01\n\u6709\u4e9b\u4eba\u4e0d\u80fd\u505a\uff01\n\u7535\u5f71\u60f3\u8868\u8fbe\u4ec0\u4e48\uff1f\u4f60\u60f3\u8ba9\u6211\u600e\u4e48\u505a\uff1f\n\u574f\u4eba\u4e0d\u4f1a\u770b\uff0c\u597d\u4eba\u770b\u4e86\u53ea\u4f1a\u5fc3\u9178\uff01\n\u6211\u4e0d\u60f3\u770b\u8fd9\u6837\u7684\u7535\u5f71\uff01\uff01\uff01", "useful_count": "1"},
{"page_index": 0, "movie_id": "27592569", "title": "\u96ea\u846c", "username": "Cult & Cute", "user_id": "73119546", "rating": "\u8fd8\u884c", "date": "2019-05-01", "time": "22:28:18", "comment": "\u7247\u5c3e\u4e0d\u5f3a\u884c\u704c\u5c4e\u5c31\u771f\u7684\u662f\u90e8\u597d\u7247\u4e86\uff0c\u53ef\u60dc\u4e0d\u704c\u5c4e\u662f\u8fc7\u4e0d\u4e86\u5ba1\u7684", "useful_count": "0"},
{"page_index": 0, "movie_id": "27592569", "title": "\u96ea\u846c", "username": "momo", "user_id": "145215683", "rating": "\u8f83\u5dee", "date": "2019-11-16", "time": "01:36:48", "comment": "\u7247\u5b50\u5236\u4f5c\u592a\u7c97\u7cd9\u4e86\uff0c\u6ee1\u6ee1\u7684\u69fd\u70b9\uff0c\u6b7b\u4ea1\u526a\u8f91...\u5c24\u5176\u914d\u4e50\u592a\u96be\u53d7\u4e86...\u5c0f\u6210\u672c\u7684\u7535\u5f71\u4e5f\u4e0d\u80fd\u8fd9\u4e48\u4e2a\u62cd\u6cd5\u5427\u3002\u771f\u662f\u53ef\u60dc\u4e86\u5267\u672c\u548c\u6f14\u5458\u3002", "useful_count": "0"},
{"page_index": 0, "movie_id": "27592569", "title": "\u96ea\u846c", "username": "\u5218\u4e09\u5341", "user_id": "Lxb8888", "rating": "\u8fd8\u884c", "date": "2019-03-26", "time": "22:04:29", "comment": "\u9898\u6750\u597d", "useful_count": "0"},
{"page_index": 0, "movie_id": "27592569", "title": "\u96ea\u846c", "username": "\u98ce\u5973\u7eb8", "user_id": "153600382", "rating": "\u529b\u8350", "date": "2019-11-10", "time": "20:35:54", "comment": "\u7535\u5f71\u548c\u7535\u89c6\u5267\u300a\u9ec4\u571f\u9ad8\u5929\u300b\u6709\u70b9\u50cf\uff0c\u7537\u4e3b\u60b2\u60e8\u906d\u9047\u662f\u90a3\u4e2a\u65f6\u4ee3\u90a3\u4e9b\u81ea\u79c1\u9010\u5229\u7684\u4eba\u4e00\u6b65\u6b65\u5bfc\u81f4\u7684\uff0c\u4e00\u6b65\u6b65\u5c06\u4ed6\u63a8\u5411\u60ac\u5d16\u3002\u5728\u90a3\u4e2a\u5e74\u4ee3\u591a\u5c11\u8fd9\u6837\u592a\u5584\u826f\u592a\u8001\u5b9e\u7684\u4eba\u88ab\u4eba\u5229\u7528\uff0c\u50cf\u7537\u4e3b\u8fd9\u6837\u7684\uff0c\u5b8c\u5168\u53ef\u4ee5\u81ea\u7acb\u81ea\u4fe1\u91cd\u65b0\u7ad9\u8d77\u6765\uff0c\u50cf\u7535\u89c6\u5267\u4e2d\u90a3\u6837\uff0c\u5f00\u521b\u4e00\u7247\u5d2d\u65b0\u7684\u4eba\u751f\uff0c\u7136\u800c\u5bfc\u6f14\u5374\u8ba9\u4ed6\u8df3\u5d16\u4e86\uff0c\u8fd9\u662f\u90a3\u4e2a\u65f6\u4ee3\u7684\u60b2\u54c0\uff0c\u53ea\u6709\u8fd9\u6837\u7684\u7ed3\u5c40\uff0c\u624d\u80fd\u53cd\u6620\u90a3\u4e9b\u5b98\u573a\u653f\u6cbb\u7684\u9ed1\u6697\uff0c\u96ea\u846c\u8fd9\u6837\u7684\u7535\u5f71\u540d\uff0c\u4ee5\u53ca\u80cc\u540e\u7684\u5bd3\u610f\uff0c\u8ba9\u4eba\u4f69\u670d\u5bfc\u6f14\u7684\u7528\u5fc3", "useful_count": "1"},
{"page_index": 0, "movie_id": "27592569", "title": "\u96ea\u846c", "username": "Bie", "user_id": "169817903", "rating": "\u529b\u8350", "date": "2023-01-04", "time": "17:40:56", "comment": "\u597d\u7247\u5b50", "useful_count": "0"},
{"page_index": 0, "movie_id": "27592569", "title": "\u96ea\u846c", "username": "\u8f7d\u66e6", "user_id": "55354244", "rating": "\u8fd8\u884c", "date": "2019-12-16", "time": "21:27:30", "comment": "\u7406\u60f3\u4e3b\u4e49\u8005\u4e4b\u6b7b\u3002", "useful_count": "0"},
{"page_index": 0, "movie_id": "27592569", "title": "\u96ea\u846c", "username": "\u54b8\u5858\u6d5c\u8001\u9ed1\u9c7c", "user_id": "82933969", "rating": "\u8fd8\u884c", "date": "2022-04-17", "time": "22:37:05", "comment": "\u65f6\u4ee3\u4f1a\u53d8\uff0c\u4f46\u672c\u8d28\u4e0d\u4f1a\u53d8\u3002\u4e2a\u4eba\u4e0d\u7ba1\u5982\u4f55\u5c0f\u5fc3\u7ffc\u7ffc\uff0c\u9762\u5bf9\u5a01\u538b\uff0c\u90fd\u53ef\u80fd\u4f1a\u88ab\u4e00\u6b65\u6b65\u9876\u5230\u6760\u5934\u4e0a\uff0c\u6ca1\u6709\u9000\u8def\u2026\u2026", "useful_count": "0"},
{"page_index": 0, "movie_id": "27592569", "title": "\u96ea\u846c", "username": "\u6d77\u59c6\u8fbe\u5c14", "user_id": "4659944", "rating": "\u529b\u8350", "date": "2019-08-12", "time": "13:55:22", "comment": "\u5b98\u573a\u603b\u662f\u7ed9\u8001\u5b9e\u4eba\u4e0b\u5957", "useful_count": "1"},
{"page_index": 0, "movie_id": "27592569", "title": "\u96ea\u846c", "username": "\u6b27\u6b27\u7684\u6b27", "user_id": "167609646", "rating": "\u63a8\u8350", "date": "2019-07-25", "time": "10:19:27", "comment": "\u8fd9\u79cd\u7535\u5f71\u4e0d\u5acc\u591a", "useful_count": "0"},
{"page_index": 0, "movie_id": "27592569", "title": "\u96ea\u846c", "username": "\u51c8\u610f\u543e\u5fc3", "user_id": "154699078", "rating": "\u63a8\u8350", "date": "2019-12-18", "time": "15:33:03", "comment": "\u770b\u7684\u597d\u538b\u6291\uff01\n\u9886\u5bfc\u7684\u8bdd\u4e0d\u6562\u592a\u76f8\u4fe1\u554a\uff01", "useful_count": "0"},
{"page_index": 0, "movie_id": "27592569", "title": "\u96ea\u846c", "username": "\u6768\u7529\u4e0e\u72d7", "user_id": "39418385", "rating": "\u8f83\u5dee", "date": "2019-07-04", "time": "19:19:33", "comment": "\u5982\u679c\u6211\u4e0d\u662f\u515a\u5458\u5c31\u6253\u4e00\u661f\u4e86,\u6f14\u5458\u8138\u8c31\u5316,\u5267\u60c5\u683c\u5f0f\u5316,\u6ca1\u6709\u4efb\u4f55\u770b\u70b9,\u4e24\u500d\u901f\u7684\u770b\u6211\u90fd\u89c9\u5f97\u662f\u79cd\u6d6a\u8d39\u65f6\u95f4.", "useful_count": "0"},
{"page_index": 0, "movie_id": "27592569", "title": "\u96ea\u846c", "username": "\u98ce\u91c7\u98de\u626c", "user_id": "3191789", "rating": "\u63a8\u8350", "date": "2019-04-16", "time": "23:38:36", "comment": "\u6709\u70b9\u7535\u89c6\u5267\u526a\u51fa\u6765\u7684\u611f\u89c9\uff0c\u53ef\u80fd\u5f88\u591a\u955c\u5934\u88ab\u526a\u6389\u4e86\uff0c\u663e\u5f97\u6709\u4e9b\u5730\u65b9\u8854\u63a5\u4e0d\u592a\u597d\u3002\u5c0f\u6210\u672c\uff0c\u62cd\u7684\u76f8\u5f53\u4e0d\u9519\u4e86\uff0c\u770b\u5230\u540e\u9762\u633a\u96be\u53d7\u7684\u3002", "useful_count": "2"},
{"page_index": 0, "movie_id": "27592569", "title": "\u96ea\u846c", "username": "\u840c\u5417", "user_id": "82686873", "rating": "\u8fd8\u884c", "date": "2021-12-11", "time": "12:42:05", "comment": "\u7ed3\u5408\u65b0\u95fb\ud83d\ude42", "useful_count": "0"},
{"page_index": 0, "movie_id": "27592569", "title": "\u96ea\u846c", "username": "\u795d", "user_id": "122689034", "rating": "\u63a8\u8350", "date": "2022-02-22", "time": "17:36:06", "comment": "\u628a\u53d7\u9a97\u5957\u8def\u63cf\u7ed8\u51fa\u6765\uff0c\u8bb2\u6e05\u695a\u4ec0\u4e48\u4e8b", "useful_count": "0"},
{"page_index": 0, "movie_id": "27592569", "title": "\u96ea\u846c", "username": "\u9500\u9b42MAX\u661f\u661f", "user_id": "107785033", "rating": "\u529b\u8350", "date": "2019-07-24", "time": "18:27:05", "comment": "\u5170\u5dde\u8bdd\uff0c\u98ce\u571f\u4eba\u60c5\u8d70\u51fa\u7518\u8083\u3002\u5fc5\u987b5\u2b50\uff0c\u770b\u7684\u6211\u60f3\u5bb6\u4e86\u3002", "useful_count": "1"},
{"page_index": 0, "movie_id": "27592569", "title": "\u96ea\u846c", "username": "Do you remember", "user_id": "1151116", "rating": "\u8fd8\u884c", "date": "2019-05-11", "time": "23:24:06", "comment": "\u5f88\u73b0\u5b9e\uff0c\u4e5f\u5f88\u8bbd\u523a", "useful_count": "0"},
{"page_index": 0, "movie_id": "27592569", "title": "\u96ea\u846c", "username": "\u5f90\u8001\u7237", "user_id": "169794706", "rating": "\u8fd8\u884c", "date": "2021-08-02", "time": "23:06:47", "comment": "\u5e78\u597d\u4e0d\u662f\u5927\u56e2\u5706\uff0c\u4f46\u662f\u53c8\u89c9\u5f97\u6545\u4e8b\u4e0d\u5b8c\u6574\uff0c\u7559\u7ed9\u4eba\u9050\u60f3\u7a7a\u95f4", "useful_count": "0"},
{"page_index": 0, "movie_id": "27592569", "title": "\u96ea\u846c", "username": "wowo", "user_id": "50002134", "rating": "\u529b\u8350", "date": "2019-12-08", "time": "10:23:44", "comment": "\u6c11\u8425\u4f01\u4e1a\u5bb6\u5728\u653f\u5e9c\u4f5c\u7528\u4e0b\u66b4\u96f7\u7684\u6545\u4e8b\u3002\u3002", "useful_count": "0"},
{"page_index": 0, "movie_id": "27592569", "title": "\u96ea\u846c", "username": "livia", "user_id": "25824094", "rating": "\u8fd8\u884c", "date": "2019-03-26", "time": "17:42:43", "comment": "2019/03/17", "useful_count": "0"},
{"page_index": 0, "movie_id": "27592569", "title": "\u96ea\u846c", "username": "\u4ea6\u6c60", "user_id": "137952424", "rating": "\u8fd8\u884c", "date": "2019-05-01", "time": "18:39:25", "comment": "\u8fd8\u4e0d\u9519\u7684\u7247\u5b50\u3002\u3002", "useful_count": "0"},
{"page_index": 0, "movie_id": "27592569", "title": "\u96ea\u846c", "username": "aoe", "user_id": "165511127", "rating": "\u529b\u8350", "date": "2019-03-27", "time": "17:56:19", "comment": "\u610f\u6599\u4e4b\u5916\uff0c\u793e\u4f1a\u771f\u5b9e\u5199\u7167", "useful_count": "0"},
{"page_index": 0, "movie_id": "27592569", "title": "\u96ea\u846c", "username": "\u7075\u9b42\u6551\u8d4eo0", "user_id": "83747600", "rating": "\u8fd8\u884c", "date": "2020-04-10", "time": "21:41:57", "comment": "\u5404\u7ea7\u9886\u5bfc\u6f14\u5f97\u5f88\u5f62\u8c61\u554a...\u5c24\u5176\u90a3\u526f\u5e02\u957f\u3002", "useful_count": "0"},
{"page_index": 0, "movie_id": "27592569", "title": "\u96ea\u846c", "username": "\u5b50\u658c\u554a", "user_id": "liangzibin", "rating": "\u8f83\u5dee", "date": "2019-06-08", "time": "21:33:23", "comment": "\u770b\u4e0d\u4e0b\u53bb\u4e86\u8fd9\u7535\u89c6\u5267\u2026\u2026", "useful_count": "0"},
{"page_index": 0, "movie_id": "27592569", "title": "\u96ea\u846c", "username": "z", "user_id": "153903690", "rating": "\u8fd8\u884c", "date": "2019-04-08", "time": "13:21:29", "comment": "\u5176\u5b9e\u4e5f\u7b97\u6709\u4ee3\u8868\u6027\u7684\u6545\u4e8b\uff0c\u6f14\u7684\u505a\u4f5c\u3002\u7ed3\u5c3e\u7684\u6b4c\u4e0d\u9519\uff0c\u52a0\u4e00\u9897\u661f", "useful_count": "0"},
{"page_index": 0, "movie_id": "27592569", "title": "\u96ea\u846c", "username": "justice", "user_id": "77651124", "rating": "\u63a8\u8350", "date": "2020-12-16", "time": "22:43:20", "comment": "\u79ef\u96ea\u6210\u846c", "useful_count": "0"},
{"page_index": 0, "movie_id": "27592569", "title": "\u96ea\u846c", "username": "\u8001\u80e1\u5f53\u9053\u5367", "user_id": "63319055", "rating": "\u63a8\u8350", "date": "2019-05-12", "time": "07:58:31", "comment": "\u7535\u5f71\u62cd\u5f97\u633a\u597d\u7684\u554a\uff0c\u9898\u6750\u5f88\u73b0\u5b9e\u4e5f\u5f88\u5c16\u9510\uff0c\u5e76\u4e0d\u662f\u90a3\u79cd\u6b4c\u529f\u9882\u5fb7\u7684\u201c\u732e\u793c\u7247\u201d\uff0c\u9664\u4e86\u4eba\u7269\u8138\u8c31\u5316\u660e\u663e\u70b9\u513f\uff0c\u5267\u60c5\u5565\u7684\u90fd\u6ca1\u95ee\u9898\u3002\u641c\u65b0\u95fb\u90fd\u8bf4\u7535\u5f71\u516c\u6620\u4e86\uff0c\u548b\u8c46\u74e3\u8bc4\u5206\u5c31\u8fd9\u4e48\u5c11\u5462\uff1f", "useful_count": "1"},
{"page_index": 0, "movie_id": "27592569", "title": "\u96ea\u846c", "username": "\u52ff\u5fd8\u521d\u5fc3", "user_id": "84754161", "rating": "\u8fd8\u884c", "date": "2019-09-01", "time": "21:27:44", "comment": "\u7279\u522b\u8ba8\u538c\u4e3a\u4e86\u63a8\u52a8\u6709\u8da3\u60c5\u8282\u800c\u914d\u4e0a\u4fcf\u76ae\u914d\u4e50\uff0c\u6700\u540e\u4e3b\u89d2\u5b66\u548c\u5c1a\u90a3\u4e00\u8df3\uff0c\u4e2a\u4eba\u89c9\u5f97\u662f\u61e6\u592b\u8868\u73b0\uff0c\u4e61\u4eb2\u4eec\u8fd8\u662f\u7167\u6837\u635f\u5931\uff0c\u5f3a\u8005\u662f\u8fce\u96be\u800c\u4e0a\u6311\u5927\u7cb1\uff0c\u5c3d\u91cf\u51cf\u5c11\u4e61\u4eb2\u635f\u5931\u3002", "useful_count": "0"},
{"page_index": 0, "movie_id": "27592569", "title": "\u96ea\u846c", "username": "\u516c\u5b50\u859b", "user_id": "174190972", "rating": "\u529b\u8350", "date": "2019-07-11", "time": "11:41:34", "comment": "\u6734\u5b9e\uff0c\u5f88\u8d5e\u7684\u7535\u5f71\uff0c\u8fd9\u79cd\u7535\u5f71\u770b\u7740\u603b\u8ba9\u4eba\u5f88\u6c89\u91cd", "useful_count": "0"},
{"page_index": 0, "movie_id": "27592569", "title": "\u96ea\u846c", "username": "\u6211\u53ef\u80fd\u662f\u7a7f\u8d8a\u4e86", "user_id": "119645131", "rating": "\u529b\u8350", "date": "2018-07-28", "time": "13:49:24", "comment": "\u5c0f\u6210\u672c\u7535\u5f71\u91cc\u7b97\u975e\u5e38\u68d2\u7684\u4e86\uff0c9.5\u5206\u771f\u7684\u4e0d\u6015\u4f60\u9a84\u50b2", "useful_count": "2"},
{"page_index": 0, "movie_id": "27592569", "title": "\u96ea\u846c", "username": "\u6d77\u84dd\u8272", "user_id": "146046195", "rating": "\u529b\u8350", "date": "2020-06-01", "time": "13:03:33", "comment": "\u82df\u5229\u56fd\u5bb6\u751f\u6b7b\u4ee5\uff0c\u5c82\u56e0\u7978\u798f\u907f\u8d8b\u4e4b\u3002\n\u4ece\u8fd9\u6837\u7684\u9886\u5bfc\u5634\u91cc\u8bf4\u51fa\u6765\uff0c\u771f\u4ed6\u5988\u6076\u5fc3\uff01\uff01\uff01", "useful_count": "0"},
{"page_index": 0, "movie_id": "27592569", "title": "\u96ea\u846c", "username": "\u5206\u88c2", "user_id": "34664124", "rating": "\u529b\u8350", "date": "2019-07-07", "time": "16:02:23", "comment": "\u8fd9\u662f\u771f\u6b63\u7684\u7ea2\u8272\u7535\u5f71", "useful_count": "0"},
{"page_index": 0, "movie_id": "27592569", "title": "\u96ea\u846c", "username": "\u5c0f\u9a6c", "user_id": "74940211", "rating": "\u8f83\u5dee", "date": "2018-04-12", "time": "14:22:45", "comment": "\u4e8c\u661f\u534a\u3002", "useful_count": "0"},
{"page_index": 0, "movie_id": "27592569", "title": "\u96ea\u846c", "username": "CSD", "user_id": "173903959", "rating": "\u529b\u8350", "date": "2022-11-12", "time": "22:00:04", "comment": "\u6ca1\u88ab\u7981\u662f\u4e2a\u5947\u8ff9", "useful_count": "0"},
{"page_index": 0, "movie_id": "27592569", "title": "\u96ea\u846c", "username": "Bianxh", "user_id": "43978378", "rating": "\u63a8\u8350", "date": "2021-08-28", "time": "21:57:07", "comment": "3.7", "useful_count": "0"},
{"page_index": 0, "movie_id": "27592569", "title": "\u96ea\u846c", "username": "\u5341\u4e8c\u5212\u6709\u4f60", "user_id": "177437103", "rating": "\u63a8\u8350", "date": "2019-04-21", "time": "16:04:35", "comment": "\u5e94\u4e86\u4e00\u53e5\u8bdd\uff0c\u597d\u4eba\u4e0d\u957f\u547d\u3002\u7978\u5bb3\u9057\u5343\u5e74\u3002", "useful_count": "0"},
{"page_index": 0, "movie_id": "27592569", "title": "\u96ea\u846c", "username": "\u767d\u767d", "user_id": "196857513", "rating": "\u529b\u8350", "date": "2020-01-10", "time": "11:49:39", "comment": "\u519c\u6c11\u4f01\u4e1a\u5bb6\u7684\u56f0\u5c40", "useful_count": "0"},
{"page_index": 0, "movie_id": "27592569", "title": "\u96ea\u846c", "username": "\u90dc\u5c0f2", "user_id": "gsh1215", "rating": "\u529b\u8350", "date": "2018-07-21", "time": "21:59:31", "comment": "\u6545\u4e8b\u610f\u5916\u7684\u597d\u770b", "useful_count": "1"},
{"page_index": 0, "movie_id": "27592569", "title": "\u96ea\u846c", "username": "#\u6211\u4ee5\u4e3a", "user_id": "160958424", "rating": "\u529b\u8350", "date": "2019-09-21", "time": "15:15:13", "comment": "\u592a\u73b0\u5b9e\u4e86\uff0c\u73b0\u5b9e\u5230\u96be\u4ee5\u63a5\u53d7", "useful_count": "0"},
{"page_index": 0, "movie_id": "27592569", "title": "\u96ea\u846c", "username": "\u8c46\u53cb185884661", "user_id": "MugglesMansion", "rating": "\u63a8\u8350", "date": "2020-08-03", "time": "10:27:34", "comment": "ti\u5236\u95ee\u9898\uff0c\u8fc7\u5ba1\u5947\u8ff9\u3002", "useful_count": "0"},
{"page_index": 0, "movie_id": "27592569", "title": "\u96ea\u846c", "username": "\u4e0d\u5f97\u8d70\u7684\u65c5\u4eba", "user_id": "3674593", "rating": "\u529b\u8350", "date": "2019-03-29", "time": "14:27:48", "comment": "\u770b\u4e00\u534a\u5c31\u6253\u6ee1\u5206\u4e86\uff0c\u4e0d\u4e3a\u522b\u7684\uff0c\u4e3a\u9898\u6750\u3002", "useful_count": "0"},
{"page_index": 0, "movie_id": "27592569", "title": "\u96ea\u846c", "username": "\u56f0\u5728\u6d77\u91cc\u7684\u9c7c", "user_id": "kzhailideyu", "rating": "\u63a8\u8350", "date": "2018-05-15", "time": "01:27:16", "comment": "\u826f\u5fc3\u4e4b\u4f5c", "useful_count": "1"},
{"page_index": 0, "movie_id": "27592569", "title": "\u96ea\u846c", "username": "forever_stay", "user_id": "137979240", "rating": "\u529b\u8350", "date": "2019-03-23", "time": "17:59:05", "comment": "\u8fd9\u4e48\u597d\u7684\u56fd\u4ea7\u7247\uff0c\u600e\u4e48\u4f1a\u6ca1\u6709\u8bc4\u5206\u5462\uff1f\u62cd\u7684\u5f88\u771f\u5b9e\uff0c\u6f14\u5458\u8868\u6f14\u7684\u90fd\u5f88\u5230\u4f4d\uff0c\u6781\u529b\u63a8\u8350\u89c2\u770b\u3002", "useful_count": "1"},
{"page_index": 0, "movie_id": "27592569", "title": "\u96ea\u846c", "username": "\u54a9\u7edd\u5e08\u592a", "user_id": "1580104", "rating": "\u63a8\u8350", "date": "2019-09-18", "time": "17:08:57", "comment": "\u770b\u5230\u4e86\u65f6\u4ee3\u6d6a\u6f6e\u4e2d\u5f62\u5f62\u8272\u8272\u7684\u4eba\u7269\u8138\u8c31\uff0c\u7f8e\u4e11\u6742\u7cc5\u5728\u4e00\u8d77\uff0c\u771f\u5b9e\u7684\u751f\u6d3b\u5373\u4f7f\u5982\u6b64\u3002", "useful_count": "0"},
{"page_index": 0, "movie_id": "27592569", "title": "\u96ea\u846c", "username": "\u4f55\u5c0f\u5f3a", "user_id": "69461261", "rating": "\u8f83\u5dee", "date": "2019-07-21", "time": "12:34:43", "comment": "\u5230\u5e95\u8be5\u5982\u4f55\u5904\u7406\u70c2\u4eba\u70c2\u4e8b\uff1f", "useful_count": "0"},
{"page_index": 0, "movie_id": "27592569", "title": "\u96ea\u846c", "username": "\u9c7c\u7fd4\u9f0e\u7075", "user_id": "78667352", "rating": "\u63a8\u8350", "date": "2020-04-15", "time": "18:08:17", "comment": "\u597d\u5927\u80c6\u4f60\u8fd8\u6562\u6765\uff0c\u5feb\u56de\u53bb\u522b\u518d\u4f5c\u6076\uff01", "useful_count": "0"},
{"page_index": 0, "movie_id": "27592569", "title": "\u96ea\u846c", "username": "\u4e0a\u5584\u82e5\u6c34", "user_id": "151218377", "rating": "\u63a8\u8350", "date": "2019-07-30", "time": "23:04:09", "comment": "\u5b98\u573a\u5957\u8def\u6df1\uff0c\u6211\u8981\u56de\u519c\u6751\u7cfb\u5217\u3002\u3002\u3002", "useful_count": "0"},
{"page_index": 0, "movie_id": "27592569", "title": "\u96ea\u846c", "username": "Coisini", "user_id": "147850957", "rating": "\u529b\u8350", "date": "2019-05-11", "time": "23:19:51", "comment": "\u6551\u6025\u4e0d\u6551\u7a77", "useful_count": "0"},
{"page_index": 0, "movie_id": "27592569", "title": "\u96ea\u846c", "username": "zalef", "user_id": "29042957", "rating": "\u8fd8\u884c", "date": "2022-08-14", "time": "22:06:21", "comment": "\u519c\u6751\u6539\u9769\u4e4b\u521d\u3002", "useful_count": "0"},
{"page_index": 0, "movie_id": "27592569", "title": "\u96ea\u846c", "username": "SN", "user_id": "155709283", "rating": "\u8fd8\u884c", "date": "2020-05-11", "time": "15:12:34", "comment": "\u4e0d\u662f\u6211\u519b\u592a\u7b28\uff0c\u662f\u5171\u519b\u592a\u72e1\u733e\u554a", "useful_count": "0"},
{"page_index": 0, "movie_id": "27592569", "title": "\u96ea\u846c", "username": "\u835e\u7b11", "user_id": "149560847", "rating": "\u529b\u8350", "date": "2019-05-26", "time": "15:55:37", "comment": "\u4e3a\u4e86\u81ea\u5df1\u7684\u5229\u76ca\u4e00\u6b65\u6b65\u628a\u522b\u4eba\u903c\u5165\u6df1\u6e0a \u5b98\u573a\u9ed1\u6697", "useful_count": "0"},
{"page_index": 0, "movie_id": "27592569", "title": "\u96ea\u846c", "username": "\u4e0d\u826f\u732b\u4f20\u8bb0", "user_id": "ffsmileluck", "rating": "\u529b\u8350", "date": "2019-10-19", "time": "23:41:53", "comment": "\u7535\u5f71\u8fdc\u666f\u5f00\u9614\u5b8f\u5927\uff0c\u5f88\u591a\u5927\u7684\u8fdc\u666f\u8ba9\u4eba\u770b\u5230\u7941\u8fde\u5c71\u4e00\u5e26\u7684\u5730\u8c8c\u3002\u6444\u5f71\u662f\u7535\u5f71\u7684\u827a\u672f\u5de5\u5177\uff0c\u5728\u767d\u832b\u832b\u7684\u96ea\u5730\u900f\u9732\u7740\u4eba\u4eec\u60f3\u8868\u8fbe\u5374\u4e0d\u597d\u8868\u8fbe\u7684\u51c4\u51c9\u3002\u672c\u7247\u4ee5\u53cc\u91cd\u77db\u76fe\u5c55\u5f00\u6545\u4e8b\uff0c\u4e00\u4e2a\u662f\u5b98\u573a\u548c\u5546\u573a\u77db\u76fe\uff0c\u4e00\u4e2a\u662f\u793e\u4f1a\u4eba\u6027\u7684\u77db\u76fe\u3002\u800c\u8fd9\u4e24\u8005\u5728\u4e3b\u89d2\u8d75\u5929\u4f51\u8eab\u4e0a\u4e92\u76f8\u4ea4\u9519\uff0c\u519c\u6c11\u7684\u6df3\u6734\u548c\u5b98\u573a\u5546\u573a\u7684\u9ed1\u6697\u590d\u6742\u3002\u7ed3\u5c3e\u548c\u5f00\u5934\u76f8\u547c\u5e94\uff0c\u53ea\u662f\u5f00\u5934\u5929\u4f51\u5728\u96ea\u5929\u91cc\u8df3\u5d16\u81ea\u6740\uff0c\u800c\u7ed3\u5c3e\u5904\u674e\u4e49\u9f99\u5728\u96ea\u5929\u51fa\u73b0\u5728\u5929\u4f51\u8df3\u5d16\u7684\u5730\u65b9\u3002\u5f00\u5934\u7ed9\u4e86\u7ed3\u679c\uff0c\u7ed3\u5c3e\u7ed9\u4e86\u5e0c\u671b\u3002\u897f\u5317\u7941\u8fde\u5c71\u7684\u6ca7\u6851\uff0c\u4e5f\u900f\u9732\u7740\u54ea\u91cc\u7684\u519c\u6c11\u7684\u8270\u82e6\u548c\u8d28\u6734\u3002", "useful_count": "0"},
{"page_index": 0, "movie_id": "27592569", "title": "\u96ea\u846c", "username": "abelard \u3002", "user_id": "156158011", "rating": "\u8fd8\u884c", "date": "2021-07-09", "time": "18:09:32", "comment": "\u4e09\u661f\u90fd\u7ed9\u6545\u4e8b\u9898\u6750\uff0c\u4f46\u4e5f\u592a\u201c\u6734\u5b9e\u65e0\u534e\u201d\u4e86\u3002\u770b\u7740\u771f\u60f3\u7761\u89c9", "useful_count": "0"},
{"page_index": 0, "movie_id": "27592569", "title": "\u96ea\u846c", "username": "kk", "user_id": "174736806", "rating": "\u529b\u8350", "date": "2019-04-10", "time": "13:38:56", "comment": "\u597d\u770b\u554a\uff01\u4e00\u4e2a\u5927\u8001\u7237\u4eec\u770b\u7684\u4e24\u773c\u6cea\u6c6a\u6c6a\uff0c\u6cea\u6c6a\u6c6a\u554a\uff01", "useful_count": "0"},
{"page_index": 0, "movie_id": "27592569", "title": "\u96ea\u846c", "username": "\u90a3\u4e2a\u963f\u5de6", "user_id": "91146303", "rating": "\u8fd8\u884c", "date": "2019-12-15", "time": "12:22:52", "comment": "\n\u4e09\u661f\u534a\uff0c\u770b\u5230\u60f3\u7838\u7535\u8111\u3002\n", "useful_count": "0"},
{"page_index": 0, "movie_id": "27592569", "title": "\u96ea\u846c", "username": "\u5b64\u7af9\u5453\u8bed", "user_id": "184804379", "rating": "\u63a8\u8350", "date": "2023-01-15", "time": "22:23:05", "comment": "2023\u5e741\u670815\u65e5\uff08\u5468\u65e5\uff09\u665a\u4e0a\u89c2\u3002", "useful_count": "0"},
{"page_index": 0, "movie_id": "27592569", "title": "\u96ea\u846c", "username": "\u5317\u5ddd", "user_id": "141347176", "rating": "\u63a8\u8350", "date": "2019-08-03", "time": "12:45:48", "comment": "\u5b98\u573a\uff0c\u6076\u5fc3", "useful_count": "0"},
{"page_index": 0, "movie_id": "27592569", "title": "\u96ea\u846c", "username": "\u6bb5\u7b80", "user_id": "54865791", "rating": "\u529b\u8350", "date": "2019-07-16", "time": "23:28:49", "comment": "\u4e00\u90e8\u901a\u4fd7\u6613\u61c2\u7684\u5173\u4e8e\u6539\u9769\u5f00\u653e\u653f\u6cbb\u7ecf\u6d4e\u4ea4\u878d\u7535\u5f71\u3002", "useful_count": "1"},
{"page_index": 0, "movie_id": "27592569", "title": "\u96ea\u846c", "username": "Ann", "user_id": "PARIADISE", "rating": "\u8fd8\u884c", "date": "2022-05-13", "time": "13:51:59", "comment": "\u5f88\u597d\u7684\u9898\u6750\uff0c\u7ed3\u5c40\u51cf\u4e00\u661f", "useful_count": "0"},
{"page_index": 0, "movie_id": "27592569", "title": "\u96ea\u846c", "username": "Zack Zhao", "user_id": "ZacZhao", "rating": "\u8fd8\u884c", "date": "2019-07-09", "time": "22:50:40", "comment": "\u6210\u5462\uff0c\u6210\u5462\uff0c\u6210\u5462", "useful_count": "0"},
{"page_index": 0, "movie_id": "27592569", "title": "\u96ea\u846c", "username": "Tarzan", "user_id": "128576114", "rating": "\u63a8\u8350", "date": "2019-04-28", "time": "23:26:25", "comment": "\u8ba9\u6211\u60f3\u8d77\u4e86\u5e73\u51e1\u7684\u4e16\u754c", "useful_count": "0"},
{"page_index": 0, "movie_id": "27592569", "title": "\u96ea\u846c", "username": "\u9ad8\u5cf0", "user_id": "172210504", "rating": "\u63a8\u8350", "date": "2021-07-25", "time": "00:42:49", "comment": "\u4e0d\u662f\u522b\u4eba\u6bd4\u6211\u4eec\u806a\u660e\uff0c\u800c\u662f\u6211\u4eec\u81ea\u5df1\u4ee5\u4e3a\u6211\u4eec\u6bd4\u522b\u4eba\u806a\u660e\u3002", "useful_count": "0"},
{"page_index": 0, "movie_id": "27592569", "title": "\u96ea\u846c", "username": "Chun", "user_id": "151503794", "rating": "\u63a8\u8350", "date": "2019-03-27", "time": "22:07:29", "comment": "\u7537\u4e3b\u8fd9\u4e00\u8df3\u5728\u5916\u4eba\u770b\u6765\u53ef\u771f\u662f\u754f\u7f6a\u6f5c\u9003\u4e86\uff0c\u4ee4\u4eba\u60cb\u60dc\u3002\u672c\u7247\u6ca1\u6709\u4e00\u9ed1\u5230\u5e95\uff0c\u610f\u5916\u5730\u7559\u4e0b\u4e86\u8fd8\u7b97\u6b63\u9762\u7684\u4e24\u4e2a\u597d\u4eba\uff0c\u800c\u5934\u53f7\u72af\u7f6a\u5206\u5b50\u4e5f\u662f\u4e2a\u526f\u5e02\u957f\uff0c\u53ef\u4ee5\u8bf4\u662f\u4e0d\u591f\u653e\u5f97\u5f00\u3002\u6700\u540e\u7684\u96ea\u666f\u832b\u832b\u548c\u60b2\u6ce3\u7684\u79e6\u8154\u4e92\u76f8\u914d\u5408\uff0c\u6291\u626c\u987f\u632b\uff0c\u5fc3\u91cc\u53ea\u6709\u65e0\u5c3d\u9057\u61be\u3002", "useful_count": "0"},
{"page_index": 0, "movie_id": "27592569", "title": "\u96ea\u846c", "username": "\u9955\u992e\u4e4b\u5f92", "user_id": "satansam", "rating": "\u529b\u8350", "date": "2019-04-13", "time": "21:59:36", "comment": "\u8150\u5316\u7684\u5b98\u5458\uff01\uff01\u4e00\u5fc3\u5411\u4e0a\u722c\u7684\u57fa\u5c42\u5e72\u90e8\uff01\uff01\uff01\u6734\u5b9e\u61a8\u539a\u7684\u519c\u6c11\uff01\uff01\uff01\u65e0\u6127\u4e8e\u5929\u5730\u7684\u7537\u5b50\u6c57\uff01\uff01\uff01\u8fd9\u624d\u662f\u5e94\u8be5\u8ba9\u5e72\u90e8\u96c6\u4e2d\u89c2\u770b\u7684\u597d\u7535\u5f71\uff01\uff01", "useful_count": "0"},
{"page_index": 0, "movie_id": "27592569", "title": "\u96ea\u846c", "username": "\u7528\u62376288219453", "user_id": "183341988", "rating": "\u63a8\u8350", "date": "2021-06-03", "time": "12:07:14", "comment": "\u538b\u6291", "useful_count": "0"},
{"page_index": 0, "movie_id": "27592569", "title": "\u96ea\u846c", "username": "\u82b1\u5f00\u4e5d\u6708", "user_id": "53294965", "rating": "\u63a8\u8350", "date": "2019-04-08", "time": "02:44:13", "comment": "\u5267\u60c5\u3001\u8868\u6f14\u4e2d\u7b49\uff0c\u80fd\u770b\u51fa\u9884\u7b97\u5c11\u7684\u53ef\u601c\uff01\u4e0d\u8fc7\u8bb2\u7684\u95ee\u9898\u662f\u4e0a\u4e58\uff01\u65b0\u4e2d\u56fd\u4e00\u76f4\u6ca1\u80fd\u6446\u8131\u7684\u95ee\u9898\uff01", "useful_count": "0"},
{"page_index": 0, "movie_id": "27592569", "title": "\u96ea\u846c", "username": "\u674e\u592b\u5b50\u770b\u5386\u53f2", "user_id": "151245552", "rating": "\u63a8\u8350", "date": "2019-09-10", "time": "17:21:21", "comment": "\u5b98\u5546\u52fe\u7ed3\u9020\u6210\u7684\u73b0\u5728\u7ecf\u6d4e\u7684\u5c40\u9762", "useful_count": "0"},
{"page_index": 0, "movie_id": "27592569", "title": "\u96ea\u846c", "username": "$eegem", "user_id": "143351283", "rating": "\u8fd8\u884c", "date": "2022-03-05", "time": "11:26:41", "comment": "\u5f53\u5b98\u7684\u6ca1\u6709\u4e00\u4e2a\u597d\u4e1c\u897f\uff0c\u597d\u4e1c\u897f\u5f53\u4e0d\u4e86\u5b98\uff0c\u6c34\u81f3\u6e05\u5219\u65e0\u9c7c\u3002\u8001\u8d75\u7684\u5ab3\u5987\u771f\u662f\u9876\u597d\u7684\u4eba\uff01", "useful_count": "0"},
{"page_index": 0, "movie_id": "27592569", "title": "\u96ea\u846c", "username": "\u4e00\u4e2a\u8bcd", "user_id": "4384575", "rating": "\u8fd8\u884c", "date": "2019-05-21", "time": "22:50:16", "comment": "\u9002\u5408\u62cd\u4e2a\u56db\u5341\u4e8c\u96c6\u7535\u89c6\u8fde\u7eed\u5267\uff0c\u653e\u592e\u89c6\u64ad", "useful_count": "1"},
{"page_index": 0, "movie_id": "27592569", "title": "\u96ea\u846c", "username": "owen9999", "user_id": "143806016", "rating": "\u63a8\u8350", "date": "2019-11-25", "time": "19:04:17", "comment": "7.5\uff0c\u7acb\u8db3\u793e\u4f1a\u73b0\u5b9e\u7684\u4e3b\u9898\uff0c\u5f88\u503c\u5f97\u6df1\u601d\u3002", "useful_count": "0"},
{"page_index": 0, "movie_id": "27592569", "title": "\u96ea\u846c", "username": "\u9876\u7ea7\u8bbf\u5ba2", "user_id": "138326113", "rating": "\u529b\u8350", "date": "2019-08-03", "time": "23:07:47", "comment": "\u770b\u5b8c\u4e86\u624d\u660e\u767d\u540d\u5b57\u4e3a\u4ec0\u4e48\u53eb\u96ea\u846c\uff0c\u56e0\u4e3a\u53ea\u6709\u65e0\u6687\u7684\u767d\u96ea\u624d\u80fd\u4e0e\u4f60\u76f8\u79f0\uff0c\u6700\u540e\u7684\u79e6\u8154\u592a\u9707\u64bc\u4e86\uff01", "useful_count": "0"},
{"page_index": 0, "movie_id": "27592569", "title": "\u96ea\u846c", "username": "\u56fd\u8db3\u94c1\u6746\u7403\u8ff7", "user_id": "37612186", "rating": "\u63a8\u8350", "date": "2019-08-26", "time": "20:19:40", "comment": "\u793e\u4f1a\u4e3b\u4e49\u5230\u8def\u4e0d\u597d\u8d70\uff5e\u5751\u592a\u591a\uff5e", "useful_count": "0"},
{"page_index": 0, "movie_id": "27592569", "title": "\u96ea\u846c", "username": "\u865a\u62df@\u73b0\u5b9e", "user_id": "xz810476083", "rating": "\u529b\u8350", "date": "2022-11-13", "time": "18:06:31", "comment": "\u5f88\u771f\u5b9e\u7684\u53cd\u5e94\u4e86\u90a3\u4e2a\u65f6\u4ee3\u7684\u4e00\u4e9b\u95ee\u9898\uff0c\u80fd\u8fc7\u5ba1\u4e5f\u662f\u633a\u4e0d\u9519\u7684\u3002\u503c\u5f97\u770b", "useful_count": "0"},
{"page_index": 0, "movie_id": "27592569", "title": "\u96ea\u846c", "username": "\u900d\u9065\u53f9", "user_id": "dkingm", "rating": "\u63a8\u8350", "date": "2021-02-21", "time": "20:20:02", "comment": "\u76f8\u5bf9\u6bd4\u8f83\u771f\u5b9e\u7684\u53cd\u6620\u4e86\u521a\u521a\u5f00\u59cb\u6539\u9769\u5f00\u653e\u62e8\u4e71\u53cd\u6b63\u7684\u90a3\u4e2a\u65f6\u4ee3\uff0c\u5728\u76ee\u524d\u7684\u73af\u5883\u4e0b\u80fd\u62cd\u6210\u8fd9\u6837\u4e5f\u4e0d\u9519\u4e86\uff0c\u867d\u7136\u8bf4\uff0c\u96be\u8a00\u6df1\u523b\u6216\u8005\u6562\u4e8e\u8868\u8fbe\u3002\u7537\u4e3b\u7684\u81ea\u6740\u786e\u5b9e\u8ba9\u4eba\u550f\u5618\u3002", "useful_count": "0"},
{"page_index": 0, "movie_id": "27592569", "title": "\u96ea\u846c", "username": "\u2460\u500b\u4ecc\u5410\u7159\u570f", "user_id": "ricky2018", "rating": "\u8fd8\u884c", "date": "2019-04-05", "time": "02:13:16", "comment": "\u524d\u9762\u62cd\u7684\u5f88\u597d\uff0c\u503c\u56db\u661f\uff0c\u4f46\u7ed3\u5c40\u548b\u5199\u7684\uff1f\u9047\u4e8a\u5c31\u81ea\u6740\uff1f\uff1f\uff1f\u5fc5\u987b\u6263\u4e00\u661f\uff0c\u4e00\u70b9\u4e00\u70b9\u628a\u5b83\u89e3\u51b3\u5440\uff0c\u8fd8\u6709\uff0c\u5408\u540c\u4e0d\u80fd\u70e7\uff0c\u5408\u540c\u7cbe\u795e\u54ea\u53bb\u4e86\uff1f", "useful_count": "0"},
{"page_index": 0, "movie_id": "27592569", "title": "\u96ea\u846c", "username": "\u83dc\u5e2e", "user_id": "3337356", "rating": "\u63a8\u8350", "date": "2019-03-27", "time": "17:37:08", "comment": "\u5199\u5b9e", "useful_count": "0"},
{"page_index": 0, "movie_id": "27592569", "title": "\u96ea\u846c", "username": "\u9022\u7fa4\u7389", "user_id": "149212275", "rating": "\u8fd8\u884c", "date": "2018-05-19", "time": "22:55:45", "comment": "7\u5206\u3002", "useful_count": "0"},
{"page_index": 0, "movie_id": "27592569", "title": "\u96ea\u846c", "username": "Sven.ip", "user_id": "68957621", "rating": "\u8fd8\u884c", "date": "2019-11-17", "time": "14:48:46", "comment": "\u5b98\u573a\u804c\u573a\u90fd\u9669\u6076\uff0c\u505a\u5bf9\u4e00\u4ef6\u4e8b\u60c5\u96be\uff0c\u505a\u9519\u4e00\u4ef6\u4e8b\u60c5\u5bb9\u6613", "useful_count": "0"},
{"page_index": 0, "movie_id": "27592569", "title": "\u96ea\u846c", "username": "\u80d6\u5c31\u4f1a\u4e11", "user_id": "195803205", "rating": "\u63a8\u8350", "date": "2021-01-29", "time": "13:29:53", "comment": "\u8fd9\u79cd\u9898\u6750\u80fd\u8fc7\u5ba1\uff0c\u5c31\u8bf4\u660e\u5176\u5b9e\u60c5\u51b5\u8d8a\u6765\u8d8a\u597d\u4e86\u5427", "useful_count": "0"},
{"page_index": 0, "movie_id": "27592569", "title": "\u96ea\u846c", "username": "\u963f\u6b63", "user_id": "azheng1988", "rating": "\u63a8\u8350", "date": "2019-08-12", "time": "16:29:48", "comment": "\u8bb2\u8001\u548c\u5c1a\u7834\u4e86\u8272\u6212\u4e3a\u4fdd\u540d\u8282\u4ece\u820d\u8eab\u5d16\u8df3\u4e0b\u7684\u6545\u4e8b\u7684\u65f6\u5019\u5df2\u7ecf\u4e3a\u8d75\u5929\u4f51\u540e\u6765\u7684\u60b2\u60e8\u7ed3\u5c40\u57cb\u597d\u4e86\u4f0f\u7b14\uff0c\u4e0d\u600e\u4e48\u9ad8\u660e\u7684\u53d9\u8ff0\u65b9\u5f0f\u3002\u8d75\u53d1\u5bb6\u81f4\u5bcc\u7684\u8fc7\u7a0b\u4e5f\u662f\u7b80\u5355\u4ea4\u4ee3\uff0c\u4eba\u7269\u9aa8\u5b50\u91cc\u7684\u594b\u6597\u7cbe\u795e\u5168\u7136\u672a\u80fd\u4f53\u73b0\u51fa\u6765\u3002\u526f\u4e61\u957f\u4e3a\u4e86\u524d\u9014\u5c06\u8d75\u7684\u4e2a\u4eba\u6210\u7ee9\u5927\u8086\u5ba3\u4f20\uff0c\u83b7\u53d6\u5347\u804c\u7684\u653f\u6cbb\u8d44\u672c\uff0c\u8fd9\u672c\u8eab\u5c31\u5f88\u65e0\u803b\u3002\u53ef\u66f4\u65e0\u803b\u7684\u662f\u526f\u5e02\u957f\u7adf\u7136\u548c\u60c5\u5987\u5408\u8c0b\u8bbe\u8ba1\u8d75\uff0c\u4ee5\u81f3\u4e8e\u8ba9\u8fd9\u4e2a\u6709\u826f\u77e5\u7684\u519c\u6c11\u4f01\u4e1a\u5bb6\u8d70\u6295\u65e0\u8def\uff0c\u65e0\u989c\u518d\u89c1\u7236\u8001\u4e61\u4eb2\uff0c\u6700\u540e\u9009\u62e9\u4ee5\u6b7b\u8c22\u7f6a\u3002\u4ed6\u672c\u53ef\u4ee5\u4e1c\u5c71\u518d\u8d77\uff0c\u8fd8\u4e86\u519c\u6c11\u7684\u8349\u836f\u6b3e\uff0c\u7136\u540e\u518d\u5e26\u76f8\u4eb2\u7ee7\u7eed\u81f4\u5bcc\uff0c\u6bd5\u7adf\u4ed6\u6709\u5173\u7cfb\u53ef\u4ee5\u4f9d\u6258\u3002\u53ea\u80fd\u8bf4\u8d75\u53d7\u4e0d\u4e86\u8fd9\u6837\u7684\u4fae\u8fb1\uff0c\u592a\u8fc7\u803f\u76f4\uff0c\u597d\u94a2\u6613\u6298\uff0c\u53ef\u60dc\u4e86\u3002\u5728\u6c11\u65cf\u590d\u5174\u7684\u4eca\u5929\uff0c\u5728\u4e2d\u56fd\u68a6\u7684\u4eca\u5929\uff0c\u8150\u8d25\u5c31\u662f\u56fd\u5bb6\u7684\u654c\u4eba\uff0c\u4eba\u6c11\u7684\u654c\u4eba\uff0c\u8839\u866b\u4e0d\u9664\uff0c\u5927\u53a6\u5982\u4f55\u80fd\u7acb\u4e07\u5e74\u4e0d\u5012\u3002\u82df\u5229\u56fd\u5bb6\u751f\u6b7b\u4ee5\uff0c\u5c82\u56e0\u7978\u798f\u907f\u8d8b\u4e4b\u3002\u56fd\u5bb6\u8981\u5174\u65fa\uff0c\u6c11\u65cf\u8981\u590d\u5174\uff0c\u5c31\u662f\u8981\u6587\u5b98\u4e0d\u8d2a\u8d22\uff0c\u6b66\u5c06\u4e0d\u754f\u6b7b\uff0c\u4eba\u6c11\u80af\u5b9e\u5e72\uff01", "useful_count": "1"},
{"page_index": 0, "movie_id": "27592569", "title": "\u96ea\u846c", "username": "\u8001\u5b59", "user_id": "172405607", "rating": "\u63a8\u8350", "date": "2021-01-20", "time": "16:32:24", "comment": "\u9898\u6750\u5f88\u7a81\u51fa\uff0c\u770b\u7684\u8ba9\u4eba\u627c\u8155\u3002\u6700\u540e\u70e7\u5408\u540c\u7684\u7247\u6bb5\u5347\u534e\u4e86\u3002", "useful_count": "0"},
{"page_index": 1, "movie_id": "27592569", "title": "\u96ea\u846c", "username": "\u9690\u7ae5", "user_id": "176524032", "rating": "\u529b\u8350", "date": "2019-06-30", "time": "19:19:16", "comment": "\u4e3b\u89d2\u6709\u80fd\u65e0\u574f\uff0c\u5b98\u573a\u590d\u6742\u65e0\u5948\u3002\n\u5373\u4f7f\u65e9\u5df2\u731c\u5230\u7ed3\u5c40\uff0c\u5c71\u5ddd\u5be5\u5be5\uff0c\u5927\u96ea\u4e2d\u7684\u5b64\u5f71\uff0c\u4f9d\u65e7\u4ee4\u4eba\u6cea\u4e0b\u3002\u559c\u6b22\u7535\u5f71\u7684\u7ec6\u8282\uff1a\u8001\u767e\u59d3\u59cb\u7ec8\u4ee5\u4e3a\u662f\u5408\u540c\u7684\u91cd\u62c5\u538b\u57ae\u4e86\u4ed6\u4eec\u7684\u9a84\u50b2\uff0c\u5bf9\u5f85\u95ee\u9898\uff0c\u4e0d\u540c\u4eba\u4e0d\u540c\u89d2\u5ea6\u7684\u4e0d\u540c\u6001\u5ea6\u3002\n\u53e6\u5916\uff0c\u8fc7\u5ba1\u5389\u5bb3", "useful_count": "1"},
{"page_index": 1, "movie_id": "27592569", "title": "\u96ea\u846c", "username": "\u8c46\u53cb188270273", "user_id": "188270273", "rating": "\u529b\u8350", "date": "2019-01-12", "time": "19:07:40", "comment": "\u96be\u5f97\u5b98\u573a\u5199\u5b9e", "useful_count": "1"},
{"page_index": 1, "movie_id": "27592569", "title": "\u96ea\u846c", "username": "\u4e00\u7b11", "user_id": "143416940", "rating": "\u529b\u8350", "date": "2019-12-08", "time": "10:00:17", "comment": "\u5b98\u573a\u6597 \u9ed1\u6697 \u66ff\u7f6a\u7f8a\u597d\u53ef\u601c", "useful_count": "0"},
{"page_index": 1, "movie_id": "27592569", "title": "\u96ea\u846c", "username": "\u8363", "user_id": "205584077", "rating": "\u529b\u8350", "date": "2019-10-20", "time": "12:18:02", "comment": "\u8001\u767e\u59d3\u662f\u5929\u662f\u5730\uff0c\u6b3a\u8d1f\u8001\u767e\u59d3\u5c31\u662f\u4f24\u5929\u5bb3\u7406\uff01\n\u8001\u767e\u59d3\u6700\u6068\u7684\u5c31\u662f\u6743\u5229\u8150\u8d25", "useful_count": "0"},
{"page_index": 1, "movie_id": "27592569", "title": "\u96ea\u846c", "username": "\u6728\u2460", "user_id": "152308210", "rating": "\u529b\u8350", "date": "2019-07-07", "time": "21:38:00", "comment": "\u6539\u9769\u5f00\u653e\u521d\u671f\u5f88\u73b0\u5b9e\u7684\u7535\u5f71", "useful_count": "0"},
{"page_index": 1, "movie_id": "27592569", "title": "\u96ea\u846c", "username": "\u960esir", "user_id": "184352230", "rating": "\u529b\u8350", "date": "2019-07-27", "time": "12:41:33", "comment": "\u4e3a\u4e86\u653f\u7ee9\uff0c\u751f\u751f\u7684\u628a\u4eba\u63a8\u5411\u4e86\u60ac\u5d16\uff0c\u6811\u5927\u62db\u98ce\u5439\uff0c\u4eba\u751f\u5728\u4e16\u505a\u597d\u81ea\u5df1\u672c\u5e94\u8be5\u505a\u7684\u4e8b\u60c5\u8db3\u77e3\u4e86\u3002", "useful_count": "0"},
{"page_index": 1, "movie_id": "27592569", "title": "\u96ea\u846c", "username": "GEEK", "user_id": "202929820", "rating": "\u529b\u8350", "date": "2019-08-28", "time": "22:09:01", "comment": "\u53cd\u5e94\u8001\u767e\u59d3\u4e0e\u5b98\u573a\u7684\u771f\u5b9e\u60c5\u51b5", "useful_count": "0"},
{"page_index": 1, "movie_id": "27592569", "title": "\u96ea\u846c", "username": "A001 \u5f90\u5fd7\u6469", "user_id": "161375385", "rating": "\u529b\u8350", "date": "2019-08-06", "time": "04:51:46", "comment": " \u5c31\u662f\u559c\u6b22\u8fd9\u6837\u7684\u7535\u5f71", "useful_count": "0"},
{"page_index": 1, "movie_id": "27592569", "title": "\u96ea\u846c", "username": "\u674e\u5927\u5934", "user_id": "167413248", "rating": "\u529b\u8350", "date": "2019-09-08", "time": "14:07:00", "comment": "\u5170\u5dde\u672c\u5730\u7684\u5f71\u89c6\u751f\u6001\uff0c\u9700\u8981\u8fd9\u6837\u7684\u521b\u4f5c\u56e2\u961f\u6765\u6539\u5584\u3002\u6700\u540e\u90e8\u5206\u9762\u5e97\u7ed3\u8d26\u7684\u5730\u65b9\u770b\u54ed\u3002", "useful_count": "0"},
{"page_index": 1, "movie_id": "27592569", "title": "\u96ea\u846c", "username": "\u6c90\u96e8", "user_id": "MUYUi", "rating": "\u63a8\u8350", "date": "2021-10-04", "time": "14:59:56", "comment": "\u56db\u661f\u534a\uff0c\u7ed3\u5c40\u8fd8\u597d\uff0c\u4f46\u662f\u4e0d\u63a5\u53d7\uff0c\u53ef\u80fd\u4e60\u60ef\u63a5\u53d7\u7f8e\u597d\u5427\uff01\u73b0\u5728\u7684\u4eba\u6bd4\u4ee5\u5f80\u590d\u6742\u4e86\u8bb8\u591a\uff0c\u597d\u4eba\uff08\u6211\u5fc3\u76ee\u4e2d\u7684\uff09\u90fd\u5404\u81ea\u5c01\u95ed\u4e86\u3002\u653f\u6cbb\u3001\u7ecf\u6d4e\uff0c\u4e5f\u5c31\u662f\u5b98\u8d22\uff0c\u6700\u540e\u771f\u6210\u68fa\u6750\u4e86\u3002\u96ea\u846c\u96ea\u846c\uff0c\u540d\u5b57\u6df1\u610f\uff0c\u53d6\u7684\u597d\u3002", "useful_count": "0"},
{"page_index": 1, "movie_id": "27592569", "title": "\u96ea\u846c", "username": "\u674e\u57f9\u53d1", "user_id": "186249151", "rating": "\u529b\u8350", "date": "2021-05-12", "time": "16:06:20", "comment": "\u4eba\u5f53\u65f6\u65f6\u8b66\u9192\uff0c\u4ee5\u90a3\u9897\u771f\u8bda\u3001\u656c\u754f\u7684\u5fc3\u8fc7\u8fd9\u4e00\u751f\uff0c\u4e8b\u4e8b\u5f53\u5149\u660e\u6b63\u5927\u3002\n\u4e3b\u4eba\u516c\u505a\u4e86\u4e00\u8f88\u5b50\u7684\u597d\u4e8b\uff0c\u4f46\u80c6\u5c0f\u4e0d\u591f\u521a\u6bc5\uff0c\u88ab\u9886\u5bfc\u8bbe\u5c40\uff0c\u8ff7\u4fe1\u9886\u5bfc\uff0c\u88ab\u7f8e\u8272\u6240\u60d1\uff0c\u4e22\u4e86\u8001\u767e\u59d3\u7684\u836f\u6750\uff0c\u4e5f\u4e22\u4e86\u81ea\u5df1\u7684\u90a3\u9897\u6b63\u76f4\u3001\u5584\u826f\u7684\u5fc3\uff0c\u6700\u7ec8\u65e0\u989c\u9762\u5bf9\u4e61\u4eb2\u4eec\u3001\u9762\u5bf9\u59bb\u5b50\u3001\u9762\u5bf9\u81ea\u5df1\u7684\u5fc3\u3002\u3002\u3002\u3002", "useful_count": "0"},
{"page_index": 1, "movie_id": "27592569", "title": "\u96ea\u846c", "username": "\u65e0\u6240\u8c13", "user_id": "171947568", "rating": "\u529b\u8350", "date": "2021-11-28", "time": "22:02:45", "comment": "\u53ea\u8981\u4f60\u770b\u8fc7\uff0c\u7edd\u5bf9\u4e94\u661f\u597d\u8bc4", "useful_count": "0"},
{"page_index": 1, "movie_id": "27592569", "title": "\u96ea\u846c", "username": "\u515c\u515c", "user_id": "255300544", "rating": "\u8f83\u5dee", "date": "2022-03-25", "time": "20:45:56", "comment": "\u5267\u60c5\u6ca1\u6709\u60ac\u5ff5\uff0c\u633a\u5199\u5b9e\u7684\u7247\u5b50\u3002", "useful_count": "0"},
{"page_index": 1, "movie_id": "27592569", "title": "\u96ea\u846c", "username": "\u98de\u513f", "user_id": "64012885", "rating": "\u8fd8\u884c", "date": "2019-12-19", "time": "10:37:14", "comment": "\u633a\u4e0d\u9519", "useful_count": "0"},
{"page_index": 1, "movie_id": "27592569", "title": "\u96ea\u846c", "username": "@", "user_id": "177705280", "rating": "\u63a8\u8350", "date": "2018-04-22", "time": "15:39:10", "comment": "\u8fd8\u53ef\u4ee5\u5427\uff0c\u4e00\u76f4\u559c\u6b22\u91cc\u9762\u7684\u6f14\u5458\uff0c\u7c73\u731c\u662f\u6c34o\ud83d\ude0a\u3002", "useful_count": "0"},
{"page_index": 1, "movie_id": "27592569", "title": "\u96ea\u846c", "username": "\u6c5f\u6cb3\u6e56\u6cca", "user_id": "198753070", "rating": "\u529b\u8350", "date": "2019-07-27", "time": "17:33:38", "comment": "\u975e\u5e38\u597d\u770b", "useful_count": "0"},
{"page_index": 1, "movie_id": "27592569", "title": "\u96ea\u846c", "username": "\u674e\u4e07\u673a", "user_id": "98428638", "rating": "\u529b\u8350", "date": "2022-07-03", "time": "13:23:25", "comment": "\u8fd8\u662f\u62cd\u4e86\u542b\u84c4\u4e86\uff0c\u73b0\u5b9e\u4e2d\u5e02\u957f\u4e0d\u4f1a\u88ab\u53cc\u89c4\u3002\u8fd9\u4e2a\u7535\u5f71\uff0c\u9002\u5408\u6709\u4e00\u5b9a\u751f\u6d3b\u9605\u5386\u7684\u770b\uff0c\u5b66\u751f\u515a\uff0c\u521a\u5de5\u4f5c\u7684\uff0c\u770b\u4e86\u80af\u5b9a\u4e00\u5934\u96fe\u6c34\u3002\u8fd9\u4e48\u597d\u7684\u7535\u5f71\uff0c\u8bc4\u5206\u8fd9\u4e48\u4f4e\uff0c\u8fd9\u5c31\u662f\u793e\u4f1a\u7684\u60b2\u54c0\uff0c", "useful_count": "0"},
{"page_index": 1, "movie_id": "27592569", "title": "\u96ea\u846c", "username": "\u9b4f\u672c\u4e13", "user_id": "197429852", "rating": "\u529b\u8350", "date": "2019-07-21", "time": "21:21:04", "comment": "\u826f\u5fc3\u5267\uff0c\u4eba\u7269\u3001\u611f\u60c5\u5404\u65b9\u9762\u90fd\u5f88\u5230\u4f4d\uff0c\u6700\u540e\u90a3\u4e00\u8df3\u5c06\u540e\u5267\u63a8\u5411\u9ad8\u6f6e\uff01", "useful_count": "0"},
{"page_index": 1, "movie_id": "27592569", "title": "\u96ea\u846c", "username": "Honesty", "user_id": "202295529", "rating": null, "date": "2019-08-19", "time": "13:05:36", "comment": "\u5f88\u7b26\u5408\u5f53\u4ee3\u4eba\u7684\u751f\u6d3b\u4ee5\u53ca\u4eba\u6027", "useful_count": "0"},
{"page_index": 1, "movie_id": "27592569", "title": "\u96ea\u846c", "username": "\u778c\u7761\u7684\u5e05\u7537", "user_id": "202044500", "rating": "\u63a8\u8350", "date": "2019-08-15", "time": "23:28:38", "comment": "\u8fd9\u90e8\u7535\u5f71\u8981\u8868\u8fbe\u7684\u4e1c\u897f\u4e0d\u662f\u7279\u522b\u6e05\u6670\uff0c\u53cd\u800c\u662f\u7279\u522b\u597d\u7684\u5728\u8bb2\u6545\u4e8b\uff0c\u53cd\u6620\u7684\u4e1c\u897f\u5f88\u771f\u5b9e\u3002\u4f46\u662f\u628a\u519c\u6c11\u653e\u5728\u4e86\u7edd\u5bf9\u7684\u6b63\u9762\uff0c\u597d\u50cf\u6ca1\u6709\u4ec0\u4e48\u7f3a\u70b9\uff0c\u8fd9\u4e5f\u662f\u6240\u6b20\u7f3a\u7684\u3002\n\u603b\u4e4b\u6709\u8fd9\u6837\u7684\u7535\u5f71\u662f\u8fdb\u6b65\uff0c\u4e2d\u56fd\u7535\u5f71\u8d8a\u6765\u8d8a\u5305\u5bb9\u5f00\u653e\uff0c\u4e2d\u56fd\u4e5f\u8d8a\u6765\u8d8a\u597d\uff01", "useful_count": "0"},
{"page_index": 1, "movie_id": "27592569", "title": "\u96ea\u846c", "username": "\u79cb\u4e4b\u79cb", "user_id": "189782229", "rating": "\u529b\u8350", "date": "2019-10-11", "time": "23:19:15", "comment": "\u5f88\u771f\u5b9e\u54e6\uff0c\u592a\u771f\u5b9e\u4e86", "useful_count": "0"},
{"page_index": 1, "movie_id": "27592569", "title": "\u96ea\u846c", "username": "\u5c71\u592b", "user_id": "185008323", "rating": "\u529b\u8350", "date": "2019-06-25", "time": "23:36:10", "comment": "\u82e6\u82e6", "useful_count": "0"},
{"page_index": 1, "movie_id": "27592569", "title": "\u96ea\u846c", "username": "\u51c9\u6c34", "user_id": "183183343", "rating": "\u529b\u8350", "date": "2019-10-30", "time": "01:05:04", "comment": "\u6211\u751f\u957f\u4e8e\u5e7f\u88a4\u7684\u9ec4\u8272\u571f\u5730\uff0c\u76ee\u7779\u7740\u6df3\u6734\u968f\u7740\u53d1\u5c55\u6536\u655b\u4e8e\u65e0\uff0c\u4e5f\u75db\u89c9\u7740\u5e38\u8a00\u4e8e\u53e3\u7684\u5173\u7cfb\u3002", "useful_count": "0"},
{"page_index": 1, "movie_id": "27592569", "title": "\u96ea\u846c", "username": "\u5927MM", "user_id": "185169563", "rating": "\u8fd8\u884c", "date": "2019-08-08", "time": "22:08:36", "comment": "\u4e00\u4e2a\u65f6\u4ee3\u7684\u60b2\u54c0", "useful_count": "0"},
{"page_index": 1, "movie_id": "27592569", "title": "\u96ea\u846c", "username": "\u5f71\u8ff7\u4e2d\u7684\u8ff7", "user_id": "164227593", "rating": "\u529b\u8350", "date": "2018-05-02", "time": "14:11:34", "comment": "\u8fd9\u662f\u6211\u8fd1\u51e0\u5e74\u6765\u770b\u8fc7\u7684\u6700\u597d\u7684\u5f71\u7247\u4e4b\u4e00\uff0c\u771f\u7684\u5f88\u597d\u770b\uff0c\u529b\u63a8", "useful_count": "1"},
{"page_index": 1, "movie_id": "27592569", "title": "\u96ea\u846c", "username": "\u51b7\u5c0f\u7070", "user_id": "158814495", "rating": null, "date": "2019-07-14", "time": "09:10:30", "comment": "\u8fd9\u4e2a\u7247\u5b50\u91cc\u9762\u7684\u201c\u653f\u4f01\u5173\u7cfb\u201d\u548c7\u7ebf\u4ee5\u4e0b\u7684\u57ce\u5e02\u6bd4\u6bd4\u7686\u662f\uff0c\u4e2a\u522b\u9886\u5bfc\u8981\u653f\u7ee9\u4e0d\u987e\u4f01\u4e1a\u7684\u53d1\u5c55\uff0c\u4ee5\u6743\u5229\u548c\u8bb8\u8bfa\u5145\u5f53\u8bf1\u9975\u548c\u5927\u68d2\u3002\u7535\u5f71\u4e2d\u8fd8\u662f\u6536\u655b\u4e86\u4e0d\u5c11\uff0c\u6ca1\u6709\u4e00\u4e2a\u9886\u5bfc\u4ece\u4e2d\u655b\u8d22\uff0c\u53bf\u4e61\u7ea7\u7684\u653f\u5e9c\u88ab\u5404\u8def\u9a97\u5b50\u4ee5\u62db\u5546\u5f15\u8d44\u7684\u540d\u4e49\u5ffd\u60a0\u6765\u5ffd\u60a0\u53bb\u7684\u4e5f\u662f\u4e00\u4e2a\u613f\u6253\u4e00\u4e2a\u613f\u6328\u3002\u6b64\u65f6\u57288\u7ebf\u57ce\u5e02\u7684\u5de5\u4e1a\u56ed\u533a\u5185\u5199\u8fd9\u4e2a\u77ed\u8bc4\uff0c\u5468\u8fb91000\u7c73\u8303\u56f4\u5185\uff0c\u5c31\u6709\u4e09\u4e94\u4e2a\u5982\u201c\u5929\u4f51\u201d\u822c\u7684\u4eba\u7269\u5b58\u5728\uff0c\u53ea\u662f\u90fd\u6ca1\u820d\u8eab\u4fdd\u540d\u8282\u7684\u52c7\u6c14 \u9512\u94db\u5165\u72f1\u2026\u2026\u53bf\u57ce\u4f01\u4e1a\u5bb6\u6bd4\u90fd\u5e02\u7684\u66f4\u96be", "useful_count": "0"},
{"page_index": 1, "movie_id": "27592569", "title": "\u96ea\u846c", "username": "Ethan", "user_id": "198753865", "rating": "\u8fd8\u884c", "date": "2019-09-22", "time": "18:12:46", "comment": "\u6211\u89c9\u5f97\u6545\u4e8b\u7ed3\u5c40\u90fd\u4e0d\u662f\u5927\u5bb6\u60f3\u8981\u7684\u5427\u3002\u5728\u521b\u4e1a\u7684\u8def\u4e0a\u6709\u4eba\u6210\u529f\u6709\u4eba\u5931\u8d25\u3001\u60f3\u8981\u6210\u529f\u5c31\u5fc5\u987b\u628a\u4e3b\u52a8\u6743\u638c\u63e1\u5728\u81ea\u5df1\u7684\u624b\u91cc\u3001\u5bf9\u81ea\u5df1\u4eba\u4e0d\u8981\u6709\u4efb\u4f55\u731c\u5fcc\u3001\u5bf9\u5916\u4eba\u7559\u6709\u4e09\u5206\u987e\u8651", "useful_count": "0"},
{"page_index": 1, "movie_id": "27592569", "title": "\u96ea\u846c", "username": "\u4e91\u5728\u8ffd\u98ce", "user_id": "195394890", "rating": "\u529b\u8350", "date": "2019-04-23", "time": "12:14:34", "comment": "\u597d\u7684\u7535\u5f71\u6c38\u4e0d\u7f3a\u89c2\u4f17\n", "useful_count": "0"},
{"page_index": 1, "movie_id": "27592569", "title": "\u96ea\u846c", "username": "\u8c46\u82b1", "user_id": "207108027", "rating": "\u529b\u8350", "date": "2019-11-23", "time": "17:43:54", "comment": "\u786e\u5b9e\u826f\u5fc3\u597d\u5267\uff0c\u770b\u5230\u6700\u540e\u6cea\u5982\u96e8\u4e0b\uff0c\u867d\u7136\u4e61\u4eb2\u4eec\u76f8\u4fe1\u4ed6\uff0c\u53ef\u662f\u4ed6\u592a\u5b9e\u5728\u4e86\u592a\u8001\u5b9e\u4e86\uff0c\u8001\u5b9e\u4eba\u88ab\u51a4\u6789\uff0c\u89c9\u5f97\u8df3\u8fdb\u9ec4\u6cb3\u4e5f\u6d17\u4e0d\u6e05\u4e86\uff0c\u89c9\u5f97\u6127\u5bf9\u4e61\u4eb2\u4eec\uff0c\u65e0\u8a00\u518d\u89c1\u4ed6\u4eec\uff0c\u53ea\u80fd\u4e00\u6b7b\u4e86\u4e4b\u3002\n\u6700\u540e\u6ca1\u5e26\u9762\u94b1\uff0c\u5374\u6709\u4eba\u5e2e\u4ed6\u7ed9\u94b1\uff0c\u8bf4\u660e\u662f\u4e2a\u6709\u9aa8\u6c14\u7684\u4eba\uff0c\u6b7b\u4e86\u4e5f\u4e0d\u6b20\u4eba\u4e00\u5206\u4e00\u6beb\uff0c\u4e5f\u8bf4\u660e\u8fd9\u6837\u7684\u4eba\u4f1a\u88ab\u5f88\u591a\u4eba\u8bb0\u4f4f\u7684\u3002\n\u6700\u540e\u653e\u7f8a\u5927\u7237\u7684\u603b\u7ed3\u66f4\u662f\u7cbe\u8f9f\uff0c\u5f53\u5b98\u5f53\u5b98\uff0c\u5f53\u591a\u5927\u7684\u5b98\u624d\u662f\u4e2a\u591f\uff0c\u4e0d\u7ba1\u5927\u5b98\u5c0f\u5b98\uff0c\u5e72\u597d\u5c31\u884c\uff0c\u6cf1\u6cf1\u4e2d\u534e\uff0c\u51e0\u5343\u5e74\u5386\u53f2\u4e00\u6765\uff0c\u771f\u6b63\u8ba9\u8001\u767e\u59d3\u8bb0\u4f4f\u7684\u552f\u6709\u6e05\u6b63\u5ec9\u660e\u7684\u5305\u516c\u800c\u5df2\u3002", "useful_count": "0"},
{"page_index": 1, "movie_id": "27592569", "title": "\u96ea\u846c", "username": "\u62cc\u9762", "user_id": "194458491", "rating": "\u529b\u8350", "date": "2019-04-04", "time": "18:43:57", "comment": "\u6eda\u3002\u3002\u3002", "useful_count": "0"},
{"page_index": 1, "movie_id": "27592569", "title": "\u96ea\u846c", "username": "Syhtayu", "user_id": "48858608", "rating": "\u8f83\u5dee", "date": "2019-09-09", "time": "11:31:49", "comment": "\u5267\u60c5\u7ecf\u4e0d\u8d77\u63a8\u6572\uff0c\u5982\u679c\u6751\u6c11\u4e70\u4e86\u836f\u6750\u5408\u540c\u4e0d\u5151\u73b0\uff0c\u57fa\u672c\u90fd\u4f1a\u548c\u62c5\u4fdd\u4eba\u6751\u957f\u7ffb\u8138\uff0c\u8fd8\u8bf4\u4e0d\u8981\u5408\u540c\u4e86\uff0c\u4e3a\u4e86\u6551\u6751\u957f\uff0c\u6709\u70b9\u592a\u5f02\u60f3\u5929\u5f00\u7406\u60f3\u5316\u4e86", "useful_count": "0"},
{"page_index": 1, "movie_id": "27592569", "title": "\u96ea\u846c", "username": "\u80a5\u5929\u4f7f\u4f1a\u98de", "user_id": "133070827", "rating": "\u63a8\u8350", "date": "2019-03-30", "time": "12:11:25", "comment": "\u592a\u771f\u5b9e", "useful_count": "0"},
{"page_index": 1, "movie_id": "27592569", "title": "\u96ea\u846c", "username": "\u82cf\u91cc\u5357\u516c\u725b", "user_id": "gloryfree", "rating": "\u63a8\u8350", "date": "2019-10-07", "time": "20:15:50", "comment": "\u8c46\u74e3\u7684\u65e0\u8111\u88c5b\ud83d\udc36\u4eec\u771f\u8ba8\u538c", "useful_count": "0"}
]