[
{"page_index": 0, "movie_id": "30212331", "title": "\u627e\u7231\u4e4b\u65c5", "username": "\u8349\u8393\u51b0\u6dc7\u6dcb", "user_id": "165935776", "rating": "\u5f88\u5dee", "date": "2018-05-16", "time": "00:07:06", "comment": "\u5bfc\u6f14\u4e0a\u90e8\u7247\u5b50\u4e09\u70b9\u4e8c\uff0c\u8fd9\u90e8\u4f30\u8ba1\u4e5f\u5dee\u4e0d\u591a", "useful_count": "9"},
{"page_index": 0, "movie_id": "30212331", "title": "\u627e\u7231\u4e4b\u65c5", "username": "Evangeline8", "user_id": "4097674", "rating": "\u5f88\u5dee", "date": "2018-06-14", "time": "20:40:43", "comment": "\u50bb\u903c\u53f0\u8bcd\u3002\u3002\u3002\u4eba\u7269", "useful_count": "0"},
{"page_index": 0, "movie_id": "30212331", "title": "\u627e\u7231\u4e4b\u65c5", "username": "\u897f\u90e8\u5927\u9556\u5ba2", "user_id": "135252700", "rating": "\u5f88\u5dee", "date": "2018-05-11", "time": "12:44:07", "comment": "\u7ea6\u70ae\u4e4b\u8def\u3002", "useful_count": "0"},
{"page_index": 0, "movie_id": "30212331", "title": "\u627e\u7231\u4e4b\u65c5", "username": "\u518d\u4e34\u5c18\u4e16", "user_id": "215388888", "rating": "\u8fd8\u884c", "date": "2020-08-01", "time": "17:32:59", "comment": "\u6211\u60f3\u77e5\u9053\u662f\u4ec0\u4e48\u4eba\u6216\u673a\u6784\u7ed9\u8fd9\u79cd\u7247\u5b50\u6295\u8d44\uff1f", "useful_count": "0"},
{"page_index": 0, "movie_id": "30212331", "title": "\u627e\u7231\u4e4b\u65c5", "username": "\u6500\u5148\u68ee", "user_id": "144078457", "rating": "\u5f88\u5dee", "date": "2018-05-31", "time": "11:35:43", "comment": "\u90fd\u4e0d\u80fd\u7528\u70c2\u7247\u6765\u5f62\u5bb9\u4ed6\u4e86\uff0c\u8bf4\u8fd9\u662f\u4e00\u90e8\u7535\u5f71\u90a3\u7b80\u76f4\u662f\u5bf9\u7535\u5f71\u7684\u4fae\u8fb1\uff01", "useful_count": "0"},
{"page_index": 0, "movie_id": "30212331", "title": "\u627e\u7231\u4e4b\u65c5", "username": "CarrieD", "user_id": "carrie9966", "rating": "\u5f88\u5dee", "date": "2019-02-09", "time": "15:23:43", "comment": "\u770b\u4e861/3 \u5b9e\u5728\u770b\u4e0d\u4e0b\u53bb\u4e86\u3002", "useful_count": "0"},
{"page_index": 0, "movie_id": "30212331", "title": "\u627e\u7231\u4e4b\u65c5", "username": "\u767d\u8272\u4e4b\u6697", "user_id": "atdooo", "rating": "\u5f88\u5dee", "date": "2018-06-01", "time": "16:25:59", "comment": "\u6211 \ud83e\udd2e\ud83e\udd22\ud83d\udca9\u2620\ufe0f\ud83d\udc80", "useful_count": "0"},
{"page_index": 0, "movie_id": "30212331", "title": "\u627e\u7231\u4e4b\u65c5", "username": "\u5403\u9897\u7cd6\u5427", "user_id": "169632395", "rating": "\u5f88\u5dee", "date": "2018-12-28", "time": "13:35:33", "comment": "\u600e\u4e48\u4f1a\u6709\u5982\u6b64\u539a\u989c\u65e0\u803b\u7684\u70c2\u7247...", "useful_count": "0"},
{"page_index": 0, "movie_id": "30212331", "title": "\u627e\u7231\u4e4b\u65c5", "username": "\u7b14\u76d6\u5148\u751f", "user_id": "176067275", "rating": "\u8fd8\u884c", "date": "2018-05-15", "time": "20:26:19", "comment": "\u5176\u5b9e\u8fd8\u53ef\u4ee5\u5566~\u4eba\u5bb6\u6709\u5f85\u53d1\u73b0\uff0c\u6bd5\u7adf\u90fd\u4e0d\u662f\u4ec0\u4e48\u7ea2\u4eba\u5566", "useful_count": "0"},
{"page_index": 0, "movie_id": "30212331", "title": "\u627e\u7231\u4e4b\u65c5", "username": "\u7231\u5728\u8bb0\u5fc6\u4e2d\u627e\u4f60", "user_id": "73964281", "rating": "\u8f83\u5dee", "date": "2018-05-16", "time": "22:36:23", "comment": "\u554a...\u597d\u65e0\u804a", "useful_count": "0"},
{"page_index": 0, "movie_id": "30212331", "title": "\u627e\u7231\u4e4b\u65c5", "username": "Nightblue0713", "user_id": "175840206", "rating": "\u529b\u8350", "date": "2018-06-15", "time": "18:07:53", "comment": "\u4e0d\u9519\u554a\uff0c\u592a\u597d\u770b\uff0c\u8fd8\u5728\u8363\u660c\u53d6\u7684\u666f\uff0c\u7535\u5f71\u5f88\u6709\u7231\uff0c\u6211\u80fd\u625310\u661f\u561b?", "useful_count": "0"},
{"page_index": 0, "movie_id": "30212331", "title": "\u627e\u7231\u4e4b\u65c5", "username": "\u53cd\u6d3e\u6f14\u5458\u738b\u536b\u534e", "user_id": "178815418", "rating": "\u529b\u8350", "date": "2018-05-18", "time": "18:37:27", "comment": "\u5927\u5bb6\u597d\u6211\u662fwwh\uff0c\u4e00\u90e8\u7cbe\u5f69\u7684\u5f71\u7247\u300a\u627e\u7231\u4e4b\u65c5\u300b\u5c06\u4e8e5\u670816\u53f7\u5168\u56fd\u4e0a\u6620\uff0c\u8fd9\u90e8\u5f71\u7247\u6211\u770b\u4e86\u4e00\u4e0b\u9884\u544a\u7247\uff0c\u786e\u5b9e\u62cd\u7684\u633a\u4e0d\u9519\ud83d\udc4d\ud83d\udc4d", "useful_count": "0"}
]