[
{"page_index": 0, "movie_id": "30212356", "title": "\u7b56\u53cd", "username": "\u828a\u5c0f\u4e59", "user_id": "160040226", "rating": "\u8fd8\u884c", "date": "2019-12-28", "time": "22:43:27", "comment": "#\u4e3a\u7f8a\u9a7c\u54e5\u54e5\u52a0\u4e2a\u4e09\u661f##\u8ffd\u661f\u7684\u529b\u91cf\u4f7f\u6211\u770b\u70c2\u7247# \u5267\u60c5\u5c2c\u5f97\u6211\u53ea\u5269\u4e0b\u59e8\u6bcd\u7b11\u4e86\u3002\u8fd9\u4ec0\u4e48\u4f4e\u667a\u5546\u8c0d\u6218\u7247\u4f46\u662f\u4e0d\u80fd\u53bb\u9664\u6211\u768424601\u7c73\u539a\u6ee4\u955c\uff1a\u7aef\u7aef\u771f\u5e05\u554a\u554a\u554a\u554a\u554a\uff01ps\u8fd8\u662f\u66f4\u559c\u6b22\u524d\u671f\u72c2\u62fd\u8dcb\u6248\u5c0f\u5c11\u7237\u4eba\u8bbe\uff0c\u5c0f\u8868\u60c5\u4ec0\u4e48\u7684\u53ef\u7231\u6b7b\u4e86\uff0c\u5730\u4e0b\u515a\u4ec0\u4e48\u7684\u5c31\u8fd9\u5267\u60c5\u592a\u6ca1\u52b2\u3002", "useful_count": "8"},
{"page_index": 0, "movie_id": "30212356", "title": "\u7b56\u53cd", "username": "\u96f7\u8bfa", "user_id": "57887580", "rating": "\u8fd8\u884c", "date": "2018-07-20", "time": "15:09:42", "comment": "2.5\u5206\u3002\u57fa\u672c\u662fcctv6\u7ea7\u522b\u7684\u7535\u89c6\u7535\u5f71\uff0c\u6545\u4e8b\u6709\uff0c\u5267\u60c5\u6709\uff0c\u4f46\u7565\u663e\u7c97\u5236\u6ee5\u9020\u3002", "useful_count": "4"},
{"page_index": 0, "movie_id": "30212356", "title": "\u7b56\u53cd", "username": "Summer", "user_id": "60386455", "rating": "\u5f88\u5dee", "date": "2019-12-30", "time": "19:02:32", "comment": "\u8981\u4e0d\u662f\u770b\u4e86\u5218\u7aef\u7aef\u662f\u4e3b\u6f14 ", "useful_count": "5"},
{"page_index": 0, "movie_id": "30212356", "title": "\u7b56\u53cd", "username": "\u7ea2\u85d5\u9999\u6b8b\u7389\u7c1f\u79cb", "user_id": "127437486", "rating": "\u8f83\u5dee", "date": "2018-05-27", "time": "20:43:29", "comment": "\u8fd9\u3002\u3002", "useful_count": "0"},
{"page_index": 0, "movie_id": "30212356", "title": "\u7b56\u53cd", "username": "\ue513\u8d70\u8def\u90fd\u5728\u6f02\u79fb~~", "user_id": "138573754", "rating": "\u529b\u8350", "date": "2018-05-28", "time": "16:40:51", "comment": "\u6211\u540c\u5b66\u7684\u7238\u7238\u6295\u8d44\u7684\uff0c\u800c\u4e14\u662f\u6211\u4eec\u9547\u4e0a\u62cd\u7684\uff0c\u6211\u6751\u91cc\u8fd9\u8fb9\u4e5f\u53d6\u666f\u4e86\uff0c\u5fc5\u987b\u652f\u6301\u54c8\u54c8\u3002", "useful_count": "5"},
{"page_index": 0, "movie_id": "30212356", "title": "\u7b56\u53cd", "username": "\u98de\u997c\u672c\u997c", "user_id": "59749201", "rating": "\u8f83\u5dee", "date": "2019-07-29", "time": "19:29:00", "comment": "\u5bf9\u4e0d\u8d77\u6211\u7b11\u6b7b\u4e86\u8fd8\u5728\u6b7b\u6491\u7740\u770b\u7231\u60c5\u7ebf", "useful_count": "2"},
{"page_index": 0, "movie_id": "30212356", "title": "\u7b56\u53cd", "username": "harvey\u5c11\u6821", "user_id": "108693709", "rating": "\u8f83\u5dee", "date": "2019-05-10", "time": "21:59:41", "comment": "\u6253\u7740\u6218\u4e89\u7684\u5e4c\u5b50\u6f14\u7231\u60c5\u7247\uff0c\u4e0d\u4e25\u8083\u7684\u7247\u5b50", "useful_count": "0"},
{"page_index": 0, "movie_id": "30212356", "title": "\u7b56\u53cd", "username": "\u9648\u4fca\u4fca\u770b\u7535\u5f71\u6ca1", "user_id": "lovelyjunjun", "rating": "\u8f83\u5dee", "date": "2021-09-15", "time": "09:01:08", "comment": "\u4e2d\u592e\u516d\u53f0\u91cc\u7b97\u8fd8\u884c\u4e86\u3002", "useful_count": "0"},
{"page_index": 0, "movie_id": "30212356", "title": "\u7b56\u53cd", "username": "\u60a0\u60a0\u975e\u6b22", "user_id": "76829634", "rating": "\u5f88\u5dee", "date": "2020-01-01", "time": "04:07:42", "comment": "\u8981\u4e0d\u662f\u4e3a\u4e86\u5237\u7aef\u54e5\u7d20\u6750\u6211\u662f\u770b\u4e0d\u4e0b\u53bb\u7684\u2026", "useful_count": "6"},
{"page_index": 0, "movie_id": "30212356", "title": "\u7b56\u53cd", "username": "\u9053\u9053\u770b\u7535\u5f71", "user_id": "film1984", "rating": "\u5f88\u5dee", "date": "2019-03-31", "time": "10:18:30", "comment": "\u6751\u91cc\u62cd\u7684", "useful_count": "2"},
{"page_index": 0, "movie_id": "30212356", "title": "\u7b56\u53cd", "username": "\u94b0\u5b9d\u5b9d", "user_id": "141484882", "rating": "\u8f83\u5dee", "date": "2020-02-03", "time": "20:41:52", "comment": "\u54c8\u54c8\u966a\u7238\u7238\u770b\u7684\u5bb6\u91cc\u7535\u89c6\u91cc\u7684\u7535\u5f71\uff0c\u6211\u662f\u770b\u5230\u5927\u5c11\u5976\u5976\u76f4\u63a5\u7535\u8bdd\u91cc\u8f7b\u8f7b\u677e\u677e\u5c31\u628a\u5468\u5cf0\u540d\u5b57\u8bf4\u51fa\u53bb\u4e86\u770b\u4e0d\u4e0b\u53bb\u4e86\u7684\ud83c\udf1a", "useful_count": "0"},
{"page_index": 0, "movie_id": "30212356", "title": "\u7b56\u53cd", "username": "OLEO", "user_id": "171701755", "rating": "\u8fd8\u884c", "date": "2019-07-02", "time": "09:46:41", "comment": "\u8fd8\u884c\u3002\u7b56\u53cd\u76ee\u6807\u672c\u662f\u519b\u6700\u540e\u597d\u50cf\u53d8\u6210\u5546\u4e86\u3002\u8fd9\u5bf9\u9769\u547d\u540c\u5fd7\u7684\u7231\u60c5\u8fd8\u86ee\u6709\u8da3\u7684\u3002\u67aa\u6218\u6446\u4e0d\u8131\u795e\u5267\u5316\u6bdb\u75c5", "useful_count": "0"},
{"page_index": 0, "movie_id": "30212356", "title": "\u7b56\u53cd", "username": "\u4e00\u76cf\u8336", "user_id": "140243061", "rating": "\u8f83\u5dee", "date": "2021-12-09", "time": "12:07:27", "comment": "\u4e00\u4e2a\u5171\u4ea7\u515a\u4eba\u53ef\u4ee5\u53cd\u6740\u6765\u6293\u4ed6\u7684\u5341\u51e0\u4e2a\u56fd\u6c11\u515a\uff1f", "useful_count": "0"},
{"page_index": 0, "movie_id": "30212356", "title": "\u7b56\u53cd", "username": "Infinity", "user_id": "148497177", "rating": "\u529b\u8350", "date": "2018-05-26", "time": "11:42:09", "comment": "\u7aef\u7aef\u6f14\u6280\u5728\u7ebf\uff0c\u8282\u594f\u7d27\u51d1\u3002 \u53ef\u60dc\u52a8\u4f5c\u573a\u9762\u592a\u5c11\u3002", "useful_count": "3"},
{"page_index": 0, "movie_id": "30212356", "title": "\u7b56\u53cd", "username": "\u67cf\u5937", "user_id": "46591193", "rating": "\u5f88\u5dee", "date": "2018-07-03", "time": "21:36:19", "comment": "\u8981\u7b56\u53cd\u7684\u654c\u65b9\u91cd\u8981\u4eba\u7269\u5c45\u7136\u8fde\u4ee3\u53f7\u90fd\u6ca1\u6709\uff0c\u5728\u7535\u6587\u91cc\u76f4\u547c\u5176\u540d\u3002\u6211\u515a\u4e0a\u6d77\u5730\u4e0b\u7ec4\u7ec7\u7279\u5de5\u63a5\u5934\uff0c\u88ab\u5bb6\u5ead\u5987\u5973\u5168\u7a0b\u8ddf\u8e2a\u5077\u62cd\u3002\u4e24\u4e2a\u5728\u90fd\u4e0a\u6d77\u7684\u4eba\u8981\u63a5\u5934\uff0c\u5176\u4e2d\u4e00\u4e2a\u662f\u59cb\u7ec8\u6ca1\u6709\u66b4\u9732\u7684\u4e0a\u6d77\u5730\u4e0b\u7ec4\u7ec7\u4e00\u53f7\u4eba\u7269\uff0c\u5c45\u7136\u8131\u88e4\u5b50\u653e\u5c41\u7684\u85cf\u5728\u6c7d\u8f66\u540e\u5907\u7bb1\u91cc\u8dd1\u5230\u5b81\u6ce2\u53bb\u78b0\u5934\u3002\u8fd9\u4e48\u8bf4\u5427\uff0c\u8fd9\u662f\u6211\u8fd110\u5e74\u6765\u770b\u7684\u6700\u70c2\u7684\u7535\u5f71\uff0c\u6ca1\u6709\u4e4b\u4e00\uff01", "useful_count": "5"},
{"page_index": 0, "movie_id": "30212356", "title": "\u7b56\u53cd", "username": "\u52a0\u83f2\u732b", "user_id": "175619868", "rating": "\u8f83\u5dee", "date": "2019-07-30", "time": "03:01:38", "comment": "\u653f\u6cbb\u7247\u6ca1\u4eba\u770b\uff1f\uff01", "useful_count": "0"},
{"page_index": 0, "movie_id": "30212356", "title": "\u7b56\u53cd", "username": "\u5c71\u86cb\u82b1", "user_id": "157315157", "rating": "\u8f83\u5dee", "date": "2019-10-03", "time": "14:08:16", "comment": "\u9898\u6750\u52a0\u4e00\u5206\u3002\u4e00\u70b9\u6ca1\u6709\u7b56\u53cd\u7684\u5473\u9053\u3002\u50cf\u6d41\u6c34\u8d26\u4e00\u6837\u3002", "useful_count": "0"},
{"page_index": 0, "movie_id": "30212356", "title": "\u7b56\u53cd", "username": "\u67fb", "user_id": "184758076", "rating": "\u5f88\u5dee", "date": "2019-03-24", "time": "13:12:39", "comment": "\u4e0d\u884c\uff0c\u53d7\u4e0d\u4e86\u8fd9\u523a\u6fc0\u3002", "useful_count": "1"},
{"page_index": 0, "movie_id": "30212356", "title": "\u7b56\u53cd", "username": "\u4fa0\u4e49\u5929\u4e0b", "user_id": "159141422", "rating": "\u8fd8\u884c", "date": "2018-05-27", "time": "12:54:06", "comment": "\u98ce\u683c\u4e0d\u9519,\u6f14\u5458\u6709\u54c1\u4f4d,\u4e5f\u6bd4\u8f83\u8d70\u5fc3.\u672c\u60f3\u6253\u4e03\u5206\u7684,\u6ca1\u6cd5\u64cd\u4f5c\u554a.\n\u4f46\u6574\u4f53\u504f\u5e73\u6de1,\u4e0d\u7d27\u51d1.", "useful_count": "2"},
{"page_index": 0, "movie_id": "30212356", "title": "\u7b56\u53cd", "username": "\u6559\u4e66\u5320\u5f20\u4e09", "user_id": "jiageku", "rating": "\u8fd8\u884c", "date": "2019-07-25", "time": "22:54:44", "comment": "\u793e\u533a\u91cc\u653e\u9732\u5929\u7535\u5f71\uff0c\u5c31\u8fc7\u53bb\u770b\u4e8620190725", "useful_count": "0"},
{"page_index": 0, "movie_id": "30212356", "title": "\u7b56\u53cd", "username": "\u5355\u8272\u8c03", "user_id": "124236702", "rating": "\u5f88\u5dee", "date": "2019-07-29", "time": "19:55:00", "comment": "\u8fd9\u60ac\u7591\u5267\uff1fCCTV6\u8fc7\u5bb6\u5bb6\u5462\uff1f", "useful_count": "2"},
{"page_index": 0, "movie_id": "30212356", "title": "\u7b56\u53cd", "username": "\u6885\u83dc\u6263\u8089", "user_id": "165042651", "rating": "\u529b\u8350", "date": "2018-05-26", "time": "15:23:37", "comment": "\u7ea2\u8272\u7535\u5f71\u91cc\u7b97\u4e0d\u9519\u4e86", "useful_count": "4"},
{"page_index": 0, "movie_id": "30212356", "title": "\u7b56\u53cd", "username": "Nore", "user_id": "nore", "rating": "\u5f88\u5dee", "date": "2020-06-17", "time": "21:45:32", "comment": "\u7535\u5f71\u9891\u9053\uff1b\u6ca1\u70b9\u8425\u517b\u7684\u7247\u5b50\uff0c\u4e00\u4eba\u5e72\u6389\u4e00\u4e2a\u5c0f\u961f\u5462\uff0c\u8d85\u7ea7\u82f1\u96c4", "useful_count": "0"},
{"page_index": 0, "movie_id": "30212356", "title": "\u7b56\u53cd", "username": "\u6843\u7aef\u7aef", "user_id": "55493486", "rating": "\u8fd8\u884c", "date": "2021-11-09", "time": "19:08:18", "comment": "\u4e3a\u5218\u7aef\u7aef\u6765\u7684\uff0c\u519b\u88c5\u7aef\u592a\u5e05\u4e86\uff01", "useful_count": "0"},
{"page_index": 0, "movie_id": "30212356", "title": "\u7b56\u53cd", "username": "\u83dc\u53f6\u534a", "user_id": "140271438", "rating": "\u529b\u8350", "date": "2018-12-29", "time": "19:16:11", "comment": "\u7ea2\u8272\u7535\u5f71\u4e0d\u9519\u4e86", "useful_count": "1"},
{"page_index": 0, "movie_id": "30212356", "title": "\u7b56\u53cd", "username": "\u5e86\u957f", "user_id": "242698494", "rating": "\u8fd8\u884c", "date": "2021-12-10", "time": "00:08:43", "comment": "\u4eca\u5929\u4e2d\u5348\u5728\u5b66\u6821\u5403\u996d\u7684\u65f6\u5019\u98df\u5802\u7535\u89c6\u91cc\u770b\u5230\u7684\uff0c\u770b\u5230\u5218\u7aef\u7aef\u6211\u771f\u7684\u6fc0\u52a8\uff0c\u4f46\u968f\u5373\u5c31\u6709\u540c\u5b66\u8bf4:\u8fd9\u4e5f\u592a\u7c97\u7cd9\u4e86\u62cd\u7684", "useful_count": "0"},
{"page_index": 0, "movie_id": "30212356", "title": "\u7b56\u53cd", "username": "\u662f\u68af\u5f62\u7259\u7259\u5440", "user_id": "208527727", "rating": "\u63a8\u8350", "date": "2020-03-18", "time": "06:19:27", "comment": "\u9009\u89d2\u5f88\u4e0d\u9519\uff0c\u5168\u5458\u6f14\u6280\u5728\u7ebf\uff0c\u7537\u5973\u4e3b\u989c\u503c\u6f14\u6280\u4ff1\u4f73\u3002\u53ef\u60dc\u5267\u672c\u4e0d\u884c\uff0c\u53c8\u6c34\u53c8\u4fd7\u6ca1\u6709\u8fde\u8d2f\u6027\u9769\u547d\u5168\u9760\u53e3\u8ff0\uff0c\u7535\u89c6\u5267\u90fd\u4e0d\u8fd9\u4e48\u5199\u4e86\u2026\u2026\u4e0d\u8fc7\u672c\u6765\u5c31\u662f\u5b81\u6ce2\u5730\u65b9\u653f\u5e9c\u6388\u610f\u62cd\u6444\u7684\u65c5\u6e38\u5ba3\u4f20\u7535\u5f71\uff1f\u7b97\u5408\u683c\u5427", "useful_count": "1"},
{"page_index": 0, "movie_id": "30212356", "title": "\u7b56\u53cd", "username": "\u957f\u601d\u800c\u884c", "user_id": "172435672", "rating": "\u529b\u8350", "date": "2019-03-23", "time": "18:45:24", "comment": "\u7ed9\u5316\u5986\u5e08\u670d\u88c5\u5e08\u6ee1\u5206", "useful_count": "1"},
{"page_index": 0, "movie_id": "30212356", "title": "\u7b56\u53cd", "username": "\u68ee\u6cfd\u7199", "user_id": "169888425", "rating": "\u5f88\u5dee", "date": "2019-07-29", "time": "19:05:53", "comment": "\u70c2\u2026\u2026\u900f\u4e86\u2026\u2026", "useful_count": "0"},
{"page_index": 0, "movie_id": "30212356", "title": "\u7b56\u53cd", "username": "i", "user_id": "149882420", "rating": "\u63a8\u8350", "date": "2021-02-18", "time": "21:26:48", "comment": "\u4ee5\u524d\u6709\u770b\u8fc7\u7684\uff0c\u4eca\u5929\u53c8\u770b\u4e86\u4e00\u6b21", "useful_count": "0"},
{"page_index": 0, "movie_id": "30212356", "title": "\u7b56\u53cd", "username": "\u8c46\u53cb212454169", "user_id": "212454169", "rating": "\u529b\u8350", "date": "2020-03-01", "time": "18:15:04", "comment": "\u5218\u7aef\u7aef\uff01", "useful_count": "2"},
{"page_index": 0, "movie_id": "30212356", "title": "\u7b56\u53cd", "username": "Lebron James", "user_id": "156120911", "rating": "\u5f88\u5dee", "date": "2019-07-29", "time": "19:39:18", "comment": "\u770b\u70c2\u7247\u4e5f\u662f\u4e00\u79cd\u4eab\u53d7", "useful_count": "0"},
{"page_index": 0, "movie_id": "30212356", "title": "\u7b56\u53cd", "username": "\u4e09\u660e\u6cbb\u6f5c\u9003\u4e2d", "user_id": "209723499", "rating": "\u5f88\u5dee", "date": "2020-03-01", "time": "19:24:27", "comment": "\u771f\u7684 \u4e3a\u4e86\u7aef\u8c41\u51fa\u53bb", "useful_count": "2"},
{"page_index": 0, "movie_id": "30212356", "title": "\u7b56\u53cd", "username": "\u54c8\u54c8\u535a\u58eb", "user_id": "155676110", "rating": "\u63a8\u8350", "date": "2021-07-23", "time": "11:14:37", "comment": "\u817e\u8baf\u89c6\u9891\u63a8\u8fc7\u6765\u7684\u4e00\u90e8\u7535\u5f71\uff0c\u65e0\u610f\u95f4\u70b9\u5f00\u770b\u5230\u7684\u3002\u7adf\u7136\u662f\u5b81\u6ce2\u911e\u5dde\u533a\u7535\u89c6\u53f0\u62cd\u7684\u7535\u5f71\u3002\u533a\u7ea7\u7535\u89c6\u53f0\u80fd\u628a\u7535\u5f71\u62cd\u6210\u8fd9\u6837\u5b50\uff0c\u5b9e\u5c5e\u96be\u5f97\u554a\uff01\u867d\u7136\u6ca1\u4ec0\u4e48\u60ac\u5ff5\uff0c\u770b\u5230\u5f00\u5934\u5c31\u77e5\u9053\u7ed3\u5c3e\uff0c\u4f46\u89e3\u653e\u6218\u4e89\u672c\u6765\u5c31\u4e0d\u9700\u8981\u60ac\u5ff5\u561b\u3002\u6c64\u5706\u3001\u6885\u83dc\u3001\u767d\u8336\uff0c\u6d59\u5546\u3001\u8239\u738b\u3001\u5b81\u6ce2\u5e2e\uff0c\u4e00\u5207\u90fd\u90a3\u4e48\u771f\u5b9e\u3002\u5218\u7aef\u7aef\u628a\u4e00\u4e2a\u5229\u7528\u81ea\u5df1\u7ea8\u7ed4\u516c\u5b50\u548c\u56fd\u519b\u4e2d\u6821\u8eab\u4efd\u63a9\u9970\u7684\u4e2d\u5171\u7279\u52e4\u4eba\u5458\u7684\u6d69\u98de\u6f14\u7ece\u7684\u6dcb\u6f13\u5c3d\u81f4\u3002\u56fd\u4ea7\u5f71\u89c6\u5267\u51fa\u54c1\u65b9\u5982\u90fd\u80fd\u6709\u8fd9\u5bb6\u533a\u7ea7\u7535\u89c6\u53f0\u4e00\u6837\u6c34\u51c6\uff0c\u90a3\u771f\u662f\u89c2\u4f17\u7684\u5e78\u4e8b\u554a\uff01", "useful_count": "0"},
{"page_index": 0, "movie_id": "30212356", "title": "\u7b56\u53cd", "username": "\u6e21\u8bcd", "user_id": "113998445", "rating": null, "date": "2019-03-24", "time": "16:49:35", "comment": "\u7231\u5947\u827a\u597d\u8bc4\u699c\u7b2c\u4e00\uff1f\uff01\u6211\u6015\u4e86\u3002", "useful_count": "0"},
{"page_index": 0, "movie_id": "30212356", "title": "\u7b56\u53cd", "username": "HEQI", "user_id": "158355997", "rating": "\u529b\u8350", "date": "2021-01-28", "time": "10:10:25", "comment": "\u8bf4\u51fa\u6765\u4f60\u53ef\u80fd\u4e0d\u4fe1\uff0c\u6211\u81ea\u6765\u6c34\uff0c\u6444\u50cf\u725b\u6bd4\uff01\uff01\uff01", "useful_count": "0"},
{"page_index": 0, "movie_id": "30212356", "title": "\u7b56\u53cd", "username": "\u5c9a\u864e\u51ac", "user_id": "187244298", "rating": "\u5f88\u5dee", "date": "2019-07-29", "time": "19:05:14", "comment": "\u597d\u70c2\u2026\u2026", "useful_count": "0"},
{"page_index": 0, "movie_id": "30212356", "title": "\u7b56\u53cd", "username": "\u5927\u9c7c", "user_id": "180956876", "rating": null, "date": "2020-08-24", "time": "17:30:32", "comment": "\u660e\u660e\u4e00\u90e8\u7535\u5f71\u53ef\u4ee5\u89e3\u51b3\u7684\u4e8b\u4e3a\u4ec0\u4e48\u975e\u8981\u62cd\u6210\u8fde\u7eed\u5267\ud83d\ude13", "useful_count": "0"},
{"page_index": 0, "movie_id": "30212356", "title": "\u7b56\u53cd", "username": "L01", "user_id": "147196190", "rating": "\u5f88\u5dee", "date": "2021-03-22", "time": "18:51:35", "comment": "\u70c2\u6b7b\u4e86 \u53cd\u6d3e\u7684\u72ec\u751f\u5973\u4e00\u5b9a\u8981\u559c\u6b22\u7537\u4e3b...", "useful_count": "0"},
{"page_index": 0, "movie_id": "30212356", "title": "\u7b56\u53cd", "username": "xuyun1999", "user_id": "204804747", "rating": "\u8fd8\u884c", "date": "2020-06-20", "time": "20:27:33", "comment": "\u88ab\u5218\u7aef\u7aef\u9970\u6f14\u7684\u89d2\u8272\u7ed9\u5438\u5f15\u4e86\uff0c\u4fde\u6d69\u98de\uff0c\u786e\u5b9e\u6f14\u7684\u86ee\u597d\u7684\u55ef\uff0c\u522b\u7684\u5c31\u6709\u70b9\u5934\u5927\u3002", "useful_count": "0"},
{"page_index": 0, "movie_id": "30212356", "title": "\u7b56\u53cd", "username": "\u4e38\u5b50\u7231\u8389\u9999", "user_id": "54867322", "rating": "\u5f88\u5dee", "date": "2019-07-29", "time": "19:58:10", "comment": "\u5c34\u5c2c\u7684\u3002\u3002", "useful_count": "0"},
{"page_index": 0, "movie_id": "30212356", "title": "\u7b56\u53cd", "username": "\u8d31\u540d\u597d\u517b\u6d3b", "user_id": "185913415", "rating": "\u5f88\u5dee", "date": "2022-06-24", "time": "20:29:38", "comment": "\u55ef\uff0c\u901a\u8fc7\u8fd9\u4e2a\u7535\u5f71\u6211\u660e\u767d\uff0c\u5218\u7aef\u7aef\u7684\u8eab\u6750\u5f88\u68d2\uff0c\u4e00\u9897\u661f\u9001\u7ed9\u4ed6\ud83d\ude0d", "useful_count": "0"},
{"page_index": 0, "movie_id": "30212356", "title": "\u7b56\u53cd", "username": "\u5f17\u62c9\u660e\u54e5\u7279", "user_id": "175365518", "rating": "\u5f88\u5dee", "date": "2020-04-05", "time": "08:14:07", "comment": "\u8c01\u6bd4\u8c01\u9ad8\u8d35\u554a\u5404\u4f4d\u7c89\u4e1d\u670b\u53cb\u4eec", "useful_count": "0"},
{"page_index": 0, "movie_id": "30212356", "title": "\u7b56\u53cd", "username": "ZEN", "user_id": "55741379", "rating": "\u5f88\u5dee", "date": "2020-05-23", "time": "16:37:20", "comment": "\u5f71\u7247\u89d2\u8272\u6839\u672c\u6ca1\u6709\u7075\u9b42\uff0c\u6f14\u5458\u8868\u6f14\u4e0d\u884c\u554a\uff01\n\u65e0\u975e\u4e5f\u52a0\u5165\u7231\u60c5\u5143\u7d20\uff0c\u4f46\u662f\u6ca1\u6709\u8c0d\u6218\u7247\u7684\u7d27\u5f20\u611f\u3002", "useful_count": "0"},
{"page_index": 0, "movie_id": "30212356", "title": "\u7b56\u53cd", "username": "\u827e\u6653\u4ed4", "user_id": "55463234", "rating": "\u5f88\u5dee", "date": "2019-08-09", "time": "23:24:25", "comment": "\u778e\u4e86\u6211\u7684\u72d7\u773c", "useful_count": "0"},
{"page_index": 0, "movie_id": "30212356", "title": "\u7b56\u53cd", "username": "\u4f69\u6069\u7cef\u7c73\u6ecb", "user_id": "171477280", "rating": "\u529b\u8350", "date": "2019-08-16", "time": "17:38:49", "comment": "\u4e0d\u64c5\u957f\u5199\u8bc4\u8bba\uff0c\u662f\u4e2a\u6211\u5927\u9646\u5c0f\u4f17\u7684\u597d\u7247\uff0c\u6bd4\u4ee5\u5f80\u7684\u6297\u6218\u7247\u50cf\u4e2a\u7535\u5f71\uff0c\u662f\u4eca\u5929\u5728CHC\u8fde\u7eed\u770b3\u90e8\u7535\u5f71\u7684\u7b2c\u4e00\u90e8", "useful_count": "0"},
{"page_index": 0, "movie_id": "30212356", "title": "\u7b56\u53cd", "username": "\u4eba\u5728\u6c5f\u6e56\u98d8\u554a\u98d8", "user_id": "138601977", "rating": "\u5f88\u5dee", "date": "2019-07-31", "time": "14:56:20", "comment": "\u597d\u5c34\u5c2c\u2026\u7535\u5f71\u9891\u9053\u5076\u7136\u770b\u5230\u7684\u2026\u5973\u4e3b\u7684\u5986\u8ba9\u6211\u5206\u5206\u949f\u51fa\u620f\u2026", "useful_count": "0"},
{"page_index": 0, "movie_id": "30212356", "title": "\u7b56\u53cd", "username": "ibanzou.com", "user_id": "65666437", "rating": "\u5f88\u5dee", "date": "2018-07-20", "time": "08:04:24", "comment": "\u6d77\u62a5\u4e0d\u884c\uff0c\u8fd8\u4ee5\u4e3a\u662f\u56fd\u5916\u7684\u7ea2\u8272\u8d1d\u96f7\u5e3d", "useful_count": "1"},
{"page_index": 0, "movie_id": "30212356", "title": "\u7b56\u53cd", "username": "\u5b5f\u96ea\u6ce5", "user_id": "189568803", "rating": null, "date": "2020-08-01", "time": "14:40:03", "comment": "\u5404\u79cd\u8349\u7387", "useful_count": "0"},
{"page_index": 0, "movie_id": "30212356", "title": "\u7b56\u53cd", "username": "\u6587", "user_id": "207491695", "rating": "\u8fd8\u884c", "date": "2019-12-06", "time": "00:33:42", "comment": "\u4e00\u822c\u4e00\u822c\uff0c\u5929\u4e0b\u7b2c\u4e09\u3002", "useful_count": "0"},
{"page_index": 0, "movie_id": "30212356", "title": "\u7b56\u53cd", "username": "\u785d", "user_id": "200455719", "rating": "\u8fd8\u884c", "date": "2022-01-22", "time": "11:41:15", "comment": "\u4e71\u4e03\u516b\u7cdf\u4f46\u662f\u5f88\u6d45\u663e\u7684\u5267\u60c5\uff0c\u7247\u5c3e\u4e0a\u6d77\u7684\u4e1c\u65b9\u660e\u73e0\u771f\u7684\u770b\u5f97\u6211\u4e00\u6123\u4e00\u6123\uff0c\u4f46\u662f\u7aef\u7aef\u771f\u7684\u592a\u53ef\u7231\u4e86\u554a\u545c\u545c\u545c\u545c\u545c\u545c\u545c\uff0c\u800c\u4e14\u8fd8\u6709\u543b\u620f\uff0c\u6211\u611f\u89c9\u6211\u8fd9\u4e00\u4e2a\u534a\u5c0f\u65f6\u6d6a\u8d39\u4e86\u53c8\u6ca1\u6709\u5b8c\u5168\u6d6a\u8d39", "useful_count": "0"}
]