[
{"page_index": 0, "movie_id": "27043980", "title": "\u6211\u7684\u5ba0\u7269\u6050\u9f99", "username": "Carf", "user_id": "4340710", "rating": "\u8f83\u5dee", "date": "2017-09-09", "time": "22:53:30", "comment": "\u5c11\u513f\u6545\u4e8b\uff0cCG\u7279\u6548\u5f88\u5047\uff0c\u53ef\u4ee5\u7406\u89e3\u7684\u662f\u6559\u80b2\u5b69\u5b50\u751f\u7269\u7684\u591a\u6837\u6027\uff0c\u4f46\u65e0\u6cd5\u7406\u89e3\u7684\u662f\u4e3a\u4ec0\u4e48\u975e\u5f97\u8ba9\u5c0f\u5b69\u5b50\u4eec\u8ba4\u4e3a\u6050\u9f99\u53ef\u4ee5\u5f53\u5ba0\u7269\uff1f", "useful_count": "23"},
{"page_index": 0, "movie_id": "27043980", "title": "\u6211\u7684\u5ba0\u7269\u6050\u9f99", "username": "\u5446\u840c\u5c0f\u4e03", "user_id": "169216507", "rating": "\u8fd8\u884c", "date": "2018-05-31", "time": "23:41:45", "comment": "\u5b69\u5b50\u611f\u89c9\u633a\u65b0\u5947\uff0c\u4ed6\u4eec\u5e94\u8be5\u4e0d\u5bb3\u6015\uff0c\u633a\u6709\u5192\u9669\u7cbe\u795e\u7684\uff0c\u5982\u679c\u53ef\u4ee5\uff0c\u6211\u60f3\u4ed6\u4eec\u4f1a\u517b\u53ea\u6050\u9f99", "useful_count": "17"},
{"page_index": 0, "movie_id": "27043980", "title": "\u6211\u7684\u5ba0\u7269\u6050\u9f99", "username": "\u6a58\u732b\u7231\u5403\u9c7c", "user_id": "169089788", "rating": "\u5f88\u5dee", "date": "2018-06-20", "time": "06:03:07", "comment": "\u65e2\u4e0d\u7cbe\u5f69\u4e5f\u4e0d\u523a\u6fc0\uff0c\u903b\u8f91\u5173\u7cfb\u6df7\u4e71\u3002", "useful_count": "9"},
{"page_index": 0, "movie_id": "27043980", "title": "\u6211\u7684\u5ba0\u7269\u6050\u9f99", "username": "\u80f8\u53e3\u788e\u5927\u77f3", "user_id": "24139618", "rating": "\u8f83\u5dee", "date": "2017-10-31", "time": "21:38:04", "comment": "\u5373\u4f7f\u662f\u513f\u7ae5\u7247\u4e5f\u62cd\u7684\u592a\u4e00\u822c\u4e86\uff0c\u6f14\u5458\u4eec\u6f14\u7684\u4e5f\u4e0d\u597d\u3002", "useful_count": "18"},
{"page_index": 0, "movie_id": "27043980", "title": "\u6211\u7684\u5ba0\u7269\u6050\u9f99", "username": "harvey\u5c11\u6821", "user_id": "108693709", "rating": "\u8f83\u5dee", "date": "2017-10-24", "time": "21:23:03", "comment": "\u600e\u4e48\u6765\u7684\u6050\u9f99\u5ffd\u5927\u5ffd\u5c0f\u7684", "useful_count": "9"},
{"page_index": 0, "movie_id": "27043980", "title": "\u6211\u7684\u5ba0\u7269\u6050\u9f99", "username": "\u6749\u5c0f\u7231|\u597d\u59d1\u5a18,\u54b1\u4eec\u8d70\u8d77\u6765", "user_id": "OneiLulu", "rating": "\u8fd8\u884c", "date": "2017-10-09", "time": "08:40:13", "comment": "\u6807\u51c6\u513f\u7ae5\u7247\uff0c\u6211\u4e5f\u5e0c\u671b\u80fd\u6709\u4e00\u53ea\u6050\u9f99\u4f5c\u5ba0\u7269\u3002\u4e0d\u5f97\u4e0d\u8bf4\u6fb3\u6d32\u7684\u7279\u6548\u5de5\u4e1a\u786e\u5b9e\u5728\u5168\u7403\u90fd\u6709\u4e00\u5e2d\u4e4b\u5730\uff01", "useful_count": "5"},
{"page_index": 0, "movie_id": "27043980", "title": "\u6211\u7684\u5ba0\u7269\u6050\u9f99", "username": "\u043e\u0431\u043b\u043e\u043c\u043e\u0432", "user_id": "glim", "rating": "\u8fd8\u884c", "date": "2018-10-05", "time": "09:25:20", "comment": "et\u53d8\u6050\u9f99", "useful_count": "0"},
{"page_index": 0, "movie_id": "27043980", "title": "\u6211\u7684\u5ba0\u7269\u6050\u9f99", "username": "\u5c0f\u7c73=qdmimi", "user_id": "qdmimi19810920", "rating": "\u8f83\u5dee", "date": "2017-10-15", "time": "01:30:51", "comment": "\u8fd9\u662f\u81f4\u656cE.T.\uff1f\u4e11\u7b28\u6210\u8fd9\u6837\u6ca1\u670b\u53cb\u554a", "useful_count": "6"},
{"page_index": 0, "movie_id": "27043980", "title": "\u6211\u7684\u5ba0\u7269\u6050\u9f99", "username": "\u4e8c\u6708\u9e1f\u8bed", "user_id": "p2165", "rating": "\u5f88\u5dee", "date": "2018-05-30", "time": "23:05:44", "comment": "\u4ec0\u4e48\u9b3c\uff1f", "useful_count": "2"},
{"page_index": 0, "movie_id": "27043980", "title": "\u6211\u7684\u5ba0\u7269\u6050\u9f99", "username": "dac", "user_id": "134486661", "rating": "\u8f83\u5dee", "date": "2018-06-01", "time": "11:09:56", "comment": "\u5916\u56fd\u7684\u4f4e\u5e7c\u513f\u7ae5\u7247\u5c45\u7136\u4e5f\u6765\u4e2d\u56fd\u5f71\u9662\u4e0a\u6620\u5708\u94b1\uff0c\u5f88\u4e0d\u8d70\u5fc3\u5236\u4f5c\u7c97\u7cd9\uff0c\u8fc7\u5206\uff01", "useful_count": "4"},
{"page_index": 0, "movie_id": "27043980", "title": "\u6211\u7684\u5ba0\u7269\u6050\u9f99", "username": "ILM", "user_id": "3167300", "rating": "\u8f83\u5dee", "date": "2018-06-02", "time": "00:09:57", "comment": "\u3002\u3002\u3002\u3002\u6d6a\u8d39\u65f6\u95f4\u548c\u94b1", "useful_count": "2"},
{"page_index": 0, "movie_id": "27043980", "title": "\u6211\u7684\u5ba0\u7269\u6050\u9f99", "username": "\u53ef\u7231\u591a", "user_id": "142335389", "rating": "\u5f88\u5dee", "date": "2018-06-04", "time": "13:10:54", "comment": "\u6050\u9f99\u9898\u6750\u6cdb\u6ee5\uff0c\u5c31\u548c\u897f\u6e38\u4e00\u6837\uff0c\u5f04\u5f97\u5927\u5bb6\u90fd\u6ca1\u5174\u8da3\u4e86", "useful_count": "0"},
{"page_index": 0, "movie_id": "27043980", "title": "\u6211\u7684\u5ba0\u7269\u6050\u9f99", "username": "R\u5148\u751f", "user_id": "erobin", "rating": "\u8fd8\u884c", "date": "2017-10-07", "time": "22:06:45", "comment": "\u6709\u70b9\u626f\uff0c\u50cf\u4ee5\u524d\u7684\u79d1\u5e7b\u7247", "useful_count": "1"},
{"page_index": 0, "movie_id": "27043980", "title": "\u6211\u7684\u5ba0\u7269\u6050\u9f99", "username": "WIKI\u9b4f", "user_id": "wikimedia", "rating": "\u8f83\u5dee", "date": "2019-02-09", "time": "16:32:14", "comment": "\u8bef\u5165\u513f\u7ae5\u7247\uff0c\u88ab\u4e00\u6bdb\u7279\u6548\u548c\u6545\u4e8b\u5413\u51fa\u6765\u4e86\u30022019.2.9 4/10", "useful_count": "1"},
{"page_index": 0, "movie_id": "27043980", "title": "\u6211\u7684\u5ba0\u7269\u6050\u9f99", "username": "\u7070", "user_id": "1092960", "rating": "\u5f88\u5dee", "date": "2018-06-06", "time": "14:37:45", "comment": "\u5404\u79cd\u7c97\u7cd9", "useful_count": "0"},
{"page_index": 0, "movie_id": "27043980", "title": "\u6211\u7684\u5ba0\u7269\u6050\u9f99", "username": "19431818", "user_id": "luckystarisme", "rating": "\u8f83\u5dee", "date": "2022-01-18", "time": "00:27:14", "comment": "\u770b\u5f00\u5934\u8fd8\u4ee5\u4e3a\u662f\u94c1\u8840\u6218\u58eb\u3002\u3002\u5c0f\u7537\u4e3b\u592a\u4e2d\u4e8c\u4e86\u554a\u3002\u3002\u66f4\u53ef\u6015\u7684\u662f\u5c0f\u6f14\u5458\u6f14\u6280\u8fd8\u4e0d\u5982CG", "useful_count": "0"},
{"page_index": 0, "movie_id": "27043980", "title": "\u6211\u7684\u5ba0\u7269\u6050\u9f99", "username": "panic", "user_id": "149949365", "rating": "\u8fd8\u884c", "date": "2022-12-29", "time": "23:50:14", "comment": "\u8fd8\u662f\u5f88\u6b22\u4e50\u7684", "useful_count": "0"},
{"page_index": 0, "movie_id": "27043980", "title": "\u6211\u7684\u5ba0\u7269\u6050\u9f99", "username": "\u6708\u4eae\u5473\u7684\u7c73\u7ebf", "user_id": "159777932", "rating": "\u8f83\u5dee", "date": "2018-06-03", "time": "10:35:55", "comment": "\u540e\u6094\u770b\u4e86 \u4e0d\u597d\u770b", "useful_count": "1"},
{"page_index": 0, "movie_id": "27043980", "title": "\u6211\u7684\u5ba0\u7269\u6050\u9f99", "username": "\u6700\u7231\u767e\u5e74\u5b64\u72ec", "user_id": "1240037", "rating": "\u8fd8\u884c", "date": "2018-12-11", "time": "09:10:50", "comment": "\u91cc\u8fb9\u6709\u51e0\u70b9\u5176\u5b9e\u633a\u597d\uff1a1\u3001\u6050\u9f99\u7684\u7a81\u7136\u6210\u957f\u4e0e\u53ef\u5927\u53ef\u5c0f\u7684\u53d8\u5316\u4ee5\u53ca\u53c8\u6db2\u6001\u751f\u6210\uff0c\u5f88\u6709\u65b0\u610f\uff1b2\u3001\u513f\u7ae5\u4eec\u5229\u7528\u5404\u79cd\u6280\u80fd\u4e86\u89e3\u4e8b\u7269\u548c\u5b9e\u73b0\u68a6\u60f3\u3002", "useful_count": "0"},
{"page_index": 0, "movie_id": "27043980", "title": "\u6211\u7684\u5ba0\u7269\u6050\u9f99", "username": "\u6de1\u5b9a", "user_id": "64086111", "rating": "\u8fd8\u884c", "date": "2018-10-04", "time": "17:26:00", "comment": "\u4e0d\u77e5\u9053\u5927\u9646\u5f15\u8fdb\u7248\u526a\u6389\u76848\u5206\u949f\u662f\u4ec0\u4e48", "useful_count": "0"},
{"page_index": 0, "movie_id": "27043980", "title": "\u6211\u7684\u5ba0\u7269\u6050\u9f99", "username": "\u6211\u662f\u76f4\u7684", "user_id": "i-am-straight", "rating": "\u8f83\u5dee", "date": "2018-09-19", "time": "19:13:13", "comment": "\u54c8\u54c8\u54c8\u54c8\u54c8\u54c8\u54c8\u54c8\u54c8\u54c8\u54c8\u662f\u72d7\u72d7\u8fd8\u662f\u6050\u9f99\u554a\u5582", "useful_count": "0"},
{"page_index": 0, "movie_id": "27043980", "title": "\u6211\u7684\u5ba0\u7269\u6050\u9f99", "username": "Mia", "user_id": "184177407", "rating": "\u8fd8\u884c", "date": "2020-10-22", "time": "15:12:38", "comment": "\u81f4\u656cET\u4e4b\u4f5c", "useful_count": "1"},
{"page_index": 0, "movie_id": "27043980", "title": "\u6211\u7684\u5ba0\u7269\u6050\u9f99", "username": "\u661f\u9b42", "user_id": "star1024", "rating": "\u8fd8\u884c", "date": "2017-10-21", "time": "00:11:27", "comment": "\u6050\u9f99\u7684\u751f\u6001\u7cfb\u7edf\u53ef\u4ee5\u6df1\u6316\u4e00\u4e0b\uff0c\u6784\u6210\u4e00\u4e2a\u9887\u6709\u65b0\u610f\u7684\u4f53\u7cfb\u3002\u5176\u4ed6\u7684\u5b9e\u5728\u662f\u529b\u6709\u4e0d\u902e\u3002\u54ea\u4e00\u70b9\u90fd\u6ca1\u8bb2\u5230\u4f4d\u3002", "useful_count": "1"},
{"page_index": 0, "movie_id": "27043980", "title": "\u6211\u7684\u5ba0\u7269\u6050\u9f99", "username": "weakish", "user_id": "WeakishJiang", "rating": "\u8f83\u5dee", "date": "2018-09-01", "time": "18:09:34", "comment": "\u597d\u590d\u53e4\u554a", "useful_count": "0"},
{"page_index": 0, "movie_id": "27043980", "title": "\u6211\u7684\u5ba0\u7269\u6050\u9f99", "username": "\u5065\u5eb7\u81ea\u5728\u8f7b\u677e\u7f8e", "user_id": "amily317", "rating": "\u8f83\u5dee", "date": "2019-02-23", "time": "00:32:13", "comment": "\u3002\u3002\u3002 \n\u54ea\u4e2a\u7ebf\u90fd\u4e0d\u7cbe\u5f69\n\u5c0f\u65f6\u5019\u7684\u6050\u9f99\u8fd8\u53ef\u7231\u4e00\u70b9\uff0c\u957f\u5927\u540e\u90fd\u662f\u5851\u6599\u611f \n", "useful_count": "0"},
{"page_index": 0, "movie_id": "27043980", "title": "\u6211\u7684\u5ba0\u7269\u6050\u9f99", "username": "\u4e09\u76c5", "user_id": "sz3559747", "rating": "\u8fd8\u884c", "date": "2019-02-07", "time": "01:19:47", "comment": "\u4e00\u53ea\u8fdd\u53cd\u4e86\u4e00\u5207\u79d1\u5b66\u539f\u7406\u3001\u80fd\u53d8\u8272\u3001\u80fd\u98de\u3001\u80fd\u53d8\u5927\u53d8\u5c0f\u3001\u65e0\u6027\u7e41\u6b96\u7684\u751f\u5316\u6050\u9f99\uff0c\u539f\u672c\u53ea\u80fd\u9a97\u9a97\u5c0f\u5b69\uff0c\u4f46\u6211\u770b\u5f97\u4e5f\u633a\u5e26\u52b2\u3002", "useful_count": "0"},
{"page_index": 0, "movie_id": "27043980", "title": "\u6211\u7684\u5ba0\u7269\u6050\u9f99", "username": "\u9633\u5149\u7f8e\u4e3dff", "user_id": "153481883", "rating": "\u5f88\u5dee", "date": "2018-05-31", "time": "11:25:22", "comment": "\u8fd9\u662f\u4ec0\u4e48\u7247\u5b50\uff1f\u6211\u5728\u95ee\u6211\u81ea\u5df1\u770b\u7684\u662f\u4ec0\u4e48?", "useful_count": "1"},
{"page_index": 0, "movie_id": "27043980", "title": "\u6211\u7684\u5ba0\u7269\u6050\u9f99", "username": "Enrika", "user_id": "rilisi", "rating": "\u8fd8\u884c", "date": "2019-05-13", "time": "20:45:45", "comment": "\u7279\u6548\u4ee5\u70ba2007\u5e74\ud83d\ude25", "useful_count": "0"},
{"page_index": 0, "movie_id": "27043980", "title": "\u6211\u7684\u5ba0\u7269\u6050\u9f99", "username": "\u4e91\u4e2d\u96e8\u9633", "user_id": "K110", "rating": "\u8f83\u5dee", "date": "2020-05-08", "time": "01:20:27", "comment": "\u6545\u4e8b\u7b80\u5355\u6beb\u65e0\u6ce2\u52a8\uff0c\u4e00\u4e2a\u519b\u8425\u5c31\u8fd9\u4e48\u5bb9\u6613\u88ab\u51e0\u4e2a\u672a\u6210\u5e74\u95ef\u5165\uff0c\u95f9\u7740\u73a9\u5462\u3002\u611f\u8c22\u4e2d\u592e\u7535\u89c6\u53f0\u7535\u5f71\u9891\u9053\u8282\u76ee\u4e2d\u5fc3\u5f15\u8fdb\u3002", "useful_count": "0"},
{"page_index": 0, "movie_id": "27043980", "title": "\u6211\u7684\u5ba0\u7269\u6050\u9f99", "username": "\u5feb\u4e50\u7684\u5929\u4f7f", "user_id": "159391113", "rating": "\u8fd8\u884c", "date": "2018-06-05", "time": "20:29:54", "comment": "\u8fd9\u4e2a\u6050\u9f99\u7279\u6548\u4e0d\u662f\u5f88\u559c\u6b22", "useful_count": "0"},
{"page_index": 0, "movie_id": "27043980", "title": "\u6211\u7684\u5ba0\u7269\u6050\u9f99", "username": "\u6d2a\u8352\u7c89\u7ea2", "user_id": "127427239", "rating": "\u8fd8\u884c", "date": "2018-05-31", "time": "23:11:37", "comment": "\u662f\u4e00\u90e8\u6709\u8da3\u53c8\u6696\u5fc3\u7684\u5947\u5e7b\u7535\u5f71\uff0c\u5f71\u7247\u4ee5\u5ba0\u7269\u5207\u5165\u8bb2\u8ff0\u5b69\u5b50\u4eec\u6210\u957f\u7684\u5192\u9669\u4e4b\u65c5\uff0c\u6050\u9f99\u7684\u5947\u5e7b\u611f\u80fd\u591f\u8ba9\u9752\u5c11\u5e74\u66f4\u6709\u597d\u5947\u611f\uff0c\u5e76\u5728\u8ffd\u9010\u5192\u9669\u7684\u65c5\u7a0b\u4e2d\u83b7\u5f97\u5173\u4e8e\u8d23\u4efb\u548c\u52c7\u6c14\u7684\u65b0\u8ba4\u77e5", "useful_count": "0"},
{"page_index": 0, "movie_id": "27043980", "title": "\u6211\u7684\u5ba0\u7269\u6050\u9f99", "username": "Killkenny", "user_id": "8108015", "rating": null, "date": "2018-05-31", "time": "22:33:00", "comment": "\u8fd9\u7247\u4e5f\u5f15\u8fdb\uff0c\u7b97\u4e0d\u7b97\u8bc8\u9a97\uff1f", "useful_count": "0"},
{"page_index": 0, "movie_id": "27043980", "title": "\u6211\u7684\u5ba0\u7269\u6050\u9f99", "username": "\u963f\u7518\u6b63\u5728\u8f6c", "user_id": "41533651", "rating": "\u8f83\u5dee", "date": "2020-09-21", "time": "16:43:01", "comment": "\u770b\u8fc7\u540e\u6094\u7cfb\u5217\u2026\u2026", "useful_count": "0"},
{"page_index": 0, "movie_id": "27043980", "title": "\u6211\u7684\u5ba0\u7269\u6050\u9f99", "username": "\u9a6c\u6770\u519c\u5bb6\u7684\u857e\u8389", "user_id": "203035856", "rating": "\u8f83\u5dee", "date": "2022-12-26", "time": "15:40:51", "comment": "\u592e\u516d\u73b0\u5728\u7684\u914d\u97f3\u592a\u79bb\u8c31\u4e86", "useful_count": "0"},
{"page_index": 0, "movie_id": "27043980", "title": "\u6211\u7684\u5ba0\u7269\u6050\u9f99", "username": "D\u4f2f\u7235", "user_id": "Popdai", "rating": "\u5f88\u5dee", "date": "2019-07-19", "time": "22:15:34", "comment": "\u8fd9\u7279\u6548\u662f\u6765\u9a97\u94b1\u7684\u5417", "useful_count": "0"},
{"page_index": 0, "movie_id": "27043980", "title": "\u6211\u7684\u5ba0\u7269\u6050\u9f99", "username": "\u8349\u8393\u718a\u732b", "user_id": "123067761", "rating": "\u8fd8\u884c", "date": "2018-05-31", "time": "16:32:31", "comment": "\u8fd8\u884c\u5427\uff0c\u5c0f\u5b69\u5b50\u770b\u5f97\u633a\u5f00\u5fc3\uff0c\u800c\u4e14\u6709\u4e9b\u753b\u9762\u8fd8\u86ee\u6e29\u99a8\u7684\u3002", "useful_count": "0"},
{"page_index": 0, "movie_id": "27043980", "title": "\u6211\u7684\u5ba0\u7269\u6050\u9f99", "username": "zorro628", "user_id": "157202507", "rating": "\u5f88\u5dee", "date": "2017-10-15", "time": "04:18:13", "comment": "\u770b\u4e86\u534a\u5929,\u5b9e\u5728\u65e0\u8da3..\u540e\u9762\u5feb\u8fdb\u770b.\u4e0d\u6653\u5f97\u6050\u9f99\u4e3a\u5565\u4f1a\u53d8\u5927\u53d8\u5c0f,\u7136\u540e\u4f1a\u53d8\u4e00\u6ee9\u7c98\u6db2..\u513f\u7ae5\u7535\u5f71", "useful_count": "0"},
{"page_index": 0, "movie_id": "27043980", "title": "\u6211\u7684\u5ba0\u7269\u6050\u9f99", "username": "\u68a6\u8776", "user_id": "172060465", "rating": "\u5f88\u5dee", "date": "2018-05-31", "time": "21:26:38", "comment": "\u8282\u594f\u6709\u70b9\u4e71\uff0c\u4e3b\u4eba\u7fc1\u60c5\u611f\u5448\u73b0\u6709\u70b9\u7a81\u5140\uff0c\u6700\u540e\u770b\u4e0d\u61c2\u6050\u9f99\u600e\u4e48\u53d8\u5c0f\u548c\u53d8\u5927\u7684", "useful_count": "0"},
{"page_index": 0, "movie_id": "27043980", "title": "\u6211\u7684\u5ba0\u7269\u6050\u9f99", "username": "Saudade", "user_id": "108605652", "rating": "\u5f88\u5dee", "date": "2018-05-26", "time": "00:35:47", "comment": "\u7761\u7740\u4e86\u2026\u2026", "useful_count": "1"},
{"page_index": 0, "movie_id": "27043980", "title": "\u6211\u7684\u5ba0\u7269\u6050\u9f99", "username": "\u5370\u6708\u65e0\u75d5", "user_id": "64278254", "rating": "\u8f83\u5dee", "date": "2018-04-21", "time": "01:36:49", "comment": "\u53ea\u80fd\u8bf4\u8fd9\u7535\u5f71\u5b9e\u5728\u662f\u4f4e\u9f84\u4e86\u4e00\u70b9\uff0c\u6f14\u6280\u8fd8\u662f\u6709\u4e00\u4e9b\uff0c\u770b\u5f97\u51fa\u633a\u52aa\u529b\u7684\u3002\u5948\u4f55\u6e23\u7279\u6548\u6e23\u5267\u60c5\uff0c\u9a97\u5c0f\u5b69\u5b50\u4e5f\u4e0d\u662f\u8fd9\u6837\u9a97\u6cd5\u2026", "useful_count": "1"},
{"page_index": 0, "movie_id": "27043980", "title": "\u6211\u7684\u5ba0\u7269\u6050\u9f99", "username": "\u5f88\u611f\u6027\u8da3", "user_id": "59244214", "rating": "\u8f83\u5dee", "date": "2017-11-14", "time": "20:53:11", "comment": "\u8fd9\u4e9b\u5c0f\u5c0f\u9c9c\u8089\u4eec\u77e5\u9053\u81ea\u5df1\u6f14\u4e86\u4e00\u90e8\u591a\u65e0\u804a\u7684\u7535\u5f71\u5417\uff1f\uff01~", "useful_count": "1"},
{"page_index": 0, "movie_id": "27043980", "title": "\u6211\u7684\u5ba0\u7269\u6050\u9f99", "username": "\u96ea\u5cea", "user_id": "64717864", "rating": "\u5f88\u5dee", "date": "2019-02-26", "time": "18:26:13", "comment": "\u60c5\u8282\u4e0a\u6f0f\u6d1e\u767e\u51fa\uff0c\u201c\u6050\u9f99\u201d\u8bbe\u5b9a\u4e5f\u4e0d\u4e25\u8c28\uff0c\u60f3\u548b\u53d8\u548b\u53d8\uff0c\u519b\u65b9\u50cf\u662f\u4e00\u7fa4\u50bb\u5b50\u3002\u81f3\u4e8e\u7535\u5f71\u5b69\u5b50\u4eec\u4f1a\u4e0d\u4f1a\u559c\u6b22\u5c31\u4e0d\u77e5\u9053\u4e86\uff0c\u53cd\u6b63\u6211\u662f\u89c9\u5f97\u5f88\u65e0\u804a\u3002", "useful_count": "0"},
{"page_index": 0, "movie_id": "27043980", "title": "\u6211\u7684\u5ba0\u7269\u6050\u9f99", "username": "\u4f60\u8e29\u7740\u6211\u80a5\u7682\u4e86", "user_id": "132776726", "rating": "\u5f88\u5dee", "date": "2018-05-31", "time": "21:59:38", "comment": "\uff1f\uff1f\uff1f\uff1f\uff1f", "useful_count": "1"},
{"page_index": 0, "movie_id": "27043980", "title": "\u6211\u7684\u5ba0\u7269\u6050\u9f99", "username": "\u5982\u662f\u6211\u95fb", "user_id": "48702025", "rating": "\u8f83\u5dee", "date": "2018-12-28", "time": "00:27:25", "comment": "\u60c5\u8282\u592a\u8001\u5957\u4e86\uff0c\u6362\u6c64\u4e0d\u6362\u836f\uff0c\u4e0d\u8fc7\u5bf9\u4e8e\u5b69\u5b50\u6765\u8bb2\uff0c\u6050\u9f99\u603b\u662f\u6709\u90a3\u4e48\u4e00\u70b9\u770b\u5934\u3002", "useful_count": "0"},
{"page_index": 0, "movie_id": "27043980", "title": "\u6211\u7684\u5ba0\u7269\u6050\u9f99", "username": "\u9505\u9505", "user_id": "142509617", "rating": "\u5f88\u5dee", "date": "2018-06-02", "time": "13:43:00", "comment": "\u554a\uff0c\u5916\u56fd\u4e5f\u4ea7\u8fa3\u9e21\u554a\uff5e", "useful_count": "0"},
{"page_index": 0, "movie_id": "27043980", "title": "\u6211\u7684\u5ba0\u7269\u6050\u9f99", "username": "\u65af\u5766\u5229\u2022\u8d75", "user_id": "1001195", "rating": "\u8f83\u5dee", "date": "2018-04-21", "time": "11:15:51", "comment": "\u8fc7\u4e8e\u4f4e\u5e7c\u7684\u513f\u7ae5\u7247\u3002", "useful_count": "0"},
{"page_index": 0, "movie_id": "27043980", "title": "\u6211\u7684\u5ba0\u7269\u6050\u9f99", "username": "The_Mars", "user_id": "themarzz", "rating": "\u5f88\u5dee", "date": "2018-04-28", "time": "22:27:18", "comment": "\u4e0d\u662f\u592a\u597d\u770b\uff0cET\u5916\u661f\u4eba\u5957\u8def", "useful_count": "0"},
{"page_index": 0, "movie_id": "27043980", "title": "\u6211\u7684\u5ba0\u7269\u6050\u9f99", "username": "\u6ca1\u74dc\u5403", "user_id": "46745294", "rating": "\u8f83\u5dee", "date": "2018-06-03", "time": "20:42:35", "comment": "\u4e0d\u597d\u770b", "useful_count": "0"},
{"page_index": 0, "movie_id": "27043980", "title": "\u6211\u7684\u5ba0\u7269\u6050\u9f99", "username": "\u6dd8\u4e50\u59a4", "user_id": "48938261", "rating": "\u5f88\u5dee", "date": "2018-08-08", "time": "17:35:49", "comment": "\u6050\u9f99\u83ab\u540d\u5176\u5999\u88ab\u6293\uff0c\u4e0d\u662f\u5728\u6d1e\u91cc\u5417\uff1f\u6ca1\u770b\u61c2\u3002\u83ab\u540d\u5176\u5999\u611f\u73af\u7ed5\u3002", "useful_count": "0"},
{"page_index": 0, "movie_id": "27043980", "title": "\u6211\u7684\u5ba0\u7269\u6050\u9f99", "username": "\u4e0d\u7f81\u7684\u98a8", "user_id": "walqx5754559391", "rating": "\u8f83\u5dee", "date": "2020-05-01", "time": "14:20:36", "comment": "\u513f\u7ae5\u5411\uff0c\n\u5e7c\u7a1a\u5267\u60c5\u3002", "useful_count": "0"},
{"page_index": 0, "movie_id": "27043980", "title": "\u6211\u7684\u5ba0\u7269\u6050\u9f99", "username": "\u865b\u64ec\u78b3\u6c34\u81a0\u56ca", "user_id": "Satornusy", "rating": "\u8f83\u5dee", "date": "2018-07-28", "time": "02:27:44", "comment": "\u8981\u662f\u57f9\u80b2\u51fa\u4f86\u500b\u9738\u738b\u9f8d\u5c31\u66f4\u9177\u4e86\u3002", "useful_count": "0"},
{"page_index": 0, "movie_id": "27043980", "title": "\u6211\u7684\u5ba0\u7269\u6050\u9f99", "username": "momo", "user_id": "lammanyuk", "rating": "\u5f88\u5dee", "date": "2017-11-15", "time": "02:31:31", "comment": "\u721b\u5230\u7121\u6975\u9650", "useful_count": "0"},
{"page_index": 0, "movie_id": "27043980", "title": "\u6211\u7684\u5ba0\u7269\u6050\u9f99", "username": "\u81ea\u5b58", "user_id": "wuzicun", "rating": "\u5f88\u5dee", "date": "2022-12-26", "time": "16:18:34", "comment": "\u6050\u9f99\u53d7\u7d2f\u4e86", "useful_count": "0"},
{"page_index": 0, "movie_id": "27043980", "title": "\u6211\u7684\u5ba0\u7269\u6050\u9f99", "username": "\u9ea6\u5b50", "user_id": "btone0808", "rating": "\u8fd8\u884c", "date": "2017-10-10", "time": "08:08:59", "comment": "\u5ba0\u7269\u5230\u602a\u7269\uff0c\u91ce\u6027\u4e0e\u4eba\u6027\uff0c\u5957\u8def\u7684\u5267\u60c5\uff0c\u6fb3\u6d32\u5bb6\u5ead\u3001\u513f\u7ae5\u5267\u5927\u4f5c\uff0c\u8fd8\u7b97\u80fd\u770b\u5427", "useful_count": "0"},
{"page_index": 0, "movie_id": "27043980", "title": "\u6211\u7684\u5ba0\u7269\u6050\u9f99", "username": "\u6492\u65e6\u5c45\u6c11", "user_id": "zfanxyz", "rating": "\u5f88\u5dee", "date": "2018-05-16", "time": "23:17:38", "comment": "\u771f\u7684\u5f88\u5783\u573e\u3002", "useful_count": "0"},
{"page_index": 0, "movie_id": "27043980", "title": "\u6211\u7684\u5ba0\u7269\u6050\u9f99", "username": "\u5317\u5317\u5b66\u957f", "user_id": "125061647", "rating": "\u8f83\u5dee", "date": "2018-05-01", "time": "22:35:44", "comment": "\u540e\u9762\u7279\u6548\u5168\u5d29\u4e86", "useful_count": "0"},
{"page_index": 0, "movie_id": "27043980", "title": "\u6211\u7684\u5ba0\u7269\u6050\u9f99", "username": "\u660e\u591c\u7684\u6708", "user_id": "210392751", "rating": "\u5f88\u5dee", "date": "2020-05-03", "time": "16:07:51", "comment": "\u65e0\u8bba\u662f\u5267\u60c5\u3001\u4eba\u7269\u8fd8\u662f\u7279\u6548\uff0c\u90fd\u6beb\u65e0\u65b0\u610f", "useful_count": "0"},
{"page_index": 0, "movie_id": "27043980", "title": "\u6211\u7684\u5ba0\u7269\u6050\u9f99", "username": "\u6843\u5b50\u6700\u7231\u7231\u4e3d\u4e1d", "user_id": "zookeeper", "rating": "\u63a8\u8350", "date": "2018-09-10", "time": "12:55:45", "comment": "\u966a\u5a03\u770b\u7684\uff0c\u770b\u5b8c\uff0c\u5a03\u8bf4\u4e5f\u60f3\u517b\u6050\u9f99\uff0c\u5fc3\u60f3\u8fd8\u597d\u6050\u9f99\u706d\u7edd\u4e86\uff01", "useful_count": "0"},
{"page_index": 0, "movie_id": "27043980", "title": "\u6211\u7684\u5ba0\u7269\u6050\u9f99", "username": "\u5fb7\u514b", "user_id": "46397046", "rating": "\u8f83\u5dee", "date": "2019-10-09", "time": "21:00:42", "comment": "\u9002\u540812\u5c81\u4ee5\u4e0b\u513f\u7ae5\u89c2\u770b", "useful_count": "0"},
{"page_index": 0, "movie_id": "27043980", "title": "\u6211\u7684\u5ba0\u7269\u6050\u9f99", "username": "\u9752\u8fdf", "user_id": "tongqiancao", "rating": "\u8fd8\u884c", "date": "2020-10-11", "time": "21:05:57", "comment": "\u8fd8\u597d\u5427\uff0c\u8fd9\u7c7b\u7247\u5b50\u5c0f\u5b69\u5e94\u8be5\u8fd8\u662f\u5f88\u559c\u6b22\u770b\u7684\uff0c\u5192\u9669\u3001ufo\u3001\u6050\u9f99\u5ba0\u7269\u3001\u6253\u574f\u4eba\u3001\u5f53\u82f1\u96c4\uff0c\u5c0f\u5b69\u5b50\u68a6\u60f3\u7684\u5927\u90fd\u6709\u4e86", "useful_count": "0"},
{"page_index": 0, "movie_id": "27043980", "title": "\u6211\u7684\u5ba0\u7269\u6050\u9f99", "username": "\u58a8", "user_id": "127591096", "rating": "\u8f83\u5dee", "date": "2018-06-03", "time": "17:01:20", "comment": "\u4e00\u822c", "useful_count": "0"},
{"page_index": 0, "movie_id": "27043980", "title": "\u6211\u7684\u5ba0\u7269\u6050\u9f99", "username": "\u5927\u849c\u513f", "user_id": "103030115", "rating": "\u5f88\u5dee", "date": "2018-05-31", "time": "22:29:18", "comment": "\u767d\u778e\u6f14\u5458\u4e86", "useful_count": "0"},
{"page_index": 0, "movie_id": "27043980", "title": "\u6211\u7684\u5ba0\u7269\u6050\u9f99", "username": "\u4eba\u95f4\u60c5\u611f\u89c2\u5bdf\u5458", "user_id": "68020726", "rating": "\u8f83\u5dee", "date": "2017-11-07", "time": "11:44:17", "comment": "\u4eba\u8bbe\u5267\u60c5\u90fd\u5957\u8def\u5230\u4e0d\u884c\u3002\u90fd\u662f\u513f\u7ae5\u4e3b\u89d2\u602a\u5947\u7269\u8bed\u7b80\u76f4\u7529\u4e86\u4e0d\u77e5\u9053\u51e0\u6761\u8857", "useful_count": "0"},
{"page_index": 0, "movie_id": "27043980", "title": "\u6211\u7684\u5ba0\u7269\u6050\u9f99", "username": "\u4e61\u90bb", "user_id": "56602755", "rating": "\u8fd8\u884c", "date": "2018-06-02", "time": "17:23:25", "comment": "8\uff0c9\u5c81\u7684\u5b69\u5b50\u770b\u5f97\u5f88\u5f00\u5fc3\uff0c\u5c31\u4e0d\u660e\u767d\u8c46\u74e3\u7684\u5206\u548b\u8fd9\u4e48\u4f4e\uff1f", "useful_count": "0"},
{"page_index": 0, "movie_id": "27043980", "title": "\u6211\u7684\u5ba0\u7269\u6050\u9f99", "username": "\u4e00\u4e2a\u4eba\u7684\u7535\u5f71", "user_id": "63440251", "rating": "\u5f88\u5dee", "date": "2017-10-02", "time": "18:37:18", "comment": "\u8fa3\u9e21\u4e2d\u7684\u6218\u6597\u9e21", "useful_count": "0"},
{"page_index": 0, "movie_id": "27043980", "title": "\u6211\u7684\u5ba0\u7269\u6050\u9f99", "username": "\u8110\u6a59\u662f\u6211", "user_id": "qichengshiwo", "rating": "\u8f83\u5dee", "date": "2017-10-07", "time": "15:48:38", "comment": "\u65af\u5766\u5229\u548c\u4ed6\u7684\u9f99\u4e00\u76f4\u672a\u88ab\u8d85\u8d8a", "useful_count": "0"},
{"page_index": 0, "movie_id": "27043980", "title": "\u6211\u7684\u5ba0\u7269\u6050\u9f99", "username": "\u7ea4\u7ea4", "user_id": "158629236", "rating": "\u8f83\u5dee", "date": "2018-05-31", "time": "08:43:42", "comment": "\u6050\u9f99\u53ef\u4e0d\u662f\u4f60\u60f3\u517b\u5c31\u80fd\u517b\u7684\u5ba0\u7269\u54df\uff0c\u5b69\u5b50\u4eec\u2026", "useful_count": "0"},
{"page_index": 0, "movie_id": "27043980", "title": "\u6211\u7684\u5ba0\u7269\u6050\u9f99", "username": "\u7406\u60f3\u56fd", "user_id": "165550232", "rating": "\u8f83\u5dee", "date": "2022-12-26", "time": "23:04:25", "comment": "\u633a\u53ef\u7231\u7684", "useful_count": "0"},
{"page_index": 0, "movie_id": "27043980", "title": "\u6211\u7684\u5ba0\u7269\u6050\u9f99", "username": "Disturbed Angel", "user_id": "44919543", "rating": "\u8fd8\u884c", "date": "2020-05-02", "time": "16:22:54", "comment": "\u5c0f\u5b69\u5b50\u770b\u633a\u597d\u7684\u3002", "useful_count": "0"},
{"page_index": 0, "movie_id": "27043980", "title": "\u6211\u7684\u5ba0\u7269\u6050\u9f99", "username": "Genie", "user_id": "genie1989", "rating": "\u5f88\u5dee", "date": "2020-05-01", "time": "15:32:19", "comment": "\u4e71\u4e03\u516b\u7cdf\u7684\u5267\u60c5 ", "useful_count": "0"},
{"page_index": 0, "movie_id": "27043980", "title": "\u6211\u7684\u5ba0\u7269\u6050\u9f99", "username": "\u559c\u6b22\u96e8\u4e5f\u559c\u6b22\u98ce", "user_id": "174783831", "rating": "\u8f83\u5dee", "date": "2018-05-31", "time": "12:24:24", "comment": "\u522b\uff0c\u522b\u4e86\u5427\ud83d\ude05", "useful_count": "0"},
{"page_index": 0, "movie_id": "27043980", "title": "\u6211\u7684\u5ba0\u7269\u6050\u9f99", "username": "\u517b\u732b\u7684\u4eba", "user_id": "138500332", "rating": "\u8fd8\u884c", "date": "2018-06-06", "time": "01:28:04", "comment": "\u6ca1\u6709\u9884\u671f\u7684\u7cbe\u5f69", "useful_count": "0"},
{"page_index": 0, "movie_id": "27043980", "title": "\u6211\u7684\u5ba0\u7269\u6050\u9f99", "username": "\u5047\u8a00\u4eb2\u738b", "user_id": "1298828", "rating": "\u5f88\u5dee", "date": "2018-06-03", "time": "12:12:43", "comment": "\u513f\u5b50\u559c\u6b22\uff0c\u5f88\u5957\u8def\u5f88\u65e0\u804a", "useful_count": "0"},
{"page_index": 0, "movie_id": "27043980", "title": "\u6211\u7684\u5ba0\u7269\u6050\u9f99", "username": "\u5341\u4e00", "user_id": "140170906", "rating": "\u8fd8\u884c", "date": "2018-06-04", "time": "00:14:19", "comment": "\u6d77\u62a5\u505a\u7684\u771f\u662f\u6f02\u4eae\uff0c\u6050\u9f99\u957f\u7684\u8fd8\u633a\u840c\uff0c\u6545\u4e8b\u4e00\u822c\uff0c\u54c4\u5b69\u5b50\u73a9\u513f\u7684\u7535\u5f71", "useful_count": "0"},
{"page_index": 0, "movie_id": "27043980", "title": "\u6211\u7684\u5ba0\u7269\u6050\u9f99", "username": "\u80a5\u561f\u561f", "user_id": "29521615", "rating": "\u5f88\u5dee", "date": "2019-01-04", "time": "16:48:05", "comment": "\u4e94\u6bdb\u7279\u6548\uff0c\u65e0\u6bd4\u5927\u7279\u6743\u7684\u5c0f\u89c4\u6a21\u519b\u961f\uff0c\u725b\u903c\u7684DNA\u6280\u672f\uff0c\u771f\u7684\u592a\u70c2\u4e86", "useful_count": "0"},
{"page_index": 0, "movie_id": "27043980", "title": "\u6211\u7684\u5ba0\u7269\u6050\u9f99", "username": "\u537f\u542f\u73ae", "user_id": "32541723", "rating": "\u8f83\u5dee", "date": "2018-06-02", "time": "21:26:47", "comment": "\u611f\u89c9\u50cf\u621120\u5e74\u524d\u770b\u7684\u513f\u7ae5\u7247\uff0c\u4e00\u70b9\u957f\u8fdb\u90fd\u6ca1\u6709", "useful_count": "0"},
{"page_index": 0, "movie_id": "27043980", "title": "\u6211\u7684\u5ba0\u7269\u6050\u9f99", "username": "\u684e\u706b", "user_id": "133978729", "rating": "\u8f83\u5dee", "date": "2017-11-05", "time": "12:56:47", "comment": "[pc]\u4eca\u5e74\u6709\u53e6\u4e00\u90e8\u76f8\u4f3c\u6d77\u62a5\u7684\u7535\u5f71\uff0c\u65f6\u5149\u505a\u8fc7\u65b0\u95fb\u3002\u6bd4<\u7389\u5b50>\u5dee\u4e86\u5341\u6761<\u5f7c\u5f97\u7684\u9f99>", "useful_count": "0"},
{"page_index": 0, "movie_id": "27043980", "title": "\u6211\u7684\u5ba0\u7269\u6050\u9f99", "username": "Kinki.Y", "user_id": "4337719", "rating": "\u8f83\u5dee", "date": "2018-04-26", "time": "13:59:59", "comment": "\u6700\u540e\u90a3\u53ea\u6050\u9f99\u4ec0\u4e48\u7ed3\u5c40\u5c45\u7136\u5c31\u83ab\u540d\u5176\u5999\u7684\u6ca1\u4e86\uff01\u5c0f\u5b69\u5b50\u7684\u4e1c\u897f\u4e0d\u5982\u602a\u517d\u90a3\u4e2a\u597d\u770b\uff0c\u6700\u8d77\u7801\u4eba\u5bb6\u653e\u5f52\u5927\u6d77\u4e86\u3002", "useful_count": "0"},
{"page_index": 0, "movie_id": "27043980", "title": "\u6211\u7684\u5ba0\u7269\u6050\u9f99", "username": "\u6613\u95e8", "user_id": "119208073", "rating": "\u8f83\u5dee", "date": "2018-06-11", "time": "23:58:24", "comment": "\u2026\u2026", "useful_count": "0"},
{"page_index": 0, "movie_id": "27043980", "title": "\u6211\u7684\u5ba0\u7269\u6050\u9f99", "username": "SX", "user_id": "1831746", "rating": "\u8fd8\u884c", "date": "2018-07-20", "time": "23:27:46", "comment": "\u6700\u540e\u4e5f\u4e0d\u77e5\u9053\u662f\u5565\u7269\u8d28", "useful_count": "0"},
{"page_index": 0, "movie_id": "27043980", "title": "\u6211\u7684\u5ba0\u7269\u6050\u9f99", "username": "\u91c7\u6728\u6d6e\u5fc3", "user_id": "165436358", "rating": "\u8fd8\u884c", "date": "2022-12-26", "time": "17:57:39", "comment": "\u65e0\u804a\uff0c\u5c0f\u5b69\u5b50\u4e5f\u4e0d\u89c1\u5f97\u4e50\u610f\u770b\u3002", "useful_count": "0"},
{"page_index": 0, "movie_id": "27043980", "title": "\u6211\u7684\u5ba0\u7269\u6050\u9f99", "username": "walker", "user_id": "POYOKO", "rating": "\u5f88\u5dee", "date": "2018-06-01", "time": "15:58:19", "comment": "\u8fd8\u6709\u6bd4\u8fd9\u66f4\u4e11\u7684\u6050\u9f99\u561b\n\u6f14\u5458\u662f\u4e0d\u662f\u90fd\u6ca1\u6709\u6bd5\u4e1a", "useful_count": "0"},
{"page_index": 0, "movie_id": "27043980", "title": "\u6211\u7684\u5ba0\u7269\u6050\u9f99", "username": "Nass", "user_id": "4260820", "rating": null, "date": "2019-03-05", "time": "19:35:38", "comment": "lg\u51fa\u5dee 2019.3.5", "useful_count": "0"},
{"page_index": 0, "movie_id": "27043980", "title": "\u6211\u7684\u5ba0\u7269\u6050\u9f99", "username": "Maaaaa", "user_id": "142780177", "rating": "\u8f83\u5dee", "date": "2018-08-15", "time": "19:08:55", "comment": "\u9664\u4e86\u6050\u9f99\u840c\u4e00\u70b9\uff0c\u6ca1\u4ec0\u4e48\u4f18\u70b9", "useful_count": "0"},
{"page_index": 0, "movie_id": "27043980", "title": "\u6211\u7684\u5ba0\u7269\u6050\u9f99", "username": "Amourmovie", "user_id": "129328241", "rating": "\u5f88\u5dee", "date": "2017-10-06", "time": "08:27:44", "comment": "\u4e94\u5206\u94b1\u7279\u6548\u3002", "useful_count": "0"},
{"page_index": 0, "movie_id": "27043980", "title": "\u6211\u7684\u5ba0\u7269\u6050\u9f99", "username": "\u7ea6\u5417\u5561", "user_id": "175192151", "rating": "\u63a8\u8350", "date": "2019-02-14", "time": "18:05:11", "comment": "\u7fa1\u6155\u4ed6\u4eec\u7684\u751f\u6d3b", "useful_count": "0"},
{"page_index": 0, "movie_id": "27043980", "title": "\u6211\u7684\u5ba0\u7269\u6050\u9f99", "username": "S.eptember", "user_id": "S.eptember", "rating": "\u8fd8\u884c", "date": "2018-06-04", "time": "15:52:29", "comment": "\u966a\u513f\u5b50\u770b\u4e2a\u4e50", "useful_count": "0"},
{"page_index": 0, "movie_id": "27043980", "title": "\u6211\u7684\u5ba0\u7269\u6050\u9f99", "username": "\u8def\u864e", "user_id": "134928146", "rating": "\u8f83\u5dee", "date": "2018-05-31", "time": "18:48:46", "comment": "\u4ec0\u4e48\u60c5\u51b5\uff1f\uff1f\uff1f\uff1f\uff1f\uff1f\uff1f\uff1f\uff1f", "useful_count": "0"},
{"page_index": 0, "movie_id": "27043980", "title": "\u6211\u7684\u5ba0\u7269\u6050\u9f99", "username": "\u3002\u52bf\u6e05", "user_id": "88366962", "rating": "\u8fd8\u884c", "date": "2018-07-24", "time": "16:07:33", "comment": "\u7ed9\u513f\u7ae5\u770b\u8fd8\u884c", "useful_count": "0"},
{"page_index": 0, "movie_id": "27043980", "title": "\u6211\u7684\u5ba0\u7269\u6050\u9f99", "username": "\u4f4e\u7aef\u4eba\u30edM", "user_id": "79878419", "rating": "\u5f88\u5dee", "date": "2020-03-01", "time": "18:45:01", "comment": "\u662f\u771ftm\u5f31\u667a...... \u4e3a\u4ec0\u4e48\u5730\u65b9\u7535\u5f71\u53f0\u81f4\u529b\u4e8e\u8fd9\u79cd\u5783\u573e\u73a9\u610f", "useful_count": "0"},
{"page_index": 0, "movie_id": "27043980", "title": "\u6211\u7684\u5ba0\u7269\u6050\u9f99", "username": "\u98de\u5f61\u98de\u5f61", "user_id": "53317019", "rating": "\u8f83\u5dee", "date": "2018-09-25", "time": "14:38:14", "comment": "\u9002\u5408\u4f4e\u9f84\u513f\u7ae5\u770b\u7684\u7535\u5f71\u3002\n\n\u633a\u5947\u5e7b\u7684\uff0c\u4ee5\u4e3a\u662f\u5916\u661f\u4eba\u628a\u6050\u9f99\u5e26\u5230\u5730\u7403\u4e0a\u4e86\u3002\n\n\u540e\u9762\u63ed\u5f00\u4e86\u8c1c\u5c40\uff0c\u662f\u4e00\u540d\u519b\u4eba\u65e0\u80fd\uff0c\u6ca1\u529e\u6cd5\u517b\u5927\u6050\u9f99\u3002\n\n\u5927\u9762\u79ef\u94fa\u6492\u6050\u9f99\u5316\u5b66\u7269\u8d28\n\n\u4e00\u540d\u5c0f\u5b66\u751f\u5076\u7136\u83b7\u5f97\u6b64\u7269\u8d28\uff0c\u53c8\u5076\u7136\u5976\u6614\uff0c\u548c\u9541\uff0c\u8fd8\u6709\u5316\u5b66\u7269\u8d28\u5f62\u6210\u4e86\u6050\u9f99\u3002\n\n\u5e76\u4e0e\u4e3b\u4eba\u516c\u53d1\u751f\u7684\u6545\u4e8b\n\n\u597d\u50cf\u4e3b\u4eba\u516c\u517b\u6210\u7684\u4e00\u6761\u72d7\n\n\u542c\u8bdd\n\n\u5750\n\n\u722c\n\n\u770b\u7740\u4e00\u822c\uff0c\u513f\u7ae5\u5e94\u8be5\u770b\u7740\u597d\u770b\u4e00\u4e9b\uff01", "useful_count": "0"},
{"page_index": 0, "movie_id": "27043980", "title": "\u6211\u7684\u5ba0\u7269\u6050\u9f99", "username": "\u5e03\u5170\u59ec", "user_id": "189993617", "rating": "\u8f83\u5dee", "date": "2020-10-20", "time": "22:33:48", "comment": "\u300a\u6211\u7684\u5ba0\u7269\u6050\u9f99\u300b\n\u7231\u597d\u5e7d\u6d6e\u56db\u4eba\u7ec4\uff0c\u6797\u4e2d\u5bfb\u5947\u83b7\u7c98\u7269\u3002\n\u53d8\u8272\u5c0f\u602a\u957f\u5f97\u5feb\uff0c\u4e00\u65e5\u6570\u5c3a\u85cf\u4e0d\u4f4f\u3002\n\u6f5c\u5165\u519b\u533a\u53d1\u9634\u8c0b\uff0c\u5404\u5c55\u6240\u957f\u62a4\u5ba0\u7269\u3002\n\u81f4\u656c\u201cET\u201d\u529b\u4e0d\u902e\uff0c\u8bbe\u5b9a\u8fdd\u7406\u7279\u6548\u7c97\u3002", "useful_count": "0"},
{"page_index": 0, "movie_id": "27043980", "title": "\u6211\u7684\u5ba0\u7269\u6050\u9f99", "username": "Amor\u4e00\u5ff5\u4e4b\u5dee", "user_id": "156977113", "rating": "\u8f83\u5dee", "date": "2022-12-26", "time": "15:11:02", "comment": "\u4e0d\u597d\u770b\u634f", "useful_count": "0"},
{"page_index": 0, "movie_id": "27043980", "title": "\u6211\u7684\u5ba0\u7269\u6050\u9f99", "username": "\u8679\u8679julia", "user_id": "147859803", "rating": "\u8fd8\u884c", "date": "2018-06-02", "time": "18:44:00", "comment": "\u4eca\u5929\u672c\u6765\u4e70\u4e863\u5f20\u7968\uff0c\u6709\u4e8b\u53bb\u4e0d\u4e86\uff0c\u8fd8\u4e0d\u80fd\u9000\u7968\uff0c\u672c\u6765\u5b69\u5b50\u5f88\u60f3\u770b\u7684\uff0c\u540e\u6765\u7684\u6211\u4eec\u771f\u662f\u5783\u573e\uff0c\u56e0\u4e3a\u8fd9\u4e2a\u7535\u5f71\u4e0d\u80fd\u9000\u7968\uff0c\u635f\u5bb3\u4e86\u6211\u4eec\u6d88\u8d39\u8005\u7684\u6743\u76ca\uff0c\u4e00\u751f\u9ed1", "useful_count": "0"},
{"page_index": 0, "movie_id": "27043980", "title": "\u6211\u7684\u5ba0\u7269\u6050\u9f99", "username": "\u751c\u751c\u4e00\u7b11", "user_id": "173328904", "rating": "\u63a8\u8350", "date": "2018-06-01", "time": "18:41:07", "comment": "\u770b\u5b8c\u7535\u5f71\u7684\u7b2c\u4e00\u611f\u89c9\u5c31\u662f\uff0c\u5e0c\u671b\u6709\u53ea\u6050\u9f99\u505a\u5ba0\u7269\u3002", "useful_count": "0"},
{"page_index": 0, "movie_id": "27043980", "title": "\u6211\u7684\u5ba0\u7269\u6050\u9f99", "username": "\u5c0f\u50f5\u5c38", "user_id": "46996701", "rating": "\u8f83\u5dee", "date": "2018-06-04", "time": "10:43:47", "comment": "\u633a\u65e0\u804a\u7684...\u4e0d\u53ca\u671f\u5f85 | \u5b83\u5c0f\u7684\u65f6\u5019 \u5e27\u6570\u597d\u50cf\u4e0d\u591f...", "useful_count": "0"},
{"page_index": 0, "movie_id": "27043980", "title": "\u6211\u7684\u5ba0\u7269\u6050\u9f99", "username": "Paylor", "user_id": "159308749", "rating": "\u8f83\u5dee", "date": "2018-06-03", "time": "01:28:37", "comment": "\u5c0f\u6050\u9f99\u633a\u840c\u7684\u3002", "useful_count": "0"},
{"page_index": 0, "movie_id": "27043980", "title": "\u6211\u7684\u5ba0\u7269\u6050\u9f99", "username": "\u75af\u75af\u54e8\u5b50\u9762", "user_id": "pipitele", "rating": "\u8f83\u5dee", "date": "2018-06-06", "time": "23:28:01", "comment": "\u53ef\u80fd\u5b69\u5b50\u4e5f\u4e0d\u559c\u6b22\u770b\u5427", "useful_count": "0"},
{"page_index": 0, "movie_id": "27043980", "title": "\u6211\u7684\u5ba0\u7269\u6050\u9f99", "username": "fake", "user_id": "shallowater", "rating": "\u8fd8\u884c", "date": "2018-06-05", "time": "01:18:20", "comment": "\u5fd8\u8bb0\u6807\u8bb0\u4e86\uff0c\u513f\u7ae5\u8282\u770b\u7684\uff0c\u5267\u60c5\u6709\u70b9\u592a\u7c97\u7cd9\uff0c\u6050\u9f99\u3001UFO\u6ca1\u4ea4\u4ee3\u6e05\u695a\u600e\u4e48\u6765\u7684\u5440\u2026\u2026\u4f4e\u5e7c\u4e86", "useful_count": "0"},
{"page_index": 0, "movie_id": "27043980", "title": "\u6211\u7684\u5ba0\u7269\u6050\u9f99", "username": "nnuboy", "user_id": "41072087", "rating": "\u8fd8\u884c", "date": "2022-12-26", "time": "20:34:27", "comment": "\u8ba8\u538c\u7684\u5c0f\u5c41\u5b69", "useful_count": "0"},
{"page_index": 0, "movie_id": "27043980", "title": "\u6211\u7684\u5ba0\u7269\u6050\u9f99", "username": "\u6e29\u67d4\u7684\u864e\u9cb8", "user_id": "Hero19991031", "rating": "\u8f83\u5dee", "date": "2019-07-10", "time": "17:27:16", "comment": "\u7adf\u7136\u662f2017\u5e74\u5929\u5450", "useful_count": "0"},
{"page_index": 0, "movie_id": "27043980", "title": "\u6211\u7684\u5ba0\u7269\u6050\u9f99", "username": "kqqx_zy", "user_id": "103015562", "rating": "\u5f88\u5dee", "date": "2018-07-14", "time": "08:10:56", "comment": "\u8fd9\u4e2a\u771f\u7684\u4e0d\u662f\u4e00\u822c\u7684\u5947\u5e7b\u4e86\uff0c\u4e0d\u559c\u6b22\u8fd9\u6837\u7684\u7535\u5f71\uff0c\u6211\u5bf9\u7279\u6548\u5230\u65e0\u6240\u8c13\uff0c\u989d\ud83d\ude13", "useful_count": "0"},
{"page_index": 0, "movie_id": "27043980", "title": "\u6211\u7684\u5ba0\u7269\u6050\u9f99", "username": "\u897f\u74dc\u592a\u5a18", "user_id": "lhm1996", "rating": "\u8f83\u5dee", "date": "2019-03-18", "time": "16:53:08", "comment": "\u6545\u4e8b\u5c1a\u53ef\uff0c\u672c\u7247\u5c34\u5c2c\u7684\u6f14\u6280\u51cf\u4e00\u9897\u661f\u2026\u2026\u2026\u2026\u592a\u751f\u786c\u4e86\u5427", "useful_count": "0"},
{"page_index": 0, "movie_id": "27043980", "title": "\u6211\u7684\u5ba0\u7269\u6050\u9f99", "username": "jailey love", "user_id": "210386333", "rating": "\u8f83\u5dee", "date": "2021-02-07", "time": "21:49:18", "comment": "\u5f53\u6210\u52a8\u753b\u7247\u7684\u8bdd\u5267\u60c5\u4e5f\u6ca1\u6709\u591a\u4e0d\u53ef\u7406\u55bb\uff0c\u53ea\u662f\u4e2d\u6587\u914d\u97f3\u771f\u7684\u4e0d\u53ef", "useful_count": "0"},
{"page_index": 0, "movie_id": "27043980", "title": "\u6211\u7684\u5ba0\u7269\u6050\u9f99", "username": "\u9648\u7205\u5409", "user_id": "SilenceChen1226", "rating": "\u8f83\u5dee", "date": "2018-08-29", "time": "00:55:52", "comment": "\u4e0d\u540c\u7684\u98df\u7269\u548c\u90a3\u79cd\u4ea7\u751f\u751f\u7269\u7684\u5916\u661f\u7c98\u6db2\u53ef\u4ee5\u521b\u9020\u4e0d\u540c\u7684\u7269\u79cd\uff0c\u8fd9\u4e2a\u8bbe\u5b9a\u633a\u6709\u8da3\u7684\uff0c\u9664\u6b64\u4e4b\u5916\u4e5f\u5c31\u53ea\u6709\u7537\u4e3b\u6b63\u592a\u7684\u989c\u503c\u52c9\u5f3a\u80fd\u770b\u4e00\u4e0b\u4e86\u3002", "useful_count": "0"},
{"page_index": 0, "movie_id": "27043980", "title": "\u6211\u7684\u5ba0\u7269\u6050\u9f99", "username": "Fan\u8303\u8303\u8303\u8303\u8303\u4e8c", "user_id": "151526686", "rating": "\u5f88\u5dee", "date": "2018-06-01", "time": "09:37:22", "comment": "\u773c\u775b\u8981\u778e\u6389\uff0c\u672c\u4ee5\u4e3a\u662f\u513f\u7ae5\u7248\u7684\u201c\u4f8f\u7f57\u7eaa\u201d\u518d\u5dee\u4e5f\u67e5\u4e0d\u5230\u54ea\u91cc\u53bb\uff0c\u770b\u5b8c\u6ca1\u60f3\u5230\u56fd\u5916\u4e5f\u6709\u6574\u5bb9\u822c\u7684\u6f14\u6280\u9635\u5bb9\uff0c\u526a\u8f91\u66f4\u662f\u6df7\u4e71\u4e0d\u582a\uff0c\u6574\u4f53\u83ab\u540d\u5176\u5999\uff0c\u597d\u8d70\u4e0d\u9001\uff01", "useful_count": "1"},
{"page_index": 0, "movie_id": "27043980", "title": "\u6211\u7684\u5ba0\u7269\u6050\u9f99", "username": "\u8df3\u8df3", "user_id": "163226194", "rating": "\u5f88\u5dee", "date": "2018-06-04", "time": "10:50:31", "comment": "\u5047\u5047\u7684\u7279\u6548\u25bc_\u25bc", "useful_count": "0"},
{"page_index": 0, "movie_id": "27043980", "title": "\u6211\u7684\u5ba0\u7269\u6050\u9f99", "username": "\u5c0f\u9c7c\u5e72", "user_id": "165383633", "rating": "\u8f83\u5dee", "date": "2018-05-31", "time": "12:06:08", "comment": "\u6709\u70b9\u5047......", "useful_count": "0"},
{"page_index": 0, "movie_id": "27043980", "title": "\u6211\u7684\u5ba0\u7269\u6050\u9f99", "username": "\u6ca7\u6d77\u5fae\u6ca4", "user_id": "61334951", "rating": "\u8f83\u5dee", "date": "2020-09-21", "time": "15:50:02", "comment": "\u5236\u4f5c\u6709\u4e9b\u7c97\u7cd9\u7684\u513f\u7ae5\u7535\u5f71\uff0c\u79bb\u4f18\u79c0\u5f71\u7247\u81f3\u5c11\u8fd8\u6709\u4e00\u53ea\u54c6\u5566A\u68a6\u7684\u5dee\u8ddd\uff0c\u592e\u89c6\u516d\u5957\u89c2\u5f71\u3002", "useful_count": "0"},
{"page_index": 0, "movie_id": "27043980", "title": "\u6211\u7684\u5ba0\u7269\u6050\u9f99", "username": "yuyuyuyu", "user_id": "68917195", "rating": "\u8f83\u5dee", "date": "2018-04-22", "time": "21:16:09", "comment": "\u611f\u89c9\u5c0f\u6f14\u5458\u5df2\u7ecf\u5c3d\u529b\u4e86\uff0c\u4f46\u662f\u6446\u62cd\u75d5\u8ff9\u4e25\u91cd\uff0c\u6f14\u5458\u4e92\u76f8\u5c2c\u620f\uff0c\u6050\u9f99\u59cb\u7ec8\u4e5f\u6ca1\u6709\u89e3\u91ca\u6e05\u695a\u3002\u4e2d\u95f4\u611f\u89c9\u8df3\u8fc7\u4e86\u4e00\u90e8\u5206\u7ecf\u8d39\u7206\u70b8\u7684\u620f\u3002\u5509:-(", "useful_count": "0"},
{"page_index": 0, "movie_id": "27043980", "title": "\u6211\u7684\u5ba0\u7269\u6050\u9f99", "username": "\u80e1\u80e1", "user_id": "edith1208", "rating": "\u5f88\u5dee", "date": "2018-06-01", "time": "16:18:56", "comment": "\u8fd9\u7247\u5b50\u62cd\u7684\u771f\u7684\u5f88\u65e0\u8bed\uff0c\u5373\u4f7f\u505a\u4e3a\u513f\u7ae5\u7247\u4e5f\u592a\u5077\u61d2\u4e86\uff01", "useful_count": "0"},
{"page_index": 0, "movie_id": "27043980", "title": "\u6211\u7684\u5ba0\u7269\u6050\u9f99", "username": "\u5df2\u6ce8\u9500", "user_id": "205008245", "rating": "\u8f83\u5dee", "date": "2020-09-21", "time": "18:36:43", "comment": "\u4ec0\u4e48\u7834\u7247\u5b50\uff1f\u6ca1\u6709\u903b\u8f91\u667a\u5546\u4f4e\u5e7c\uff0c\u5982\u679c\u662f\u4e2d\u56fd\u4ea7\u7684\u5206\u6570\u4e0d\u4f4e\u4e8e\u4e24\u5206\u624d\u602a(\u25bc\u76bf\u25bc#)\uff01cctv6\u4e70\u4e0b\u7684\u5916\u56fd\u7247\u4e0d\u5e94\u8be5\u662f\u8fd9\u4e2a\u8d28\u91cf\u554a\uff01", "useful_count": "0"},
{"page_index": 0, "movie_id": "27043980", "title": "\u6211\u7684\u5ba0\u7269\u6050\u9f99", "username": "Frances", "user_id": "143511423", "rating": "\u5f88\u5dee", "date": "2018-06-01", "time": "19:15:20", "comment": "\u4e0d\u597d\u770b", "useful_count": "0"},
{"page_index": 0, "movie_id": "27043980", "title": "\u6211\u7684\u5ba0\u7269\u6050\u9f99", "username": "\u306b\u3083\uff5e\u30dc\u30c3", "user_id": "103151135", "rating": "\u8f83\u5dee", "date": "2018-04-30", "time": "19:46:08", "comment": "\u7565\u6e29\u60c5", "useful_count": "0"},
{"page_index": 0, "movie_id": "27043980", "title": "\u6211\u7684\u5ba0\u7269\u6050\u9f99", "username": "Beowulf", "user_id": "sissiazhang", "rating": "\u8f83\u5dee", "date": "2020-05-01", "time": "15:19:03", "comment": "\u4e0d\u8fde\u8d2f\u7684\u5267\u60c5", "useful_count": "0"},
{"page_index": 0, "movie_id": "27043980", "title": "\u6211\u7684\u5ba0\u7269\u6050\u9f99", "username": "\u8309\u8389", "user_id": "88113814", "rating": "\u8f83\u5dee", "date": "2018-05-31", "time": "17:05:15", "comment": "\u966a\u5c0f\u670b\u53cb\u770b\u7684\u513f\u7ae5\u7247\u3002", "useful_count": "0"},
{"page_index": 0, "movie_id": "27043980", "title": "\u6211\u7684\u5ba0\u7269\u6050\u9f99", "username": "\u590f\u554a\u590f\u5929", "user_id": "lovegabe", "rating": "\u8f83\u5dee", "date": "2018-12-30", "time": "20:14:58", "comment": "\u6050\u9f99\u9020\u578b\u6e05\u5947\uff0c\u7ad9\u626b\u5730\u673a\u5668\u4eba\u4e0a\u6709\u70b9\u840c\uff0c\u548c\u540e\u6765\u7684\u6251\u5012\u519b\u65b9\u65e0\u4eba\u673a\u524d\u540e\u7167\u5e94\uff0c\u9664\u6b64\u4e4b\u5916\uff0c\u771f\u7684\u4e0d\u80fd\u6df1\u7a76\u554a", "useful_count": "0"},
{"page_index": 0, "movie_id": "27043980", "title": "\u6211\u7684\u5ba0\u7269\u6050\u9f99", "username": "lijinmiao", "user_id": "198083291", "rating": "\u8f83\u5dee", "date": "2022-12-26", "time": "15:57:06", "comment": "\u6211\u7684\u5ba0\u7269\u6050\u6016\u9f99", "useful_count": "0"},
{"page_index": 0, "movie_id": "27043980", "title": "\u6211\u7684\u5ba0\u7269\u6050\u9f99", "username": "\u8bed\u51b0", "user_id": "Holly810", "rating": "\u8f83\u5dee", "date": "2018-05-31", "time": "18:24:06", "comment": "\u7761\u8fc7\u53bb\u65e0\u6570\u6b21\u53c8\u9192\u8fc7\u53bb\u65e0\u6570\u6b21\u7684\u7535\u5f71\uff0c\u81f3\u4e8e\u6211\u4e3a\u4ec0\u4e48\u4f1a\u53bb\u770b\uff0c\u5c31\u618b\u8bf4\u4e86\u3002", "useful_count": "0"},
{"page_index": 0, "movie_id": "27043980", "title": "\u6211\u7684\u5ba0\u7269\u6050\u9f99", "username": "lyl", "user_id": "154226492", "rating": "\u8f83\u5dee", "date": "2018-06-02", "time": "13:46:29", "comment": "\u770b\u4e86\u8fd9\u90e8\u7247\u5b50\u7684\u7279\u6548\uff0c\u6211\u89c9\u5f97\u4e2d\u56fd\u7684\u7279\u6548\u505a\u7684\u633a\u597d\u7684\u3002", "useful_count": "0"},
{"page_index": 1, "movie_id": "27043980", "title": "\u6211\u7684\u5ba0\u7269\u6050\u9f99", "username": "\u5c0f\u75af\u5b50", "user_id": "161333090", "rating": "\u8fd8\u884c", "date": "2018-06-06", "time": "23:20:46", "comment": "\u662f\u513f\u7ae5\u7247\u6ca1\u9519\u4e86", "useful_count": "0"},
{"page_index": 1, "movie_id": "27043980", "title": "\u6211\u7684\u5ba0\u7269\u6050\u9f99", "username": "yankuang151", "user_id": "138103621", "rating": "\u8fd8\u884c", "date": "2018-05-31", "time": "19:04:44", "comment": "\u5f88\u96be\u754c\u5b9a\u89c2\u5f71\u4eba\u7fa4 \u5927\u4eba\u770b\u592a\u7b80\u5355 \u5c0f\u670b\u53cb\u770b\u4e0d\u591f\u5192\u9669\u523a\u6fc0 \u5267\u60c5\u4e0d\u591f\u5355\u7eaf \u4f18\u70b9\u662f\u5916\u56fd\u4eba\u957f\u5f97\u592a\u6f02\u4eae\u4e86", "useful_count": "0"},
{"page_index": 1, "movie_id": "27043980", "title": "\u6211\u7684\u5ba0\u7269\u6050\u9f99", "username": "\u5c0f\u73ca", "user_id": "178240919", "rating": "\u8fd8\u884c", "date": "2018-06-01", "time": "23:10:09", "comment": "\u4e5f\u6ca1\u6709\u50cf\u4ed6\u4eec\u5410\u69fd\u7684\u90a3\u4e48\u5dee\u5427", "useful_count": "1"},
{"page_index": 1, "movie_id": "27043980", "title": "\u6211\u7684\u5ba0\u7269\u6050\u9f99", "username": "\u97ad\u6253\u7ee3\u7403", "user_id": "245138166", "rating": "\u8fd8\u884c", "date": "2022-12-26", "time": "16:24:47", "comment": "\u5b69\u5b50\u4eec\u7684\u5192\u9669\u6545\u4e8b\u8fd8\u662f\u6709\u4e00\u5b9a\u7684\u57fa\u672c\u76d8\uff0c\u4e0d\u4f1a\u96be\u770b\u5230\u54ea\u513f\u53bb\u3002\u5c0f\u6050\u9f99\u840c\u840c\u7684\uff0c\u5982\u679c\u5b83\u4e0d\u4f1a\u957f\u5927\uff0c\u5e94\u8be5\u53ef\u4ee5\u4e00\u76f4\u966a\u7740\u6770\u514b\u5427\uff0c\u7ed3\u5c3e\u5904\u90a3\u53ea\u4f1a\u98de\u7684\u5c0f\u6050\u9f99\u4f1a\u662f\u9541\u683c\u7eb3\u65af\u5417\uff1f", "useful_count": "0"},
{"page_index": 1, "movie_id": "27043980", "title": "\u6211\u7684\u5ba0\u7269\u6050\u9f99", "username": "\u70f9\u9c7c\u5bb4", "user_id": "190574712", "rating": null, "date": "2020-03-13", "time": "12:35:39", "comment": "@2018-05-06 20:00:39", "useful_count": "0"},
{"page_index": 1, "movie_id": "27043980", "title": "\u6211\u7684\u5ba0\u7269\u6050\u9f99", "username": "\u732a\u5d3d", "user_id": "177673575", "rating": "\u8f83\u5dee", "date": "2018-06-07", "time": "21:46:01", "comment": "\u51b2\u7740\u6050\u9f99\u7684\u540d\u53f7\u53bb\u770b\u7684\uff0c\u867d\u7136\u6211\u559c\u6b22\u6050\u9f99\uff0c\u4f46\u8fd9\u79cd\u80fd\u53d8\u5927\u53d8\u5c0f\uff0c\u582a\u6bd4\u5916\u661f\u751f\u7269\u7684\u4e1c\u897f\u771f\u7684\u662f\u6050\u9f99\u5417\uff01\u522b\u5ffd\u60a0\u6211\u4e86\uff01\u6050\u9f99\u4e0d\u591f\u903c\u771f\uff0c\u5267\u60c5\u4e0d\u591f\u5438\u5f15\u4eba\uff0c\u5632\u70b9\u4e5f\u591a\u2026\u2026\u5931\u671b\u2026\u2026", "useful_count": "0"},
{"page_index": 1, "movie_id": "27043980", "title": "\u6211\u7684\u5ba0\u7269\u6050\u9f99", "username": "Crafty", "user_id": "167571479", "rating": "\u529b\u8350", "date": "2018-06-01", "time": "22:07:02", "comment": "\u6700\u559c\u6b22\u6050\u9f99\u9898\u6750\u7684\u7535\u5f71\u4e86\uff01\u8fd9\u6b21\u8fd8\u9644\u6709\u840c\u7cfb\u5143\u7d20\u63a8\u8350\u54e6\u2299\u2200\u2299\uff01", "useful_count": "0"},
{"page_index": 1, "movie_id": "27043980", "title": "\u6211\u7684\u5ba0\u7269\u6050\u9f99", "username": "tqo7vjqf", "user_id": "159659717", "rating": "\u5f88\u5dee", "date": "2018-06-01", "time": "14:13:03", "comment": "\u4e0d\u77e5\u662f\u4e0d\u662f\u56e0\u4e3a\u88ab\u526a\u90fd\u540e\u671f\u8fde\u8d2f\u6027\u5f88\u5dee\u3002\u5173\u952e\u8fd8\u662f\u914d\u97f3\u7684\uff0c\u4e00\u584c\u7cca\u6d82\u3002", "useful_count": "0"},
{"page_index": 1, "movie_id": "27043980", "title": "\u6211\u7684\u5ba0\u7269\u6050\u9f99", "username": "\u5fc5\u80dc\u4e8c\u96f6\u4e00\u634c", "user_id": "178117195", "rating": "\u5f88\u5dee", "date": "2018-05-31", "time": "12:54:51", "comment": "\u771f\u5783\u573e\u554a\uff01\uff01", "useful_count": "0"},
{"page_index": 1, "movie_id": "27043980", "title": "\u6211\u7684\u5ba0\u7269\u6050\u9f99", "username": "\u7ae5\u5e74\u6211\u6700\u5927", "user_id": "177987780", "rating": "\u8f83\u5dee", "date": "2018-05-26", "time": "02:51:52", "comment": "\u5c0f\u670b\u53cb\u989c\u503c\u90fd\u5f88\u9ad8\uff0c\u53ef\u4ee5\u7279\u6548\u505a\u5f97\u771f\u7684\u4e0d\u6ee1\u610f", "useful_count": "0"},
{"page_index": 1, "movie_id": "27043980", "title": "\u6211\u7684\u5ba0\u7269\u6050\u9f99", "username": "\u515c\u513f", "user_id": "166954594", "rating": "\u8f83\u5dee", "date": "2017-10-12", "time": "19:37:44", "comment": "\u8c08\u4e0d\u4e0a\u4ec0\u4e48\u5267\u60c5\uff0c\u4e5f\u6ca1\u6709\u597d\u7684\u52a8\u753b\u6548\u679c\u3002\n\u770b\u4e0d\u4e0b\u53bb\uff0c\u9002\u540814\u5c81\u4ee5\u4e0b\u3002", "useful_count": "0"},
{"page_index": 1, "movie_id": "27043980", "title": "\u6211\u7684\u5ba0\u7269\u6050\u9f99", "username": "\u6052\u661f", "user_id": "178147265", "rating": "\u8f83\u5dee", "date": "2018-06-05", "time": "22:00:42", "comment": "\u672c\u6765\u60f3\u770b\u7684\uff0c\u4f46\u662f\u770b\u5230\u98df\u8349\u6050\u9f99\u65e2\u7136\u55b7\u706b\u4e86\uff1f\uff1f\uff1f\uff08\u9ed1\u4eba\u95ee\u53f7\u8138", "useful_count": "0"},
{"page_index": 1, "movie_id": "27043980", "title": "\u6211\u7684\u5ba0\u7269\u6050\u9f99", "username": "amlactin", "user_id": "178131559", "rating": "\u8fd8\u884c", "date": "2018-05-31", "time": "12:45:06", "comment": "\u6050\u9f99\u771f\u7684\u662f\u6050\u9f99", "useful_count": "0"},
{"page_index": 1, "movie_id": "27043980", "title": "\u6211\u7684\u5ba0\u7269\u6050\u9f99", "username": "\u53ed\u53ed\u53ed\u9999\u828b\u7cd5", "user_id": "178138551", "rating": "\u8f83\u5dee", "date": "2018-06-03", "time": "19:23:34", "comment": "\u70c2\u554a...", "useful_count": "0"},
{"page_index": 1, "movie_id": "27043980", "title": "\u6211\u7684\u5ba0\u7269\u6050\u9f99", "username": "\u968f\u9047\u800c\u5b89", "user_id": "178173295", "rating": "\u63a8\u8350", "date": "2018-06-02", "time": "12:20:47", "comment": "\u6050\u9f99\u5728\u6211\u4eec\u5fc3\u4e2d\u6c38\u8fdc\u90fd\u662f\u90a3\u4e48\u795e\u79d8\u3002\u6050\u9f99\u7684\u706d\u7edd\uff0c\u503c\u5f97\u6211\u4eec\u53bb\u601d\u8003", "useful_count": "0"},
{"page_index": 1, "movie_id": "27043980", "title": "\u6211\u7684\u5ba0\u7269\u6050\u9f99", "username": "888", "user_id": "AbcCba111", "rating": "\u5f88\u5dee", "date": "2018-05-31", "time": "18:33:45", "comment": "\u54c8\u54c8", "useful_count": "0"},
{"page_index": 1, "movie_id": "27043980", "title": "\u6211\u7684\u5ba0\u7269\u6050\u9f99", "username": "nana", "user_id": "178300905", "rating": "\u8f83\u5dee", "date": "2018-06-01", "time": "09:15:53", "comment": "\u53ef\u80fd\u8981\u5e26\u6211\u4e09\u5c81\u7684\u4f84\u5b50\u53bb\u770b \u624d\u6bd4\u8f83\u6b63\u5e38\u5427", "useful_count": "0"},
{"page_index": 1, "movie_id": "27043980", "title": "\u6211\u7684\u5ba0\u7269\u6050\u9f99", "username": "\u5c0f\u4f3c", "user_id": "178285724", "rating": "\u8fd8\u884c", "date": "2018-06-01", "time": "23:13:10", "comment": "\u4e00\u822c\u822c", "useful_count": "0"},
{"page_index": 1, "movie_id": "27043980", "title": "\u6211\u7684\u5ba0\u7269\u6050\u9f99", "username": "\u5939\u5154", "user_id": "178630588", "rating": "\u8f83\u5dee", "date": "2018-05-31", "time": "09:39:23", "comment": "\u6709\u70b9\u5047", "useful_count": "0"},
{"page_index": 1, "movie_id": "27043980", "title": "\u6211\u7684\u5ba0\u7269\u6050\u9f99", "username": "\u79cb\u6708\u5c0f\u59ae\u5b50", "user_id": "178702714", "rating": "\u529b\u8350", "date": "2018-06-01", "time": "20:09:48", "comment": "\u8d85\u7ea7\u559c\u6b22\u8fd9\u7c7b\u578b\u7684\u7535\u5f71\u3002\u5f88\u68d2\uff0c\u6ca1\u6709\u8f9c\u8d1f\u671f\u5f85\uff01", "useful_count": "0"},
{"page_index": 1, "movie_id": "27043980", "title": "\u6211\u7684\u5ba0\u7269\u6050\u9f99", "username": "\u54fc\u54c8121", "user_id": "178640571", "rating": "\u63a8\u8350", "date": "2018-06-05", "time": "10:28:47", "comment": "\u8fd8\u53ef\u4ee5\u63a5\u53d7", "useful_count": "0"},
{"page_index": 1, "movie_id": "27043980", "title": "\u6211\u7684\u5ba0\u7269\u6050\u9f99", "username": "\u4f3c\u66fe\u76f8\u8bc6", "user_id": "179349896", "rating": "\u529b\u8350", "date": "2018-06-01", "time": "15:18:03", "comment": "\u8fd8\u53ef\u4ee5 \u7684\u7535\u5f71  \u53ef\u4ee5\u5e26\u5b69\u5b50\u53bb\u770b\u770b", "useful_count": "0"},
{"page_index": 1, "movie_id": "27043980", "title": "\u6211\u7684\u5ba0\u7269\u6050\u9f99", "username": "\u8bd7\u548c\u8fdc\u65b9", "user_id": "179465041", "rating": "\u8f83\u5dee", "date": "2018-06-04", "time": "20:42:13", "comment": "\u526a\u8f91\u6709\u95ee\u9898\uff0c\u6545\u4e8b\u8282\u594f\u4e5f\u6709\u70b9\u4e71\uff0c\u5236\u4f5c\u4e5f\u4e0d\u7528\u5fc3\uff0c\u6050\u9f99\u4f1a\u5ffd\u5927\u5ffd\u5c0f\u3002", "useful_count": "0"},
{"page_index": 1, "movie_id": "27043980", "title": "\u6211\u7684\u5ba0\u7269\u6050\u9f99", "username": "\u963f\u9e7f", "user_id": "179558539", "rating": "\u8f83\u5dee", "date": "2018-06-06", "time": "12:18:23", "comment": "\u6709\u70b9\u65e0\u804a\uff0c\u5c0f\u5b69\u8bf4\u8fd8\u884c", "useful_count": "0"},
{"page_index": 1, "movie_id": "27043980", "title": "\u6211\u7684\u5ba0\u7269\u6050\u9f99", "username": "wonder", "user_id": "160963389", "rating": "\u5f88\u5dee", "date": "2018-06-02", "time": "12:35:27", "comment": "\u7279\u522b\u6ee5\u7684\u7247", "useful_count": "0"},
{"page_index": 1, "movie_id": "27043980", "title": "\u6211\u7684\u5ba0\u7269\u6050\u9f99", "username": "\u542c\u8bdd\u7684\u8d85", "user_id": "179365960", "rating": "\u529b\u8350", "date": "2018-06-01", "time": "11:43:05", "comment": "\u5f88\u4e0d\u9519\u7684\u4e00\u90e8\u7535\u5f71   \u6ca1\u6709\u60f3\u8c61\u4e2d\u90a3\u4e48\u5dee", "useful_count": "0"},
{"page_index": 1, "movie_id": "27043980", "title": "\u6211\u7684\u5ba0\u7269\u6050\u9f99", "username": "bbknightzm", "user_id": "169799270", "rating": "\u8f83\u5dee", "date": "2017-11-18", "time": "03:19:23", "comment": "\u9f13\u52b1\u513f\u7ae5\u517b\u5ba0\u7269\u7684\u5bb6\u5ead\u7247\uff0c\u5267\u60c5\u8001\u5957\uff0c\u7279\u6548\u4e00\u822c\u3002", "useful_count": "0"},
{"page_index": 1, "movie_id": "27043980", "title": "\u6211\u7684\u5ba0\u7269\u6050\u9f99", "username": "\u4e09\u6c34\u4e5f", "user_id": "178884921", "rating": "\u8fd8\u884c", "date": "2018-06-13", "time": "19:41:19", "comment": "\u6709\u70b9\u5c2c\uff0c\u53ef\u80fd\u5c0f\u670b\u53cb\u770b\u8fd8\u8fd8\u884c\u5427", "useful_count": "0"},
{"page_index": 1, "movie_id": "27043980", "title": "\u6211\u7684\u5ba0\u7269\u6050\u9f99", "username": "\u591a\u7f8e", "user_id": "179056448", "rating": "\u529b\u8350", "date": "2018-06-01", "time": "14:36:54", "comment": "\u5404\u5f0f\u5404\u6837\u7684\u6050\u9f99\uff0c\u573a\u666f\u8fd8\u662f\u633a\u9707\u64bc\u7684\uff0c\u503c\u5f97\u4e00\u770b\u3002", "useful_count": "0"},
{"page_index": 1, "movie_id": "27043980", "title": "\u6211\u7684\u5ba0\u7269\u6050\u9f99", "username": "\u62fe\u8352\u7684\u671d\u8005", "user_id": "89184808", "rating": "\u529b\u8350", "date": "2018-06-01", "time": "22:11:19", "comment": "\u611f\u89c9\u8fd9\u7c7b\u5f71\u7247\u8fd8\u662f\u5f88\u65b0\u5947\u7684\uff0c\u5c0f\u4e3b\u4eba\u516c\u5c5e\u4e8e\u81ea\u5df1\u7684\u5c0f\u79d8\u5bc6\uff0c\u4e2a\u4eba\u770b\u6cd5\u4e0d\u559c\u52ff\u55b7\u3002", "useful_count": "0"},
{"page_index": 1, "movie_id": "27043980", "title": "\u6211\u7684\u5ba0\u7269\u6050\u9f99", "username": "L", "user_id": "179366617", "rating": "\u529b\u8350", "date": "2018-06-01", "time": "11:51:49", "comment": "\u8fd9\u90e8\u5145\u6ee1\u4e86\u5947\u601d\u5999\u60f3\u7684\u7535\u5f71\u91cc\uff0c\u5927\u6982\u662f\u6bcf\u4e2a\u5b69\u5b50\u7ae5\u5e74\u90fd\u66fe\u5e7b\u60f3\u8fc7\u7684\u573a\u666f\uff0c\u4ece\u65af\u76ae\u5c14\u4f2f\u683c\u7684\u4e00\u4e2a\u5c0f\u7537\u5b69\u548c\u5916\u661f\u4ebaET\u7684\u6545\u4e8b\uff0c\u5230Matt Drummond\u7684\u4e00\u4e2a\u5c0f\u7537\u5b69\u548c\u6050\u9f99\u7684\u6545\u4e8b\uff0c\u90fd\u8ba9\u89c2\u4f17\u5728\u5947\u8da3\u5e7b\u60f3\u7684\u5192\u9669\u4e2d\uff0c\u4f53\u4f1a\u5230\u4e86\u5173\u4e8e\u5bb6\u5ead\u3001\u8d23\u4efb\u7684\u601d\u8003\u3002\u8fd9\u6837\u7684\u7535\u5f71\u4e5f\u6210\u4e3a\u4e86\u8fd9\u4e2a\u516d\u4e00\u6863\u4ee4\u4eba\u60ca\u559c\u7684\u5b58\u5728\u3002", "useful_count": "0"},
{"page_index": 1, "movie_id": "27043980", "title": "\u6211\u7684\u5ba0\u7269\u6050\u9f99", "username": "\u6893\u5ff5", "user_id": "178663610", "rating": "\u63a8\u8350", "date": "2018-06-03", "time": "17:13:24", "comment": "\u57f9\u517b\u5b69\u5b50\u7684\u60f3\u8c61\u529b\u548c\u8d23\u4efb\u611f\u8fd9\u4e00\u70b9\u8fd8\u4e0d\u9519\u7684\uff01\u53ef\u4e3a\u5565\u4e00\u5b9a\u8981\u5b69\u5b50\u60f3\u7740\u6050\u9f99\u53ef\u4ee5\u505a\u5ba0\u7269\u517b\u5462\uff1f\u6050\u9f99\u5047\u5230\u4e0d\u8981\u518d\u5047\u4e86\uff01", "useful_count": "0"},
{"page_index": 1, "movie_id": "27043980", "title": "\u6211\u7684\u5ba0\u7269\u6050\u9f99", "username": "C@L", "user_id": "179362044", "rating": "\u8fd8\u884c", "date": "2018-06-20", "time": "10:36:44", "comment": "\u5e26\u4e94\u5c81\u5c0f\u670b\u53cb\u53bb\u770b\u7684\uff0c\u6211\u89c9\u5f97\u8fd8\u53ef\u4ee5\uff0c\u540e\u9762\u7684\u5267\u60c5\u4e0d\u600e\u4e48\u597d", "useful_count": "0"},
{"page_index": 1, "movie_id": "27043980", "title": "\u6211\u7684\u5ba0\u7269\u6050\u9f99", "username": "Oliver", "user_id": "171354620", "rating": "\u8fd8\u884c", "date": "2018-04-26", "time": "19:02:37", "comment": "\u771f\u7684\u597d\u4f4e\u9f84\u3002\u3002", "useful_count": "0"},
{"page_index": 1, "movie_id": "27043980", "title": "\u6211\u7684\u5ba0\u7269\u6050\u9f99", "username": "\u610f\u96be\u5fd8", "user_id": "179618515", "rating": "\u5f88\u5dee", "date": "2018-06-07", "time": "23:21:22", "comment": "\u592a\u4f4e\u5e7c\u4e86\u3002\u6ca1\u4eae\u70b9\u3002", "useful_count": "0"},
{"page_index": 1, "movie_id": "27043980", "title": "\u6211\u7684\u5ba0\u7269\u6050\u9f99", "username": "\u90a3\u4e48", "user_id": "179375211", "rating": "\u529b\u8350", "date": "2018-06-01", "time": "16:29:02", "comment": "\u5145\u6ee1\u7ae5\u8da3\u5e7b\u60f3\u7684\u65c5\u7a0b\uff0c\u800c\u4e14\u91cc\u9762\u7684\u5c0f\u9f99\u597d\u840c", "useful_count": "0"},
{"page_index": 1, "movie_id": "27043980", "title": "\u6211\u7684\u5ba0\u7269\u6050\u9f99", "username": "\u597d\u591a", "user_id": "179338128", "rating": "\u529b\u8350", "date": "2018-06-01", "time": "12:55:00", "comment": "\u633a\u597d\u770b\u7684\u633a\u7231\u770b\u8fd9\u79cd\u5192\u9669\u7684\uff0c\u611f\u89c9\u5f88\u523a\u6fc0", "useful_count": "0"},
{"page_index": 1, "movie_id": "27043980", "title": "\u6211\u7684\u5ba0\u7269\u6050\u9f99", "username": "\u5343\u4e07\u91cd", "user_id": "179376804", "rating": "\u529b\u8350", "date": "2018-06-01", "time": "17:18:11", "comment": "\u4e0d\u9519\u4e0d\u9519\uff0c\u5b69\u5b50\u559c\u6b22\uff0c\u975e\u5f97\u517b\u53ea\u6050\u9f99\u5f53\u5ba0\u7269.", "useful_count": "0"},
{"page_index": 1, "movie_id": "27043980", "title": "\u6211\u7684\u5ba0\u7269\u6050\u9f99", "username": "\u8428\u82ac", "user_id": "179375202", "rating": "\u529b\u8350", "date": "2018-06-01", "time": "16:30:41", "comment": "\u6f14\u5458\u90fd\u633a\u52aa\u529b\u7684\uff0c\u6700\u91cd\u8981\u7684\u662f\u6050\u9f99\u5f88\u53ef\u7231\u554a", "useful_count": "0"},
{"page_index": 1, "movie_id": "27043980", "title": "\u6211\u7684\u5ba0\u7269\u6050\u9f99", "username": "\u54ed\u58f0", "user_id": "179736359", "rating": "\u5f88\u5dee", "date": "2018-07-28", "time": "16:53:43", "comment": "\u7279\u6548\u592a\u5047\u4e86\uff0c\u5267\u60c5\u770b\u4e0d\u61c2\uff0c\u6ca1\u903b\u8f91", "useful_count": "0"},
{"page_index": 1, "movie_id": "27043980", "title": "\u6211\u7684\u5ba0\u7269\u6050\u9f99", "username": "\u5b89\u5eb7", "user_id": "146149514", "rating": "\u5f88\u5dee", "date": "2017-11-30", "time": "19:17:27", "comment": "\u6beb\u65e0\u903b\u8f91\u7684\u526a\u8f91", "useful_count": "0"},
{"page_index": 1, "movie_id": "27043980", "title": "\u6211\u7684\u5ba0\u7269\u6050\u9f99", "username": "\u91ce\u751f\u7684\u77db\u53f0", "user_id": "130545473", "rating": "\u5f88\u5dee", "date": "2018-06-05", "time": "22:42:16", "comment": "\u4eba\u751f\u7b2c\u4e00\u6b21\u6ca1\u770b\u5b8c\u4e00\u573a\u7535\u5f71\u5c31\u4e2d\u9014\u79bb\u573a\u3002", "useful_count": "0"},
{"page_index": 1, "movie_id": "27043980", "title": "\u6211\u7684\u5ba0\u7269\u6050\u9f99", "username": "unbelievable", "user_id": "171572864", "rating": "\u8fd8\u884c", "date": "2018-05-31", "time": "10:36:00", "comment": "emmmm\u2026\u2026\u7279\u6548\u4e0d\u9519\uff0c\u5267\u60c5\u7565\u9b54\u5e7b\uff0c\u50cf\u513f\u7ae5\u7247\u4f46\u6211\u597d\u50cf\u53c8\u6ca1\u770b\u61c2\uff1f", "useful_count": "0"},
{"page_index": 1, "movie_id": "27043980", "title": "\u6211\u7684\u5ba0\u7269\u6050\u9f99", "username": "\u5b89\u5fb7\u4f0d\u5fb7", "user_id": "179255347", "rating": "\u529b\u8350", "date": "2018-06-01", "time": "13:12:32", "comment": "\u975e\u5e38\u597d\u770b", "useful_count": "0"},
{"page_index": 1, "movie_id": "27043980", "title": "\u6211\u7684\u5ba0\u7269\u6050\u9f99", "username": "\u66fe\u3002", "user_id": "171270330", "rating": "\u529b\u8350", "date": "2018-06-01", "time": "16:09:26", "comment": "\u633a\u559c\u6b22\u8fd9\u79cd\u79d1\u5e7b\u7c7b\u578b\u7535\u5f71\u7684\u3002", "useful_count": "0"},
{"page_index": 1, "movie_id": "27043980", "title": "\u6211\u7684\u5ba0\u7269\u6050\u9f99", "username": "Eleven_", "user_id": "179003212", "rating": "\u63a8\u8350", "date": "2018-05-25", "time": "17:16:42", "comment": "\u8fd9\u7535\u5f71\u662f\u5408\u9002\u513f\u7ae5\u770b\u7684\u3002\u8bf4\u4e0d\u597d\u770b\u7684\u522b\u8f83\u771f\u3002", "useful_count": "0"},
{"page_index": 1, "movie_id": "27043980", "title": "\u6211\u7684\u5ba0\u7269\u6050\u9f99", "username": "\u51cc", "user_id": "179374785", "rating": "\u529b\u8350", "date": "2018-06-01", "time": "16:16:52", "comment": "\u5f88\u597d\u770b\u3002\u9002\u5408\u513f\u7ae5\u770b\u7684\u4e00\u4e2a\u7535\u5f71", "useful_count": "0"},
{"page_index": 1, "movie_id": "27043980", "title": "\u6211\u7684\u5ba0\u7269\u6050\u9f99", "username": "\u4e0d\u5fd8\u521d\u5fc3", "user_id": "163668827", "rating": "\u5f88\u5dee", "date": "2018-06-02", "time": "13:24:06", "comment": "\u592a\u70c2\u4e86\u2026\u2026\u5267\u60c5\u6ca1\u6709\u2026\u2026\u753b\u9762\u611f\u4e5f\u6ca1\u6709", "useful_count": "0"},
{"page_index": 1, "movie_id": "27043980", "title": "\u6211\u7684\u5ba0\u7269\u6050\u9f99", "username": "Gager", "user_id": "179335046", "rating": null, "date": "2018-05-31", "time": "13:34:41", "comment": "\u540d\u5b57\u542c\u8d77\u6765\u50bb\u50bb\u7684", "useful_count": "0"},
{"page_index": 1, "movie_id": "27043980", "title": "\u6211\u7684\u5ba0\u7269\u6050\u9f99", "username": "\u4f60\u8d70", "user_id": "179376262", "rating": "\u529b\u8350", "date": "2018-06-01", "time": "17:00:35", "comment": "\u4e0d\u9519\uff0c\u770b\u4e86\u8fd9\u4e2a\u8ba9\u6211\u56de\u5fc6\u8d77\u4e86\u6211\u7684\u7ae5\u5e74\u65f6\u5149", "useful_count": "0"},
{"page_index": 1, "movie_id": "27043980", "title": "\u6211\u7684\u5ba0\u7269\u6050\u9f99", "username": "zjerry04", "user_id": "161308786", "rating": "\u529b\u8350", "date": "2018-06-01", "time": "11:52:01", "comment": "\u559c\u6b22\u56fd\u5916\u7684\u79d1\u5e7b\u7535\u5f71\uff0c\u671f\u5f85\u4e00\u4e0b", "useful_count": "0"},
{"page_index": 1, "movie_id": "27043980", "title": "\u6211\u7684\u5ba0\u7269\u6050\u9f99", "username": "\u963f\u4ec0\u987f", "user_id": "179375212", "rating": "\u529b\u8350", "date": "2018-06-01", "time": "16:31:52", "comment": "\u6211\u4e5f\u60f3\u8981\u4e00\u4e2a\u8fd9\u6837\u7684\u5ba0\u7269\uff0c\u7279\u6548\u8fd8\u53ef\u4ee5", "useful_count": "0"},
{"page_index": 1, "movie_id": "27043980", "title": "\u6211\u7684\u5ba0\u7269\u6050\u9f99", "username": "wilsonHZ", "user_id": "130244593", "rating": "\u8f83\u5dee", "date": "2018-09-26", "time": "12:04:12", "comment": "\u6211\u7684\u5ba0\u7269\u54e5\u65af\u62c9", "useful_count": "1"},
{"page_index": 1, "movie_id": "27043980", "title": "\u6211\u7684\u5ba0\u7269\u6050\u9f99", "username": "\u964c\u4e0a\u82b1\u5f00", "user_id": "179299857", "rating": "\u8f83\u5dee", "date": "2018-05-31", "time": "21:07:12", "comment": "\u5373\u4f7f\u662f\u513f\u7ae5\u7247\u4e5f\u4e00\u822c\u822c \u52a8\u6f2b\u5236\u4f5c\u7684\u4e5f\u4e00\u822c\u822c", "useful_count": "0"},
{"page_index": 1, "movie_id": "27043980", "title": "\u6211\u7684\u5ba0\u7269\u6050\u9f99", "username": "19140628", "user_id": "193223483", "rating": null, "date": "2020-03-13", "time": "14:36:35", "comment": "@2018-05-06 20:00:39", "useful_count": "0"},
{"page_index": 1, "movie_id": "27043980", "title": "\u6211\u7684\u5ba0\u7269\u6050\u9f99", "username": "\u9e7f\u6657", "user_id": "173548834", "rating": null, "date": "2018-02-04", "time": "23:16:52", "comment": "bsnnma\n\n\u5c31\u7b97\u4e0d\u662f\u5b9d\u5b9d\u7761\u5427", "useful_count": "0"},
{"page_index": 1, "movie_id": "27043980", "title": "\u6211\u7684\u5ba0\u7269\u6050\u9f99", "username": "jhlong", "user_id": "178164046", "rating": "\u5f88\u5dee", "date": "2018-05-06", "time": "17:43:12", "comment": "\u7279\u6548\u4e94\u6bdb\uff0c\u5267\u60c5\u65e0\u804a", "useful_count": "0"},
{"page_index": 1, "movie_id": "27043980", "title": "\u6211\u7684\u5ba0\u7269\u6050\u9f99", "username": "\u9e21\u5c3e\u9152", "user_id": "179368588", "rating": "\u529b\u8350", "date": "2018-06-01", "time": "14:07:00", "comment": "\u79d1\u5e7b\u7247\uff0c\u5f88\u6709\u610f\u601d\u7684\u7535\u5f71\uff0c\u5c0f\u7537\u5b69\u989c\u503c\u5f88\u9ad8\uff0c\u63a8\u8350\u7ed9\u5927\u5bb6\uff0c\u503c\u5f97\u4e00\u770b", "useful_count": "0"},
{"page_index": 1, "movie_id": "27043980", "title": "\u6211\u7684\u5ba0\u7269\u6050\u9f99", "username": "\u8c46\u53cbJru0FK8MvY", "user_id": "256991658", "rating": "\u8f83\u5dee", "date": "2023-01-06", "time": "08:53:11", "comment": "\u5373\u4f7f\u662f\u513f\u7ae5\u7247\u4e5f\u62cd\u7684\u592a\u4e00\u822c\u4e86\uff0c\u6f14\u5458\u4eec\u6f14\u7684\u4e5f\u4e0d\u597d \u65e2\u4e0d\u7cbe\u5f69\u4e5f\u4e0d\u523a\u6fc0\uff0c\u903b\u8f91\u5173\u7cfb\u6df7\u4e71", "useful_count": "0"},
{"page_index": 1, "movie_id": "27043980", "title": "\u6211\u7684\u5ba0\u7269\u6050\u9f99", "username": "\u4ee5\u7236\u4e4b\u540d", "user_id": "179550798", "rating": "\u5f88\u5dee", "date": "2018-06-11", "time": "20:52:30", "comment": "\u771f\u7684\u5783\u573e\uff0c\u522b\u770b\u4e86", "useful_count": "0"},
{"page_index": 1, "movie_id": "27043980", "title": "\u6211\u7684\u5ba0\u7269\u6050\u9f99", "username": "\u8bf4\u4e0d\u5f97", "user_id": "179295258", "rating": "\u529b\u8350", "date": "2018-06-01", "time": "15:14:21", "comment": "\u8fd9\u4e2a\u5f88\u6709\u8da3\u3002\u63a8\u8350\u5927\u5bb6\u770b\u4e00\u770b\uff0c\u5f88\u6e29\u99a8", "useful_count": "0"},
{"page_index": 1, "movie_id": "27043980", "title": "\u6211\u7684\u5ba0\u7269\u6050\u9f99", "username": "\u6251\u514b\u724c", "user_id": "179374996", "rating": "\u529b\u8350", "date": "2018-06-01", "time": "16:25:09", "comment": "\u8fd9\u4e2a\u8bc4\u5206\u6709\u70b9\u4f4e\u554a\uff0c\u6211\u770b\u5b8c\u89c9\u5f97\u8fd8\u4e0d\u9519", "useful_count": "0"},
{"page_index": 1, "movie_id": "27043980", "title": "\u6211\u7684\u5ba0\u7269\u6050\u9f99", "username": "\u4e00\u9897\u5fc3", "user_id": "179376060", "rating": "\u529b\u8350", "date": "2018-06-01", "time": "16:51:51", "comment": "\u975e\u5e38\u4e0d\u9519\u7684\u4e00\u90e8\u513f\u7ae5\u7247\uff0c\u633a\u6e29\u99a8\u7684", "useful_count": "0"},
{"page_index": 1, "movie_id": "27043980", "title": "\u6211\u7684\u5ba0\u7269\u6050\u9f99", "username": "hhy", "user_id": "178978807", "rating": "\u8f83\u5dee", "date": "2018-06-07", "time": "22:36:11", "comment": "\u7c97\u7cd9 \u4f4e\u5e7c \u6ca1\u770b\u5b8c", "useful_count": "0"},
{"page_index": 1, "movie_id": "27043980", "title": "\u6211\u7684\u5ba0\u7269\u6050\u9f99", "username": "\u54b8\u9c7c\u95f2\u95f2\u95f2", "user_id": "179053313", "rating": "\u529b\u8350", "date": "2018-06-01", "time": "19:24:23", "comment": "\u5c0f\u6050\u9f99\u8fd8\u633a\u53ef\u7231\u7684\u54ce\uff0c\u5267\u60c5\u8fd8\u4e0d\u9519", "useful_count": "0"},
{"page_index": 1, "movie_id": "27043980", "title": "\u6211\u7684\u5ba0\u7269\u6050\u9f99", "username": "\u7535\u5f71\u8bc4\u8bba\u5bb6", "user_id": "179366569", "rating": "\u5f88\u5dee", "date": "2018-06-01", "time": "11:43:07", "comment": "\u6f14\u6280\u5dee \u5267\u60c5\u70c2 \u8bef\u5bfc\u513f\u7ae5\u7684\u6b63\u786e\u8ba4\u77e5 \u5feb\u4e0b\u67b6\u5427", "useful_count": "0"},
{"page_index": 1, "movie_id": "27043980", "title": "\u6211\u7684\u5ba0\u7269\u6050\u9f99", "username": "\u7f57\u5751\u7ea2\u8336", "user_id": "179343316", "rating": "\u529b\u8350", "date": "2018-06-01", "time": "14:47:28", "comment": "\u7535\u5f71\u573a\u666f\u548c\u914d\u97f3\u771f\u7684\u5f88\u4e0d\u9519\u3002\u5728\u7535\u5f71\u9662\u770b\uff0c\u771f\u7684\u628a\u6211\u9707\u64bc\u5230\u4e86\u3002", "useful_count": "0"},
{"page_index": 1, "movie_id": "27043980", "title": "\u6211\u7684\u5ba0\u7269\u6050\u9f99", "username": "\u90a3\u4e0d\u884c\u54c7", "user_id": "179377637", "rating": "\u529b\u8350", "date": "2018-06-01", "time": "17:40:37", "comment": "\u5c0f\u7537\u4e3b\u771f\u4ee4\u4eba\u7fa1\u6155\u554a\uff0c\u5c45\u7136\u53ef\u4ee5\u517b\u5ba0\u7269\u6050\u9f99", "useful_count": "0"},
{"page_index": 1, "movie_id": "27043980", "title": "\u6211\u7684\u5ba0\u7269\u6050\u9f99", "username": "\u521d\u590f\u6f6e\u4f60\u6765", "user_id": "174054345", "rating": null, "date": "2018-05-26", "time": "17:16:41", "comment": "\u5c0f\u5b69\u90fd\u559c\u6b22\u770b\u7684\u6050\u9f99", "useful_count": "1"},
{"page_index": 1, "movie_id": "27043980", "title": "\u6211\u7684\u5ba0\u7269\u6050\u9f99", "username": "\u4e00\u4e00", "user_id": "79542671", "rating": "\u8fd8\u884c", "date": "2018-04-21", "time": "22:49:32", "comment": "\u4e00\u7fa4\u5b69\u5b50\u7684\u89c6\u89d2\u770b\u5f85\u4e8b\u7269\uff0c\u6ca1\u6709\u6050\u60e7\u6ca1\u6709\u5bb3\u6015\uff0c\u6050\u9f99\u548c\u519b\u65b9\u9c9c\u660e\u7684\u5bf9\u6bd4\uff0c\u5230\u5e95\u54ea\u4e00\u65b9\u624d\u662f\u771f\u6b63\u7684\u53d8\u5f02\uff0c\u548c\u5584\u4e8e\u4f2a\u88c5", "useful_count": "0"},
{"page_index": 1, "movie_id": "27043980", "title": "\u6211\u7684\u5ba0\u7269\u6050\u9f99", "username": "\u69c7\u5c9b\u5723\u62a4", "user_id": "151920699", "rating": "\u63a8\u8350", "date": "2018-06-02", "time": "15:26:51", "comment": "\u6bcf\u6b21\u90fd\u662f\u4e00\u7fa4\u6210\u5e74\u4eba\u975e\u8981\u7279\u610f\u53bb\u770b\u513f\u7ae5\u7247\u6253\u4f4e\u5206\uff0c\u6015\u662f\u4ee5\u4e3a\u81ea\u5df1\u7ae5\u5fc3\u672a\u6cef\u5176\u5b9e\u5f3a\u884c\u88c5\u5ae9", "useful_count": "0"},
{"page_index": 1, "movie_id": "27043980", "title": "\u6211\u7684\u5ba0\u7269\u6050\u9f99", "username": "\u2728\u7e41\u66d0\u9583\u52a8\u2728", "user_id": "171479577", "rating": "\u8f83\u5dee", "date": "2019-01-24", "time": "21:12:35", "comment": "\u554a\u554a\u554a\uff0c\u770b\u7684\u597d\u96be\u53d7\uff0c\u6beb\u65e0\u611f\u89c9\uff0c\u770b\u5230\u4e00\u534a\u7b80\u76f4\u770b\u4e0d\u4e0b\u53bb\u4e86\uff0c\u573a\u666f\u7684\u955c\u5934\u611f\u89c9\u5f88\u5947\u602a\uff0c\u4eba\u7269\u7684\u8bbe\u5b9a\u611f\u89c9\u771f\u7684\u597d\u4f4e\u5e7c\uff0c\u7279\u6548\u4e0d\u662f\u5f88\u597d\uff0c\u8fd9\u4e2a\u7535\u5f71\u4e3b\u8981\u662f\u6b4c\u9882\u5b69\u5b50\u7684\u7eaf\u771f\u5584\u826f\uff0c\u548c\u9ad8\u5c1a\u7684\u54c1\u5fb7\u5427\uff0c\u4e3b\u9898\u8001\u5957\u3002\u53ef\u80fd\u8fd9\u662f\u513f\u7ae5\u7247\uff0c\u8fdb\u9519\u7247\u573a\u4e86\uff0c\u6e9c\u4e86\u6e9c\u4e86\u3002", "useful_count": "0"},
{"page_index": 1, "movie_id": "27043980", "title": "\u6211\u7684\u5ba0\u7269\u6050\u9f99", "username": "\u96e8\u6cfd\u554azzz", "user_id": "179374640", "rating": "\u529b\u8350", "date": "2018-06-01", "time": "16:10:57", "comment": "\u9898\u6750\u5f88\u65b0  \u7535\u5f71\u60c5\u8282\u4e5f\u4e0d\u9519  \u5f88\u6709\u4e2a\u6027   \u5f88\u6709\u5438\u5f15\u529b   \u503c\u5f97\u4e00\u770b", "useful_count": "0"},
{"page_index": 1, "movie_id": "27043980", "title": "\u6211\u7684\u5ba0\u7269\u6050\u9f99", "username": "\u75db\u4e86\u54ed\u4e86", "user_id": "179376264", "rating": "\u529b\u8350", "date": "2018-06-01", "time": "16:59:19", "comment": "\u5f88\u9002\u5408\u5e26\u7740\u5c0f\u5b69\u5b50\u4e00\u8d77\u770b\uff0c\u60c5\u8282\u6ca1\u6709\u90a3\u4e48\u590d\u6742", "useful_count": "0"},
{"page_index": 1, "movie_id": "27043980", "title": "\u6211\u7684\u5ba0\u7269\u6050\u9f99", "username": "\u5954\u8dd1\u7684\u86cb\u9ec4\u9171", "user_id": "57152350", "rating": "\u8f83\u5dee", "date": "2018-04-22", "time": "22:29:49", "comment": "\u51e0\u4e2a\u5c0f\u4f19\u4f34\u5f88\u6709\u5192\u9669\u7cbe\u795e\uff0c\u5728\u5b66\u4e60\u4e0a\u9762\u4e0d\u51fa\u8272\u7684\u7684\u5b69\u5b50\u4e0d\u4e00\u5b9a\u5c31\u4e0d\u806a\u660e\uff0c\u5728\u522b\u7684\u5730\u65b9\u4f1a\u53d1\u5149\u554a\u2026\u5c0f\u6050\u9f99\u505a\u7684\u6709\u70b9\u513f\u4e11\u840c\u4e86", "useful_count": "1"},
{"page_index": 1, "movie_id": "27043980", "title": "\u6211\u7684\u5ba0\u7269\u6050\u9f99", "username": "\u4e8e\u6b23zo", "user_id": "179053949", "rating": "\u529b\u8350", "date": "2018-06-01", "time": "19:29:15", "comment": "\u4e00\u76f4\u5f88\u559c\u6b22\u5192\u9669\u7247\uff0c\u5f88\u611f\u5174\u8da3\u5f88\u559c\u6b22", "useful_count": "0"},
{"page_index": 1, "movie_id": "27043980", "title": "\u6211\u7684\u5ba0\u7269\u6050\u9f99", "username": "\u4f60\u662f\u50bb\u74dc", "user_id": "179624633", "rating": "\u8f83\u5dee", "date": "2018-06-08", "time": "12:10:03", "comment": "\u771f\u662f\u96be\u770b   \u5c0f\u670b\u53cb\u90fd\u4e0d\u60f3\u770b\u4e86 \u6ca1\u6709\u56fd\u4ea7\u7684\u7535\u5f71\u4e00\u534a\u597d\u770b   zz  \u79d1\u5e7b\u4e0d\u50cf\u79d1\u5e7b", "useful_count": "0"},
{"page_index": 1, "movie_id": "27043980", "title": "\u6211\u7684\u5ba0\u7269\u6050\u9f99", "username": "Susan111111", "user_id": "178144691", "rating": "\u8f83\u5dee", "date": "2018-05-31", "time": "08:03:43", "comment": "\u7535\u5f71\u4e00\u822c\u5427\u3002", "useful_count": "0"},
{"page_index": 1, "movie_id": "27043980", "title": "\u6211\u7684\u5ba0\u7269\u6050\u9f99", "username": "\u4e00\u571f\u66f0\u6210", "user_id": "179350609", "rating": "\u5f88\u5dee", "date": "2018-05-31", "time": "21:12:25", "comment": "\u771f\u7684\u70c2\u7247", "useful_count": "0"},
{"page_index": 1, "movie_id": "27043980", "title": "\u6211\u7684\u5ba0\u7269\u6050\u9f99", "username": "\u91cc", "user_id": "179366388", "rating": "\u529b\u8350", "date": "2018-06-01", "time": "11:34:48", "comment": "\u5e26\u5b69\u5b50\u53bb\u770b\uff0c\u5f88\u4e0d\u9519\uff0c\u4f84\u5973\u559c\u6b22\u2026\u2026\u2026", "useful_count": "0"},
{"page_index": 1, "movie_id": "27043980", "title": "\u6211\u7684\u5ba0\u7269\u6050\u9f99", "username": "\u5c0f\u9897\u7c92\u5927\u4e0d\u540c", "user_id": "179377644", "rating": "\u529b\u8350", "date": "2018-06-01", "time": "17:41:41", "comment": "\u6050\u9f99\u4e00\u76f4\u662f\u672a\u77e5\u7684\u751f\u7269\uff0c\u8fd9\u91cc\u9762\u7684\u6050\u9f99\u5f88\u53ef\u7231\uff01", "useful_count": "0"},
{"page_index": 1, "movie_id": "27043980", "title": "\u6211\u7684\u5ba0\u7269\u6050\u9f99", "username": "\u521a\u521a", "user_id": "179014088", "rating": "\u529b\u8350", "date": "2018-06-01", "time": "12:18:11", "comment": "\u5b69\u5b50\u8d85\u7ea7\u559c\u6b22\uff0c\u62c9\u7740\u6211\u7684\u624b\u8ba9\u6211\u5199\u597d\u8bc4(o^^o)", "useful_count": "0"},
{"page_index": 1, "movie_id": "27043980", "title": "\u6211\u7684\u5ba0\u7269\u6050\u9f99", "username": "\u5411\u5f80\u7684\u751f\u6d3b", "user_id": "179374712", "rating": "\u529b\u8350", "date": "2018-06-01", "time": "16:24:57", "comment": "\u4e0d\u4ec5\u662f\u5b69\u5b50\u5bf9\u6050\u9f99\u5145\u6ee1\u597d\u5947\uff0c\u5373\u4f7f\u662f\u5927\u4eba\u4e5f\u4f1a\u7740\u8ff7\u4e8e\u8fd9\u4e2a\u8fdc\u53e4\u751f\u7269\uff0c\u4ece\u8003\u53e4\u5b66\u5bb6\u6316\u6398\u5230\u7684\u6050\u9f99\u5316\u77f3\u5230\u5404\u5730\u6050\u9f99\u9986\u5167\u7684\u4eff\u771f\u6050\u9f99\uff0c\u4ece\u4e0d\u4e4f\u5927\u4eba\u4eec\u5173\u6ce8\u7684\u8eab\u5f71\uff0c\u65e0\u8bba\u662f\u7ae5\u5fc3\u672a\u6cef\uff0c\u8fd8\u662f\u6211\u4eec\u4eba\u7c7b\u8840\u6db2\u4e2d\u7684\u63a2\u7d22\u57fa\u56e0\uff0c\u90fd\u8ba9\u6211\u4eec\u79bb\u4e0d\u5f00\u5bf9\u8fd9\u4e2a\u795e\u79d8\u751f\u7269\u7684\u5173\u6ce8", "useful_count": "0"},
{"page_index": 1, "movie_id": "27043980", "title": "\u6211\u7684\u5ba0\u7269\u6050\u9f99", "username": "\u76fc\u76fc", "user_id": "179172485", "rating": "\u63a8\u8350", "date": "2018-05-29", "time": "04:25:16", "comment": "\u53ef\u4ee5", "useful_count": "0"},
{"page_index": 1, "movie_id": "27043980", "title": "\u6211\u7684\u5ba0\u7269\u6050\u9f99", "username": "\u5662\u8036\u80e1", "user_id": "179327408", "rating": "\u529b\u8350", "date": "2018-06-01", "time": "13:57:42", "comment": "\u5267\u60c5\u65b0\u9896\uff0c\u6709\u4e00\u79cd\u8bf4\u4e0d\u51fa\u6765\u7684\u795e\u79d8\u611f\uff0c\u7279\u6548\u5f88\u68d2\u3002", "useful_count": "0"},
{"page_index": 1, "movie_id": "27043980", "title": "\u6211\u7684\u5ba0\u7269\u6050\u9f99", "username": "\u73ed\u5357\u9601", "user_id": "179370695", "rating": "\u529b\u8350", "date": "2018-06-01", "time": "14:13:22", "comment": "\u6211\u5e26\u7740\u513f\u5b50\u53bb\u5f71\u9662\u770b\u7684\uff0c\u786e\u5b9e\u4e0d\u9519\uff0c\u65e2\u80fd\u6ee1\u8db3\u89c6\u89c9\u5947\u89c2\u9700\u8981\u53c8\u5145\u6ee1\u7ae5\u8da3\u3002", "useful_count": "0"},
{"page_index": 1, "movie_id": "27043980", "title": "\u6211\u7684\u5ba0\u7269\u6050\u9f99", "username": "share", "user_id": "184924565", "rating": "\u8f83\u5dee", "date": "2018-10-06", "time": "20:21:58", "comment": "\u966a\u5b69\u5b50\u770b\u7684\uff0c\u516d\u4e00\u6863\u8fd9\u4e9b\u7535\u5f71\u6211\u771f\u7684\u65e0\u8bed\u4e86", "useful_count": "0"},
{"page_index": 1, "movie_id": "27043980", "title": "\u6211\u7684\u5ba0\u7269\u6050\u9f99", "username": "\u5c0f\u5e78\u8fd0\u5141", "user_id": "179053607", "rating": "\u529b\u8350", "date": "2018-06-01", "time": "19:25:18", "comment": "\u79d1\u5e7b\u513f\u7ae5\u7535\u5f71\u8fd8\u662f\u503c\u5f97\u4e00\u770b\u7684\uff0c\u5c0f\u5b69\u4e5f\u559c\u6b22", "useful_count": "0"},
{"page_index": 1, "movie_id": "27043980", "title": "\u6211\u7684\u5ba0\u7269\u6050\u9f99", "username": "\u4e03\u4e03\ud83d\udc36", "user_id": "179366553", "rating": "\u529b\u8350", "date": "2018-06-01", "time": "11:42:07", "comment": "\u633a\u597d\u770b\u7684\u554a", "useful_count": "0"},
{"page_index": 1, "movie_id": "27043980", "title": "\u6211\u7684\u5ba0\u7269\u6050\u9f99", "username": "\u5218\u4fa0-\u94ed", "user_id": "179366723", "rating": "\u529b\u8350", "date": "2018-06-01", "time": "11:47:26", "comment": "\u9002\u5408\u5e26\u5c0f\u670b\u53cb\u770b\uff01\u8fd8\u7b97\u53ef\u4ee5\u5427", "useful_count": "0"},
{"page_index": 1, "movie_id": "27043980", "title": "\u6211\u7684\u5ba0\u7269\u6050\u9f99", "username": "\u80e1\u4e09\u80d6", "user_id": "175334312", "rating": "\u63a8\u8350", "date": "2018-06-02", "time": "13:01:54", "comment": "\u966a\u80e1\u4f0a\u8bfa\u548c\u5ab3\u5987\u770b\u4e86\u8fd9\u90e8\uff0c\u603b\u4f53\u8fd8\u884c\uff0c\u4f46\u662f\u5bf9\u53d8\u5f02\u6db2\u4f53\u8be0\u91ca\u6709\u70b9\u4e0d\u6e05\u695a", "useful_count": "0"},
{"page_index": 1, "movie_id": "27043980", "title": "\u6211\u7684\u5ba0\u7269\u6050\u9f99", "username": "\u5c0f\u6b27", "user_id": "145740668", "rating": null, "date": "2018-05-22", "time": "11:21:33", "comment": "\u9884\u544a\u7247\u7279\u6548\u8fd9\u4e48\u6e23\uff0c\u8d76\u4e0a\u56fd\u4ea72D\u52a8\u753b\u7247\u4e86", "useful_count": "0"}
]