[
{"page_index": 0, "movie_id": "30234931", "title": "\u4e09\u754c", "username": "\u7e41\u82b1\u5c06\u5c3d", "user_id": "nancyrither", "rating": "\u5f88\u5dee", "date": "2019-12-12", "time": "15:03:36", "comment": "\u5c71\u5be8\u3001\u7c97\u7cd9\u70c2\u5236\u7248\u7684\u300a\u897f\u90e8\u4e16\u754c\u300b\u3002", "useful_count": "1"},
{"page_index": 0, "movie_id": "30234931", "title": "\u4e09\u754c", "username": "\u6253\u624b\u8c61", "user_id": "167380404", "rating": "\u5f88\u5dee", "date": "2018-06-01", "time": "09:00:25", "comment": "\u8c46\u74e3\u6ca1\u6709\u96f6\u5206\u9009\u9879\uff0c\u5dee\u8bc4", "useful_count": "1"},
{"page_index": 0, "movie_id": "30234931", "title": "\u4e09\u754c", "username": "MoMo\u65f6\u5149i", "user_id": "43111374", "rating": null, "date": "2018-09-20", "time": "12:40:49", "comment": "\u540c\u7164\uff0c\u8bf7\u4f60\u4e13\u5fc3\u6316\u7164", "useful_count": "3"},
{"page_index": 0, "movie_id": "30234931", "title": "\u4e09\u754c", "username": "\u53f6\u51e1", "user_id": "180279822", "rating": "\u529b\u8350", "date": "2018-06-24", "time": "16:26:49", "comment": "\u60c5\u8282\u66f2\u6298\uff0c\u503c\u5f97\u4e00\u770b\u3002", "useful_count": "0"},
{"page_index": 0, "movie_id": "30234931", "title": "\u4e09\u754c", "username": "\u5c71\u524d\u8f66", "user_id": "45367587", "rating": "\u63a8\u8350", "date": "2018-06-01", "time": "12:15:34", "comment": "\u540c\u7164\u96c6\u56e2\u6295\u8d44\u62cd\u6444", "useful_count": "2"},
{"page_index": 0, "movie_id": "30234931", "title": "\u4e09\u754c", "username": "\u65e0\u8bedQAQ", "user_id": "209649724", "rating": "\u5f88\u5dee", "date": "2020-01-31", "time": "21:22:26", "comment": "\u5218\u6148\u6b23:mmp", "useful_count": "1"},
{"page_index": 0, "movie_id": "30234931", "title": "\u4e09\u754c", "username": "\u9a6c\u73cd\u5f3a", "user_id": "124497168", "rating": null, "date": "2018-06-28", "time": "22:59:37", "comment": "\u8bf7\u5404\u4f4d\u6f14\u5458\u6717\u8bf5\u4e00\u904d\u5267\u672c\uff0c\u8981\u6709\u611f\u60c5\uff0c\u6709\u8868\u73b0\u51fa\u4eba\u7269\u6027\u683c\uff0c\u8bb0\u4f4f\u5927\u58f0\u6717\u8bf5\uff01", "useful_count": "1"},
{"page_index": 0, "movie_id": "30234931", "title": "\u4e09\u754c", "username": "\u8001\u7537\u5b69", "user_id": "170428860", "rating": null, "date": "2018-06-05", "time": "10:52:27", "comment": "\u61d2\u5f97\u5410\u69fd", "useful_count": "1"},
{"page_index": 0, "movie_id": "30234931", "title": "\u4e09\u754c", "username": "\u00a0\u3000 \u3000 \u3000", "user_id": "169576787", "rating": null, "date": "2018-06-04", "time": "11:44:43", "comment": "\u8fd9\u4ec0\u4e48\u5783\u573e\u7535\u5f71\u3002\u3002\u3002", "useful_count": "2"},
{"page_index": 0, "movie_id": "30234931", "title": "\u4e09\u754c", "username": "GAIgai", "user_id": "179518089", "rating": null, "date": "2018-06-05", "time": "10:58:14", "comment": "\u61d2\u5f97\u5410\u69fd", "useful_count": "1"}
]