[
{"page_index": 0, "movie_id": "30230633", "title": "\u81f4\u547d\u593a\u5b9d", "username": "Sherry Zhou", "user_id": "175976381", "rating": "\u8f83\u5dee", "date": "2018-06-22", "time": "12:36:45", "comment": "\u6655\u53c8\u662f\u6284\u88ad\u4f5c\u54c1\u5417", "useful_count": "0"},
{"page_index": 0, "movie_id": "30230633", "title": "\u81f4\u547d\u593a\u5b9d", "username": "\u9676\u7c92", "user_id": "161555935", "rating": "\u529b\u8350", "date": "2018-06-25", "time": "16:35:22", "comment": "\u636e\u8bf4\u662f\u5728\u771f\u6b63\u7684\u539f\u59cb\u68ee\u6797\u62cd\u7684\uff0c\u503c\u5f97\u9f13\u52b1\u4e00\u4e0b\u3002\u611f\u89c9\u770b\u4e86\u8fd9\u90e8\u7535\u5f71\u6bd4\u6211\u4e00\u5929\u770b\u7684\u7eff\u690d\u90fd\u591a\u3002", "useful_count": "1"},
{"page_index": 0, "movie_id": "30230633", "title": "\u81f4\u547d\u593a\u5b9d", "username": "\u5c71", "user_id": "ztr0703", "rating": null, "date": "2018-07-16", "time": "00:21:06", "comment": "\u6211\u4ee5\u4e3a\u662f\u4e2a\u52a8\u6f2b\uff0c\u5fc3\u8840\u6765\u6f6e\uff0c\u5931\u671b\u800c\u53bb", "useful_count": "2"},
{"page_index": 0, "movie_id": "30230633", "title": "\u81f4\u547d\u593a\u5b9d", "username": "treasures_lyy", "user_id": "180251967", "rating": null, "date": "2018-07-16", "time": "15:20:07", "comment": "123", "useful_count": "0"},
{"page_index": 0, "movie_id": "30230633", "title": "\u81f4\u547d\u593a\u5b9d", "username": "\ud83c\udf51", "user_id": "180306962", "rating": "\u529b\u8350", "date": "2018-06-25", "time": "11:17:35", "comment": "\u5f88\u597d\u770b\uff0c\u4e0d\u540c\u4e8e\u4e00\u822c\u7684\u8003\u53e4\u9898\u6750\uff0c\u5267\u60c5\u9519\u7efc\u590d\u6742", "useful_count": "0"},
{"page_index": 0, "movie_id": "30230633", "title": "\u81f4\u547d\u593a\u5b9d", "username": "Dennis", "user_id": "144993744", "rating": "\u5f88\u5dee", "date": "2018-06-27", "time": "14:12:19", "comment": "\u4e0d\u8981\u8001\u8bf4\u4eba\u5bb6\u6284\u88ad\uff0c\u4eba\u5bb6\u7f16\u5267\u5bfc\u6f14\u6839\u672c\u6ca1\u770b\u8fc7\u6728\u4e43\u4f0a\u597d\u4e48\u2026\u2026", "useful_count": "7"},
{"page_index": 0, "movie_id": "30230633", "title": "\u81f4\u547d\u593a\u5b9d", "username": "\u8c46\u8c46\u8c46\u8c46\u8c46\u8c46\u53d8", "user_id": "173331421", "rating": "\u5f88\u5dee", "date": "2018-06-27", "time": "15:23:26", "comment": "\u6709\u6284\u88ad\u7684\u5acc\u7591 \u8001\u5957\u8def \u5509\ud83d\ude14", "useful_count": "1"},
{"page_index": 0, "movie_id": "30230633", "title": "\u81f4\u547d\u593a\u5b9d", "username": "\u7ea2\u85d5\u9999\u6b8b\u7389\u7c1f\u79cb", "user_id": "127437486", "rating": "\u5f88\u5dee", "date": "2018-06-25", "time": "10:10:29", "comment": "\u90fd\u662f\u5957\u8def", "useful_count": "0"},
{"page_index": 0, "movie_id": "30230633", "title": "\u81f4\u547d\u593a\u5b9d", "username": "\u7e41\u82b1\u5c06\u5c3d", "user_id": "nancyrither", "rating": "\u5f88\u5dee", "date": "2021-12-10", "time": "17:52:05", "comment": "\u5168\u5458\u6f14\u6280\u5c34\u5c2c\uff0c\u5267\u672c\u72d7\u8840\u3002\u5973\u4e8c\u9676\u83f2\u513f\u8fd9\u4e2a\u60c5\u611f\u8f6c\u53d8\u592a\u7a81\u7136\u4e86\uff0c\u53ef\u4ee5\u8bf4\u6beb\u65e0\u5e95\u7ebf\u7684\u7275\u5f3a\uff0c\u56e0\u5973\u4e00\u7537\u4e00\u5728\u4e00\u8d77\u5c31\u5ac9\u5992\u5730\u8ddf\u7537\u4e8c\u5927\u536b\u4e0a\u5e8a\u4e86\uff0c\u540e\u53d1\u73b0\u5927\u536b\u662f\u6587\u7269\u8d29\u5b50\uff0c\u5374\u4e0d\u4e0e\u5176\u8054\u624b\uff0c\u800c\u662f\u81ea\u5df1\u778e\u641e\u5012\u5356\u6587\u7269\uff1f\u6700\u540e\u8fd8\u8981\u5f3a\u884c\u628a\u5973\u4e00\u5f04\u6b7b\u65ad\u9001\u4e00\u751f\u3002\u3002", "useful_count": "0"},
{"page_index": 0, "movie_id": "30230633", "title": "\u81f4\u547d\u593a\u5b9d", "username": "\u5feb\u6a02\u5c11\u5e74\u90ce", "user_id": "180352084", "rating": "\u5f88\u5dee", "date": "2018-06-27", "time": "22:02:09", "comment": "\u6211\u60f3\u8bf4\u53bb\u7535\u5f71\u9662\u770b\u8fd9\u4e2a\u7684\u662f\u50bb\u903c\u4e48", "useful_count": "2"},
{"page_index": 0, "movie_id": "30230633", "title": "\u81f4\u547d\u593a\u5b9d", "username": "\u4e56\u5f20", "user_id": "178125640", "rating": "\u5f88\u5dee", "date": "2018-07-20", "time": "00:32:09", "comment": "\u2026\u2026\u597d\u5427", "useful_count": "2"},
{"page_index": 0, "movie_id": "30230633", "title": "\u81f4\u547d\u593a\u5b9d", "username": "\u8bfa\u66fc\u5965\u65af\u672c", "user_id": "139685206", "rating": "\u5f88\u5dee", "date": "2018-06-19", "time": "01:00:43", "comment": "\u8fd9\u7535\u5f71\u7684\u5267\u672c\u662f\u4ece\u6728\u4e43\u4f0a\u6284\u6765\u7684\uff1f", "useful_count": "1"},
{"page_index": 0, "movie_id": "30230633", "title": "\u81f4\u547d\u593a\u5b9d", "username": "\u8df3\u8df3", "user_id": "163226194", "rating": "\u5f88\u5dee", "date": "2018-06-22", "time": "10:39:19", "comment": "\u53c8\u662f\u6284\u7684\uff1f", "useful_count": "0"},
{"page_index": 0, "movie_id": "30230633", "title": "\u81f4\u547d\u593a\u5b9d", "username": "\u5b89\u5b89\u5b89\u5b89\u5b89\u5566\uff01", "user_id": "143022970", "rating": "\u5f88\u5dee", "date": "2018-06-24", "time": "22:44:42", "comment": "\u6284\u88ad", "useful_count": "1"},
{"page_index": 0, "movie_id": "30230633", "title": "\u81f4\u547d\u593a\u5b9d", "username": "Frances", "user_id": "143511423", "rating": "\u5f88\u5dee", "date": "2018-06-24", "time": "22:39:28", "comment": "\u6284\u88ad\u4f5c\u54c1\u76f4\u63a5\u4e00\u661f", "useful_count": "1"},
{"page_index": 0, "movie_id": "30230633", "title": "\u81f4\u547d\u593a\u5b9d", "username": "\u963f\u4e03", "user_id": "174871738", "rating": "\u5f88\u5dee", "date": "2018-06-29", "time": "09:42:28", "comment": "\u771f\u7684\u81f4\u547d\u2026\u2026", "useful_count": "0"},
{"page_index": 0, "movie_id": "30230633", "title": "\u81f4\u547d\u593a\u5b9d", "username": "\u89c2\u5f71\u5927\u4fa0", "user_id": "180424651", "rating": "\u5f88\u5dee", "date": "2018-06-28", "time": "13:41:15", "comment": "\u72d7\u5c41\u4e0d\u901a\uff0c\u4ec0\u4e48\u9b3c\uff0c\u968f\u4fbf\u627e\u4e2a\u4e0d\u77e5\u9053\u4ec0\u4e48\u9b3c\u8001\u5916\u5c31\u60f3\u5ffd\u60a0\u4e86\uff0c\u62d0\u4e86\u62d0\u4e86\uff0c\u5356\u4e86\u5356\u4e86", "useful_count": "1"},
{"page_index": 0, "movie_id": "30230633", "title": "\u81f4\u547d\u593a\u5b9d", "username": "\u8001\u7537\u5b69", "user_id": "170428860", "rating": "\u5f88\u5dee", "date": "2018-06-23", "time": "20:13:46", "comment": "\u770b\u4e86\u60f3\u7761\u89c9\uff01", "useful_count": "0"},
{"page_index": 0, "movie_id": "30230633", "title": "\u81f4\u547d\u593a\u5b9d", "username": "\u82b1\u5f00\u534a\u590f", "user_id": "180088956", "rating": "\u5f88\u5dee", "date": "2018-06-22", "time": "17:14:46", "comment": "\u4e00\u661f", "useful_count": "0"}
]