[
{"page_index": 0, "movie_id": "27045333", "title": "\u51e4\u7687\u4f20", "username": "\u5ff5\u5ff5\u4e0d\u5fd8", "user_id": "174274779", "rating": "\u5f88\u5dee", "date": "2018-06-21", "time": "13:32:48", "comment": "\u597d\u65e0\u804a\u7684\u4e00\u90e8\u5267\u3002\u3002\u3002\u5168\u7a0b\u5c2c\u6f14\u3002\u3002\u3002", "useful_count": "1"},
{"page_index": 0, "movie_id": "27045333", "title": "\u51e4\u7687\u4f20", "username": "\u563b\u54c8", "user_id": "205490776", "rating": "\u63a8\u8350", "date": "2019-10-17", "time": "21:45:11", "comment": "\u559c\u6b22\uff0c\u60f3\u770b\n", "useful_count": "0"},
{"page_index": 0, "movie_id": "27045333", "title": "\u51e4\u7687\u4f20", "username": "\u5446\u86d9", "user_id": "67580715", "rating": "\u5f88\u5dee", "date": "2018-06-18", "time": "18:18:35", "comment": "\u670d\u88c5\u5dee\u8bc4", "useful_count": "0"},
{"page_index": 0, "movie_id": "27045333", "title": "\u51e4\u7687\u4f20", "username": "\u78b3\u9178\u5916\u5bbf\u4e2d", "user_id": "88055852", "rating": null, "date": "2019-11-20", "time": "17:45:41", "comment": "\u627e\u4e0d\u5230\u8d44\u6e90\uff0c\u770b\u4e86\u52a8\u56fe\uff0c\u65b9\u9038\u4f26\u5f88\u82f1\u4fca\u6f47\u6d12\u554a", "useful_count": "2"},
{"page_index": 0, "movie_id": "27045333", "title": "\u51e4\u7687\u4f20", "username": "\u8dd1\u554a\u8dd1", "user_id": "127923382", "rating": "\u5f88\u5dee", "date": "2019-04-10", "time": "08:00:25", "comment": "\u6562\u62cd\u6211\u767d\u6708\u5149 \u5c31\u6562\u53d7\u7740\u6211\u7684\u4e00\u661f", "useful_count": "9"},
{"page_index": 0, "movie_id": "27045333", "title": "\u51e4\u7687\u4f20", "username": "\u5929\u4e0b\u80d6\u5154", "user_id": "144864375", "rating": "\u8fd8\u884c", "date": "2019-07-08", "time": "20:51:32", "comment": "\u770b\u4e86\u7247\u82b1 \u8fd8\u4e0d\u9519\u2026\u2026", "useful_count": "0"},
{"page_index": 0, "movie_id": "27045333", "title": "\u51e4\u7687\u4f20", "username": "\u84e6\u7483", "user_id": "181161161", "rating": null, "date": "2018-07-14", "time": "15:15:42", "comment": "\u5e0c\u671b\u671f\u5f85\u4e0d\u4f1a\u843d\u7a7a", "useful_count": "0"},
{"page_index": 0, "movie_id": "27045333", "title": "\u51e4\u7687\u4f20", "username": "\u6211\u7684\u89e3\u653e\u65e5\u5fd7", "user_id": "155691973", "rating": "\u5f88\u5dee", "date": "2020-04-03", "time": "11:16:41", "comment": "\u54c8\u54c8\u54c8\uff0c\u6765\u770b\u770b\u6562\u62cd\u6211\u767d\u6708\u5149\u7684\u5bfc\u6f14\u662f\u5565\u6c34\u5e73\u3002\u4e0d\u51fa\u6240\u6599\uff0c\u5b9e\u81f3\u540d\u5f52\u3002", "useful_count": "0"}
]