[
{"page_index": 0, "movie_id": "26974912", "title": "\u8bf7\u628a\u751f\u547d\u4ea4\u7ed9\u6211", "username": "HarperYug", "user_id": "161704364", "rating": "\u5f88\u5dee", "date": "2018-08-26", "time": "13:14:56", "comment": "\u9a97\u4eba\u7684\u6d77\u62a52.0", "useful_count": "0"},
{"page_index": 0, "movie_id": "26974912", "title": "\u8bf7\u628a\u751f\u547d\u4ea4\u7ed9\u6211", "username": "\u5c0f\u6728\u66fe\u96ea\u83dc", "user_id": "153713866", "rating": "\u8f83\u5dee", "date": "2021-03-14", "time": "17:25:42", "comment": "\ud83d\ude05\u867d\u7136\u5efa\u7b51\u4eba\u770b\u5f97\u633a\u611f\u52a8\u7684\u4f46\u662f\u4f5c\u4e3a\u7535\u5f71\u771f\u7684\u4e0d\u5408\u683c", "useful_count": "0"},
{"page_index": 0, "movie_id": "26974912", "title": "\u8bf7\u628a\u751f\u547d\u4ea4\u7ed9\u6211", "username": "\u5446\u840c\u5c0f\u4e03", "user_id": "169216507", "rating": "\u5f88\u5dee", "date": "2018-07-28", "time": "09:53:17", "comment": "\u6d77\u62a5\u8bef\u5bfc\u4eba\uff0c\u53c8\u60f3\u51fa\u4e00\u62db\u534a\u5f0f\u535a\u4eba\u773c\u7403\uff0c\u4e0d\u5c31\u662f\u4e00\u90e8\u9752\u5e74\u594b\u6597\u53f2\u5417\uff1f", "useful_count": "1"},
{"page_index": 0, "movie_id": "26974912", "title": "\u8bf7\u628a\u751f\u547d\u4ea4\u7ed9\u6211", "username": "cheer", "user_id": "49042220", "rating": "\u5f88\u5dee", "date": "2018-07-25", "time": "14:25:27", "comment": "\u5f53\u5e74\u7684\u85b0\u8863\u8349\u4e5f\u662f\u5e05\u8fc7\u7684\u8bb8\u7ecd\u6d0b\u54ce\uff0c\u662f\u53d1\u751f\u4e86\u4ec0\u4e48\u3002\u3002", "useful_count": "2"},
{"page_index": 0, "movie_id": "26974912", "title": "\u8bf7\u628a\u751f\u547d\u4ea4\u7ed9\u6211", "username": "Boyce", "user_id": "boycester", "rating": "\u5f88\u5dee", "date": "2018-08-23", "time": "22:40:22", "comment": "\u4e94\u5206\u949f\u5f03\u3002", "useful_count": "0"},
{"page_index": 0, "movie_id": "26974912", "title": "\u8bf7\u628a\u751f\u547d\u4ea4\u7ed9\u6211", "username": "\u4e71\u4e71\u4e0d\u5c0f\u5fc3\u5931\u5fc6", "user_id": "129009708", "rating": "\u8f83\u5dee", "date": "2021-12-27", "time": "16:16:42", "comment": "\u7535\u89c6\u5267\u52a0\u957f\u7248\uff0c\u975e\u5e38\u7684\u4e0d\u50cf\u7535\u5f71\uff0c\u6545\u4e8b\u8d77\u4f0f\u4e0d\u5927\uff0c\u4e5f\u4e0d\u77e5\u9053\u4e3a\u5565\u4f18\u9177\u518d\u6211\u770b\u5b8c\u4e0d\u8001\u5947\u4e8b\u4ee5\u540e\u63a8\u4e86\u8fd9\u4e2a\u3002\u662f\u56e0\u4e3a\u5e78\u5b58\u8005\u5c31\u6210\u8ff7\u94a2\u7ed3\u6784\u8fd9\u4e2a\u70b9\uff1f\u4fe1\u4ef0\u73b0\u5728\u90fd\u8fd9\u4e48\u73a9\u4e86\u5417", "useful_count": "0"},
{"page_index": 0, "movie_id": "26974912", "title": "\u8bf7\u628a\u751f\u547d\u4ea4\u7ed9\u6211", "username": "\u9ea6\u5b50", "user_id": "btone0808", "rating": "\u5f88\u5dee", "date": "2018-08-27", "time": "17:12:48", "comment": "\u8fd9\u6c34\u5e73\uff0c\u53ea\u80fd\u8ba4\u4e3a\u662f\u6d88\u8d39\u5730\u9707\u5e78\u5b58\u8005\uff0c\u5bb6\u56fd\u60c5\u6000\u7684\u4e3b\u9898\u62cd\u5f97\u592a\u4e0d\u4e0a\u5fc3\u4e86", "useful_count": "0"},
{"page_index": 0, "movie_id": "26974912", "title": "\u8bf7\u628a\u751f\u547d\u4ea4\u7ed9\u6211", "username": "tusk", "user_id": "191421915", "rating": "\u5f88\u5dee", "date": "2023-01-12", "time": "13:44:49", "comment": "\u5f20\u6539", "useful_count": "0"},
{"page_index": 0, "movie_id": "26974912", "title": "\u8bf7\u628a\u751f\u547d\u4ea4\u7ed9\u6211", "username": "\u70c2\u756a\u8304", "user_id": "89479193", "rating": null, "date": "2018-07-25", "time": "13:10:05", "comment": "\u5728\u7ae5\u5e74\u5730\u9707\u4e2d\u5e78\u5b58\u7684\u6885\u53e4\u8bd7\u7acb\u5fd7\u4e3a\u767e\u59d3\u8bbe\u8ba1\u5efa\u9020\u53ef\u4ee5\u6258\u4ed8\u751f\u547d\u7684\u94a2\u7ed3\u6784\u5efa\u7b51\u3002\u4ed6\u5c06\u5408\u4f19\u4eba\u4e07\u794e\u5077\u5de5\u51cf\u6599\u7684\u9690\u60a3\u5efa\u7b51\u63a8\u5012\u91cd\u6765\uff1b\u4ed6\u7684\u6297\u9707\u8bbe\u8ba1\u8d62\u5f97\u4e86\u591a\u4e2a\u6b27\u6d32\u9879\u76ee\uff1b\u4ed6\u6350\u5efa\u7684\u5b66\u6821\u5927\u697c\u7ecf\u53d7\u4e86\u5f3a\u5730\u9707\u7684\u8003\u9a8c\uff0c\u5176\u5973\u53cb\u4e3a\u6b64\u732e\u51fa\u4e86\u751f\u547d\u3002\u6885\u53e4\u8bd7\u56e2\u961f\u53c2\u4e0e\u56fd\u5bb6\u4e00\u5e26\u4e00\u8def\u5efa\u8bbe\uff0c\u5728\u56fd\u9645\u5e02\u573a\u7ade\u4e89\u4e2d\u634d\u536b\u4e86\u56fd\u5bb6\u58f0\u8a89\uff0c\u5f97\u5230\u4e86\u56fd\u9645\u540c\u884c\u7684\u5c0a\u91cd\u548c\u8d5e\u626c\u3002", "useful_count": "1"},
{"page_index": 0, "movie_id": "26974912", "title": "\u8bf7\u628a\u751f\u547d\u4ea4\u7ed9\u6211", "username": "\u554a\u5b87\u4ed4", "user_id": "179664554", "rating": "\u63a8\u8350", "date": "2019-04-20", "time": "23:48:31", "comment": "\u8fd9\u4e5f\u592a\u6ca1\u6709\u81ea\u4fe1\u4e86\u5427\u3001\u90fd\u9760\u6d77\u62a5\u6491\u573a\u9762\u4e86\u5417", "useful_count": "0"},
{"page_index": 0, "movie_id": "26974912", "title": "\u8bf7\u628a\u751f\u547d\u4ea4\u7ed9\u6211", "username": "xtyjdn", "user_id": "139951814", "rating": "\u5f88\u5dee", "date": "2019-01-27", "time": "19:04:58", "comment": "\u62fc\u51d1\u7684\u5267\u60c5\uff0c\u5c34\u5c2c\u7684\u6f14\u6280\uff0c\u8fd8\u6709\u90fd\u662f\u6b7b\u9c7c\u773c", "useful_count": "0"},
{"page_index": 0, "movie_id": "26974912", "title": "\u8bf7\u628a\u751f\u547d\u4ea4\u7ed9\u6211", "username": "harvey\u5c11\u6821", "user_id": "108693709", "rating": "\u8fd8\u884c", "date": "2018-08-27", "time": "07:51:32", "comment": "\u9752\u6625\u594b\u6597\u53f2", "useful_count": "0"},
{"page_index": 0, "movie_id": "26974912", "title": "\u8bf7\u628a\u751f\u547d\u4ea4\u7ed9\u6211", "username": "\u8c22\u8c22\u4e0d\u7528\u8c22", "user_id": "61287576", "rating": null, "date": "2018-07-25", "time": "22:36:39", "comment": "\u8bb8\u7ecd\u6d0b\uff1f\u85b0\u8863\u8349\u7684\u90a3\u4e2a\u8bb8\u7ecd\u6d0b\uff1f\uff1f\uff1f", "useful_count": "1"},
{"page_index": 0, "movie_id": "26974912", "title": "\u8bf7\u628a\u751f\u547d\u4ea4\u7ed9\u6211", "username": "\u4e00\u5730\u72d0\u72f8\u6bdb", "user_id": "bf9527", "rating": "\u5f88\u5dee", "date": "2018-08-26", "time": "10:10:16", "comment": "\u5c31\u51b2\u7740\u8fd9\u6284\u88ad\u300a\u8f9b\u5fb7\u52d2\u7684\u540d\u5355\u300b\u6240\u505a\u7684\u6d77\u62a5\uff0c\u7ed9\u4f60\u6253\u4e00\u661f\u90fd\u662f\u62ac\u4e3e\u4e86\uff0c\u8c46\u74e3\u4e3a\u4ec0\u4e48\u4e0d\u80fd\u8bc4\u8bba\u8d1f\u5206\uff1f", "useful_count": "1"},
{"page_index": 0, "movie_id": "26974912", "title": "\u8bf7\u628a\u751f\u547d\u4ea4\u7ed9\u6211", "username": "justin", "user_id": "181669517", "rating": "\u5f88\u5dee", "date": "2018-07-27", "time": "14:36:30", "comment": "\u4e0d\u7b26\u5408\u771f\u5b9e\u7684\u5efa\u7b51\u5e02\u573a\u7684\u903b\u8f91\uff0c\u5b8c\u5168\u662f\u94a2\u7ed3\u6784\u7684\u5e7f\u544a", "useful_count": "0"},
{"page_index": 0, "movie_id": "26974912", "title": "\u8bf7\u628a\u751f\u547d\u4ea4\u7ed9\u6211", "username": "\u8bb8\u68a6\u98de", "user_id": "171260353", "rating": "\u5f88\u5dee", "date": "2018-08-11", "time": "08:25:52", "comment": "\u5565\u51e0\u628a\u73a9\u610f\u513f", "useful_count": "0"},
{"page_index": 0, "movie_id": "26974912", "title": "\u8bf7\u628a\u751f\u547d\u4ea4\u7ed9\u6211", "username": "\u5927\u9c7c\u4fa0", "user_id": "178731945", "rating": "\u5f88\u5dee", "date": "2018-09-09", "time": "19:22:08", "comment": "\u4e00\u5f00\u59cb\u5c31\u8bbe\u7f6e\u4e2a\u9ad8\u5927\u5168\u7684S13\u5f62\u8c61\uff0c\u679c\u65ad\u53f3\u4e0a\u89d2", "useful_count": "0"},
{"page_index": 0, "movie_id": "26974912", "title": "\u8bf7\u628a\u751f\u547d\u4ea4\u7ed9\u6211", "username": "\u534a\u719f\u7537\u5deb", "user_id": "Vinto", "rating": "\u63a8\u8350", "date": "2018-07-27", "time": "15:33:16", "comment": "test", "useful_count": "0"},
{"page_index": 0, "movie_id": "26974912", "title": "\u8bf7\u628a\u751f\u547d\u4ea4\u7ed9\u6211", "username": "\u9752\u83dc\u5148\u751f", "user_id": "136936658", "rating": null, "date": "2018-09-05", "time": "22:54:23", "comment": "\u9a97\u4eba\u7684\u6d77\u62a52.0\u3002", "useful_count": "0"},
{"page_index": 0, "movie_id": "26974912", "title": "\u8bf7\u628a\u751f\u547d\u4ea4\u7ed9\u6211", "username": "\u732a\u732a\u971e", "user_id": "174780577", "rating": "\u8fd8\u884c", "date": "2018-07-26", "time": "17:33:29", "comment": "\u8bb8\u7ecd\u6d0b\uff1f\uff1f", "useful_count": "0"},
{"page_index": 0, "movie_id": "26974912", "title": "\u8bf7\u628a\u751f\u547d\u4ea4\u7ed9\u6211", "username": "\u82b1\u82af", "user_id": "183399335", "rating": "\u529b\u8350", "date": "2018-08-28", "time": "16:04:56", "comment": "\u8bb8\u7ecd\u6d0b\u6f14\u7684\u6885\u53e4\u8bd7\u5bf9\u4e8b\u4e1a\u7684\u656c\u754f\u548c\u6267\u7740\uff0c\u503c\u5f97\u5f53\u4ee3\u9752\u5e74\u5b66\u4e60\u3002\u770b\u4e86\u8fd9\u4e2a\u7247\uff0c\u6211\u624d\u77e5\u9053\u4e3a\u4ec0\u4e48\u9e1f\u5de2\u548c\u5317\u4eac\u7b2c\u4e8c\u673a\u573a\u5efa\u6210\u90a3\u6837\uff0c\u539f\u6765\u94a2\u7ed3\u6784\u6297\u9707\u6027\u6700\u5f3a\uff0c\u8fd9\u4e5f\u666e\u53ca\u6559\u80b2\u4e86\u56fd\u4eba\u3002\u6885\u53e4\u8bd7\u7684\u613f\u671b\u662f\u5efa\u9020\u51fa\u94a2\u7ed3\u6784\u4f4f\u5b85\uff0c\u8fd9\u662f\u4e00\u79cd\u521b\u65b0\uff0c\u5efa\u7b51\u4e1a\u5e94\u8be5\u6709\u521b\u65b0\u610f\u8bc6\uff0c\u5efa\u9020\u51fa\u575a\u56fa\u6f02\u4eae\u6709\u4e2a\u6027\u7684\u5343\u5e74\u4e07\u5e74\u5efa\u7b51\u3002", "useful_count": "0"},
{"page_index": 0, "movie_id": "26974912", "title": "\u8bf7\u628a\u751f\u547d\u4ea4\u7ed9\u6211", "username": "\u4e00\u516c\u65a4\u773c\u5c4e", "user_id": "183402279", "rating": "\u529b\u8350", "date": "2018-08-26", "time": "15:48:06", "comment": "\u7231\u5947\u827a\u5df2\u7ecf\u53ef\u4ee5\u770b\u4e86\uff0c\u8fd8\u4e0d\u9519\uff01", "useful_count": "0"},
{"page_index": 0, "movie_id": "26974912", "title": "\u8bf7\u628a\u751f\u547d\u4ea4\u7ed9\u6211", "username": "deer", "user_id": "154980320", "rating": null, "date": "2018-07-25", "time": "16:54:40", "comment": "\u8bfa\u57fa\u4e9a\u5f00\u673a", "useful_count": "0"}
]