[
{"page_index": 0, "movie_id": "3926132", "title": "\u7231\u60c5\u516c\u5bd3", "username": "\u5931\u63a7\u82ad\u4e50", "user_id": "fish6058", "rating": "\u63a8\u8350", "date": "2009-08-23", "time": "12:05:01", "comment": "\u4f5c\u4e3a\u8001\u53cb\u8bb0\u548c\u8001\u7238\u8001\u5988\u6d6a\u6f2b\u53f2\u7684\u7c89\u4e1d\uff0c\u8fd9\u5267\u8ba9\u4eba\u770b\u5f97\u5fc3\u60c5\u5f88\u590d\u6742\u554a\u3002", "useful_count": "4683"},
{"page_index": 0, "movie_id": "3926132", "title": "\u7231\u60c5\u516c\u5bd3", "username": "\u6728\u53ef\u2740\u6728\u53ef", "user_id": "mukemuke", "rating": "\u529b\u8350", "date": "2009-08-18", "time": "13:42:05", "comment": "\u7edd\u4e0d\u662f\u5c71\u5be8\uff0c\u662f\u521b\u610f\uff01\n\u5929\u7136\u7cfb\u5173\u8c37\uff0c\u597d\u7537\u4eba\u5c0f\u8d24\uff01\uff01", "useful_count": "699"},
{"page_index": 0, "movie_id": "3926132", "title": "\u7231\u60c5\u516c\u5bd3", "username": "\u9c7c\u6e38\u3002", "user_id": "150825138", "rating": "\u5f88\u5dee", "date": "2017-01-22", "time": "14:24:27", "comment": "\u6211\u771f\u7684\u5f88\u559c\u6b22\uff0c\u6bcf\u6b21\u770b\u90fd\u4f1a\u7b11\uff0c\u4f46\u662f\u6284\u88ad\u5c31\u4e0d\u8be5\u53d7\u8ffd\u6367\u3002", "useful_count": "385"},
{"page_index": 0, "movie_id": "3926132", "title": "\u7231\u60c5\u516c\u5bd3", "username": "\u6797\u5e9f\u5b85", "user_id": "linguanhua", "rating": "\u63a8\u8350", "date": "2009-08-25", "time": "12:54:42", "comment": "\u6709\u7f8e\u5267\u7684\u5f71\u5b50\uff0c\u4f46\u662f\u518d\u56fd\u4ea7\u5267\u521b\u4f5c\u8d2b\u4e4f\u7684\u4eca\u65e5\uff0c\u6211\u8fd8\u662f\u770b\u5230\u4e86\u8bda\u610f\u3002\u63a8\u8350\u4e00\u770b\u3002", "useful_count": "2660"},
{"page_index": 0, "movie_id": "3926132", "title": "\u7231\u60c5\u516c\u5bd3", "username": "\u5f71\u5fd7", "user_id": "tjz230", "rating": "\u63a8\u8350", "date": "2009-09-19", "time": "13:28:11", "comment": "NND\uff0c\u8001\u5b50\u4ece\u4e0d\u7ed9\u7535\u89c6\u5267\u62535\u661f\u3002\u592aHappy\u4e86~~~4\u661f\u3002", "useful_count": "329"},
{"page_index": 0, "movie_id": "3926132", "title": "\u7231\u60c5\u516c\u5bd3", "username": "\u54f2\u96c4", "user_id": "minyancheng", "rating": "\u8fd8\u884c", "date": "2009-08-16", "time": "20:28:42", "comment": "\u91cc\u9762\u6709\u5f88\u591a\u5730\u65b9\u660e\u663e\u662f\u5728\u6a21\u4eff\u8001\u53cb\u8bb0\u8bf6\uff0c\u800c\u4e14\u6709\u7684\u65f6\u5019\u6f14\u5458\u592a\u505a\u4f5c\u4e86\u3002", "useful_count": "1808"},
{"page_index": 0, "movie_id": "3926132", "title": "\u7231\u60c5\u516c\u5bd3", "username": "X\u3002", "user_id": "mokeric", "rating": "\u529b\u8350", "date": "2009-08-15", "time": "21:22:39", "comment": "\u5b64\u72ec\u7684\u6839\u53f7\u4e09\u3002", "useful_count": "691"},
{"page_index": 0, "movie_id": "3926132", "title": "\u7231\u60c5\u516c\u5bd3", "username": "\u633d\u68a6\u5fc6\u7b19\u6b4c", "user_id": "168467329", "rating": "\u63a8\u8350", "date": "2018-01-16", "time": "10:43:38", "comment": "\u5f88\u641e\u7b11\u7684\u4e00\u90e8\u5267\uff0c\u91cc\u9762\u7684\u53cb\u60c5\u7231\u60c5\u4eb2\u60c5\u90fd\u662f\u5f88\u9971\u6ee1\uff0c\u6f14\u5458\u7684\u989c\u503c\u6f14\u6280\u4e5f\u90fd\u5728\u7ebf\uff0c\u53cd\u6b63\u6211\u633a\u559c\u6b22\u7684\u3002", "useful_count": "130"},
{"page_index": 0, "movie_id": "3926132", "title": "\u7231\u60c5\u516c\u5bd3", "username": "\u68a6\u68a6\u68a6\u68a6", "user_id": "155986723", "rating": "\u63a8\u8350", "date": "2017-04-06", "time": "00:34:04", "comment": "\u7b2c\u4e00\u6b21\u770b\u628a\u6211\u7b11\u6b7b\u4e86\uff0c\u7b2c\u4e00\u96c6\u7684\u5a5a\u793c\uff0c\u5361\u4e01\u8f66\u5230\u73b0\u5728\u6211\u90fd\u8bb0\u5f97\u3002\u9664\u4e86\u300a\u5bb6\u6709\u513f\u5973\u300b\u6700\u7231\u7684\u4e00\u90e8\u559c\u5267\u3002\u80e1\u4e00\u83f2\u771f\u7684\u597d\u7f8e\uff0c\u559c\u6b22\u5979\u90a3\u79cd\u7237\u4eec\u7684\u6027\u683c\u3002", "useful_count": "84"},
{"page_index": 0, "movie_id": "3926132", "title": "\u7231\u60c5\u516c\u5bd3", "username": "\u84dd\u4e0b\u8001\u5a46", "user_id": "155986714", "rating": "\u63a8\u8350", "date": "2017-03-16", "time": "16:12:58", "comment": "\u597d\u7537\u4eba\u5c31\u662f\u6211\uff0c\u6211\u5c31\u662f\u66fe\u5c0f\u8d24\uff0c\u662f\u4e0d\u662f\u8bf4\u7740\u7279\u987a\u53e3\uff0c\u633a\u5e7d\u9ed8\u8bbd\u523a\u7684\uff0c\u633a\u597d\u770b", "useful_count": "65"},
{"page_index": 0, "movie_id": "3926132", "title": "\u7231\u60c5\u516c\u5bd3", "username": "\u9673\u9d3b\u7fce", "user_id": "chenhongling", "rating": "\u5f88\u5dee", "date": "2011-08-11", "time": "12:45:21", "comment": "\u4e3a\u641e\u7b11\u800c\u641e\u7b11\u7684\u65e0\u7b11\u70b9\u559c\u5267", "useful_count": "397"},
{"page_index": 0, "movie_id": "3926132", "title": "\u7231\u60c5\u516c\u5bd3", "username": "amelin", "user_id": "145491130", "rating": "\u63a8\u8350", "date": "2016-12-02", "time": "00:22:21", "comment": "\u5f88\u795e\u5947\u768413\u5e74\u90fd\u8fd8\u6ca1\u770b\u8fc7\u7231\u60c5\u516c\u5bd3\u3002\u540e\u6765\u662f\u4e0b\u8bfe\u73ed\u91cc\u653e\u7b2c\u4e09\u5b63\u770b\u4e86\u51e0\u773c\u611f\u89c9\u633a\u9017\u7684\u5c31\u56de\u53bb\u627e\u6765\u770b\u4e86\u3002\u6bcf\u5929\u8ddf\u6bcd\u4e0a\u5927\u4eba\u5403\u996d\u7684\u65f6\u5019\u4e0b\u996d\u7528~\u86ee\u6709\u8da3\u7684\u3002\u597d\u4f69\u670d\u5415\u5b50\u4e54\u9ed1\u767d\u98a0\u5012\u7684\u53e3\u624d\u554a\u3002\u5173\u8c37\u6709\u70b9\u5929\u7136\u840c\u53e3\u97f3\u5f88\u795e\u5947~\u4e0d\u6562\u76f8\u4fe1\u6f14\u5458\u7adf\u7136\u662f\u4e2d\u56fd\u4eba~\u66fe\u5c0f\u8d24\u8d31\u516e\u516e\u7684~\u6e29\u99a8\u641e\u7b11\u7684\u60c5\u666f\u559c\u5267\u3002", "useful_count": "64"},
{"page_index": 0, "movie_id": "3926132", "title": "\u7231\u60c5\u516c\u5bd3", "username": "\u6545\u610f\u2122|Kevin", "user_id": "kevinkoo", "rating": "\u529b\u8350", "date": "2009-08-23", "time": "22:28:31", "comment": "\u539f\u8c05\u4ed6\u662f\u4e0a\u5e1d\u7684\u4e8b\u60c5\uff0c\u6211\u7684\u4efb\u52a1\u662f\u9001\u4ed6\u53bb\u89c1\u4e0a\u5e1d\u2026\u2026", "useful_count": "505"},
{"page_index": 0, "movie_id": "3926132", "title": "\u7231\u60c5\u516c\u5bd3", "username": "\u4e00\u8d77\u5403\u5730\u74dc", "user_id": "172924438", "rating": "\u63a8\u8350", "date": "2018-03-12", "time": "09:00:46", "comment": "\u5267\u91cc\u6bcf\u4e2a\u4eba\u90fd\u662f\u6bb5\u5b50\u624b\uff0c\u4e00\u5ea6\u6bcf\u5929\u90fd\u7528\u6765\u4e0b\u996d\u3002\u53ef\u60dc\u5267\u91cc\u7684\u597d\u7537\u4eba\u7ec8\u5f52\u4e0e\u73b0\u5b9e\u65e0\u5173\u3002", "useful_count": "61"},
{"page_index": 0, "movie_id": "3926132", "title": "\u7231\u60c5\u516c\u5bd3", "username": "\u4eca\u5929\u4e5f\u6ca1\u6709\u732b", "user_id": "171581025", "rating": "\u63a8\u8350", "date": "2018-03-12", "time": "20:10:30", "comment": "\u8fc7\u4e86\u8fd9\u4e48\u4e45\u518d\u770b\u8fd8\u662f\u633a\u6709\u610f\u601d\u7684\uff0c\u6700\u559c\u6b22\u7f8e\u5609\u548c\u5b50\u4e54\u8fd9\u4e00\u5bf9", "useful_count": "39"},
{"page_index": 0, "movie_id": "3926132", "title": "\u7231\u60c5\u516c\u5bd3", "username": "\u72f7\u4ecb\u6709\u4e4c\u9752", "user_id": "kidcby", "rating": "\u8fd8\u884c", "date": "2009-09-20", "time": "16:12:27", "comment": "\u9664\u53bb\u501f\u9274\u7684\uff0c\u6284\u88ad\u7684\uff0c\u81f4\u656c\u7684\uff0c\u6a21\u4eff\u7684\uff0c\u518d\u9664\u53bb\u4e00\u4e9b\u7f8e\u5267\u7684\u5f71\u5b50\u548c\u7f51\u7edc\u4e0a\u70ed\u95e8\u8bdd\u9898\u7684\u5356\u5f04\uff0c\u81f3\u5c11\u770b\u5230\u4e86\u56fd\u4ea7\u90fd\u5e02\u60c5\u666f\u559c\u5267\u7684\u8d77\u8272\u548c\u60f3\u8981\u6539\u9769\u7684\u51b3\u5fc3\uff0c\u51e0\u4e2a\u6f14\u5458\u57fa\u672c\u9009\u7684\u4e0d\u9519\uff0c\u5e0c\u671b\u5927\u9646\u672c\u571f\u7684\u60c5\u666f\u559c\u5267\u8d8a\u8d70\u8d8a\u597d\uff0c\u5c11\u70b9\u5916\u6765\u7684\uff0c\u591a\u70b9\u672c\u571f\u5316", "useful_count": "1279"},
{"page_index": 0, "movie_id": "3926132", "title": "\u7231\u60c5\u516c\u5bd3", "username": "Yome", "user_id": "yome", "rating": "\u529b\u8350", "date": "2009-08-26", "time": "14:42:36", "comment": "\u6a02\u6b7b\u6211\u4e86.\u54c8\u54c8\u54c8.\u5c71\u5be8\u4e5f\u6709\u611b!   \u62cd\u7e8c\u96c6\u5427\uff01", "useful_count": "463"},
{"page_index": 0, "movie_id": "3926132", "title": "\u7231\u60c5\u516c\u5bd3", "username": "if...", "user_id": "emily74", "rating": null, "date": "2009-08-15", "time": "20:54:52", "comment": "\u524d\u51e0\u96c6\u8fd8\u6bd4\u8f83\u539f\u521b\uff0c\u4ece\u56db\u4e94\u96c6\u5f00\u59cb\u5c31\u8d8a\u6765\u8d8a\u591aHOW I MET YOUR MOTHER\u7684\u6865\u6bb5\uff0c\u628a\u539f\u7248\u7684\u60c5\u8282\u62c6\u5f00\u53bb\u62fc\u8d77\u6765\u51d1\u5728\u6bcf\u4e2a\u4eba\u8eab\u4e0a\u91cd\u65b0\u7ec4\u5408\u672c\u571f\u5316\u4e00\u904d\u3002\u770b\u7740\u7684\u5fc3\u60c5\u771f\u590d\u6742\u3002", "useful_count": "496"},
{"page_index": 0, "movie_id": "3926132", "title": "\u7231\u60c5\u516c\u5bd3", "username": "\u7c73\u7c92", "user_id": "conanemily", "rating": "\u529b\u8350", "date": "2009-08-16", "time": "20:07:22", "comment": "\u5927\u8d5e", "useful_count": "166"},
{"page_index": 0, "movie_id": "3926132", "title": "\u7231\u60c5\u516c\u5bd3", "username": "llao", "user_id": "xiaoruoying", "rating": null, "date": "2009-08-17", "time": "03:41:26", "comment": "\u597d\u53ef\u6015...\u5c71\u5be8Friends...\u6211\u7684chan chan~~~", "useful_count": "261"},
{"page_index": 0, "movie_id": "3926132", "title": "\u7231\u60c5\u516c\u5bd3", "username": "\u68a6\u8be2", "user_id": "166218434", "rating": "\u63a8\u8350", "date": "2018-01-15", "time": "20:53:37", "comment": "\u559c\u6b22\u8fd9\u90e8\u5267\uff0c\u6bcf\u4e2a\u89d2\u8272\u7279\u5f81\u9c9c\u660e\uff0c\u5404\u6709\u5404\u7684\u7279\u8272\uff0c\u559c\u6b22\u6bcf\u4e2a\u4eba\u3002", "useful_count": "39"},
{"page_index": 0, "movie_id": "3926132", "title": "\u7231\u60c5\u516c\u5bd3", "username": "Stark\u5b9e\u4e60\u751f", "user_id": "143008973", "rating": "\u8fd8\u884c", "date": "2018-01-20", "time": "03:32:28", "comment": "\u6ca1\u770b\u7f8e\u5267\u4e4b\u524d\uff0c\u7231\u6b7b\u8fd9\u90e8\u5267\u4e86\uff0c\u5fc3\u5fc3\u5ff5\u5ff5\u7684\u5c31\u662f\u4ec0\u4e48\u65f6\u5019\u66f4\u65b0\u3002\u770b\u4e86\u7f8e\u5267\u4e4b\u540e......\u5fc3\u60c5\u590d\u6742\u3002\u6211\u771f\u7684\u662f\u770b\u7740\u8fd9\u90e8\u5267\u4ece\u65e0\u4eba\u95ee\u6d25\u5230\u5bb6\u55bb\u6237\u6653\u7684\uff0c\u4e09\u661f\u7ed9\u6211\u66fe\u7ecf\u8ffd\u5267\u7684\u65e5\u5b50\u3002", "useful_count": "125"},
{"page_index": 0, "movie_id": "3926132", "title": "\u7231\u60c5\u516c\u5bd3", "username": "\u542f\u660e\u661f\u7684\u6307\u5f15", "user_id": "155054867", "rating": "\u63a8\u8350", "date": "2018-03-12", "time": "18:20:18", "comment": "\u4eba\u7269\u5f62\u8c61\u633a\u9c9c\u660e\u7684\uff0c\u5267\u60c5\u4e5f\u4e0d\u9519\uff0c\u800c\u4e14\u7b11\u70b9\u591a", "useful_count": "41"},
{"page_index": 0, "movie_id": "3926132", "title": "\u7231\u60c5\u516c\u5bd3", "username": "\u7eb3\u65b0\uff01", "user_id": "bolijiao", "rating": "\u5f88\u5dee", "date": "2009-08-28", "time": "22:36:07", "comment": "\u522b\u8bf4\u8fd9\u662f\u4e2d\u56fd\u7248\u516d\u4eba\u884c \u8981\u4e48\u8001\u5e74\u7248\u6d41\u661f\u96e8", "useful_count": "351"},
{"page_index": 0, "movie_id": "3926132", "title": "\u7231\u60c5\u516c\u5bd3", "username": "\u4e16\u754c\u5c3d\u5934", "user_id": "156941004", "rating": "\u8fd8\u884c", "date": "2018-03-15", "time": "12:24:40", "comment": "\u56de\u5934\u518d\u770b\u8fd9\u90e8\u5267\uff0c\u5f88\u611f\u6168\u554a\uff01\u597d\u7537\u4eba\u66fe\u5c0f\u8d24\u4e5f\u4e0d\u518d\u662f\u597d\u7537\u4eba\uff0c\u8fd8\u88ab\u8bf4\u6709\u7f8e\u5267\u7684\u5f71\u5b50\uff0c\u8bc4\u4ef7\u53d7\u5230\u5f71\u54cd\u554a\uff01", "useful_count": "48"},
{"page_index": 0, "movie_id": "3926132", "title": "\u7231\u60c5\u516c\u5bd3", "username": "Aspirin", "user_id": "ARN", "rating": "\u529b\u8350", "date": "2009-08-27", "time": "14:50:55", "comment": "\u538b\u6291\u7684\u65e5\u5b50\u9760\u4ed6\u89e3\u95f7", "useful_count": "186"},
{"page_index": 0, "movie_id": "3926132", "title": "\u7231\u60c5\u516c\u5bd3", "username": "\u5915\u68a8", "user_id": "76287806", "rating": "\u63a8\u8350", "date": "2018-03-15", "time": "00:20:37", "comment": "\u5fc3\u60c5\u4e0d\u6109\u5feb\u5c31\u770b\u4e00\u770b\uff0c\u633a\u641e\u7b11\u7684\u4e00\u90e8\u5267", "useful_count": "33"},
{"page_index": 0, "movie_id": "3926132", "title": "\u7231\u60c5\u516c\u5bd3", "username": "\u828a\u9896", "user_id": "156929991", "rating": "\u8fd8\u884c", "date": "2018-02-21", "time": "23:30:11", "comment": "\u7231\u60c5\u516c\u5bd3\u7cfb\u5217\u7684\u5f00\u59cb\uff0c\u552f\u4e00\u7f8e\u4e2d\u4e0d\u8db3\u7684\u662f\u6284\u88ad\uff0c\u4f46\u8fd8\u662f\u5e0c\u671b\u5b83\u80fd\u7ee7\u7eed\u2026\u2026", "useful_count": "51"},
{"page_index": 0, "movie_id": "3926132", "title": "\u7231\u60c5\u516c\u5bd3", "username": "\u5927\u9ba2", "user_id": "joey0", "rating": "\u529b\u8350", "date": "2009-08-24", "time": "13:41:58", "comment": "\u4e50\u75af\u4e86\uff0c\u5f88\u559c\u6b22\uff0c\u54c8\u54c8~0~.....\u6b64\u7247\u5c06\u4f1a\u5f88\u706b\u3002", "useful_count": "164"},
{"page_index": 0, "movie_id": "3926132", "title": "\u7231\u60c5\u516c\u5bd3", "username": "\u7ea4\u6307\u5341\u4e09", "user_id": "172705882", "rating": "\u8fd8\u884c", "date": "2018-03-15", "time": "13:32:23", "comment": "\u5206\u6570\u6709\u70b9\u9ad8\u4e86\uff0c\u7535\u89c6\u5267\u5267\u60c5\u4e00\u822c\u822c\uff0c\u7b11\u70b9\u4e0d\u8db3\uff0c\u611f\u89c9\u5267\u7ec4\u7ecf\u8d39\u4e5f\u4e0d\u591f\u7684\u6837\u5b50\u3002", "useful_count": "41"},
{"page_index": 0, "movie_id": "3926132", "title": "\u7231\u60c5\u516c\u5bd3", "username": "\u5feb\u4e50\u4eba\u751f", "user_id": "104118815", "rating": "\u529b\u8350", "date": "2018-03-12", "time": "12:58:38", "comment": "\u7ecf\u4e45\u4e0d\u8870\u7684\u60c5\u666f\u559c\u5267\uff0c\u6bcf\u4e2a\u4eba\u7269\u51e0\u4e4e\u90fd\u662f\u6bb5\u5b50\u624b\uff0c\u65f6\u4e0d\u65f6\u4f1a\u7ffb\u51fa\u6765\u770b\u770b\u3002", "useful_count": "73"},
{"page_index": 0, "movie_id": "3926132", "title": "\u7231\u60c5\u516c\u5bd3", "username": "\u5c39\u5929\u96ea", "user_id": "170141647", "rating": "\u8fd8\u884c", "date": "2018-03-15", "time": "22:37:59", "comment": "\u4e4b\u524d\u6709\u5f88\u6df1\u7684\u60c5\u6000\uff0c\u73b0\u5728\u597d\u50cf\u6162\u6162\u4e0d\u671f\u5f85\u7eed\u4e86\uff0c\u7559\u5728\u8bb0\u5fc6\u4e2d\u5427", "useful_count": "42"},
{"page_index": 0, "movie_id": "3926132", "title": "\u7231\u60c5\u516c\u5bd3", "username": "\u542c\u8aac", "user_id": "172494755", "rating": "\u63a8\u8350", "date": "2018-01-30", "time": "18:40:23", "comment": "\u5f88\u641e\u7b11\uff0c\u6ca1\u4e8b\u7684\u65f6\u5019\u5c31\u770b\u770b", "useful_count": "32"},
{"page_index": 0, "movie_id": "3926132", "title": "\u7231\u60c5\u516c\u5bd3", "username": "\u6bdb\u7403", "user_id": "149662083", "rating": "\u63a8\u8350", "date": "2018-03-07", "time": "22:23:29", "comment": "\u91cd\u6e29\uff0c\u8fd8\u7231\u4e00\u6700\u597d\u770b\u5450~", "useful_count": "37"},
{"page_index": 0, "movie_id": "3926132", "title": "\u7231\u60c5\u516c\u5bd3", "username": "\u4e71\u6a02", "user_id": "149550992", "rating": "\u63a8\u8350", "date": "2018-02-22", "time": "01:02:07", "comment": "\u56db\u90e8\u90fd\u8ffd\u5b8c\u4e86\uff0c\u633a\u641e\u7b11\u7684\u4e00\u90e8\u7535\u89c6\u5267 \u3002\u66fe\u5c0f\u8d24\u8d31\u8d31\u7684\u6837\u5b50\u6f14\u7684\u641e\u7b11", "useful_count": "32"},
{"page_index": 0, "movie_id": "3926132", "title": "\u7231\u60c5\u516c\u5bd3", "username": "123\u6728\u5934\u4eba", "user_id": "174104046", "rating": "\u8fd8\u884c", "date": "2018-03-15", "time": "09:00:42", "comment": "\u8fd8\u53ef\u4ee5\u54e6\u8f7b\u677e\u5e7d\u9ed8\u6253\u53d1\u65e0\u804a\u65f6\u5149\u7684\u6700\u4f73\u9009\u62e9", "useful_count": "31"},
{"page_index": 0, "movie_id": "3926132", "title": "\u7231\u60c5\u516c\u5bd3", "username": "\u4e0d\u9519\u6211\u5c31\u662f\u795e", "user_id": "164128873", "rating": "\u63a8\u8350", "date": "2018-03-15", "time": "00:16:53", "comment": "\u5f88\u559c\u6b22\uff0c\u53ef\u4ee5\u8bf4\u5f88\u7ecf\u5178\u4e86\uff0c\u611f\u8c22\u8fd9\u90e8\u5267\u966a\u6211\u5ea6\u8fc7\u4e86\u90a3\u6bb5\u9752\u6625\u5e74\u5c11\u65f6\u671f\u3002", "useful_count": "28"},
{"page_index": 0, "movie_id": "3926132", "title": "\u7231\u60c5\u516c\u5bd3", "username": "\u82cf\u9192\u9192", "user_id": "153197536", "rating": "\u63a8\u8350", "date": "2017-01-08", "time": "22:44:36", "comment": "\u611f\u89c9\u6709\u70b9\u50cf\u7f8e\u56fd\u5f88\u65e9\u7684\u4e00\u90e8\u5267  \u8001\u53cb\u8bb0  \u4f46\u662f\u7231\u60c5\u516c\u5bd3\u966a\u4f34\u4e86\u6211\u521d\u4e2d\u5bd2\u6691\u5047\u7684\u65e5\u5b50  \u8d31\u516e\u516e\u7684\u66fe\u5c0f\u8d24  \u8bf4\u8bdd\u5929\u7136\u53e3\u97f3\u7684\u5173\u8c37  \u5267\u4e2d\u6700\u559c\u6b22\u80e1\u4e00\u83f2  \u53ef\u80fd\u662f\u56e0\u4e3a\u5979\u7684\u6027\u683c\u54c8\u54c8  \u4e00\u4f19\u597d\u53cb\u5f88\u6b22\u4e50\u5e7d\u9ed8\u7684   \u8fd8\u6709\u5f88\u591a\u7ecf\u5178\u795e\u53f0\u8bcd  \u81ea\u4e2a\u513f\u7231\u5957\u5165\u5230\u751f\u6d3b\u4e2d\u8bf4\u54c8\u54c8\u2026", "useful_count": "42"},
{"page_index": 0, "movie_id": "3926132", "title": "\u7231\u60c5\u516c\u5bd3", "username": "Christopher R", "user_id": "christopherRN", "rating": "\u5f88\u5dee", "date": "2022-03-24", "time": "10:12:53", "comment": "\u7adf\u7136\u67098\u5206\uff0c\u4e0d\u6015\u5929\u6253\u96f7\u5288\u5417\uff1f", "useful_count": "62"},
{"page_index": 0, "movie_id": "3926132", "title": "\u7231\u60c5\u516c\u5bd3", "username": "\u5446\u840c\u5c0f\u4e03", "user_id": "169216507", "rating": "\u8fd8\u884c", "date": "2018-03-15", "time": "20:40:15", "comment": "\u6ca1\u6709\u4e86\u5f53\u65f6\u770b\u5267\u7684\u5fc3\u5883\uff0c\u4e5f\u611f\u89c9\u4e00\u822c\u822c\u4e86\uff01", "useful_count": "26"},
{"page_index": 0, "movie_id": "3926132", "title": "\u7231\u60c5\u516c\u5bd3", "username": "\u5230\u5904\u6643", "user_id": "59934126", "rating": "\u5f88\u5dee", "date": "2017-06-30", "time": "00:58:19", "comment": "\u6284\u88ad\u592a\u4e25\u91cd\u4e86", "useful_count": "108"},
{"page_index": 0, "movie_id": "3926132", "title": "\u7231\u60c5\u516c\u5bd3", "username": "\u5403\u9999\u9999\u559d\u8fa3\u8fa3\u8fa3", "user_id": "3278681", "rating": "\u5f88\u5dee", "date": "2012-08-02", "time": "20:00:12", "comment": "\u5bfc\u6f14\u65e0\u4e0b\u7ebf\uff01\u5168\u662f\u8001\u53cb\u8bb0\u548c\u8001\u7238\u8001\u5988\u7684\u7247\u6bb5\uff01\uff01", "useful_count": "90"},
{"page_index": 0, "movie_id": "3926132", "title": "\u7231\u60c5\u516c\u5bd3", "username": "April", "user_id": "58135982", "rating": "\u5f88\u5dee", "date": "2020-08-02", "time": "15:29:58", "comment": "\u5e0c\u671b\u7f16\u5267\u6e05\u695a\uff0c\u8fd9\u4e48\u9ad8\u5206\u4e0d\u662f\u7ed9\u4f60\u4eec\u7684\uff0c\u662f\u7ed9\u300a\u8001\u53cb\u8bb0\u8001\u7238\u8001\u5988\u6d6a\u6f2b\u53f2it\u72c2\u4eba\u300b\u7b49\u7b49\u88ab\u4f60\u4eec\u6284\u88ad\u7684\u539f\u521b\u5267\u7684\ud83d\ude42", "useful_count": "44"},
{"page_index": 0, "movie_id": "3926132", "title": "\u7231\u60c5\u516c\u5bd3", "username": "\u5b81\u5b81", "user_id": "156316198", "rating": "\u63a8\u8350", "date": "2018-03-14", "time": "23:57:08", "comment": "\u633a\u641e\u7b11\u7684\u4e00\u90e8\u5267\uff0c\u65e0\u804a\u65f6\u770b\u770b\u8fd8\u633a\u89e3\u95f7\u7684\uff0c\u6bcf\u4e2a\u89d2\u8272\u90fd\u559c\u6b22\u3002", "useful_count": "28"},
{"page_index": 0, "movie_id": "3926132", "title": "\u7231\u60c5\u516c\u5bd3", "username": "\u504f\u8981\u52c9\u5f3a", "user_id": "131953600", "rating": "\u8fd8\u884c", "date": "2018-03-13", "time": "23:05:31", "comment": "\u7b97\u662f\u5f88\u6210\u529f\u4e86\u4e00\u90e8\u60c5\u666f\u559c\u5267\uff0c\u91cc\u9762\u7684\u89d2\u8272\u90fd\u4e2a\u6027\u9c9c\u660e\uff0c\u540e\u6765\u77e5\u9053\u662f\u6284\u88ad\u4e86\u7f8e\u5267\uff0c\u6263\u4e00\u661f\u3002", "useful_count": "41"},
{"page_index": 0, "movie_id": "3926132", "title": "\u7231\u60c5\u516c\u5bd3", "username": "\u7231\u8ffd\u5267\u7684\u5c0f\u53ef\u7231", "user_id": "159826233", "rating": "\u8fd8\u884c", "date": "2018-03-16", "time": "01:25:15", "comment": "\u5f53\u5e74\u5f88\u7231\u770b\u7684\u4e00\u90e8\u7535\u89c6\u5267\uff0c\u4e00\u76f4\u671f\u5f85\u7740\u7b2c\u4e94\u5b63\uff0c\u73b0\u5728\u5374\u89c9\u5f97\u5df2\u7ecf\u7269\u662f\u4eba\u975e\u4e86\uff0c\u8fd8\u662f\u628a\u7f8e\u597d\u7559\u5728\u90a3\u65f6\u5427\u2026\u2026", "useful_count": "20"},
{"page_index": 0, "movie_id": "3926132", "title": "\u7231\u60c5\u516c\u5bd3", "username": "CCandFF", "user_id": "170254707", "rating": "\u63a8\u8350", "date": "2018-03-15", "time": "09:11:47", "comment": "\u6700\u8fd1\u53c8\u5728\u91cd\u5237\u4e86\uff0c\u592a\u597d\u770b\u4e86\uff0c\u641e\u7b11\uff0c\u767e\u770b\u4e0d\u538c\uff0c\u771f\u7684\u662f\u4e00\u4ee3\u4eba\u7684\u9752\u6625\uff0c\u7b11\u70b9\u591a\uff0c\u4e5f\u5305\u542b\u4e86\u5f88\u591a\u7684\u54f2\u7406\uff0c\u6210\u957f", "useful_count": "21"},
{"page_index": 0, "movie_id": "3926132", "title": "\u7231\u60c5\u516c\u5bd3", "username": "\u82b1\u843d  \u601d\u91cf\u9519", "user_id": "156004677", "rating": "\u8fd8\u884c", "date": "2017-03-16", "time": "17:33:14", "comment": "\u5c0f\u5b69\u5b50\u633a\u7231\u770b\uff0c\u770b\u7740\u4e50\u5475\u4e50\u5475\u5c31\u884c\u4e86\u3002", "useful_count": "21"},
{"page_index": 0, "movie_id": "3926132", "title": "\u7231\u60c5\u516c\u5bd3", "username": "\u963f\u5996\u3001", "user_id": "172495174", "rating": "\u63a8\u8350", "date": "2018-03-16", "time": "22:06:40", "comment": "\u5fc3\u60c5\u4e0d\u597d\u7684\u65f6\u5019\uff0c\u770b\u770b\u5c31\u5f00\u5fc3\u4e86\u3002\u8d85\u559c\u6b22\u7b2c\u4e00\u90e8\u3002", "useful_count": "28"},
{"page_index": 0, "movie_id": "3926132", "title": "\u7231\u60c5\u516c\u5bd3", "username": "\u5609\u5174\u8def\u6d3e\u51fa\u6240", "user_id": "169219574", "rating": "\u529b\u8350", "date": "2018-03-15", "time": "01:32:24", "comment": "\u8d85\u7231\u7684\uff0c\u53ea\u8981\u91cd\u64ad\u5c31\u4f1a\u518d\u770b\u7684\u5267\uff0c\u597d\u559c\u6b22\u66fe\u8001\u5e08\u548c\u4e00\u83f2\u554a\uff01\uff01\uff01\uff01\uff01", "useful_count": "41"},
{"page_index": 0, "movie_id": "3926132", "title": "\u7231\u60c5\u516c\u5bd3", "username": "\u4e03\u4e03", "user_id": "174108276", "rating": "\u63a8\u8350", "date": "2018-03-12", "time": "18:37:19", "comment": "\u770b\u4e86\u597d\u4e45\u4e86\uff0c\u90fd\u5fd8\u8bb0\u5f53\u65f6\u7684\u611f\u53d7\u4e86\uff0c\u6253\u7b97\u91cd\u6e29\u4e00\u4e0b", "useful_count": "31"},
{"page_index": 0, "movie_id": "3926132", "title": "\u7231\u60c5\u516c\u5bd3", "username": "Joyeux\u706c\u6653", "user_id": "172471349", "rating": "\u63a8\u8350", "date": "2018-03-15", "time": "11:48:45", "comment": "\u5f53\u5e74\u770b\u7b11\u54c8\u54c8\uff0c\u73b0\u5728\u770b\u8fd8\u662f\u7b11\u54c8\u54c8\uff0c\u4e0d\u9519\u7684\u4e00\u90e8\u559c\u5267\u3002", "useful_count": "23"},
{"page_index": 0, "movie_id": "3926132", "title": "\u7231\u60c5\u516c\u5bd3", "username": "momo", "user_id": "ctt19950905", "rating": "\u63a8\u8350", "date": "2017-01-08", "time": "13:02:00", "comment": "\u65e0\u804a\u7684\u65f6\u5019\u53ef\u4ee5\u770b\u770b\uff0c\u5f88\u6b22\u4e50\uff0c\u6709\u4e9b\u6bb5\u5b50\u86ee\u641e\u7b11\u7684\u3002", "useful_count": "33"},
{"page_index": 0, "movie_id": "3926132", "title": "\u7231\u60c5\u516c\u5bd3", "username": "Wishbao", "user_id": "wishbao", "rating": "\u8f83\u5dee", "date": "2011-02-01", "time": "20:04:00", "comment": "\u4e3a\u5565\u90a3\u4e48\u591a\u4eba\u7231\u770b\u5938\u5f20\u7684\u8868\u6f14\u8ddf\u77eb\u60c5\u7684\u53f0\u8bcd\u5462= =\u592a\u62e7\u5df4\u4e86", "useful_count": "846"},
{"page_index": 0, "movie_id": "3926132", "title": "\u7231\u60c5\u516c\u5bd3", "username": "TheNeverWhale", "user_id": "189336418", "rating": "\u5f88\u5dee", "date": "2020-08-23", "time": "17:37:08", "comment": "\u8981\u4e0d\u662f\u8c46\u74e3\u6253\u5206\u6700\u4f4e\u4e00\u661f\uff0c\u80af\u5b9a\u662f\u8981\u7ed9\u8d1f\u5206\u7684\u3002", "useful_count": "42"},
{"page_index": 0, "movie_id": "3926132", "title": "\u7231\u60c5\u516c\u5bd3", "username": "\u96ea\u91cc\u82b1\u857e", "user_id": "166750629", "rating": "\u8fd8\u884c", "date": "2018-03-12", "time": "22:23:16", "comment": "\u5267\u60c5\u5e73\u5e73\uff0c\u7b11\u70b9\u591a\u591a\uff0c\u989c\u503c\u5728\u7ebf\u5e05\u54e5\u9753\u59b9\uff0c\u6f14\u6280\u8bf4\u4e0d\u51fa\u6765\u7684\u611f\u89c9", "useful_count": "22"},
{"page_index": 0, "movie_id": "3926132", "title": "\u7231\u60c5\u516c\u5bd3", "username": "\u5317\u57ce\u5357\u7b19", "user_id": "172426957", "rating": "\u63a8\u8350", "date": "2018-03-12", "time": "16:54:13", "comment": "\u771f\u7684\u662f\u4e00\u90e8\u7b11\u70b9\u6ee1\u6ee1\u7684\u60c5\u666f\u559c\u5267\uff0c\u90fd\u662f\u6ee1\u6ee1\u7684\u56de\u5fc6\u554a\uff0c\u6bcf\u4e00\u96c6\u90fd\u80fd\u4f7f\u81ea\u5df1\u7684\u5fc3\u60c5\u53d8\u5f97\u5f88\u597d\uff01", "useful_count": "24"},
{"page_index": 0, "movie_id": "3926132", "title": "\u7231\u60c5\u516c\u5bd3", "username": "\u58f3\u5b50", "user_id": "133022752", "rating": "\u63a8\u8350", "date": "2017-01-09", "time": "20:36:45", "comment": "\u600e\u4e48\u8bf4\u5462 \u6211\u8fd8\u633a\u559c\u6b22\u7684 \u6ca1\u4e8b\u5e72\u7684\u65f6\u5019\u54c8\u54c8\u4e00\u7b11 \u636e\u8bf4\u662f\u6284\u88ad\u4e86\u8001\u53cb\u8bb0 \u6ca1\u529e\u6cd5 \u4e2d\u56fd\u4eba\u517b\u6210\u7684\u4e60\u60ef \u4e00\u65f6\u534a\u4f1a\u513f\u6539\u4e0d\u4e86 \u51d1\u5408\u770b\u5427 \u8d77\u7801\u6bd4\u90a3\u4e9b\u53ea\u4e3a\u5708\u94b1\u6254\u4e24\u4e2a\u9c9c\u8089\u660e\u661f\u968f\u4fbf\u6f14\u51fa\u6765\u7684\u620f\u597d\u5427", "useful_count": "26"},
{"page_index": 0, "movie_id": "3926132", "title": "\u7231\u60c5\u516c\u5bd3", "username": "\u4e1c\u65b9\u65e2\u767d", "user_id": "142272307", "rating": "\u63a8\u8350", "date": "2018-03-23", "time": "15:40:22", "comment": "\u524d\u4e24\u90e8\u597d\u770b\u4e9b\uff0c\u7b2c\u4e09\u90e8\u7b2c\u56db\u90e8\u90fd\u4e0d\u884c\u4e86\u3002\u7b11\u70b9\u653e\u5728\u73b0\u5728\u662f\u8fc7\u65f6\u4e86\uff0c\u5f53\u65f6\u8fd8\u4e0d\u9519\u3002\u90a3\u65f6\u5019\u6f14\u5458\u90fd\u4e0d\u706b\uff0c\u5fc3\u8fd8\u662f\u4e00\u7247\u8d64\u8bda\u3002", "useful_count": "17"},
{"page_index": 0, "movie_id": "3926132", "title": "\u7231\u60c5\u516c\u5bd3", "username": "\u82cf\u5e7c", "user_id": "157276872", "rating": "\u8fd8\u884c", "date": "2017-04-06", "time": "15:27:01", "comment": "\u5f88\u597d\u770b\uff0c\u63a5\u8fd1\u73b0\u5b9e\u751f\u6d3b\uff0c\u4e5f\u5f88\u641e\u7b11", "useful_count": "14"},
{"page_index": 0, "movie_id": "3926132", "title": "\u7231\u60c5\u516c\u5bd3", "username": "\u61d2\u8eba\u4e71\u7ffb\u4e66", "user_id": "annie-bean", "rating": "\u8f83\u5dee", "date": "2011-08-15", "time": "20:25:42", "comment": "\u6ca1\u4eba\u89c9\u5f97\u8fd9\u5267\u91cc\u7684\u4eba\u8131\u79bb\u6b63\u5e38\u667a\u5546\u8303\u56f4\u4e86\u4e48\u3002\u3002\u3002\u5938\u5f20\uff0c\u5047\u5f97\u53ef\u4ee5\u3002\u3002\u3002", "useful_count": "155"},
{"page_index": 0, "movie_id": "3926132", "title": "\u7231\u60c5\u516c\u5bd3", "username": "\u8c46\u74e3\u9171", "user_id": "153438591", "rating": "\u8fd8\u884c", "date": "2017-01-25", "time": "21:54:24", "comment": "\u4f9d\u7a00\u8fd8\u8bb0\u5f97\u6691\u5047\u5728\u7535\u89c6\u673a\u524d\u770b\u8fd9\u4e2a\u5267\uff0c\u8f7b\u677e\u5e7d\u9ed8\u3002\u7b11\u7684\u5f88\u5f00\u5fc3", "useful_count": "16"},
{"page_index": 0, "movie_id": "3926132", "title": "\u7231\u60c5\u516c\u5bd3", "username": "\u62a4\u4f60\u5468\u5168", "user_id": "174088113", "rating": "\u8fd8\u884c", "date": "2018-03-16", "time": "23:05:43", "comment": "\u73b0\u5728\u8fd8\u8bb0\u5f97\u7684\u5c31\u5269\u641e\u7b11\u7684\u53f0\u8bcd\u548c\u6f14\u5458\u4e86\uff0c\u7206\u7b11\u559c\u5267\u7247\uff0c\u5267\u60c5\u795e\u9a6c\u7684\u5b8c\u5168\u8bb0\u4e0d\u6e05\u4e86\uff0c\u5f53\u5e74\u628a\u8fd9\u5267\u5f53\u6210\u7f13\u89e3\u7d27\u5f20\u72b6\u6001\u7684\u89e3\u538b\u5242\u4e86\uff0c\u6548\u679c\u8fd8\u633a\u597d\ud83d\ude02\ud83d\ude02", "useful_count": "13"},
{"page_index": 0, "movie_id": "3926132", "title": "\u7231\u60c5\u516c\u5bd3", "username": "\u767d\u9732\u60a0\u60a0", "user_id": "174998477", "rating": "\u63a8\u8350", "date": "2018-03-16", "time": "22:09:54", "comment": "\u54c8\u54c8\u54c8\uff0c\u86ee\u597d\u770b\u7684\uff0c\u770b\u8fc7\u597d\u591a\u904d\uff0c\u86ee\u641e\u7b11\uff0c\u86ee\u6709\u610f\u601d\u7684\u3002", "useful_count": "20"},
{"page_index": 0, "movie_id": "3926132", "title": "\u7231\u60c5\u516c\u5bd3", "username": "shield", "user_id": "150238197", "rating": "\u63a8\u8350", "date": "2017-03-28", "time": "22:54:52", "comment": "\u76f8\u9047", "useful_count": "15"},
{"page_index": 0, "movie_id": "3926132", "title": "\u7231\u60c5\u516c\u5bd3", "username": "\u4e00\u6761\u54b8\u9c7c", "user_id": "57612884", "rating": "\u5f88\u5dee", "date": "2019-10-27", "time": "20:00:49", "comment": "\u7279\u5730\u56de\u6765\u6253\u4e2a\u4e00\u661f\u3002\u524d\u51e0\u5929\u770b\u4e86\u4e2a\u7231\u60c5\u516c\u5bd3\u548c\u5bfb\u5988\u8bb0\uff0c\u4e00\u53e5\u4e00\u53e5\u53f0\u8bcd\u3001\u8fd0\u955c\u5bf9\u6bd4\u7684\u89c6\u9891\uff0c\u771f\u7684\u6bcf\u4e00\u53e5\u53f0\u8bcd\u90fd\u4e00\u6837\uff0c\u751a\u81f3\u8fd8\u5e26\u70b9\u7ffb\u8bd1\u8154...\u597d\u6076\u5fc3 \u6211\u77e5\u9053\u8fd9\u90e8\u5267\u6284\u88ad\uff0c\u6ca1\u60f3\u5230\u662f\u5b8c\u5168\u4e00\u6837\u7684\u590d\u5236\u7c98\u8d34   ps\u8fd9\u4e2a\u9875\u9762\u7684\u6700\u8d5e\u77ed\u8bc4\u5168\u662f\u5938\u7684\uff0c\u7531\u4e8e\u5e74\u4ee3\u4e45\u8fdc\uff0c\u5f53\u5e74\u4fe1\u606f\u4f20\u64ad\u6ca1\u90a3\u4e48\u53d1\u8fbe\u53ef\u4ee5\u7406\u89e3\uff0c\u4f46\u662f\u6700\u65b0\u77ed\u8bc4\u91cc\u4ecd\u6709\u6253\u9ad8\u5206\u597d\u8bc4\u7684\uff0c\u4e0d\u5f97\u4e0d\u8bf4\u4eba\u548c\u4eba\u7684\u4e09\u89c2\u5dee\u8ddd\u771f\u633a\u5927\u7684\uff0c\u6216\u8005\u8bf4\u662f\u6ca1\u527d\u7a83\u5230\u81ea\u5df1\u8eab\u4e0a\u6240\u4ee5\u4e0d\u4f1a\u611f\u89c9\u5230\u75bc", "useful_count": "35"},
{"page_index": 0, "movie_id": "3926132", "title": "\u7231\u60c5\u516c\u5bd3", "username": "\u6211lu\u4e0d\u4f1a\u98de", "user_id": "157224553", "rating": "\u8fd8\u884c", "date": "2017-03-01", "time": "22:08:32", "comment": "\u5929\u751f\u5c31\u559c\u6b22\u641e\u7b11\u7684\uff0c\u8fd9\u90e8\u8fd8\u662f\u633a\u641e\u7b11\u7684\u3002", "useful_count": "14"},
{"page_index": 0, "movie_id": "3926132", "title": "\u7231\u60c5\u516c\u5bd3", "username": "\u6708\u6da9", "user_id": "156054692", "rating": "\u8fd8\u884c", "date": "2017-03-27", "time": "17:41:40", "comment": "\u5f88\u662f\u8bbd\u523a\u554a\uff01\u597d\u7537\u4eba\u5c31\u662f\u6211\uff0c\u6211\u5c31\u662f\u66fe\u5c0f\u8d24\uff01\u73b0\u5b9e\u4e2d\u7684\u6e23\u7537\uff01", "useful_count": "10"},
{"page_index": 0, "movie_id": "3926132", "title": "\u7231\u60c5\u516c\u5bd3", "username": "\u4e4c", "user_id": "margin_space", "rating": "\u5f88\u5dee", "date": "2017-08-17", "time": "00:30:28", "comment": "\u4e00\u6bd4\u4e00\u70b9\u4e94\u590d\u5236\uff0c\u70b9\u4e94\u662f\u4e3a\u4e86\u62d6\u65f6\u95f4\u6ce8\u6c34\u7684\u2026\u2026", "useful_count": "26"},
{"page_index": 0, "movie_id": "3926132", "title": "\u7231\u60c5\u516c\u5bd3", "username": "\u5e78\u8fd0\u9047\u89c1\u4f60", "user_id": "149086690", "rating": "\u8fd8\u884c", "date": "2017-03-24", "time": "06:41:50", "comment": "\u8fd9\u662f\u7b2c\u4e00\u90e8\u7231\u60c5\u7ea2\u6728   \u5f88\u597d\u770b", "useful_count": "8"},
{"page_index": 0, "movie_id": "3926132", "title": "\u7231\u60c5\u516c\u5bd3", "username": "\u6668\u5c0f\u516e", "user_id": "158942679", "rating": "\u63a8\u8350", "date": "2017-04-05", "time": "22:56:52", "comment": "\u5f88\u63a5\u8fd1\u751f\u6d3b\uff0c\uff0c\u6ee1\u6ee1\u56de\u5fc6", "useful_count": "14"},
{"page_index": 0, "movie_id": "3926132", "title": "\u7231\u60c5\u516c\u5bd3", "username": "\u54c8\u54c8\u54c8\u554a\u554a\u554a", "user_id": "156967679", "rating": "\u8fd8\u884c", "date": "2018-03-17", "time": "18:02:38", "comment": "\u4e00\u7fa4\u6000\u7740\u4e0d\u540c\u68a6\u60f3\u7684\u5e74\u8f7b\u4eba\u751f\u6d3b\u5728\u4e00\u8d77\u78b0\u649e\u51fa\u4e94\u989c\u516d\u8272\u7684\u706b\u82b1\uff0c\u6298\u5c04\u51fa\u5f53\u4ee3\u5e74\u8f7b\u4eba\u7684\u751f\u6d3b\u73b0\u72b6\u548c\u4ef7\u503c\u89c2\u3002\u6574\u5267\u8f7b\u677e\uff0c\u5e7d\u9ed8\uff0c\u8fd8\u4e0d\u9519\u3002", "useful_count": "12"},
{"page_index": 0, "movie_id": "3926132", "title": "\u7231\u60c5\u516c\u5bd3", "username": "\u5a01\u5a01\u5ec9", "user_id": "vivianwxx", "rating": "\u8fd8\u884c", "date": "2011-02-28", "time": "15:43:37", "comment": "\u5f88\u591a\u60c5\u8282\u7167\u642c\u8001\u53cb\u8bb0\u548c\u8001\u7238\u8001\u5988\u6d6a\u6f2b\u53f2", "useful_count": "14"},
{"page_index": 0, "movie_id": "3926132", "title": "\u7231\u60c5\u516c\u5bd3", "username": "Amenemu", "user_id": "hearyin", "rating": "\u8f83\u5dee", "date": "2017-07-21", "time": "19:33:53", "comment": "\u5728\u5f53\u65f6\u6380\u8d77\u4e00\u9635\u70ed\u6f6e\uff0c\u4e5f\u5bf9\u6f14\u5458\u524d\u671f\u7684\u8f9b\u82e6\u4ed8\u51fa\u6709\u6240\u4e86\u89e3\uff0c\u4f46\u8fd9\u90e8\u4f5c\u54c1\u6d89\u53ca\u6284\u88ad\u662f\u4e0d\u4e89\u4e8b\u5b9e\u3002", "useful_count": "23"},
{"page_index": 0, "movie_id": "3926132", "title": "\u7231\u60c5\u516c\u5bd3", "username": "\u5c3d\u4eba\u4e8b\uff0c\u542c\u5929\u547d", "user_id": "89347376", "rating": "\u63a8\u8350", "date": "2018-03-12", "time": "19:46:08", "comment": "\u8fd9\u53e5\u518d\u5f53\u65f6\u4e5f\u86ee\ud83d\udd25\u7684\uff0c\u51d1\u4e2a\u70ed\u95f9\u4e5f\u53bb\u770b\u4e86\u4e00\u4e0b\uff0c\u89c9\u5f97\u8fd8\u662f\u633a\u4e0d\u9519", "useful_count": "15"},
{"page_index": 0, "movie_id": "3926132", "title": "\u7231\u60c5\u516c\u5bd3", "username": "\u5854\u4e0d\u53ef\u592b\u65af\u57fa", "user_id": "122587511", "rating": "\u5f88\u5dee", "date": "2017-08-25", "time": "05:25:41", "comment": "\u5bf9\u4e0d\u8d77\uff0c\u6211\u4e4b\u524d\u559c\u6b22\u7684\u3002\u4f46\u662f\u505a\u4eba\u4e0d\u80fd\u8fd9\u4e48\u65e0\u803b\uff0c\u8fde\u53f0\u8bcd\u90fd\u7167\u7740\u6284", "useful_count": "51"},
{"page_index": 0, "movie_id": "3926132", "title": "\u7231\u60c5\u516c\u5bd3", "username": "\ud83c\udde6\ud83c\uddf7\ud83c\udde6\ud83c\uddf7", "user_id": "153106464", "rating": "\u63a8\u8350", "date": "2017-03-05", "time": "21:22:21", "comment": "\u5f88\u4e0d\u9519\u7684\u60c5\u666f\u559c\u5267 \u671f\u5f85\u7b2c\u4e94\u5b63 ", "useful_count": "17"},
{"page_index": 0, "movie_id": "3926132", "title": "\u7231\u60c5\u516c\u5bd3", "username": "\u6dcb", "user_id": "75215757", "rating": "\u5f88\u5dee", "date": "2022-06-05", "time": "20:39:33", "comment": "\u5ec9\u4ef7\u7684\u60c5\u6000", "useful_count": "21"},
{"page_index": 0, "movie_id": "3926132", "title": "\u7231\u60c5\u516c\u5bd3", "username": "\u5929\u7136\u5446", "user_id": "60504625", "rating": "\u63a8\u8350", "date": "2017-03-18", "time": "11:44:17", "comment": "\u559c\u6b22\u5267\u4e2d\u7684\u80e1\u4e00\u83f2\uff0c\u8fd9\u79cd\u5973\u6c49\u5b50\u7c7b\u578b\u7684\uff0c\u662f\u4e0d\u662f\u6211\u5185\u5fc3\u4e5f\u60f3\u6210\u4e3a\u8fd9\u79cd\u4eba\u5462\uff1f", "useful_count": "11"},
{"page_index": 0, "movie_id": "3926132", "title": "\u7231\u60c5\u516c\u5bd3", "username": "\u7231\u5f71\u89c6\uff0c\u7231\u751f\u6d3b", "user_id": "174088212", "rating": "\u63a8\u8350", "date": "2018-03-14", "time": "21:34:11", "comment": "\u597d\u671f\u5f85\u7b2c\u4e94\u554a\uff0c\u611f\u89c9\u8fd9\u5df2\u7ecf\u662f\u56fd\u4ea7\u60c5\u666f\u559c\u5267\u7684\u5dc5\u5cf0\u4e86\uff01\u3002", "useful_count": "12"},
{"page_index": 0, "movie_id": "3926132", "title": "\u7231\u60c5\u516c\u5bd3", "username": "lynn", "user_id": "144280211", "rating": "\u63a8\u8350", "date": "2017-01-27", "time": "19:05:16", "comment": "\u641e\u7b11  \u53ef\u4ee5\u6253\u53d1\u65f6\u95f4  \u6bcf\u4e00\u5b63\u90fd\u770b  \u559c\u6b22", "useful_count": "16"},
{"page_index": 0, "movie_id": "3926132", "title": "\u7231\u60c5\u516c\u5bd3", "username": "\u4e03\u5f69\u7cd6\u679c", "user_id": "174205101", "rating": "\u5f88\u5dee", "date": "2018-03-28", "time": "08:15:06", "comment": "\u597d\u7537\u4eba\u66fe\u5c0f\u8d24\u6253\u8138\u4e86", "useful_count": "9"},
{"page_index": 0, "movie_id": "3926132", "title": "\u7231\u60c5\u516c\u5bd3", "username": "\u9047\u89c1\u84dd\u84dd\u84dd", "user_id": "153963380", "rating": "\u63a8\u8350", "date": "2017-01-05", "time": "22:37:26", "comment": "\u770b\u4e86\u4e09\u904d\u90fd\u80fd\u8ba9\u6211\u7b11\uff0c\u53ea\u662f\u53ef\u60dc\uff0c\u620f\u706b\u4eba\u4e0d\u7ea2\u3002", "useful_count": "10"},
{"page_index": 0, "movie_id": "3926132", "title": "\u7231\u60c5\u516c\u5bd3", "username": "\u5a9b\u6728\u5b50", "user_id": "156064887", "rating": "\u63a8\u8350", "date": "2017-03-16", "time": "14:53:57", "comment": "\u633a\u559c\u6b22\u8fd9\u5267\u7684\uff0c\u5f53\u521d\u770b\u4e86\u597d\u591a\u6b21\uff0c\u4eba\u7269\u5851\u9020\u5f88\u6210\u529f\uff0c\u7b97\u662f\u633a\u6709\u8bda\u610f\u7684\u5267\u4e86\u5427\u3002", "useful_count": "8"},
{"page_index": 0, "movie_id": "3926132", "title": "\u7231\u60c5\u516c\u5bd3", "username": "\u5a1c\u8389\u68a6\u6e38\u4ed9\u5883", "user_id": "152930642", "rating": "\u63a8\u8350", "date": "2017-03-01", "time": "20:03:04", "comment": "\u76f8\u9022\u4e0d\u5982\u5076\u9047\uff0c\u7f18\u5206\u8ba9\u51e0\u4eba\u76f8\u805a\u5230\u4e86\u7231\u60c5\u516c\u5bd3\uff0c\u5f00\u542f\u4e86\u4e00\u6bb5\u7206\u7b11\u65c5\u7a0b\uff01", "useful_count": "17"},
{"page_index": 0, "movie_id": "3926132", "title": "\u7231\u60c5\u516c\u5bd3", "username": "\u505a\u4e00\u4ef6\u4e8b\u5f88\u96be\u5417", "user_id": "155974935", "rating": "\u63a8\u8350", "date": "2018-03-13", "time": "11:34:27", "comment": "\u60c5\u8282\u641e\u7b11 \u6f14\u5458\u5851\u9020\u6210\u529f \u6ca1\u6709\u7535\u89c6\u5267\u770b\u7684\u65f6\u5019\u5c31\u4f1a\u7ffb\u8fc7\u6765\u770b\u770b \u8fd8\u662f\u597d\u770b", "useful_count": "13"},
{"page_index": 0, "movie_id": "3926132", "title": "\u7231\u60c5\u516c\u5bd3", "username": "\u751c\u6912Oli", "user_id": "153935526", "rating": "\u529b\u8350", "date": "2017-03-12", "time": "19:28:18", "comment": "\u6ca1\u6709\u7ed3\u5c40 \u5c31\u662f\u597d\u7ed3\u5c40\u5427 \u81f3\u5c11\u8fd8\u53ef\u4ee5\u60f3\u8c61", "useful_count": "22"},
{"page_index": 0, "movie_id": "3926132", "title": "\u7231\u60c5\u516c\u5bd3", "username": "\u5f85\u57ce", "user_id": "151711006", "rating": "\u63a8\u8350", "date": "2017-03-30", "time": "20:27:51", "comment": "\u5f88\u597d\u770b\u7684\u60c5\u666f\u5267 \u6709\u7b11\u70b9\u4e5f\u6709\u5185\u6db5 ", "useful_count": "13"},
{"page_index": 0, "movie_id": "3926132", "title": "\u7231\u60c5\u516c\u5bd3", "username": "\u66b4\u5bcc\u7684\u5973\u5b69\u662f\u6211", "user_id": "156682524", "rating": "\u63a8\u8350", "date": "2017-03-30", "time": "07:05:35", "comment": "\u6211\u5988\u8bf4\u662f\u201c\u50bb\u5b50\u770b\u620f \u75af\u5b50\u6f14\u620f\u201d", "useful_count": "8"},
{"page_index": 0, "movie_id": "3926132", "title": "\u7231\u60c5\u516c\u5bd3", "username": "\u6614\u5e74", "user_id": "165416495", "rating": "\u8fd8\u884c", "date": "2018-03-12", "time": "12:19:06", "comment": "\u6bcf\u5f53\u5fc3\u60c5\u4e0d\u597d\u7684\u65f6\u5019\uff0c\u770b\u770b\u5b83\u5fc3\u60c5\u5c31\u597d\u4e86\uff0c\u4e0b\u996d\u5fc5\u5907\uff0c\u4e0d\u8fc7\u6bcf\u5f53\u5267\u4e2d\u66fe\u5c0f\u8d24\u8bf4\u51fa\u4e13\u5c5e\u53f0\u8bcd\u201c\u597d\u7537\u4eba\u5c31\u662f\u6211\uff0c\u6211\u5c31\u662f\u66fe\u5c0f\u8d24\u201d\uff0c\u60f3\u5230\u73b0\u5b9e\uff0c\u672a\u514d\u592a\u5632\u8bbd\u4e86\u3002", "useful_count": "10"},
{"page_index": 0, "movie_id": "3926132", "title": "\u7231\u60c5\u516c\u5bd3", "username": "\u30c1\u30e7\u30a6\u30a8\u30a4", "user_id": "157860693", "rating": "\u63a8\u8350", "date": "2017-03-27", "time": "16:42:59", "comment": "\u91cd\u590d\u770b\u591a\u5c11\u6b21\u90fd\u5f88\u597d\u7b11\uff0c\u611f\u8c22\u4f60\u4eec\u5e26\u7ed9\u6211\u4eec\u7684\u6b22\u4e50", "useful_count": "7"},
{"page_index": 0, "movie_id": "3926132", "title": "\u7231\u60c5\u516c\u5bd3", "username": "\u5361\u5361\u5361\u5361\u5361\u5361\u5361", "user_id": "156032572", "rating": "\u529b\u8350", "date": "2017-03-12", "time": "19:59:15", "comment": "\u524d\u4e24\u5929\u7684\u738b\u724c\u5bf9\u738b\u724c\u53c8\u52fe\u8d77\u4e86\u4e00\u756a\u56de\u5fc6\u5440\uff0c\u65e0\u8bba\u91cd\u770b\u591a\u5c11\u7247\u4e5f\u4e0d\u4f1a\u817b", "useful_count": "11"},
{"page_index": 0, "movie_id": "3926132", "title": "\u7231\u60c5\u516c\u5bd3", "username": "\u7490baby", "user_id": "157393043", "rating": "\u8fd8\u884c", "date": "2017-03-01", "time": "22:00:39", "comment": "\u770b\u8fc7\u6240\u6709\u7684\u518d\u6765\u770b\u7b2c\u4e00\u5b63\uff0c\u771f\u641e\u4e0d\u61c2\u662f\u600e\u4e48\u88ab\u4ed6\u5438\u5f15\u7684\uff0c\u660e\u660e\u5f88\u5c34\u5c2c\u96f7\u4eba\u554a\uff0c\u53ea\u662f\u4e0b\u996d\u7684\u65f6\u5019\u7684\u786e\u5f88\u641e\u7b11", "useful_count": "8"},
{"page_index": 0, "movie_id": "3926132", "title": "\u7231\u60c5\u516c\u5bd3", "username": "\u6253\u5de5\u4eba(\u6bd2\u7624\u7248)", "user_id": "172424394", "rating": "\u8f83\u5dee", "date": "2018-03-12", "time": "17:24:29", "comment": "\u5176\u5b9e\u6211\u633a\u559c\u6b22\u8fd9\u4e00\u7cfb\u5217\u7684\uff0c\u53ef\u662f\u90a3\u4e9b\u5df2\u7ecf\u4e0d\u7b97\u6284\u88ad\u7b80\u76f4\u662f\u590d\u5236\u7c98\u8d34\u7684\u5b9e\u9524\u5b9e\u5728\u662f\u2026\u2026\u53ef\u60dc\u6f14\u5458\u4eec\u4e86", "useful_count": "23"},
{"page_index": 0, "movie_id": "3926132", "title": "\u7231\u60c5\u516c\u5bd3", "username": "W\u4e4b\u82ae", "user_id": "172395036", "rating": "\u8fd8\u884c", "date": "2018-03-13", "time": "20:52:47", "comment": "\u521a\u5f00\u59cb\u633a\u5f00\u5fc3\u641e\u7b11\u7684\uff0c\u4f46\u5230\u540e\u9762\u51e0\u5b63\u4e00\u4e9b\u7b11\u70b9\u5f88\u5c2c\uff0c\u8fd8\u6709\u5c31\u662f\u4e0d\u80fd\u5bb9\u5fcd\u5b83\u7684\u6076\u641e\u548c\u67d0\u4e9b\u6076\u4fd7\uff0c\u672c\u6765\u60f3\u7ed9\u56db\u661f\u7684\uff0c\u6284\u88ad\u548c\u6076\u641e\u6263\u4e00\u661f", "useful_count": "41"},
{"page_index": 0, "movie_id": "3926132", "title": "\u7231\u60c5\u516c\u5bd3", "username": "Panda\u7684\u5f71\u97f3", "user_id": "PandaMovieMusic", "rating": "\u8fd8\u884c", "date": "2013-03-05", "time": "23:45:30", "comment": "\u8bdd\u8bf4\u201c\u601d\u59d0\u201d\u8868\u793a\u770b\u4e86\u597d\u51e0\u904d\uff0c\u53ef\u6211\u771f\u4e0d\u89c9\u5f97\u8fd9\u90e8\u5267\u503c\u5f97\u8fd9\u4e48\u9ad8\u7684\u8bc4\u5206\u3002", "useful_count": "5"},
{"page_index": 0, "movie_id": "3926132", "title": "\u7231\u60c5\u516c\u5bd3", "username": "\u8349\u8393__\u4e09\u6708", "user_id": "152762782", "rating": "\u63a8\u8350", "date": "2017-03-14", "time": "08:54:13", "comment": "\u7231\u60c5\u516c\u5bd3\u662f\u4e00\u90e8\u767e\u770b\u4e0d\u538c\u7684\u7535\u89c6\u5267", "useful_count": "10"},
{"page_index": 0, "movie_id": "3926132", "title": "\u7231\u60c5\u516c\u5bd3", "username": "\u196b\u1b61\u0ec9\u0ecc", "user_id": "Kylin-2015", "rating": "\u63a8\u8350", "date": "2017-04-06", "time": "15:46:08", "comment": "\u9664\u53bb\u6284\u88ad\u501f\u9274\u90a3\u5957\uff0c\u770b\u770b\u8fd8\u662f\u86ee\u4e50\u5475\u7684", "useful_count": "8"},
{"page_index": 0, "movie_id": "3926132", "title": "\u7231\u60c5\u516c\u5bd3", "username": "\u5bd2\u679d\u96c0\u9759", "user_id": "93124222", "rating": "\u8f83\u5dee", "date": "2015-02-17", "time": "08:32:27", "comment": "\u591a\u4e00\u9897\u661f\u662f\u7ed9\u5f53\u65f6\u786e\u5b9e\u4ea7\u751f\u8fc7\u7684\u70ed\u60c5", "useful_count": "11"},
{"page_index": 0, "movie_id": "3926132", "title": "\u7231\u60c5\u516c\u5bd3", "username": "\u4e00\u7b11\u800c\u8fc7", "user_id": "178510371", "rating": "\u63a8\u8350", "date": "2018-05-30", "time": "08:03:22", "comment": "\u56fd\u5185\u96be\u5f97\u7684\u60c5\u666f\u559c\u5267", "useful_count": "8"},
{"page_index": 0, "movie_id": "3926132", "title": "\u7231\u60c5\u516c\u5bd3", "username": "\u5b89\u5fc3", "user_id": "162230730", "rating": "\u63a8\u8350", "date": "2018-03-13", "time": "19:26:56", "comment": "\u867d\u7136\u6284\u88ad\u7f8e\u5267\uff0c\u4f46\u662f \u5f88\u597d\u770b\uff0c\u767e\u770b\u4e0d\u538c\u3002\u6bcf\u4e2a\u4eba\u90fd\u5f88\u6709\u7279\u8272", "useful_count": "11"},
{"page_index": 0, "movie_id": "3926132", "title": "\u7231\u60c5\u516c\u5bd3", "username": "\u522b\u4eba\u8001\u516c", "user_id": "150439723", "rating": "\u63a8\u8350", "date": "2017-03-08", "time": "14:16:36", "comment": "\u767e\u770b\u4e0d\u538c", "useful_count": "7"},
{"page_index": 0, "movie_id": "3926132", "title": "\u7231\u60c5\u516c\u5bd3", "username": "\u4fd7", "user_id": "161929471", "rating": "\u5f88\u5dee", "date": "2018-08-13", "time": "04:14:18", "comment": "\u4ee5\u524d\u6211\u662f\u591a\u4e48\u559c\u6b22\u554a\uff0c\u53ef\u81ea\u4ece\u770b\u4e86\u8001\u53cb\u8bb0\uff0c\u77e5\u9053\u4e86\u8001\u7238\u8001\u5988\u6d6a\u6f2b\u53f2\u540e\uff0c\u6211\u624d\u77e5\u9053\u5bfc\u6f14\u548c\u7f16\u5267\u53c8\u591a\u4e0d\u8981\u8138\uff0c\u5267\u60c5\u4e00\u6837\u53f0\u8bcd\u4e00\u6837\uff0c\u4e0d\u8fc7\u4ed6\u4eec\u4e5f\u786e\u5b9e\u662f\u9b3c\u88c1\uff0c\u628a\u628a\u51e0\u90e8\u7f8e\u5267\u82f1\u5267\u878d\u5408\u5230\u4e00\u5757\uff0c\u4e0d\u6127\u662f\u7231\u6284\u516c\u5bd3\uff08\u53c8\u540d\u6c49\u5316\u516c\u5bd3\uff09\uff0c\u800c\u4e14\u7f8e\u56fd\u548c\u82f1\u56fd\u90fd\u62a5\u9053\u8fc7\u6b64\u4e8b\uff0c\u8fd8\u72e0\u72e0\u5632\u8bbd\u4e86\u4e00\u628a\uff0c\u5bfc\u6f14\u548c\u7f16\u5267\u90fd\u4e0d\u5bb3\u81ca\u7684\u5417", "useful_count": "23"},
{"page_index": 0, "movie_id": "3926132", "title": "\u7231\u60c5\u516c\u5bd3", "username": "123456\u6635\u79f0", "user_id": "141073820", "rating": "\u529b\u8350", "date": "2017-03-30", "time": "22:39:52", "comment": "\u5ba4\u5185\u7231\u60c5\u60c5\u666f\u5267\uff0c\u771f\u7684\u4e0d\u9519\u3002", "useful_count": "8"},
{"page_index": 0, "movie_id": "3926132", "title": "\u7231\u60c5\u516c\u5bd3", "username": "\u541f\u6e38\u50e7\u4eba", "user_id": "feiranny", "rating": "\u529b\u8350", "date": "2017-10-26", "time": "18:41:43", "comment": "\u8dd1\u8dd1\u5361\u4e01\u8f66\u90a3\u6bb5\u771f\u662f\u7b11\u5c3f\u4e86\uff0c\u5c55\u535a\u548c\u5a49\u745c\u771f\u662f\u53ef\u7231~\u5c55\u535a\u7528\u5c41\u80a1\u5237\u516c\u4ea4\u5361\u4e5f\u662f\u840c\u5f97\u4e00\u7b14\u3002", "useful_count": "3"},
{"page_index": 0, "movie_id": "3926132", "title": "\u7231\u60c5\u516c\u5bd3", "username": "Bono", "user_id": "1723626", "rating": "\u8f83\u5dee", "date": "2012-09-16", "time": "01:58:50", "comment": "\u6284\u88ad\u6682\u4e14\u4e0d\u63d0\uff0c\u8fd9\u5267\u6700\u5927\u7684\u95ee\u9898\u662f\u8868\u6f14\u592a\u5938\u5f20\uff0c\u6f14\u5458\u4e00\u4e2a\u4e2a\u90fd\u8ddf\u795e\u7ecf\u75c5\u4f3c\u7684\uff0c\u559c\u5267\u662f\u73b0\u5b9e\u4e2d\u7b11\u6599\u7684\u63d0\u70bc\uff0c\u800c\u4e0d\u662f\u50bb\u903c\u5bf9\u73b0\u5b9e\u7684\u9006\u88ad\uff0c\u4e0a\u955c\u524d\u5148\u5403\u70b9\u836f\u6210\u4e48\uff1f", "useful_count": "12"},
{"page_index": 0, "movie_id": "3926132", "title": "\u7231\u60c5\u516c\u5bd3", "username": "\u9646\u4e0a\u4e4b\u821f", "user_id": "154239209", "rating": "\u5f88\u5dee", "date": "2021-09-03", "time": "07:45:43", "comment": "\u6284\u88ad\u4f5c\u54c1\u4e0d\u914d\u7ad9\u7740\u3002\u6d88\u5931\u3002\u4ed6\u7684\u5b58\u5728\u5c31\u662f\u5bf9\u771f\u6b63\u4f18\u79c0\u4f5c\u54c1\u7684\u4fae\u8fb1\u3002", "useful_count": "15"},
{"page_index": 0, "movie_id": "3926132", "title": "\u7231\u60c5\u516c\u5bd3", "username": "efuchan\u2661", "user_id": "natsukitohno", "rating": "\u529b\u8350", "date": "2012-03-04", "time": "22:35:52", "comment": "\u201c\u4e00\u83f2 \u79bb\u5f00\u90a3\u4e2a\u7537\u4eba\u5427 \u7136\u540e\u548c\u6211\u5728\u4e00\u8d77 \u56e0\u4e3a\u597d\u7537\u4eba\u5c31\u662f\u6211 \u6211\u5c31\u662f\u66fe\u5c0f\u8d24....\u201d   \u4e5f\u8bb8\u7231\u60c5\u516c\u5bd3\u662f\u6284\u88ad\u4e86\u8001\u53cb\u8bb0 \u4e5f\u501f\u9274\u4e86\u8001\u7238\u8001\u5988\u6d6a\u6f2b\u53f2 ...\u4e0d\u8fc7\u81f3\u5c11\u4e00\u65e0\u6240\u77e5\u7684\u6211\u7b11\u5f97\u5f88\u5f00\u5fc3 \u5728\u5267\u7ec8\u4e5f\u6df1\u6df1\u88ab\u611f\u52a8\u4e86 \u8fd9\u4e0d\u5c31\u8db3\u591f\u4e86\u561bxD", "useful_count": "4"},
{"page_index": 0, "movie_id": "3926132", "title": "\u7231\u60c5\u516c\u5bd3", "username": "\u897f\u5b50", "user_id": "147071671", "rating": "\u5f88\u5dee", "date": "2017-06-24", "time": "19:34:06", "comment": "\u771f\u7684\u6ca1\u6709\u51e0\u53e5\u53f0\u8bcd\u662f\u539f\u521b\u554a.....\n\u60f3\u9a82\u6211\u7684\u7231\u7c89\u6c42\u6c42\u4f60\u4eec\u53bb\u770b\u770bB\u7ad9\u6284\u88ad\u5408\u96c6\u5427", "useful_count": "45"},
{"page_index": 0, "movie_id": "3926132", "title": "\u7231\u60c5\u516c\u5bd3", "username": "\u968f\u98ce\u7684\u84b2\u516c\u82f1", "user_id": "157273071", "rating": "\u63a8\u8350", "date": "2017-04-06", "time": "19:00:13", "comment": "\u867d\u7136\u91cc\u9762\u7684\u6bcf\u4e2a\u4eba\u90fd\u6709\u4e0d\u540c\u7684\u6027\u683c\uff0c\u4e0d\u540c\u7684\u5de5\u4f5c\uff0c\u4f46\u662f\u611f\u60c5\u5728\u5c31\u597d\uff0c\u6709\u611f\u52a8\u6709\u6b22\u4e50\uff0c\u6709\u70b9\u7fa1\u6155\u4ed6\u4eec\u7684\u751f\u6d3b\uff01", "useful_count": "8"},
{"page_index": 0, "movie_id": "3926132", "title": "\u7231\u60c5\u516c\u5bd3", "username": "\u725b", "user_id": "174682500", "rating": "\u63a8\u8350", "date": "2018-03-12", "time": "12:55:17", "comment": "\u8fd9\u90e8\u5267\u662f\u6211\u5c11\u5e74\u7684\u56de\u5fc6\uff0c\u4e00\u7fa4\u6709\u8da3\u7684\u7075\u9b42\u80fd\u78b0\u649e\u5728\u4e00\u8d77\uff0c\u5267\u60c5\u4e5f\u5f88\u4e0d\u9519\uff0c\u597d\u770b", "useful_count": "11"},
{"page_index": 0, "movie_id": "3926132", "title": "\u7231\u60c5\u516c\u5bd3", "username": "\u77a7\u4e00\u77a7", "user_id": "174049618", "rating": "\u63a8\u8350", "date": "2018-03-13", "time": "07:13:31", "comment": "\u8bd9\u8c10\u641e\u7b11\u7684\u60c5\u666f\u559c\u5267\uff0c\u73b0\u5728\u5c11\u89c1\u4e86", "useful_count": "12"},
{"page_index": 0, "movie_id": "3926132", "title": "\u7231\u60c5\u516c\u5bd3", "username": "\u78d5\u5df4", "user_id": "161861220", "rating": "\u8f83\u5dee", "date": "2018-03-19", "time": "13:08:32", "comment": "\u65ad\u65ad\u7eed\u7eed\u770b\u8fc7\u4e00\u4e9b\uff0cget\u4e0d\u5230\u7b11\u70b9\u3002\u3002\u3002", "useful_count": "33"},
{"page_index": 0, "movie_id": "3926132", "title": "\u7231\u60c5\u516c\u5bd3", "username": "X", "user_id": "158679347", "rating": "\u63a8\u8350", "date": "2017-04-28", "time": "22:03:16", "comment": "\u516c\u5e73\u7684\u5c31\u4e8b\u8bba\u4e8b\u8bc4\u4ef7\u4e00\u4e0b\uff0c\u90a3\u4e2a\u65f6\u5019\u89c9\u5f97\u771f\u4e0d\u9519\u6709\u56db\u661f\u3002\u4f46\u662f\u73b0\u5728\u4e00\u662f\u89c9\u5f97\u8fd9\u5267\u62cd\u4e86\u591a\u90e8\u540e\u54c1\u8d28\u4e0b\u964d\uff0c\u4e8c\u662f\u9648\u8d64\u8d64\u7684\u597d\u7537\u4eba\u4eba\u8bbe\u5d29\u4e86\uff0c\u4e09\u662f\u636e\u8bf4\u6284\u88ad\u5176\u4ed6\u5267\u2026\u2026", "useful_count": "6"},
{"page_index": 0, "movie_id": "3926132", "title": "\u7231\u60c5\u516c\u5bd3", "username": "\u82b1\u751f\u9171", "user_id": "1159296", "rating": "\u5f88\u5dee", "date": "2019-06-25", "time": "13:32:48", "comment": "\u90fd\u662f\u6284\u6765\u7684\u7f8e\u5267\u82f1\u5267\u6897\u3002", "useful_count": "11"},
{"page_index": 0, "movie_id": "3926132", "title": "\u7231\u60c5\u516c\u5bd3", "username": "\u6b23\u6b23\u5411\u8363", "user_id": "ellen0320", "rating": "\u63a8\u8350", "date": "2018-04-12", "time": "08:02:31", "comment": "\u8fd8\u53ef\u4ee5\uff0c\u65ad\u65ad\u7eed\u7eed\u770b\u7684\uff0c\u5f88\u597d\u7b11\u3002", "useful_count": "6"},
{"page_index": 0, "movie_id": "3926132", "title": "\u7231\u60c5\u516c\u5bd3", "username": "\u5927\u601d\u7ea7", "user_id": "sisisummer", "rating": "\u63a8\u8350", "date": "2017-01-08", "time": "23:27:37", "comment": "\u5f88\u4e0d\u9519\u7684\u60c5\u666f\u559c\u5267\uff0c\u6865\u6bb5\u548c\u6897\u591a\u5e74\u540e\u770b\u4ecd\u7136\u4e0d\u5c34\u5c2c\uff0c\u5f88\u9017\u8da3\u3002\u6f14\u5458\u4eec\u6f14\u6280\u90fd\u5728\u7ebf\uff0c\u4eba\u7269\u6027\u683c\u523b\u753b\u7ec6\u817b\u6ca1\u6709\u8138\u8c31\u5316\uff0c\u5267\u60c5\u4e5f\u86ee\u8010\u770b\u7684\u3002", "useful_count": "8"},
{"page_index": 0, "movie_id": "3926132", "title": "\u7231\u60c5\u516c\u5bd3", "username": "Robin", "user_id": "157391509", "rating": "\u63a8\u8350", "date": "2017-04-06", "time": "08:52:22", "comment": "\u559c\u6b22\u5b59\u827a\u6d32\uff0c\u671f\u5f85\u4ed6\u4eec\u7684\u56de\u5f52", "useful_count": "4"},
{"page_index": 0, "movie_id": "3926132", "title": "\u7231\u60c5\u516c\u5bd3", "username": "\u62ce\u4e0d\u6e05\u4e86\u4e0d\u8d77", "user_id": "152887875", "rating": "\u63a8\u8350", "date": "2017-03-26", "time": "21:28:34", "comment": "\u592a\u5c34\u5c2c\u7684\u3002\u672c\u6765\u662f\u633a\u7ecf\u5178\u7684\u3002\u4f46\u4e0d\u77e5\u600e\u4e48\u7684\uff0c\u8d8a\u5f80\u540e\u62cd\uff0c\u89c9\u5f97\u91cc\u9762\u7684\u6f14\u5458\u8d8a\u81a8\u80c0\u3002\u4ee5\u81f3\u4e8e\u5b8c\u5168\u4e0d\u671f\u5f85\u4e94\u4e86", "useful_count": "6"},
{"page_index": 0, "movie_id": "3926132", "title": "\u7231\u60c5\u516c\u5bd3", "username": "momo", "user_id": "121277643", "rating": "\u5f88\u5dee", "date": "2020-02-18", "time": "17:44:25", "comment": "\u7b2c\u4e00\u5b63\u6284\u4e86\u5bfb\u5988\u8bb0\uff0c\u8001\u53cb\u8bb0\uff0c\u4e54\u4f0a\uff0c\u5bb6\u5ead\u6218\u4e89\uff0c\u5bfb\u5b9d\u5947\u90472\uff0c\u8fa3\u624b\u56de\u6625\u548c\u65b0\u624e\u5e08\u5144\u8ffd\u5973\u4ed4\uff0c\u4eba\u8bbe\uff0c\u5e03\u666f\uff0c\u5267\u60c5\u5168\u6284\uff0c\u751a\u81f3\u597d\u591a\u53f0\u8bcd\u90fd\u662f\u7167\u642c\uff0cb\u7ad9\u6709\u8be6\u7ec6\u7684\u5bf9\u6bd4\u89c6\u9891\uff0c\u9524\u7684\u6b7b\u6b7b\u7684\u3002\u771f\u662f\u592a\u53ef\u6015\u4e86\uff0c\u7f16\u5267\u600e\u4e48\u80fd\u8fd9\u4e48\u4e0d\u8981\u8138\uff1f\uff1f\u8fd9\u90e8\u5267\u771f\u7684\u5e94\u8be5\u88ab\u9489\u5728\u4e2d\u56fd\u7535\u89c6\u5267\u7684\u803b\u8fb1\u67f1\u4e0a\u3002", "useful_count": "20"}
]