[
{"page_index": 0, "movie_id": "27179424", "title": "\u6566\u714c\u4e0d\u4e86\u60c5", "username": "YOYO0518", "user_id": "172499407", "rating": "\u8f83\u5dee", "date": "2018-01-24", "time": "23:17:18", "comment": "\u4e0d\u660e\u767d\uff0c\u6797\u4fdd\u6021\u662f\u6ca1\u7247\u5b50\u63a5\u4e86\u5417\uff0c\u611f\u89c9\u90fd\u662f\u661f\u5149\u5927\u9053\u91cc\u7684\u6b6a\u679c\u4ec1\u3002", "useful_count": "9"},
{"page_index": 0, "movie_id": "27179424", "title": "\u6566\u714c\u4e0d\u4e86\u60c5", "username": "\u5468\u793c\u8ba9", "user_id": "86743058", "rating": "\u5f88\u5dee", "date": "2018-01-22", "time": "19:26:23", "comment": "\u4e00\u80a1\u70c2\u7247\u7684\u6c14\u606f\u3002", "useful_count": "8"},
{"page_index": 0, "movie_id": "27179424", "title": "\u6566\u714c\u4e0d\u4e86\u60c5", "username": "\u53ef\u4ee5\u5973\u795e", "user_id": "lvcheng0304", "rating": null, "date": "2018-01-25", "time": "02:01:22", "comment": "\u6d17\u94b1\u62cd\u7684\u7535\u5f71\uff1f", "useful_count": "8"},
{"page_index": 0, "movie_id": "27179424", "title": "\u6566\u714c\u4e0d\u4e86\u60c5", "username": "1sagain", "user_id": "155222395", "rating": null, "date": "2018-01-23", "time": "11:31:17", "comment": "\u6211\u770b\u52300\u4fdd1\u5c31\u60f3\u7b11\ud83d\ude02\ud83d\ude02", "useful_count": "1"},
{"page_index": 0, "movie_id": "27179424", "title": "\u6566\u714c\u4e0d\u4e86\u60c5", "username": "mussessein", "user_id": "163904038", "rating": "\u5f88\u5dee", "date": "2020-07-14", "time": "23:28:30", "comment": "\u8981\u4e0d\u662f\u4e3a\u4e86\u770bBowie \u6211\u662f\u4e0d\u4f1a\u6d6a\u8d39\u8fd9\u4e2a\u65f6\u95f4\u7684 \u771f\u7684\u9646\u7eed\u770b\u4e86\u597d\u591a\u5929\u624d\u770b\u5b8c", "useful_count": "2"},
{"page_index": 0, "movie_id": "27179424", "title": "\u6566\u714c\u4e0d\u4e86\u60c5", "username": "Lucky\u798f\u5c0f\u72f8", "user_id": "143749774", "rating": "\u8fd8\u884c", "date": "2020-03-22", "time": "11:53:45", "comment": "\u5fc5\u5c06\u8d70\u5411\u6566\u714c\uff0c\u5bfb\u627e\u6566\u714c\uff0c\u846c\u5728\u6566\u714c", "useful_count": "0"},
{"page_index": 0, "movie_id": "27179424", "title": "\u6566\u714c\u4e0d\u4e86\u60c5", "username": "\u521d\u4e00", "user_id": "59022066", "rating": null, "date": "2018-01-23", "time": "18:51:42", "comment": "\u770b\u4e86\u9884\u544a\u7247\uff0c\u5c31\u4e0d\u60f3\u770b\u7535\u5f71\u4e86", "useful_count": "0"},
{"page_index": 0, "movie_id": "27179424", "title": "\u6566\u714c\u4e0d\u4e86\u60c5", "username": "\uff1f\uff1f", "user_id": "45087501", "rating": "\u5f88\u5dee", "date": "2018-01-23", "time": "10:34:16", "comment": "\u6d77\u62a5\u8d28\u91cf\u4f53\u73b0\u7535\u5f71\u8d28\u91cf\u7cfb\u5217", "useful_count": "1"},
{"page_index": 0, "movie_id": "27179424", "title": "\u6566\u714c\u4e0d\u4e86\u60c5", "username": "\u571f\u536b\u516d", "user_id": "171246032", "rating": "\u5f88\u5dee", "date": "2021-05-12", "time": "19:40:38", "comment": "\u8fd9\u660e\u663e\u662f\u6566\u714c\u65c5\u6e38\u5ba3\u4f20\u7247\uff01", "useful_count": "0"},
{"page_index": 0, "movie_id": "27179424", "title": "\u6566\u714c\u4e0d\u4e86\u60c5", "username": "\u843d\u9b44\u4e66\u751f", "user_id": "178058372", "rating": "\u5f88\u5dee", "date": "2021-12-13", "time": "00:47:21", "comment": "\u6d6a\u8d39\u8868\u60c5\u7684\u7247\u5b50\u2026\u2026 ", "useful_count": "0"},
{"page_index": 0, "movie_id": "27179424", "title": "\u6566\u714c\u4e0d\u4e86\u60c5", "username": "\u9053\u9053\u770b\u7535\u5f71", "user_id": "film1984", "rating": "\u5f88\u5dee", "date": "2019-01-08", "time": "20:37:31", "comment": "\u70c2", "useful_count": "0"},
{"page_index": 0, "movie_id": "27179424", "title": "\u6566\u714c\u4e0d\u4e86\u60c5", "username": "\u9ea6\u5b50", "user_id": "btone0808", "rating": "\u5f88\u5dee", "date": "2018-12-31", "time": "09:23:06", "comment": "\u56fd\u9645\u5927\u7247\u7684\u9635\u5bb9\uff0c\u9a6c\u4e0a\u8981\u51b2\u51fa\u5927\u6c14\u5c42\uff0c\u96f7\u7126\u706b\u661f\u4eba\u4e86", "useful_count": "0"},
{"page_index": 0, "movie_id": "27179424", "title": "\u6566\u714c\u4e0d\u4e86\u60c5", "username": "\u65c5\u884c\u8005", "user_id": "205404890", "rating": "\u8fd8\u884c", "date": "2020-01-13", "time": "20:02:28", "comment": "\u98ce\u666f\u7f8e\uff0c\u6545\u4e8b\u60c5\u8282\u6709\u70b9\u7ed9\u8461\u8404\u9152\u505a\u5e7f\u544a\u7684\u611f\u89c9\u2026\u2026", "useful_count": "0"},
{"page_index": 0, "movie_id": "27179424", "title": "\u6566\u714c\u4e0d\u4e86\u60c5", "username": "\u5bf9\u4f60\u7231\u4e0d\u5b8c", "user_id": "140638723", "rating": "\u5f88\u5dee", "date": "2018-01-23", "time": "15:18:48", "comment": "\u60f3\u501f\u7740\u4e00\u7fa4\u5916\u56fd\u4eba\u5c31\u6765\u5708\u94b1\u3002", "useful_count": "0"},
{"page_index": 0, "movie_id": "27179424", "title": "\u6566\u714c\u4e0d\u4e86\u60c5", "username": "\u4e71\u4e71\u4e0d\u5c0f\u5fc3\u5931\u5fc6", "user_id": "129009708", "rating": "\u8fd8\u884c", "date": "2019-01-02", "time": "14:37:20", "comment": "\u611f\u89c9\u592a\u5976\u5976\u7684\u6545\u4e8b\u5012\u662f\u5f88\u611f\u4eba\uff0c\u4eba\u7269\u6f14\u7684\u4e5f\u5f88\u7528\u529b\u86ee\u597d\u7684\uff0c\u53ea\u662f\u8bf4\u6545\u4e8b\u672c\u8eab\u6709\u70b9\u8001\u5957\uff0c\u6574\u4f53\u53ca\u683c\u5427\uff0c\u8981\u4e0d\u662f\u6797\u4fdd\u6021\u90fd\u61d2\u5f97\u70b9\u5f00\u770b", "useful_count": "0"},
{"page_index": 0, "movie_id": "27179424", "title": "\u6566\u714c\u4e0d\u4e86\u60c5", "username": "RebelHeart\u9f99\u5b9d", "user_id": "35989324", "rating": "\u8f83\u5dee", "date": "2018-12-28", "time": "10:29:21", "comment": "\u7ffb\u8fc7\u90a3\u5ea7\u5c71\u5c31\u662f\u610f\u5927\u5229\u3002\u3002\u3002", "useful_count": "1"},
{"page_index": 0, "movie_id": "27179424", "title": "\u6566\u714c\u4e0d\u4e86\u60c5", "username": "\u505c\u505c\u505c\u505c\u4e0d\u4e0b\u6765", "user_id": "LinuxCandy", "rating": "\u5f88\u5dee", "date": "2018-12-31", "time": "15:24:04", "comment": "\u6211\u7adf\u7136\u4f1a\u770b \u8fd9\u79cd\u70c2\u7247\u3002\u3002", "useful_count": "0"},
{"page_index": 0, "movie_id": "27179424", "title": "\u6566\u714c\u4e0d\u4e86\u60c5", "username": "\u9705\u9705", "user_id": "176328010", "rating": "\u8fd8\u884c", "date": "2019-01-01", "time": "17:04:10", "comment": "\u8fd8\u662f\u80fd\u63a5\u53d7\u7684", "useful_count": "0"},
{"page_index": 0, "movie_id": "27179424", "title": "\u6566\u714c\u4e0d\u4e86\u60c5", "username": "\u7231\u6bd4\u6b7b\u66f4\u51b7", "user_id": "70421764", "rating": "\u5f88\u5dee", "date": "2019-01-01", "time": "03:09:24", "comment": "\u5bfc\u6f14: \u90ed\u5b9c\u6797\n\u7f16\u5267: \u9ec4\u8bda / \u90ed\u5b9c\u6797\n\u4e3b\u6f14: \u6797\u4fdd\u6021 / \u68a6\u4e3d / \u66f9\u64cd / \u8d75\u5706\u5706 / \u623f\u7a0b\u7a0b / \u8fdc\u660e / \u9c81\u56ed / \u5f6d\u6ce2 / \u674e\u70b3\u6e0a / \u597d\u5f1f\n\u7c7b\u578b: \u559c\u5267 / \u7231\u60c5 / \u5192\u9669\n\u5236\u7247\u56fd\u5bb6/\u5730\u533a: \u4e2d\u56fd\u5927\u9646", "useful_count": "0"},
{"page_index": 0, "movie_id": "27179424", "title": "\u6566\u714c\u4e0d\u4e86\u60c5", "username": "\u77e5\u4e66\u8fbe\u674e", "user_id": "LY827116516417", "rating": "\u5f88\u5dee", "date": "2019-01-14", "time": "15:24:09", "comment": "\u4e00\u770b\u6797\u4fdd\u6021\uff0c\u4f30\u8ba1\u662f\u70c2\u7247\uff0c\u770b\u5b8c\u4ee5\u540e\uff0c\u55ef\uff0c\u786e\u8ba4\u4e86\uff0c\u662f\u70c2\u7247\uff0c\u6ca1\u770b\u7684\u8eb2\u8fc7\u4e00\u52ab\u3002", "useful_count": "1"},
{"page_index": 0, "movie_id": "27179424", "title": "\u6566\u714c\u4e0d\u4e86\u60c5", "username": "130****8763", "user_id": "103572598", "rating": "\u5f88\u5dee", "date": "2018-01-23", "time": "12:45:02", "comment": "\u8fd9\u6837\u7684\u70c2\u7247\u4e5f\u60f3\u5708\u94b1\u3001", "useful_count": "0"},
{"page_index": 0, "movie_id": "27179424", "title": "\u6566\u714c\u4e0d\u4e86\u60c5", "username": "weakish", "user_id": "WeakishJiang", "rating": "\u8f83\u5dee", "date": "2018-08-19", "time": "14:59:07", "comment": "\u8fd9\u753b\u98ce\u597d\u50cf\u4e8c\u5341\u5e74\u7684\u7535\u5f71", "useful_count": "0"},
{"page_index": 0, "movie_id": "27179424", "title": "\u6566\u714c\u4e0d\u4e86\u60c5", "username": "\u6da8\u4ef7\u5566", "user_id": "41585470", "rating": "\u5f88\u5dee", "date": "2019-03-20", "time": "13:48:31", "comment": "\u5b57\u5e55\u6211\u7ffb\u8bd1\u4e86\u4e00\u6bb5\u54c8\u54c8\u54c8", "useful_count": "0"},
{"page_index": 0, "movie_id": "27179424", "title": "\u6566\u714c\u4e0d\u4e86\u60c5", "username": "\u83f2\u5230\u4e00\u4ebf\u5149\u5e74\u5916", "user_id": "144881358", "rating": "\u63a8\u8350", "date": "2018-01-23", "time": "14:54:49", "comment": "\u4f5c\u4e3a\u7b2c\u4e8c\u5c4a\u201c\u4e1d\u7ef8\u4e4b\u8def\u201d\u56fd\u5bb6\u6587\u5316\u535a\u89c8\u4f1a\u732e\u793c\u7247\uff0c\u300a\u6566\u714c\u4e0d\u4e86\u60c5\u300b\u4ee5\u201c\u4e09\u6700\u201d\u3001\u201c\u4e09\u6709\u201d\u3001\u201c\u4e09\u4e16\u201d\u6f14\u7ece\u4e86\u4e1d\u7ef8\u4e4b\u8def\u4e0a\u7684\u8de8\u56fd\u604b\u60c5\u3002\u4e00\u6bb5\u604b\u60c5\uff0c\u4e00\u751f\u5b88\u671b\uff0c\u6700\u7eaf\u3001\u6700\u7f8e\u3001\u6700\u6d6a\u6f2b\u3002", "useful_count": "1"},
{"page_index": 0, "movie_id": "27179424", "title": "\u6566\u714c\u4e0d\u4e86\u60c5", "username": "\u4e00\u7eb8\u9633\u5149", "user_id": "187526774", "rating": "\u8fd8\u884c", "date": "2019-01-03", "time": "15:13:56", "comment": "\u5982\u679c\u4e0d\u662f\u56e0\u4e3a\u5bb6\u5728\u6566\u714c\uff0c\u6839\u672c\u5c31\u4e0d\u4f1a\u70b9\u5f00\u770b\n\u7ffb\u8fc7\u8fd9\u5ea7\u96ea\u5c71\u5c31\u662f\u610f\u5927\u5229\uff1f\u4f60\u628a160\u4e07\u7684\u65b0\u7586\u653e\u5728\u54ea\u91cc\uff1f\n\u8461\u8404\u7adf\u7136\u53d1\u82bd\u4e86\uff1f\u6709\u70b9\u751f\u6d3b\u5e38\u8bc6\u6562\u4e0d\u6562\uff1f\u8461\u8404\u81f3\u5c11\u4e09\u5e74\u624d\u7ed3\u679c\u3002\n\u76f8\u601d\u7ea2\u7684\u6e90\u5934\uff1f\u4f60\u8bd5\u8bd5\u628a\u8461\u8404\u6ca1\u4eba\u7167\u770b\uff0c\u770b\u660e\u5e74\u8fd8\u4f1a\u4e0d\u4f1a\u957f\u51fa\u6765\uff1f\u65e9\u51bb\u6b7b\u4e86\uff01\n\u4e94\u661f\u7ea7\u9152\u5e97\u7cbe\u6311\u7ec6\u9009\u4e86\u4e00\u74f6\u7ea2\u9152\uff1f\u6700\u540e\u7ed9\u4e86200\u5feb\u94b1\uff1frmb\u8fd9\u4e48\u503c\u94b1\u5417\uff1f\u5bb6\u95e8\u53e3\u7684\u5c0f\u5e97\u91cc\u90fd\u67091000\u591a\u7684\u7ea2\u9152\uff01\n\u6253\u6597\u5c34\u5c2c\n\u5bf9\u767d\u767d\u75f4\n\u6c99\u6f20\u91cc\u7adf\u7136\u4f4f\u5e10\u7bf7\uff1f\u4e0d\u6015\u72fc\u6765\u4e86\uff1f\n\u552f\u4e00\u7684\u4eae\u70b9\u5c31\u662f\u6566\u714c\u7684\u591c\u666f\uff0c\u8fd8\u4e0d\u9519\uff01", "useful_count": "0"},
{"page_index": 0, "movie_id": "27179424", "title": "\u6566\u714c\u4e0d\u4e86\u60c5", "username": "\u4eba\u95f4\u6e05\u9192", "user_id": "162530860", "rating": "\u8f83\u5dee", "date": "2018-01-23", "time": "16:45:26", "comment": "\u83ab\u540d\u4e0d\u559c\u6b22\u8fd9\u79cd\u4e2d\u897f\u6df7\u5408\u4e71\u7096\u7247 \u4e71\u4e03\u516b\u7cdf \u8001\u5916\u4e0d\u9002\u5408\u6211\u6cf1\u6cf1\u5927\u4e2d\u534e\u7247 \u592a\u7a81\u5140\u4e86 ", "useful_count": "0"},
{"page_index": 0, "movie_id": "27179424", "title": "\u6566\u714c\u4e0d\u4e86\u60c5", "username": "\u5929\u5b87", "user_id": "169262500", "rating": null, "date": "2018-01-23", "time": "18:50:59", "comment": "\u9a6c\u514b", "useful_count": "0"},
{"page_index": 0, "movie_id": "27179424", "title": "\u6566\u714c\u4e0d\u4e86\u60c5", "username": "\u544a\u522b\u5e0c\u671b", "user_id": "67760525", "rating": "\u5f88\u5dee", "date": "2018-01-23", "time": "18:13:03", "comment": "\u770b\u5230\u7247\u540d\u5c31\u611f\u89c9\u662f\u4e00\u4e2a\u5341\u516b\u7ebf\u519c\u6751\u7535\u89c6\u5267\u7684\u611f\u89c9\uff01\u4e0d\u4f26\u4e0d\u7c7b\u7684\uff0c\u7ed9\u8c01\u770b\u554a\uff1a\uff08", "useful_count": "0"},
{"page_index": 0, "movie_id": "27179424", "title": "\u6566\u714c\u4e0d\u4e86\u60c5", "username": "\u516b\u5366\u58f9\u59d0", "user_id": "50810279", "rating": "\u63a8\u8350", "date": "2018-01-22", "time": "20:31:10", "comment": "\u4e09\u4e16\u60c5\u7f18\u4e1d\u7ef8\u4e4b\u8def\u8de8\u56fd\u604b\uff0c\u4ee5\u6700\u7eaf\u6700\u7f8e\u7684\u8461\u8404\u9152\uff0c\u5728\u7247\u4e2d\uff0c\u5f53\u5e74\u8f7b\u7684\u9a6c\u53ef\u513f\u548c\u8001\u5e74\u7684\u9a6c\u53ef\u513f\u968f\u7740\u8de8\u8d8a\u767e\u5e74\u7684\u65f6\u95f4\u7ebf\u9010\u4e00\u51fa\u73b0\u5728\u5c4f\u5e55\u65f6\uff0c\u4eba\u4e0e\u9152\u4e4b\u95f4\u6545\u4e8b\u4ee4\u4e3b\u9898\u518d\u6b21\u5347\u534e\uff0c\u771f\u7231\u6d69\u6d69\u8361\u8361\uff0c\u6c38\u8fdc\u4e0d\u53d7\u65f6\u95f4\u8de8\u8d8a\u5ea6\u7684\u78be\u538b\u3002\u559c\u6b22\uff01", "useful_count": "1"},
{"page_index": 0, "movie_id": "27179424", "title": "\u6566\u714c\u4e0d\u4e86\u60c5", "username": "oia", "user_id": "181890504", "rating": "\u63a8\u8350", "date": "2020-06-25", "time": "00:05:51", "comment": "\u53ef\u60dc\u5927\u6566\u714c\u7684\u7f8e\u666f\uff0c\u4e0d\u77e5\u4ece\u4f55\u627e\u6765\u7684\u6d6e\u5938\u5267\u672c\uff0c\u62cd\u5f97\u8ba9\u4eba\u65e0\u8bed\u3002", "useful_count": "0"},
{"page_index": 0, "movie_id": "27179424", "title": "\u6566\u714c\u4e0d\u4e86\u60c5", "username": "\u25e3Ifig", "user_id": "153133106", "rating": "\u5f88\u5dee", "date": "2018-04-23", "time": "20:22:40", "comment": "\u4ec0\uff0c\u4ec0\u4e48\u4eba\u90fd\u80fd\u62cd\u7535\u5f71\u4e86\u5417\uff1f\u6211\u9662\u5c55\u6620\u7684\u90fd\u662f\u4ec0\u4e48\u7247\u5b50\uff1f", "useful_count": "0"},
{"page_index": 0, "movie_id": "27179424", "title": "\u6566\u714c\u4e0d\u4e86\u60c5", "username": "\u7131*Yan", "user_id": "32255905", "rating": "\u8fd8\u884c", "date": "2018-12-31", "time": "16:10:28", "comment": "\u4e00\u822c\u822c", "useful_count": "0"},
{"page_index": 0, "movie_id": "27179424", "title": "\u6566\u714c\u4e0d\u4e86\u60c5", "username": "\u5c0f\u77f3\u5934\u7684\u68a6", "user_id": "139437074", "rating": null, "date": "2018-01-23", "time": "19:26:19", "comment": "\u6d17\u94b1\u5417\uff1f", "useful_count": "0"},
{"page_index": 0, "movie_id": "27179424", "title": "\u6566\u714c\u4e0d\u4e86\u60c5", "username": "\u5411\u4e1c\u8d70", "user_id": "37969624", "rating": "\u5f88\u5dee", "date": "2019-07-23", "time": "18:40:37", "comment": "\u6709\u4eba\u7f16\uff0c\u6709\u4eba\u62cd\uff0c\u6709\u4eba\u6f14\u300297\u5e74\u90fd\u62cd\u4e0d\u51fa\u8fd9\u79cd\u3002\u6700\u5dee\u6566\u714c\u6982\u5ff5\u5468\u8fb9\u5427", "useful_count": "0"},
{"page_index": 0, "movie_id": "27179424", "title": "\u6566\u714c\u4e0d\u4e86\u60c5", "username": "\u5f71\u6252\u76ae", "user_id": "168254231", "rating": "\u63a8\u8350", "date": "2017-11-30", "time": "21:23:38", "comment": "\u6bd4\u8f83\u63a5\u5730\u6c14\uff0c\u53f0\u8bcd\u6709\u610f\u601d\u3002", "useful_count": "0"},
{"page_index": 0, "movie_id": "27179424", "title": "\u6566\u714c\u4e0d\u4e86\u60c5", "username": "M\u2018\u2019", "user_id": "168149891", "rating": "\u63a8\u8350", "date": "2018-01-22", "time": "20:57:52", "comment": "\u770b\u4e86\u9996\u6620\uff0c\u6574\u4f53\u8fd8\u7b97\u4e0d\u9519\uff0c\u4e4b\u524d\u65e0\u610f\u4e2d\u770b\u4e86\u76f8\u5173\u62a5\u9053\u611f\u89c9\u8fd8\u4e0d\u9519\uff0c\u6240\u4ee5\u53c2\u52a0\u4e86\u9996\u6620\uff0c\u4e0d\u8fc7\u60c5\u8282\u5728\u7d27\u51d1\u70b9\uff0c\u573a\u9762\u5728\u5927\u70b9\u4f1a\u66f4\u597d\u3002\u652f\u6301\u56fd\u4ea7\u5f71\u7247\uff01", "useful_count": "2"},
{"page_index": 0, "movie_id": "27179424", "title": "\u6566\u714c\u4e0d\u4e86\u60c5", "username": "\u4e50\u8863\u89c1", "user_id": "157509246", "rating": "\u529b\u8350", "date": "2018-01-22", "time": "22:42:02", "comment": "\u6566\u714c\uff0c\u575b\u9152\uff0c\u56de\u5fc6\u4e3a\u5143\u7d20\uff0c\u8bb2\u8ff0\u4e24\u4ee3\u4eba\u7684\u751c\u7f8e\u7231\u60c5", "useful_count": "0"},
{"page_index": 0, "movie_id": "27179424", "title": "\u6566\u714c\u4e0d\u4e86\u60c5", "username": "\u6162\u8282\u594f\u5973\u751f", "user_id": "131142963", "rating": "\u63a8\u8350", "date": "2018-01-22", "time": "21:17:19", "comment": "\u4f5c\u4e3a\u5c0f\u6210\u672c\uff0c\u4e0d\u9519\u4e86", "useful_count": "0"},
{"page_index": 0, "movie_id": "27179424", "title": "\u6566\u714c\u4e0d\u4e86\u60c5", "username": "\u6d77\u5cb8\u7ebf", "user_id": "147751133", "rating": "\u5f88\u5dee", "date": "2019-10-17", "time": "12:47:28", "comment": "\u54ce\uff0c\u62cd\u8fd9\u79cd\u70c2\u7247\u5c31\u662f\u6d6a\u8d39\u94b1\u554a\uff0c\u4eca\u65e5\u8bf4\u6cd5\u7684\u666e\u6cd5\u6559\u80b2\u7247\u90fd\u6bd4\u8fd9\u7247\u62cd\u7684\u6f14\u7684\u597d\uff0c\u5bfc\u6f14\u662f\u6765\u6d17\u94b1\u7684\u5427\uff01", "useful_count": "0"},
{"page_index": 0, "movie_id": "27179424", "title": "\u6566\u714c\u4e0d\u4e86\u60c5", "username": "\u6731\u8d8a", "user_id": "158694121", "rating": "\u5f88\u5dee", "date": "2018-02-14", "time": "20:32:15", "comment": "\u8d85\u7ea7\u65e0\u654c\u70c2", "useful_count": "0"},
{"page_index": 0, "movie_id": "27179424", "title": "\u6566\u714c\u4e0d\u4e86\u60c5", "username": "YM", "user_id": "173624894", "rating": "\u8fd8\u884c", "date": "2018-03-16", "time": "07:58:23", "comment": "\u54c8\u5c14\u6ee8\u5c0f\u59d0\u59d0\u9001\u7684\u7535\u5f71\u7968\uff5e \u975e\u5e38\u597d", "useful_count": "0"},
{"page_index": 0, "movie_id": "27179424", "title": "\u6566\u714c\u4e0d\u4e86\u60c5", "username": "shinco", "user_id": "101321168", "rating": "\u8f83\u5dee", "date": "2022-03-25", "time": "20:48:30", "comment": "\u770b\u5230\u9999\u6e2f\u8001\u9762\u5b54\u5f88\u60ca\u8bb6", "useful_count": "0"},
{"page_index": 0, "movie_id": "27179424", "title": "\u6566\u714c\u4e0d\u4e86\u60c5", "username": "\u8c46\u53cb171674942", "user_id": "171674942", "rating": null, "date": "2018-01-23", "time": "13:46:50", "comment": "\u53c8\u89c1\u6574\u5bb9\u8138\uff01\u771f\u4e0d\u559c\u6b22\u8fd9\u79cd\u989c\u503c\uff01", "useful_count": "0"},
{"page_index": 0, "movie_id": "27179424", "title": "\u6566\u714c\u4e0d\u4e86\u60c5", "username": "\u9884\u5904\u7406\u7b49\u5f85", "user_id": "195186416", "rating": "\u8f83\u5dee", "date": "2019-04-28", "time": "14:25:33", "comment": "\u4e0d\u600e\u4e48\u597d", "useful_count": "0"},
{"page_index": 0, "movie_id": "27179424", "title": "\u6566\u714c\u4e0d\u4e86\u60c5", "username": "\u957f\u65b9", "user_id": "175971885", "rating": "\u529b\u8350", "date": "2018-03-26", "time": "21:52:51", "comment": "\u6566\u714c\u4e0d\u4e86\u60c5", "useful_count": "0"},
{"page_index": 0, "movie_id": "27179424", "title": "\u6566\u714c\u4e0d\u4e86\u60c5", "username": "\u84b8\u6c17\u6a5f", "user_id": "204803774", "rating": "\u5f88\u5dee", "date": "2019-10-18", "time": "15:22:04", "comment": "\u6211\u670d\u4e86 \u6211\u771f\u7684\u670d\u4e86 \u6211\u4e3a\u5565\u8981\u5728\u817e\u8baf\u89c6\u9891\u770b\u8fd9\u4e2a\u73a9\u610f \u8c46\u74e3\u5c45\u7136\u90fd\u6ca1\u8bc4\u5206\u7684\u7535\u5f71 \u6211\u2026\u2026", "useful_count": "0"},
{"page_index": 0, "movie_id": "27179424", "title": "\u6566\u714c\u4e0d\u4e86\u60c5", "username": "fatLee", "user_id": "133292761", "rating": "\u5f88\u5dee", "date": "2018-01-23", "time": "12:19:04", "comment": "\u770b\u5b8c\u9884\u544a\u7247  \u4e00\u661f\u90fd\u4e0d\u60f3\u7ed9", "useful_count": "0"},
{"page_index": 0, "movie_id": "27179424", "title": "\u6566\u714c\u4e0d\u4e86\u60c5", "username": "RonHo", "user_id": "144700226", "rating": "\u5f88\u5dee", "date": "2018-01-23", "time": "11:10:07", "comment": "\u5929", "useful_count": "0"},
{"page_index": 0, "movie_id": "27179424", "title": "\u6566\u714c\u4e0d\u4e86\u60c5", "username": "\u5f00\u7535", "user_id": "171871289", "rating": "\u5f88\u5dee", "date": "2018-01-23", "time": "15:23:51", "comment": "\u5413\u6b7b\u4e86\u2026\u2026\u770b\u5b8c\u9884\u544a\u6bd5\u5fd7\u98de\u5bfc\u6f14\u7b11\u5230\uff1a\u201c\u9010\u68a6\u6f14\u827a\u5708\u7ec8\u4e8e\u53ef\u4ee5\u5e76\u5217\u6700\u4f4e\u5206\u5206\u5206\u5206\u5206\u5206\u5206\u4e86\u201d", "useful_count": "0"},
{"page_index": 0, "movie_id": "27179424", "title": "\u6566\u714c\u4e0d\u4e86\u60c5", "username": "\u738b\u987a", "user_id": "155543040", "rating": "\u5f88\u5dee", "date": "2018-01-23", "time": "09:10:00", "comment": "\u6211\u5927\u80c6\u9884\u8ba1\uff0c\u53c8\u662f\u70c2\u7247\u4e00\u90e8", "useful_count": "0"},
{"page_index": 0, "movie_id": "27179424", "title": "\u6566\u714c\u4e0d\u4e86\u60c5", "username": "\u4e1c\u4e1c", "user_id": "170737892", "rating": "\u529b\u8350", "date": "2018-01-23", "time": "10:36:01", "comment": "\u770b\u4f3c\u4e00\u4e2a\u5b09\u95f9\u60ac\u7591\u7684\u5bfb\u5b9d\u6545\u4e8b\uff0c\u7a00\u4e16\u7f8e\u9152\u662f\u4e1c\u897f\u65b9\u7231\u7684\u878d\u5408\uff0c\u662f\u4eba\u7c7b\u6587\u5316\u878d\u5408\uff0c\u6697\u542b\u4eba\u7c7b\u547d\u8fd0\u5171\u540c\u4f53\u7684\u5927\u4e3b\u9898\uff01\u662f\u5178\u578b\u5c0f\u6545\u4e8b\u5927\u60c5\u6000\u7684\u4e3b\u65e8\u3002", "useful_count": "1"},
{"page_index": 0, "movie_id": "27179424", "title": "\u6566\u714c\u4e0d\u4e86\u60c5", "username": "\u65f6\u5149", "user_id": "172959743", "rating": "\u529b\u8350", "date": "2018-01-22", "time": "22:02:54", "comment": "\u5b83\u4ece\u6566\u714c\u548c\u610f\u5927\u5229\u7684\u7f8e\u9152\u4e3a\u6e0a\u6e90\uff0c\u63ed\u793a\u524d\u4e16\u4eca\u751f\u7684\u7231\u60c5\u6545\u4e8b\uff0c\u800c\u4e14\u7f8e\u9152\u548c\u79cd\u5b50\u90fd\u662f\u6709\u8c61\u5f81\u610f\u4e49\uff0c\u8868\u8fbe\u7684\u662f\u4e00\u79cd\u535a\u7231\uff0c\u5927\u7231\uff0c\u8de8\u8d8a\u65f6\u7a7a\uff0c\u8de8\u8d8a\u56fd\u9645\uff0c\u8de8\u8d8a\u79cd\u65cf\u4e0e\u6587\u5316\uff0c\u5c0f\u6545\u4e8b\u6f14\u7ece\u7684\u5927\u60c5\u6000\uff0c\u8ba9\u6211\u4eec\u6c90\u6d74\u5728\u4e00\u573a\u9163\u7545\u6dcb\u6f13\u7684\u6545\u4e8b\u60c5\u8282\u4e4b\u4e2d\uff0c\u6df1\u5165\u4eba\u5fc3\uff0c\u6c81\u4eba\u5fc3\u813e\uff0c\u770b\u4f3c\u55a7\u95f9\u60ac\u7591\uff0c\u5b9e\u5219\u662f\u4e00\u573a\u5145\u6ee1\u6df1\u610f\u7684\u5f71\u7247\uff01\uff01\uff01", "useful_count": "0"},
{"page_index": 0, "movie_id": "27179424", "title": "\u6566\u714c\u4e0d\u4e86\u60c5", "username": "\u9a6c\u58eb\u5947", "user_id": "164834149", "rating": "\u529b\u8350", "date": "2018-01-23", "time": "13:13:50", "comment": "\u63d0\u70bc\u5f71\u7247\u7684\u4ef7\u503c\u89c2\uff0c\u8de8\u8d8a\u4e1c\u897f\uff0c\u540c\u4e00\u575b\u7f8e\u9152\uff0c\u540c\u4e00\u4efd\u76f8\u601d\uff01\u7a00\u4e16\u7f8e\u9152\u662f\u4e1c\u897f\u65b9\u7231\u7684\u878d\u5408\uff0c\u300a\u6566\u714c\u4e0d\u4e86\u60c5\u300b\u8868\u8fbe\u4eba\u7c7b\u6587\u5316\u878d\u5408\u7684\u4ef7\u503c\u89c2\uff01\u5178\u578b\u7684\u5c0f\u6545\u4e8b\u6f14\u7ece\u5927\u60c5\u6000\u7684\u4e3b\u65e8\u3002", "useful_count": "0"},
{"page_index": 0, "movie_id": "27179424", "title": "\u6566\u714c\u4e0d\u4e86\u60c5", "username": "\u80e1\u6768\u82c7\u6d77", "user_id": "142248947", "rating": "\u529b\u8350", "date": "2018-01-23", "time": "17:40:42", "comment": "\u770b\u8fc7\u4e24\u6b21\uff1a\u8bd5\u6620\u4e00\u6b21\uff0c\u9996\u6620\u793c\u4e00\u6b21\u3002\u611f\u4eba\u81f3\u6df1\u7684\u4e00\u90e8\u7535\u5f71\ud83d\udc4d\u540c\u65f6\u4e3a\u6566\u714c\u70b9\u8d5e\ud83d\udc4d", "useful_count": "0"}
]