[
{"page_index": 0, "movie_id": "30291398", "title": "\u75af\u72c2\u6691\u671f\u4e4b\u54c8\u55bd\u602a\u7269", "username": "\ud83c\udf49\u7af9\u5bfa\ud83d\udc78", "user_id": "184683087", "rating": "\u529b\u8350", "date": "2018-10-22", "time": "11:47:01", "comment": "\u5b69\u5b50\u770b\u5b8c\u89c9\u5f97\u8fd8\u4e0d\u9519\uff0c\u6211\u89c9\u5f97\u4e00\u822c\uff0c\u4e0d\u8fc7\u91cc\u9762\u51e0\u4e2a\u5c0f\u5b69\u6f14\u7684\u5012\u662f\u633a\u597d\uff0c\u53ef\u80fd\u5927\u4eba\u548c\u5c0f\u5b69\u7684\u5ba1\u7f8e\u70b9GET\u70b9\u90fd\u4e0d\u540c\u5427\u3002\u5982\u679c\u662f\u966a\u5b69\u5b50\u6216\u8005\u6559\u80b2\u5b69\u5b50\u53ef\u4ee5\u503c\u5f97\u4e00\u770b\u3002\u611f\u89c9\u597d\u591a\u4eba\u662f\u4e3a\u4e86\u9ed1\u800c\u9ed1\uff0c\u53ef\u80fd\u81ea\u5df1\u90fd\u4e0d\u4e00\u5b9a\u770b\u8fc7\u8fd9\u90e8\u7247\u5b50\uff0c\u771f\u7684\u6ca1\u6709\u5fc5\u8981\u3002", "useful_count": "2"},
{"page_index": 0, "movie_id": "30291398", "title": "\u75af\u72c2\u6691\u671f\u4e4b\u54c8\u55bd\u602a\u7269", "username": "\u6709\u8da3", "user_id": "167392628", "rating": "\u5f88\u5dee", "date": "2018-08-21", "time": "08:33:12", "comment": "\u75af\u72c2\u6691\u671f\u4e4b\u4f5c\u4e1a\u592a\u5c11", "useful_count": "62"},
{"page_index": 0, "movie_id": "30291398", "title": "\u75af\u72c2\u6691\u671f\u4e4b\u54c8\u55bd\u602a\u7269", "username": "\u65f6\u5149\u5f85\u6211\u5982\u65c5\u4eba", "user_id": "154528194", "rating": "\u5f88\u5dee", "date": "2018-08-21", "time": "11:01:32", "comment": "\u7f57\u5bb6\u82f1\uff0c\u4e3a\u4f55\u8981\u8ddf\u70c2\u7247\u540c\u6d41\u5408\u6c61", "useful_count": "14"},
{"page_index": 0, "movie_id": "30291398", "title": "\u75af\u72c2\u6691\u671f\u4e4b\u54c8\u55bd\u602a\u7269", "username": "\u6b27\u6b27\u6b27\u6b27\u6b27\u6cc9\u5b8f", "user_id": "142924129", "rating": "\u5f88\u5dee", "date": "2018-08-21", "time": "16:41:28", "comment": "\u6709\u62cd\u8fd9\u7247\u5b50\u7684\u94b1\u4e0d\u5982\u505a\u70b9\u6709\u610f\u4e49\u7684\u4e8b\uff0c\u6bd4\u5982\u6148\u5584", "useful_count": "12"},
{"page_index": 0, "movie_id": "30291398", "title": "\u75af\u72c2\u6691\u671f\u4e4b\u54c8\u55bd\u602a\u7269", "username": "\u8c46\u53cb178634960", "user_id": "178634960", "rating": "\u5f88\u5dee", "date": "2018-08-21", "time": "23:02:29", "comment": "\u9a6c\u4e0a\u5f00\u5b66\u4e86\uff0c\u4f5c\u4e1a\u5199\u4e86\u6ca1\u5c0f\u5b66\u751f", "useful_count": "2"},
{"page_index": 0, "movie_id": "30291398", "title": "\u75af\u72c2\u6691\u671f\u4e4b\u54c8\u55bd\u602a\u7269", "username": "Gancaar baatar", "user_id": "150120265", "rating": "\u5f88\u5dee", "date": "2018-08-24", "time": "17:28:45", "comment": "\u54ce", "useful_count": "0"},
{"page_index": 0, "movie_id": "30291398", "title": "\u75af\u72c2\u6691\u671f\u4e4b\u54c8\u55bd\u602a\u7269", "username": "\u5927\u9f39\u9f20\u7684\u964c\u964c\u86cb", "user_id": "143230484", "rating": "\u5f88\u5dee", "date": "2018-08-21", "time": "21:26:22", "comment": "\u7f57\u5bb6\u82f1\u65e9\u5c31\u4e0d\u662f\u6211\u7684\u5510\u50e7\u554a\uff0c\u662f\u6709\u591a\u7f3a\u94b1\u3002", "useful_count": "0"},
{"page_index": 0, "movie_id": "30291398", "title": "\u75af\u72c2\u6691\u671f\u4e4b\u54c8\u55bd\u602a\u7269", "username": "\u8c46\u7117\u5473\u602a", "user_id": "wongjuk", "rating": null, "date": "2018-08-21", "time": "16:11:33", "comment": "\u5f20\u5bb6\u8f89\uff0c\u7f57\u5bb6\u82f1\uff0c\u662f\u4ec0\u4e48\u8ba9\u4f60\u4eec\u81ea\u7838\u62db\u724c\uff1f", "useful_count": "5"},
{"page_index": 0, "movie_id": "30291398", "title": "\u75af\u72c2\u6691\u671f\u4e4b\u54c8\u55bd\u602a\u7269", "username": " \ud83d\udc8b\u307a\u0419\u0430\u9e4f\ud83d\udca4", "user_id": "160839789", "rating": "\u5f88\u5dee", "date": "2018-08-21", "time": "18:03:47", "comment": "\u53ef\u4ee5\u6253\u534a\u661f\u5417", "useful_count": "1"},
{"page_index": 0, "movie_id": "30291398", "title": "\u75af\u72c2\u6691\u671f\u4e4b\u54c8\u55bd\u602a\u7269", "username": "Nyancat\u5f69\u8679\u732b", "user_id": "217830967", "rating": "\u5f88\u5dee", "date": "2021-05-23", "time": "11:40:20", "comment": "\u8fd9\u4ec0\u4e48\u72d7\u5c41\u73a9\u610f\uff1f", "useful_count": "0"},
{"page_index": 0, "movie_id": "30291398", "title": "\u75af\u72c2\u6691\u671f\u4e4b\u54c8\u55bd\u602a\u7269", "username": "\u6c34\u6ce5\u6ce5", "user_id": "2734754", "rating": null, "date": "2018-08-22", "time": "19:56:00", "comment": "\u662f\u4e0d\u662f\u540d\u53ebxxxx\u4e4bxxxx\u7684\u90fd\u662f\u8fa3\u9e21\uff1f\uff1f\uff1f\uff08\u4e3a\u4ec0\u4e48\u8981\u8fd9\u4e48\u8d77\u540d\u554a\uff09", "useful_count": "0"},
{"page_index": 0, "movie_id": "30291398", "title": "\u75af\u72c2\u6691\u671f\u4e4b\u54c8\u55bd\u602a\u7269", "username": "\u8001\u53f8\u673a", "user_id": "183467048", "rating": "\u5f88\u5dee", "date": "2018-08-23", "time": "11:45:41", "comment": "\u771f\u7684\u4e0d\u597d\u770b", "useful_count": "0"},
{"page_index": 0, "movie_id": "30291398", "title": "\u75af\u72c2\u6691\u671f\u4e4b\u54c8\u55bd\u602a\u7269", "username": "kilven", "user_id": "193086519", "rating": "\u8f83\u5dee", "date": "2019-03-09", "time": "18:30:47", "comment": "\u8fd9\u4e2a\uff0c\u8fd9\u90e8\u620f\u5427\u5267\u60c5\u786e\u5b9e\u4e0d\u548b\u5730 \uff0c\u4f46\u662f\u6211\u597d\u6b79\u4e5f\u7b97\u662f\u8ddf\u7ec4\u6f14\u5458\uff0c\u8fd9\u4e00\u5206\u7ed9\u73b0\u573a\u8f9b\u82e6\u7684\u5de5\u4f5c\u4eba\u5458\u5427\uff0c\u771f\u7684\u5f88\u8f9b\u82e6\uff01", "useful_count": "0"},
{"page_index": 0, "movie_id": "30291398", "title": "\u75af\u72c2\u6691\u671f\u4e4b\u54c8\u55bd\u602a\u7269", "username": "\u9633\u5149\u5973\u5b69", "user_id": "172962341", "rating": null, "date": "2018-09-20", "time": "19:22:35", "comment": "\u7f57\u5bb6\u82f1\uff0c\u4f60\u597d\u6b79\u4e5f\u5f97\u8fc7\u53f0\u6e7e\u91d1\u9a6c\u5956\u6700\u4f73\u7537\u914d\u89d2\uff0c\u7231\u60dc\u81ea\u5df1\u7684\u7fbd\u6bdb\u5427\uff0c\u522b\u4e00\u4e0d\u5c0f\u5fc3\u665a\u8282\u4e0d\u4fdd\u3002", "useful_count": "0"},
{"page_index": 0, "movie_id": "30291398", "title": "\u75af\u72c2\u6691\u671f\u4e4b\u54c8\u55bd\u602a\u7269", "username": "\ud83d\ude4f", "user_id": "183873027", "rating": "\u529b\u8350", "date": "2018-08-30", "time": "21:11:16", "comment": "\u5f88\u6709\u6559\u80b2\u610f\u4e49\uff0c\u503c\u5f97\u5e26\u7740\u5c0f\u5b69\u53bb\u770b", "useful_count": "1"},
{"page_index": 0, "movie_id": "30291398", "title": "\u75af\u72c2\u6691\u671f\u4e4b\u54c8\u55bd\u602a\u7269", "username": "\u9633\u5149", "user_id": "183243374", "rating": "\u529b\u8350", "date": "2018-10-22", "time": "11:44:41", "comment": "\u5973\u513f\u770b\u7684\u8fd8\u662f\u633a\u5f00\u5fc3\u7684\uff0c\u9002\u5408\u5c0f\u5b69\u5b50\u770b\u3002", "useful_count": "1"},
{"page_index": 0, "movie_id": "30291398", "title": "\u75af\u72c2\u6691\u671f\u4e4b\u54c8\u55bd\u602a\u7269", "username": "\u9ec4\u5c71\u843d\u53f6\u5c71\u9ec4", "user_id": "186251528", "rating": "\u529b\u8350", "date": "2018-10-22", "time": "11:51:04", "comment": "\u603b\u4f53\u6765\u8bf4\u86ee\u597d\u7684 \u5b69\u5b50\u4eec\u90fd\u770b\u4e86\u4e24\u904d", "useful_count": "1"},
{"page_index": 0, "movie_id": "30291398", "title": "\u75af\u72c2\u6691\u671f\u4e4b\u54c8\u55bd\u602a\u7269", "username": "\u8bb8\u5927\u4f6c", "user_id": "199356961", "rating": "\u529b\u8350", "date": "2019-07-09", "time": "01:10:34", "comment": "\u73b0\u5728\u8fd9\u6837\u7684\u7247\u5b50\u592a\u5c11\u4e86\uff0c\u9002\u5408\u5bb6\u957f\u966a\u5b69\u5b50\u4e00\u8d77\u770b\u7684\u7535\u5f71\u3002\u5c24\u5176\u91cc\u9762\u7684\u5b69\u5b50\u8868\u73b0\u5f88\u597d\uff0c\u6709\u4e9b\u4eba\u81ea\u5df1\u90fd\u6ca1\u770b\u5c31\u9ed1\u4eba\uff0c\u591a\u79ef\u70b9\u53e3\u5fb7\uff0c\u8fde\u8d77\u7801\u7684\u5c0a\u91cd\u90fd\u6ca1\u6709\uff0c\u4f60\u4eec\u53bb\u6f14\u7684\u8bdd\u4f30\u8ba1\u771f\u7684\u4f1a\u5f88\u70c2\u3002\u5e0c\u671b\u5927\u5bb6\u53ef\u4ee5\u5c0a\u91cd\u4eba\u5bb6\u7684\u4f5c\u54c1\uff0c\u8fd9\u90fd\u662f\u4eba\u5bb6\u7684\u52b3\u52a8\u6210\u679c\u3002", "useful_count": "0"}
]