[
{"page_index": 0, "movie_id": "30255226", "title": "\u7a7f\u8d8a\u7231", "username": "\u5929\u5728\u6c34", "user_id": "C20210426", "rating": "\u529b\u8350", "date": "2021-08-14", "time": "09:54:11", "comment": "\u542c\u90fd\u6ca1\u542c\u8fc7\u7684\u4e00\u90e8\u7535\u5f71\uff0c\u6ca1\u60f3\u5230\u5c45\u7136\u90a3\u4e48\u68d2\uff0c\u5173\u4e8e\u7231\u60c5\u548c\u4eba\u751f\u7684\u5f88\u591a\u9053\u7406\u8ba9\u6211\u82e5\u6709\u6240\u601d\u3002", "useful_count": "0"},
{"page_index": 0, "movie_id": "30255226", "title": "\u7a7f\u8d8a\u7231", "username": "\u5f52\u53bb\u4e86", "user_id": "179546152", "rating": "\u529b\u8350", "date": "2018-07-17", "time": "18:34:19", "comment": "\u300a\u65f6\u95f4\u89c4\u5212\u5c40\u300b\u4e86\u89e3\u4e00\u4e0b\uff1f\u8fd9\u90e8\u7535\u5f71\u771f\u7684\u501f\u9274\u4e86\u597d\u591a\u5927\u7247\u554a\uff01\u725b\u903c\uff01\n", "useful_count": "1"},
{"page_index": 0, "movie_id": "30255226", "title": "\u7a7f\u8d8a\u7231", "username": "\u79d1\u6bd4", "user_id": "179063622", "rating": "\u529b\u8350", "date": "2018-07-17", "time": "18:41:47", "comment": "\u8fd9\u90e8\u7535\u5f71\u771f\u7684\u5f88\u4e0d\u9519\uff01\u5899\u63a8\u7ed9\u670b\u53cb\u4eec\u4e86\n", "useful_count": "0"},
{"page_index": 0, "movie_id": "30255226", "title": "\u7a7f\u8d8a\u7231", "username": "\u5ffd\u5fc5\u74a5", "user_id": "179063244", "rating": "\u529b\u8350", "date": "2018-07-17", "time": "18:37:56", "comment": "\u8fd9\u4e2a\u7535\u5f71\u597d\u591a\u5143\u7d20\u90fd\u597d\u719f\u6089\uff0c\u7b97\u662f\u81f4\u656c\u7ecf\u5178\u4e86\uff01\n", "useful_count": "0"},
{"page_index": 0, "movie_id": "30255226", "title": "\u7a7f\u8d8a\u7231", "username": "\u4f53\u9a8c\u5f00\u5fc3", "user_id": "179063391", "rating": "\u529b\u8350", "date": "2018-07-17", "time": "18:39:23", "comment": "\u503c\u5f97\u63a8\u8350\u7684\u4e00\u90e8\u597d\u7535\u5f71\uff01\u53cb\u60c5\u548c\u7231\u60c5\u4e4b\u95f4\u7684\u78b0\u649e\uff01\u4e0d\u540c\u7684\u9009\u62e9\u5c31\u6709\u4e0d\u540c\u7684\u7ed3\u5c40\n", "useful_count": "1"},
{"page_index": 0, "movie_id": "30255226", "title": "\u7a7f\u8d8a\u7231", "username": "\u563b\u54c8", "user_id": "179949699", "rating": "\u529b\u8350", "date": "2018-07-17", "time": "17:58:42", "comment": "\u867d\u7136\u62cd\u6444\u73af\u5883\u53d7\u9650\uff0c\u4f46\u662f\u6f14\u5458\u4eec\u7684\u6f14\u6280\u771f\u7684\u633a\u6709\u611f\u67d3\u529b\u7684", "useful_count": "1"},
{"page_index": 0, "movie_id": "30255226", "title": "\u7a7f\u8d8a\u7231", "username": "\u542c\u96e8\u5566", "user_id": "181265419", "rating": "\u529b\u8350", "date": "2018-07-17", "time": "17:55:02", "comment": "\u8ddf\u963f\u742a\u7ed3\u5a5a\u7684\u623f\u95f4\u548c\u8ddf\u5c0f\u654f\u7ed3\u5a5a\u7684\u623f\u95f4\u5e03\u7f6e\uff0c\u53ef\u4ee5\u8bf4\u5267\u7ec4\u771f\u7684\u5f88\u7528\u5fc3\uff0c\u90a3\u79cd\u4ece\u73af\u5883\u5230\u4eba\u7269\u90fd\u900f\u6f0f\u7740\u65e0\u529b\u7684\u611f\u89c9", "useful_count": "0"},
{"page_index": 0, "movie_id": "30255226", "title": "\u7a7f\u8d8a\u7231", "username": "\u5f20\u5e05\u5e05", "user_id": "196897948", "rating": "\u5f88\u5dee", "date": "2022-04-25", "time": "03:43:45", "comment": "\u70c2\u7247 \u7a7f\u8d8a\u4e00\u6b21\u76f4\u63a5\u95ee\u6e05\u695a\u5c31\u597d\u4e86\n\u592a\u6d6a\u8d39\u65f6\u95f4\u4e86 \u4e3b\u89d2\u8fd8\u8001\u662f\u9152\u9a7e \u5fcd\u4e0d\u4e86 ", "useful_count": "0"},
{"page_index": 0, "movie_id": "30255226", "title": "\u7a7f\u8d8a\u7231", "username": "eryoumeimei", "user_id": "180640851", "rating": "\u529b\u8350", "date": "2018-07-17", "time": "13:49:13", "comment": "\u89c2\u5f71\u4f53\u9a8c\u5f88\u4e0d\u9519\uff01", "useful_count": "0"},
{"page_index": 0, "movie_id": "30255226", "title": "\u7a7f\u8d8a\u7231", "username": "\u674e\u7eaf\u94c1", "user_id": "180722788", "rating": "\u529b\u8350", "date": "2018-07-17", "time": "18:15:57", "comment": "\u7b2c\u4e00\u6b21\u770b\u5230\u4efb\u610f\u7a7f\u8d8a\u7684\u5267\uff0c\u597d\u4efb\u6027\u54e6\uff01\n", "useful_count": "0"},
{"page_index": 0, "movie_id": "30255226", "title": "\u7a7f\u8d8a\u7231", "username": "\u8fd0\u9999\u574a", "user_id": "180859839", "rating": "\u529b\u8350", "date": "2018-07-17", "time": "18:44:40", "comment": "\u6539\u53d8\u7740\u66fe\u7ecf\uff0c\u53bb\u5f80\u672a\u6765\u5374\u4ecd\u662f\u7c7b\u4f3c\u7684\u7ed3\u5c40\uff01\u5982\u679c\u662f\u6211\u771f\u7684\u4f1a\u5d29\u6e83\u7684\uff01", "useful_count": "0"},
{"page_index": 0, "movie_id": "30255226", "title": "\u7a7f\u8d8a\u7231", "username": "\u68a6\u5e7b\u8776", "user_id": "181321690", "rating": "\u529b\u8350", "date": "2018-07-17", "time": "18:00:05", "comment": "\u80cc\u666f\u97f3\u4e50\u597d\u542c\u5230\u7206\uff0c\u5feb\u6765\u4eba\u79d1\u666e\u6b4c\u540d\uff0c\u7279\u522b\u662f\u5973\u751f\u5531\u7684\u4e24\u9996", "useful_count": "0"},
{"page_index": 0, "movie_id": "30255226", "title": "\u7a7f\u8d8a\u7231", "username": "\u51b0\u51b0", "user_id": "180860621", "rating": "\u529b\u8350", "date": "2018-07-17", "time": "18:49:36", "comment": "\u4e00\u5411\u53cb\u60c5\u81f3\u4e0a\u7684\u6211\uff0c\u770b\u5b8c\u771f\u7684\u9677\u5165\u7ea0\u7ed3\u4e86\uff01\u5982\u679c\u662f\u6211\uff0c\u6211\u4f1a\u600e\u6837\u9009\u62e9\uff1f", "useful_count": "0"},
{"page_index": 0, "movie_id": "30255226", "title": "\u7a7f\u8d8a\u7231", "username": "\u521d\u5fc3", "user_id": "180287091", "rating": "\u529b\u8350", "date": "2018-07-17", "time": "18:23:58", "comment": "\u6574\u90e8\u5f71\u7247\u53d9\u4e8b\u6d41\u7545\uff0c\u6ca1\u6709\u62d6\u6ce5\u5e26\u6c34\u4e4b\u611f\uff0c\u955c\u5934\u4e0e\u955c\u5934\uff0c\u573a\u666f\u4e0e\u573a\u666f\u4e4b\u95f4\u8854\u63a5\u7684\u81ea\u7136\u7075\u6d3b", "useful_count": "0"},
{"page_index": 0, "movie_id": "30255226", "title": "\u7a7f\u8d8a\u7231", "username": "\u674e\u54c8\u5c3c", "user_id": "180859970", "rating": "\u529b\u8350", "date": "2018-07-17", "time": "18:46:07", "comment": "\u53d8\u5316\u8d76\u4e0d\u8d70\u8ba1\u5212\uff0c\u8fd9\u53e5\u8bdd\u771f\u6ca1\u9519", "useful_count": "0"},
{"page_index": 0, "movie_id": "30255226", "title": "\u7a7f\u8d8a\u7231", "username": "\u6ca1\u6709\u4ec0\u4e48", "user_id": "181000252", "rating": "\u529b\u8350", "date": "2018-07-17", "time": "18:18:58", "comment": "\u4e2d\u95f4\u5c0f\u654f\u63a5\u53d7\u4e0d\u4e86\u963f\u57fa\u662f\u6740\u4eba\u72af\uff0c\u9009\u62e9\u79bb\u5f00\u4e16\u754c\uff0c\u60b2\u54c0\n", "useful_count": "0"},
{"page_index": 0, "movie_id": "30255226", "title": "\u7a7f\u8d8a\u7231", "username": "\u5927\u5e08\u8bde\u751f\u4e86", "user_id": "180598577", "rating": "\u529b\u8350", "date": "2018-07-17", "time": "18:32:02", "comment": "\u96be\u9053\u53ea\u6709\u6211\u4e00\u4e2a\u4eba\u770b\u51fa\u6765\u300a\u590f\u6d1b\u7279\u70e6\u607c\u300b\u7684\u5f71\u5b50\u561b\uff1f", "useful_count": "0"},
{"page_index": 0, "movie_id": "30255226", "title": "\u7a7f\u8d8a\u7231", "username": "\u6c81\u513f", "user_id": "180601888", "rating": "\u529b\u8350", "date": "2018-07-17", "time": "18:35:55", "comment": "\u8fd9\u4e2a\u7ed3\u5c40\u597d\u8010\u4eba\u5bfb\u5473\u554a\u5230\u5e95\u662f\u4ec0\u4e48\u610f\u601d\u5462\uff01", "useful_count": "0"},
{"page_index": 0, "movie_id": "30255226", "title": "\u7a7f\u8d8a\u7231", "username": "\u6069\u7231\u6709\u7684", "user_id": "180598299", "rating": "\u529b\u8350", "date": "2018-07-17", "time": "18:30:37", "comment": "\u679c\u7136\u5e26\u6709\u6d53\u6d53\u7684\u9999\u6e2f\u7535\u5f71\u7684\u5473\u9053\uff01", "useful_count": "0"},
{"page_index": 0, "movie_id": "30255226", "title": "\u7a7f\u8d8a\u7231", "username": "\u732b\u4e5d\u9c7c\u4e03", "user_id": "180066982", "rating": "\u529b\u8350", "date": "2018-07-17", "time": "18:14:52", "comment": "\u9152\u7cbe\u771f\u7684\u80fd\u591f\u9ebb\u75f9\u81ea\u5df1\u5417\uff0c\u8be5\u96be\u8fc7\u8fd8\u662f\u96be\u8fc7\u5427\uff01\n", "useful_count": "0"},
{"page_index": 0, "movie_id": "30255226", "title": "\u7a7f\u8d8a\u7231", "username": "\u52c7\u5f80\u76f4\u524d", "user_id": "181319218", "rating": "\u529b\u8350", "date": "2018-07-17", "time": "18:05:19", "comment": "\u90a3\u79cd\u5931\u800c\u590d\u5f97\u518d\u5931\u518d\u5f97\u7684\u611f\u89c9\uff0c\u770b\u7684\u771f\u63ea\u5fc3\uff0c\u5bfc\u6f14\u54b1\u4fe9\u8c08\u8c08\uff1a\u80fd\u4e0d\u8fd9\u4e48\u8650\u7537\u4e3b\u5417\n", "useful_count": "0"},
{"page_index": 0, "movie_id": "30255226", "title": "\u7a7f\u8d8a\u7231", "username": "\u674e\u731c", "user_id": "143649124", "rating": "\u63a8\u8350", "date": "2020-08-21", "time": "13:42:54", "comment": "\u610f\u5916\u7684\u8fd8\u53ef\u4ee5", "useful_count": "0"},
{"page_index": 0, "movie_id": "30255226", "title": "\u7a7f\u8d8a\u7231", "username": "\u81a8\u80c0", "user_id": "38302924", "rating": "\u529b\u8350", "date": "2018-07-17", "time": "18:05:34", "comment": "\u4e00\u73af\u6263\u7740\u4e00\u73af\uff0c\u8fd9\u5c31\u662f\u6211\u559c\u6b22\u8fd9\u90e8\u7535\u5f71\u7684\u7406\u7531", "useful_count": "0"},
{"page_index": 0, "movie_id": "30255226", "title": "\u7a7f\u8d8a\u7231", "username": "\u8428\u6469", "user_id": "180074945", "rating": "\u63a8\u8350", "date": "2018-07-17", "time": "14:27:07", "comment": "\u4e0d\u5f97\u4e0d\u8bf4\u8fd9\u90e8\u7535\u5f71\u771f\u7684\u5f88\u51fa\u8272\uff0c\u4e00\u652f\u624b\u8868\u5728\u66fe\u7ecf\u548c\u672a\u6765\u4e4b\u95f4\u7a7f\u68ad\u7740\uff01\u53d1\u751f\u7684\u4e00\u7cfb\u5217\u6545\u4e8b", "useful_count": "0"},
{"page_index": 0, "movie_id": "30255226", "title": "\u7a7f\u8d8a\u7231", "username": "\u5764", "user_id": "180696685", "rating": "\u63a8\u8350", "date": "2018-07-17", "time": "13:54:17", "comment": "\u6574\u90e8\u5f71\u7247\u53d9\u4e8b\u6d41\u7545\uff0c\u6ca1\u6709\u62d6\u6ce5\u5e26\u6c34\u4e4b\u611f\uff0c\u955c\u5934\u4e0e\u955c\u5934\uff0c\u573a\u666f\u4e0e\u573a\u666f\u4e4b\u95f4\u8854\u63a5\u7684\u81ea\u7136\u7075\u6d3b\u3002", "useful_count": "0"},
{"page_index": 0, "movie_id": "30255226", "title": "\u7a7f\u8d8a\u7231", "username": "\u63a7", "user_id": "181099933", "rating": "\u63a8\u8350", "date": "2018-07-17", "time": "13:58:10", "comment": "\u5267\u60c5\u611f\u4eba\uff0c\u7535\u5f71\u7537\u5973\u4e3b\u89d2\u611f\u60c5\u7ec6\u817b\uff0c\u771f\u7684\u662f\u5f88\u503c\u5f97\u4e00\u770b\u7684\u5267\u3002", "useful_count": "0"},
{"page_index": 0, "movie_id": "30255226", "title": "\u7a7f\u8d8a\u7231", "username": "\u4e00\u8def\u8d70\u6765", "user_id": "181318462", "rating": "\u529b\u8350", "date": "2018-07-17", "time": "18:04:58", "comment": "\u826f\u5fc3\u7f51\u5927\uff0c\u9664\u4e86\u573a\u666f\u53ef\u80fd\u56e0\u4e3a\u8d44\u91d1\u7684\u95ee\u9898\u53d7\u9650\u4e4b\u5916\uff0c\u5176\u4ed6\u90fd\u5df2\u8fbe\u5230\u9662\u7ebf\u7535\u5f71\u7684\u6c34\u5e73\n", "useful_count": "0"},
{"page_index": 0, "movie_id": "30255226", "title": "\u7a7f\u8d8a\u7231", "username": "\u604b\u7231\u6210\u957f", "user_id": "180618803", "rating": "\u63a8\u8350", "date": "2018-07-17", "time": "14:34:40", "comment": "\u4f60\u4ee5\u4e3a\u4f60\u77e5\u9053\u4e86\uff0c\u5176\u5b9e\u4f60\u4ec0\u4e48\u90fd\u4e0d\u77e5\u9053\uff01\u4eba\u751f\u54f2\u7406\u554a\uff0c\u53f0\u8bcd\u8010\u4eba\u5bfb\u5473", "useful_count": "0"},
{"page_index": 0, "movie_id": "30255226", "title": "\u7a7f\u8d8a\u7231", "username": "\u6597\u9c7c", "user_id": "181253054", "rating": "\u63a8\u8350", "date": "2018-07-17", "time": "14:20:14", "comment": "\u6700\u597d\u7684\u7ed3\u5c40\u5c31\u662f\u653e\u624b\uff0c\u6210\u5168\uff01\u624d\u80fd\u6709\u597d\u7684\u7ed3\u5c40", "useful_count": "0"},
{"page_index": 0, "movie_id": "30255226", "title": "\u7a7f\u8d8a\u7231", "username": "\u6d4b", "user_id": "181107946", "rating": "\u63a8\u8350", "date": "2018-07-17", "time": "14:13:52", "comment": "\u8fd9\u7535\u5f71\u53ef\u4ee5\u770b\u5230\u73b0\u4ee3\u7231\u60c5\u7537\u5973\u4eec\u7684\u72b6\u51b5\uff0c\u5728\u4e00\u8d77\u5c31\u5e94\u8be5\u597d\u597d\u73cd\u60dc\u554a\uff0c\u4e0d\u8981\u7b49\u5230\u540e\u6094\u4e86\u624d\u53bb\u633d\u56de", "useful_count": "0"},
{"page_index": 0, "movie_id": "30255226", "title": "\u7a7f\u8d8a\u7231", "username": "\u5927\u6811", "user_id": "180860421", "rating": "\u529b\u8350", "date": "2018-07-17", "time": "18:47:58", "comment": "\u6562\u7231\u6562\u6068\uff01\u81ea\u5df1\u7684\u9009\u62e9\u5c31\u4e0d\u8981\u540e\u6094", "useful_count": "0"},
{"page_index": 0, "movie_id": "30255226", "title": "\u7a7f\u8d8a\u7231", "username": "\u666f\u751c", "user_id": "180739173", "rating": "\u63a8\u8350", "date": "2018-07-17", "time": "13:58:58", "comment": "\u771f\u7684\u597d\u559c\u6b22\u7537\u4e3b\u89d2\u554a\uff0c\u957f\u5f97\u8fd9\u4e48\u5e05\uff0c\u6f14\u5f97\u53c8\u8fd9\u4e48\u597d\uff0c\u770b\u597d\u4ed6\u4eca\u540e\u7684\u6f14\u827a\u9053\u8def\u54e6", "useful_count": "0"},
{"page_index": 0, "movie_id": "30255226", "title": "\u7a7f\u8d8a\u7231", "username": "\u8272\u6cd5", "user_id": "180322587", "rating": "\u63a8\u8350", "date": "2018-07-17", "time": "14:33:32", "comment": "\u672c\u6765\u4ee5\u4e3a\u5bfc\u6f14\u5728\u7ed9\u7537\u4e3b\u5f00\u6302\uff0c\u6ca1\u60f3\u5230\u7adf\u7136\u628a\u7537\u4e3b\u6298\u78e8\u7684\u8fd9\u4e48\u60e8", "useful_count": "0"},
{"page_index": 0, "movie_id": "30255226", "title": "\u7a7f\u8d8a\u7231", "username": "\u6d3b\u7740", "user_id": "180166403", "rating": "\u63a8\u8350", "date": "2018-07-17", "time": "14:29:11", "comment": "\u76ee\u6d4b\u8fd9\u5757\u80fd\u591f\u7a7f\u8d8a\u66fe\u7ecf\u672a\u6765\u7684\u624b\u8868\u8981\u706b\u554a\uff01\u54c8\u54c8\u54c8", "useful_count": "0"},
{"page_index": 0, "movie_id": "30255226", "title": "\u7a7f\u8d8a\u7231", "username": "yourself", "user_id": "180286060", "rating": "\u63a8\u8350", "date": "2018-07-17", "time": "14:32:26", "comment": "\u6211\u53d1\u73b0\u4e86\u4e0d\u5f97\u4e86\u7684\u4e8b\u60c5\uff1a\u60f3\u8981\u7a7f\u8d8a\u5417\uff1f\u8d76\u7d27\u628a\u4f60\u7684\u624b\u8868\u641e\u574f\u5c31\u884c\u4e86", "useful_count": "0"},
{"page_index": 0, "movie_id": "30255226", "title": "\u7a7f\u8d8a\u7231", "username": "\u82b1\u90fd", "user_id": "180320300", "rating": "\u63a8\u8350", "date": "2018-07-17", "time": "14:35:55", "comment": "\u8ddf\u7740\u7537\u4e3b\u7ecf\u5386\u4e86\u5927\u8d77\u5927\u843d\u540e\u53d1\u73b0\uff0c\u522b\u5984\u60f3\u6539\u53d8\u547d\u8fd0\uff0c\u56e0\u4e3a\u4f60\u4f1a\u8f93\u5f97\u5f88\u60e8\u54c8\u54c8", "useful_count": "0"},
{"page_index": 0, "movie_id": "30255226", "title": "\u7a7f\u8d8a\u7231", "username": "\u8389", "user_id": "180158110", "rating": "\u63a8\u8350", "date": "2018-07-17", "time": "14:24:59", "comment": "\u8bb2\u771f\u8fd9\u90e8\u7535\u5f71\u771f\u7684\u5f88\u4e0d\u9519\uff01\u611f\u60c5\u4e0d\u80fd\u52c9\u5f3a\uff0c\u6539\u53d8\u4e0d\u4e86\uff0c\u4f55\u4e0d\u5c1d\u8bd5\u53bb\u63a5\u53d7", "useful_count": "0"},
{"page_index": 0, "movie_id": "30255226", "title": "\u7a7f\u8d8a\u7231", "username": "\u51b7", "user_id": "180825933", "rating": "\u63a8\u8350", "date": "2018-07-17", "time": "13:56:13", "comment": "\u5f71\u7247\u7684\u955c\u5934\u51dd\u7ec3\uff0c\u6784\u56fe\u4f18\u7f8e\uff0c\u8282\u594f\u8212\u7f13", "useful_count": "0"},
{"page_index": 0, "movie_id": "30255226", "title": "\u7a7f\u8d8a\u7231", "username": "\u841d\u5bbf", "user_id": "180808518", "rating": "\u529b\u8350", "date": "2018-07-17", "time": "18:16:14", "comment": "\u5c0f\u5f66\u5c31\u662f\u641e\u4e8b\u60c5\u7684\uff0c\u9274\u5b9a\u5b8c\u6bd5\uff01", "useful_count": "0"},
{"page_index": 0, "movie_id": "30255226", "title": "\u7a7f\u8d8a\u7231", "username": "\u4eba\u751f\u60ca\u9192", "user_id": "180349705", "rating": "\u63a8\u8350", "date": "2018-07-17", "time": "14:38:00", "comment": "\u8fd9\u6837\u7684\u7a7f\u8d8a\u4e4b\u65c5\u6211\u4e5f\u60f3\u7ecf\u53d7\u4e00\u756a\uff0c\u56e0\u4e3a\u8bb8\u591a\u9053\u7406\u53ea\u6709\u7ecf\u5386\u4e86\u624d\u4f1a\u66f4\u4e3a\u6df1\u523b\u7684\u660e\u767d", "useful_count": "0"},
{"page_index": 0, "movie_id": "30255226", "title": "\u7a7f\u8d8a\u7231", "username": "\u611f\u5192\ud83d\ude22", "user_id": "180108371", "rating": "\u63a8\u8350", "date": "2018-07-17", "time": "14:00:46", "comment": "\u7a7f\u8d8a\u7231\u60c5\u7ebf\uff0c\u6545\u4e8b\u5185\u5bb9\u8fd8\u662f\u6bd4\u8f83\u5b8c\u6574\u7684\uff0c\u6574\u4e2a\u611f\u89c9\u4e5f\u76f8\u5f53\u4e0d\u9519", "useful_count": "0"},
{"page_index": 0, "movie_id": "30255226", "title": "\u7a7f\u8d8a\u7231", "username": "x", "user_id": "180994261", "rating": "\u63a8\u8350", "date": "2018-07-17", "time": "14:10:47", "comment": "\u6574\u4e2a\u7535\u5f71\u62cd\u6444\u8fd8\u662f\u86ee\u6709\u8d28\u611f\u7684\uff0c\u8fd9\u4e00\u90e8\u5b8c\u6210\u5ea6\u6bd4\u8f83\u9ad8\u7684\u7535\u5f71\uff0c\u771f\u5fc3\u8d5e\u4e00\u8d5e", "useful_count": "0"},
{"page_index": 0, "movie_id": "30255226", "title": "\u7a7f\u8d8a\u7231", "username": "\u743c\u5b50", "user_id": "180256836", "rating": "\u63a8\u8350", "date": "2018-07-17", "time": "14:31:19", "comment": "\u54c8\u54c8\uff0c\u6700\u559c\u6b22\u91cc\u9762\u7684\u5c0f\u6b63\u592a\uff0c\u90fd\u592a\u840c\u4e86\uff0c\u597d\u60f3\u634f\u634f\u4ed6\u4eec\u7684\u5c0f\u8138\u86cb", "useful_count": "0"},
{"page_index": 0, "movie_id": "30255226", "title": "\u7a7f\u8d8a\u7231", "username": "sunny", "user_id": "181045444", "rating": "\u529b\u8350", "date": "2018-07-17", "time": "18:03:49", "comment": "\u8fd8\u4ee5\u4e3a\u4f1a\u7a0d\u5fae\u8bb2\u8ff0\u4e00\u4e0b\u5c0f\u5f66\u548c\u963f\u6e90\u7684\u611f\u60c5\uff0c\u53ef\u60dc\u4e86\uff0c\u633a\u770b\u597d\u4ed6\u4eec\u8fd9\u4e00\u5bf9\u7684", "useful_count": "0"},
{"page_index": 0, "movie_id": "30255226", "title": "\u7a7f\u8d8a\u7231", "username": "\u7070\u8272\u989c\u8272", "user_id": "180306540", "rating": "\u63a8\u8350", "date": "2018-07-17", "time": "14:01:42", "comment": "\u8fd9\u90e8\u7535\u5f71\u7684\u6545\u4e8b\u5185\u5bb9\u8fd8\u662f\u6bd4\u8f83\u65b0\u9896\u7684\uff0c\u7a7f\u8d8a\u65f6\u7a7a\u7684\u6982\u5ff5\u4e5f\u4e0d\u4f1a\u8001\u5957\uff0c\u62cd\u7684\u4e0d\u9519", "useful_count": "0"},
{"page_index": 0, "movie_id": "30255226", "title": "\u7a7f\u8d8a\u7231", "username": "\u8309\u8389", "user_id": "181003514", "rating": "\u529b\u8350", "date": "2018-07-17", "time": "18:02:36", "comment": "\u597d\u559c\u6b22\u9152\u5427\u5531\u6b4c\u7684\u90a3\u4e2a\u5973\u5b69\uff0c\u5f88\u6d12\u8131\u5f88\u5e05\u5f88\u8ff7\u4eba\n", "useful_count": "0"},
{"page_index": 0, "movie_id": "30255226", "title": "\u7a7f\u8d8a\u7231", "username": "\u98ce\u534e", "user_id": "181243624", "rating": "\u63a8\u8350", "date": "2018-07-17", "time": "14:17:08", "comment": "\u7535\u5f71\u65f6\u95f4\u4e0d\u662f\u5f88\u957f\uff01\u4f46\u662f\u5374\u660e\u767d\u4e86\u5f88\u591a\u9053\u7406\uff0c\u4e0d\u540c\u7684\u9009\u62e9\u90fd\u6709\u4e0d\u540c\u7684\u7ed3\u5c40", "useful_count": "0"},
{"page_index": 0, "movie_id": "30255226", "title": "\u7a7f\u8d8a\u7231", "username": "\u963f\u7518", "user_id": "181102351", "rating": "\u63a8\u8350", "date": "2018-07-17", "time": "14:13:01", "comment": "\u6574\u4e2a\u7535\u5f71\u7684\u8272\u8c03\u662f\u6bd4\u8f83\u597d\u7684\uff0c\u5f88\u6709\u611f\u89c9\u4e5f\u6709\u4e00\u79cd\u827a\u672f\u7684\u6c1b\u56f4\uff0c\u8981\u8d5e\u4e00\u8d5e\u8fd9\u90e8\u7535\u5f71\u7684\u7f8e\u672f\u6307\u5bfc", "useful_count": "0"},
{"page_index": 0, "movie_id": "30255226", "title": "\u7a7f\u8d8a\u7231", "username": "\u5e7f", "user_id": "181596846", "rating": "\u529b\u8350", "date": "2018-07-22", "time": "23:45:06", "comment": "\u5373\u4f7f\u6539\u53d8\u4e86\u8fc7\u53bb\uff0c\u672a\u6765\u4e5f\u672a\u5fc5\u5982\u4f60\u6240\u613f", "useful_count": "0"},
{"page_index": 0, "movie_id": "30255226", "title": "\u7a7f\u8d8a\u7231", "username": "\u5996\u795e", "user_id": "181187824", "rating": "\u63a8\u8350", "date": "2018-07-17", "time": "13:57:10", "comment": "\u5f71\u7247\u5229\u7528\u4e2d\u8fd1\u666f\u5c55\u793a\u4eba\u7269\u7ec6\u817b\u7684\u5fc3\u7406\uff0c\u957f\u955c\u5934\u8868\u73b0\u5fae\u5999\u7684\u60c5\u7eea\u53d8\u5316 ", "useful_count": "0"},
{"page_index": 0, "movie_id": "30255226", "title": "\u7a7f\u8d8a\u7231", "username": "\u4e91\u679c\u679c", "user_id": "181323170", "rating": "\u529b\u8350", "date": "2018-07-17", "time": "18:14:08", "comment": "Gordon\u548cCarman\u771f\u7684\u597d\u914d\u554a\uff01\n", "useful_count": "0"},
{"page_index": 0, "movie_id": "30255226", "title": "\u7a7f\u8d8a\u7231", "username": "\u9999\u5982\u6545", "user_id": "181318941", "rating": "\u529b\u8350", "date": "2018-07-17", "time": "18:10:11", "comment": "\u6700\u559c\u6b22\u5929\u5802\u9e1fBOP\u7ec4\u5408\u4e86\uff0c\u5404\u4e2a\u90fd\u591a\u624d\u591a\u827a\n", "useful_count": "0"},
{"page_index": 0, "movie_id": "30255226", "title": "\u7a7f\u8d8a\u7231", "username": "\u80d6\u54e5", "user_id": "181309067", "rating": "\u63a8\u8350", "date": "2018-07-17", "time": "14:22:17", "comment": "\u6709\u65f6\u5019\u5b89\u7136\u63a5\u53d7\uff0c\u53ef\u80fd\u4f1a\u6536\u83b7\u7684\u66f4\u591a\uff01\u611f\u89c9\u8fd9\u90e8\u7535\u5f71\u6709\u5f88\u591a\u7684\u9e21\u6c64\u554a", "useful_count": "0"},
{"page_index": 0, "movie_id": "30255226", "title": "\u7a7f\u8d8a\u7231", "username": "\u5df4\u9ece\u94c1\u5854", "user_id": "181319464", "rating": "\u529b\u8350", "date": "2018-07-17", "time": "18:05:44", "comment": "\u7ed3\u5c40\u5f88\u5706\u6ee1\uff0c\u5bfc\u6f14\u8fd8\u662f\u5f88\u6e29\u67d4\u7684\u3002\u559c\u6b22\u91cc\u9762\u7684\u53f0\u8bcd\uff0c\u5f88\u89e6\u52a8\u5fc3\u7075\n", "useful_count": "0"},
{"page_index": 0, "movie_id": "30255226", "title": "\u7a7f\u8d8a\u7231", "username": "\u7403\u7403", "user_id": "180158353", "rating": "\u63a8\u8350", "date": "2018-07-17", "time": "14:26:05", "comment": "\u770b\u5b8c\u540e\u6709\u70b9\u610f\u72b9\u672a\u5c3d\u554a\uff01\u8fd9\u90e8\u7535\u5f71\u5f88\u9002\u5408\u5feb\u8981\u7ed3\u5a5a\u6216\u8005\u604b\u7231\u4e2d\u7684\u4eba\u6765\u770b", "useful_count": "0"},
{"page_index": 0, "movie_id": "30255226", "title": "\u7a7f\u8d8a\u7231", "username": "\u837c\u9761", "user_id": "180249493", "rating": "\u63a8\u8350", "date": "2018-07-17", "time": "14:28:07", "comment": "\u770b\u5b8c\u8fd9\u7535\u5f71\u6700\u60f3\u8981\u7684\uff0c\u5c31\u662f\u8fd9\u652f\u624b\u8868\uff01\u4e0d\u8fc7\u770b\u5230\u7ed3\u5c40\u4e5f\u5c31\u91ca\u7136\u4e86", "useful_count": "0"},
{"page_index": 0, "movie_id": "30255226", "title": "\u7a7f\u8d8a\u7231", "username": "\u9e1f\u54e5", "user_id": "180252273", "rating": "\u63a8\u8350", "date": "2018-07-17", "time": "14:30:13", "comment": "\u8d85\u559c\u6b22\u7537\u4e3b\u53f6\u704f\u57fa\uff01\u505a\u7684\u4e00\u5207\u90fd\u662f\u4e3a\u4e86\u5c0f\u654f\uff0c\u60f3\u8981\u548c\u5c0f\u654f\u5728\u4e00\u8d77", "useful_count": "0"},
{"page_index": 0, "movie_id": "30255226", "title": "\u7a7f\u8d8a\u7231", "username": "\u4e4c\u9e26", "user_id": "180992370", "rating": "\u63a8\u8350", "date": "2018-07-17", "time": "13:55:14", "comment": "\u5bfc\u6f14\u7279\u522b\u64c5\u957f\u4ee5\u751f\u52a8\u7684\u7ec6\u8282\u63cf\u7ed8\u4eba\u7269\u7684\u5185\u5fc3\u6d3b\u52a8\uff0c\u5e76\u8c03\u52a8\u7535\u5f71\u7684\u5404\u79cd\u827a\u672f\u5143\u7d20\u4e3a\u5851\u9020\u4eba\u7269\u670d\u52a1\u3002", "useful_count": "0"},
{"page_index": 0, "movie_id": "30255226", "title": "\u7a7f\u8d8a\u7231", "username": "\u6559\u80b2", "user_id": "181246647", "rating": "\u63a8\u8350", "date": "2018-07-17", "time": "14:18:13", "comment": "\u5c31\u60f3\u8981\u4e00\u6b3e\u53f6\u704f\u57fa\u540c\u6b3e\u7a7f\u8d8a\u624b\u8868\uff01\u80fd\u5728\u66fe\u7ecf\u548c\u672a\u6765\u4e2d\u7a7f\u68ad", "useful_count": "0"},
{"page_index": 0, "movie_id": "30255226", "title": "\u7a7f\u8d8a\u7231", "username": "\u963f\u65b0", "user_id": "181089655", "rating": "\u63a8\u8350", "date": "2018-07-17", "time": "14:12:15", "comment": "\u7a7f\u8d8a\u65f6\u7a7a\u8fd9\u4e2a\u9898\u6750\u5e76\u4e0d\u65b0\u9c9c\uff0c\u4f46\u662f\u8fd9\u90e8\u7535\u5f71\u53ef\u4ee5\u628a\u8fd9\u4e2a\u9898\u6750\u62cd\u7684\u8fd9\u4e48\u6709\u521b\u610f\uff0c\u4e5f\u662f\u86ee\u96be\u5f97\u7684\u4e86", "useful_count": "0"},
{"page_index": 0, "movie_id": "30255226", "title": "\u7a7f\u8d8a\u7231", "username": "\u590f\u5a03", "user_id": "180346417", "rating": "\u63a8\u8350", "date": "2018-07-17", "time": "14:36:58", "comment": "\u5982\u679c\u7537\u4e3b\u4e0d\u77e5\u9053\u90a3\u4e48\u591a\u4e8b\uff0c\u5982\u679c\u4ed6\u4e0d\u7a7f\u8d8a\uff0c\u4e5f\u8bb8\u4ed6\u4e0d\u4f1a\u50cf\u73b0\u5728\u8fd9\u6837\u5982\u6b64\u73cd\u60dc\u6240\u62e5\u6709\u7684\u4e00\u5207", "useful_count": "0"},
{"page_index": 0, "movie_id": "30255226", "title": "\u7a7f\u8d8a\u7231", "username": "\u706b\u7bad\u7b52", "user_id": "181137146", "rating": "\u63a8\u8350", "date": "2018-07-17", "time": "14:14:35", "comment": "\u4e2a\u4eba\u771f\u7684\u975e\u5e38\u559c\u6b22\u8fd9\u4e2a\u7535\u5f71\u7684\u7ed3\u5c3e\uff0c\u8fd9\u4e2a\u8bbe\u8ba1\u5b9e\u5728\u662f\u592a\u7cbe\u5f69\u4e86\uff0c\u4e0d\u5f97\u4e0d\u8d5e\u4e00\u8d5e\u8fd9\u90e8\u7535\u5f71\u7684\u7f16\u5267", "useful_count": "0"},
{"page_index": 0, "movie_id": "30255226", "title": "\u7a7f\u8d8a\u7231", "username": "\u5b89\u5168\u611f", "user_id": "181142428", "rating": "\u63a8\u8350", "date": "2018-07-17", "time": "14:15:16", "comment": "\u76f8\u7231\u7684\u65f6\u5019\u5c31\u8981\u4e92\u76f8\u73cd\u60dc\uff0c\u4e92\u76f8\u4fe1\u4efb\uff0c\u4e0d\u8981\u5931\u53bb\u4e86\u624d\u540e\u6094\uff0c\u5f88\u559c\u6b22\u8fd9\u90e8\u7535\u5f71", "useful_count": "0"},
{"page_index": 0, "movie_id": "30255226", "title": "\u7a7f\u8d8a\u7231", "username": "mao", "user_id": "181030555", "rating": "\u63a8\u8350", "date": "2018-07-17", "time": "14:11:32", "comment": "\u771f\u7684\u597d\u559c\u6b22\u7537\u4e3b\u89d2\u554a\uff0c\u957f\u5f97\u8fd9\u4e48\u5e05\uff0c\u6f14\u5f97\u53c8\u8fd9\u4e48\u597d\uff0c\u770b\u597d\u4ed6\u4eca\u540e\u7684\u6f14\u827a\u9053\u8def\u54e6", "useful_count": "0"},
{"page_index": 0, "movie_id": "30255226", "title": "\u7a7f\u8d8a\u7231", "username": "\u60a0\u60a0", "user_id": "181241333", "rating": "\u63a8\u8350", "date": "2018-07-17", "time": "14:16:12", "comment": "\u5e0c\u671b\u4eca\u540e\u4f1a\u6709\u66f4\u591a\u8fd9\u79cd\u7c7b\u578b\u7684\u7535\u5f71\uff0c\u8981\u9f13\u52b1\u8fd9\u6837\u6709\u8bda\u610f\u7684\u7535\u5f71\uff0c\u5e0c\u671b\u8d8a\u6765\u8d8a\u591a\u8fd9\u6837\u7684\u7535\u5f71\u4eba", "useful_count": "0"}
]