[
{"page_index": 0, "movie_id": "30296129", "title": "\u6012\u653e\u7684\u82b1\u513f", "username": "Jardani", "user_id": "204855045", "rating": null, "date": "2023-02-13", "time": "13:58:50", "comment": "\u5c0f\u5b66\u540c\u5b66\u4e3b\u6f14\u7684\u7535\u5f71\uff0c\u5f53\u65f6\u8fd8\u5728\u5168\u6821\u64ad\u653e\u4e86\uff0c\u73b0\u5728\u60f3\u60f3\u60c5\u8282\u5df2\u7ecf\u5fd8\u7684\u5dee\u4e0d\u591a\u4e86\uff0c\u53ea\u8bb0\u5f97\u548c\u540c\u5b66\u7684\u5410\u69fd\u4e86", "useful_count": "0"},
{"page_index": 0, "movie_id": "30296129", "title": "\u6012\u653e\u7684\u82b1\u513f", "username": "\u50b2\u6162\u7684\u5317\u6781\u718a", "user_id": "162814293", "rating": "\u8fd8\u884c", "date": "2018-08-24", "time": "17:48:04", "comment": "\u5c0f\u80d6\u662f\u6211\u5c0f\u5b66\u540c\u5b66\uff5e", "useful_count": "2"},
{"page_index": 0, "movie_id": "30296129", "title": "\u6012\u653e\u7684\u82b1\u513f", "username": "\u8c46\u53cb190382676", "user_id": "190382676", "rating": "\u529b\u8350", "date": "2019-01-21", "time": "20:42:02", "comment": "\u52b1\u5fd7", "useful_count": "0"}
]