[
{"page_index": 0, "movie_id": "30259493", "title": "\u9ed1\u6697\u6df1\u5904\u4e4b\u60ca\u9b42\u591c", "username": "\u6c88\u610f\u610f", "user_id": "103277074", "rating": "\u8f83\u5dee", "date": "2019-01-11", "time": "20:33:30", "comment": "\u770b\u4e0d\u89c1\u7684\u5ba2\u4eba\u6c49\u5316\u7248\uff1f", "useful_count": "4"},
{"page_index": 0, "movie_id": "30259493", "title": "\u9ed1\u6697\u6df1\u5904\u4e4b\u60ca\u9b42\u591c", "username": "\u6731\u8389\u672c\u8328", "user_id": "145691655", "rating": "\u5f88\u5dee", "date": "2018-10-19", "time": "00:57:08", "comment": "\u6709\u6d17\u94b1\u4e86\uff0c\u771f\u8be5\u597d\u597d\u67e5\u67e5\u4ed6\u4eec\u62cd\u56fd\u6050\u7684\u5230\u5e95\u518d\u7ed9\u8c01\u6d17\u94b1\uff01\uff01\uff01", "useful_count": "30"},
{"page_index": 0, "movie_id": "30259493", "title": "\u9ed1\u6697\u6df1\u5904\u4e4b\u60ca\u9b42\u591c", "username": "\u5bf9\u4f60\u7231\u4e0d\u5b8c", "user_id": "140638723", "rating": "\u5f88\u5dee", "date": "2018-10-12", "time": "09:54:34", "comment": "\u56fd\u6050\u2026\u2026", "useful_count": "9"},
{"page_index": 0, "movie_id": "30259493", "title": "\u9ed1\u6697\u6df1\u5904\u4e4b\u60ca\u9b42\u591c", "username": "\u8349\u5e3d\u5cb3\u98de", "user_id": "44290871", "rating": "\u5f88\u5dee", "date": "2018-12-25", "time": "21:22:30", "comment": "\u8fd9\u5267\u60c5\u7279\u4e48\u8ddf\u300a\u770b\u4e0d\u89c1\u7684\u5ba2\u4eba\u300b\u4e00\u6bdb\u4e00\u6837", "useful_count": "5"},
{"page_index": 0, "movie_id": "30259493", "title": "\u9ed1\u6697\u6df1\u5904\u4e4b\u60ca\u9b42\u591c", "username": "\ud83c\udf40again \ud83d\ude38", "user_id": "a371623866", "rating": "\u8f83\u5dee", "date": "2020-01-02", "time": "22:38:10", "comment": "\u6700\u540e\u53c8\u662f\u4eca\u65e5\u8bf4\u6cd5\u6807\u51c6\u56fd\u4ea7\u6050\u6016\u7247\u7ed3\u5c40", "useful_count": "1"},
{"page_index": 0, "movie_id": "30259493", "title": "\u9ed1\u6697\u6df1\u5904\u4e4b\u60ca\u9b42\u591c", "username": "\u043e\u0431\u043b\u043e\u043c\u043e\u0432", "user_id": "glim", "rating": "\u5f88\u5dee", "date": "2018-11-22", "time": "23:49:09", "comment": "\u635e\u7fd4\u6d17\u94b1\u4e86\u5427\uff0c\u8fd8\u597d\u610f\u601d\u8c03\u4f83\u67ef\u9707\u4e1c", "useful_count": "1"},
{"page_index": 0, "movie_id": "30259493", "title": "\u9ed1\u6697\u6df1\u5904\u4e4b\u60ca\u9b42\u591c", "username": "Richard Wang", "user_id": "177745760", "rating": null, "date": "2018-10-18", "time": "21:06:20", "comment": "21\u4e16\u7eaa\u4e2d\u56fd\u5927\u9646\u7684\u5927\u7ea6\u4e5d\u6210\u7684\u6050\u6016\u7535\u5f71\u7684\u54c1\u8d28\u4ee4\u4eba\u582a\u5fe7\u3002\u5c31\u7b97\u5bf9\u4e8e\u73b0\u5728\u7684\u597d\u83b1\u575e\u6765\u8bf4\uff0c\u62cd\u51fa\u300a\u6797\u4e2d\u5c0f\u5c4b\u300b\u548c\u300a\u5bc2\u9759\u4e4b\u5730\u300b\u90a3\u6837\u5c1a\u53ef\u7684\u6050\u6016\u7247\u5df2\u7ecf\u96be\u5982\u767b\u5929\u4e86\u3002", "useful_count": "14"},
{"page_index": 0, "movie_id": "30259493", "title": "\u9ed1\u6697\u6df1\u5904\u4e4b\u60ca\u9b42\u591c", "username": "\u963f\u9ed8\u6cab", "user_id": "MonicaSXY", "rating": "\u5f88\u5dee", "date": "2021-07-30", "time": "22:51:33", "comment": "\u201c\u81f4\u656c\u201d\u300a\u770b\u4e0d\u89c1\u7684\u5ba2\u4eba\u300b", "useful_count": "0"},
{"page_index": 0, "movie_id": "30259493", "title": "\u9ed1\u6697\u6df1\u5904\u4e4b\u60ca\u9b42\u591c", "username": "\u6728\u6728\u4e09\u53c8\u4e8c", "user_id": "83538603", "rating": "\u5f88\u5dee", "date": "2021-08-22", "time": "14:31:30", "comment": "\u54c8\uff1f\uff1f\uff1f\u8fd8\u80fd\u6284\u6210\u8fd9\u6837\u554a\uff1f\uff1f\u548c\u300a\u770b\u4e0d\u89c1\u7684\u5ba2\u4eba\u300b\u4e00\u6a21\u4e00\u6837\u554a", "useful_count": "0"},
{"page_index": 0, "movie_id": "30259493", "title": "\u9ed1\u6697\u6df1\u5904\u4e4b\u60ca\u9b42\u591c", "username": "\u795e\u54e5", "user_id": "62478064", "rating": "\u5f88\u5dee", "date": "2019-06-07", "time": "13:22:07", "comment": "\u8fd9\u7535\u5f71\u6284\u88ad\u7684\u2026\u2026\u5218\u8001\u5e08\u4f60\u8981\u662f\u4e0d\u8bf4\u6211\u8fd8\u771f\u770b\u4e0d\u51fa\u6765\uff0c\u6c34\u5e73\u633ane\u554a", "useful_count": "0"},
{"page_index": 0, "movie_id": "30259493", "title": "\u9ed1\u6697\u6df1\u5904\u4e4b\u60ca\u9b42\u591c", "username": "Sheep", "user_id": "149801980", "rating": "\u5f88\u5dee", "date": "2018-12-25", "time": "20:43:31", "comment": "\u4f60\u662f\u4ee5\u4e3a\u770b\u4e0d\u89c1\u7684\u5ba2\u4eba\u662f\u4e2a\u6ca1\u5565\u4eba\u770b\u8fc7\u7684\u51b7\u95e8\u7247\u5417\uff1f", "useful_count": "3"},
{"page_index": 0, "movie_id": "30259493", "title": "\u9ed1\u6697\u6df1\u5904\u4e4b\u60ca\u9b42\u591c", "username": "no one", "user_id": "147498830", "rating": "\u5f88\u5dee", "date": "2019-01-17", "time": "09:48:42", "comment": "mlgb \u4f60\u8fd8\u56fd\u4ea7\u7248\u7684\u300a\u770b\u4e0d\u89c1\u7684\u5ba2\u4eba\u300b\u6284\u90fd\u80fd\u6284\u6b6a\u6765\uff0c\u4e0d\u4f1a\u7ffb\u62cd\uff0c\u5c31\u4e0d\u8981\u5b66\u522b\u4eba\u7ffb\u62cd\u3002", "useful_count": "4"},
{"page_index": 0, "movie_id": "30259493", "title": "\u9ed1\u6697\u6df1\u5904\u4e4b\u60ca\u9b42\u591c", "username": "O\u578b\u8840", "user_id": "UloveWo", "rating": "\u5f88\u5dee", "date": "2018-12-28", "time": "09:05:23", "comment": "\u300a\u770b\u4e0d\u89c1\u7684\u5ba2\u4eba\u300bhttps://www.bilibili.com/video/av38976854", "useful_count": "1"},
{"page_index": 0, "movie_id": "30259493", "title": "\u9ed1\u6697\u6df1\u5904\u4e4b\u60ca\u9b42\u591c", "username": "\u6e05\u96c5\u6212\u5962", "user_id": "194286859", "rating": "\u5f88\u5dee", "date": "2022-06-11", "time": "03:36:51", "comment": "\u770b\u5b8c\u201c\u5218\u8001\u5e08\u8bf4\u7535\u5f71\u201d\u5267\u900f\u6765\u7684\uff0c\u4e0b\u9762\u9644\u4e0a\u94fe\u63a5\uff1ahttps://b23.tv/MUoXDtI\u3002", "useful_count": "1"},
{"page_index": 0, "movie_id": "30259493", "title": "\u9ed1\u6697\u6df1\u5904\u4e4b\u60ca\u9b42\u591c", "username": "\u7d22\u535a\u65af\u57fa", "user_id": "72882574", "rating": "\u8f83\u5dee", "date": "2019-07-09", "time": "18:47:06", "comment": "5/10\uff0c\u6bd4\u5927\u591a\u6570\u540c\u7c7b\u578b\u7535\u5f71\u7565\u5fae\u5f3a\u70b9", "useful_count": "0"},
{"page_index": 0, "movie_id": "30259493", "title": "\u9ed1\u6697\u6df1\u5904\u4e4b\u60ca\u9b42\u591c", "username": "ericxu", "user_id": "219916521", "rating": "\u5f88\u5dee", "date": "2021-06-17", "time": "19:40:52", "comment": "\u5bfc\u6f14\u53bb\u6b7b\u5427", "useful_count": "0"},
{"page_index": 0, "movie_id": "30259493", "title": "\u9ed1\u6697\u6df1\u5904\u4e4b\u60ca\u9b42\u591c", "username": "\u5218\u6ce2\u5b50", "user_id": "liubozi", "rating": "\u8f83\u5dee", "date": "2019-11-19", "time": "19:27:48", "comment": "\u6545\u4e8b\u548c\u6f14\u6280\u5c31\u90fd\u5ffd\u7565\u5427\uff01\u955c\u5934\u611f\u548c\u6444\u5f71\u89d2\u5ea6\u4e0d\u9519\u3002\u5f53MTV\u770b\u770b", "useful_count": "0"},
{"page_index": 0, "movie_id": "30259493", "title": "\u9ed1\u6697\u6df1\u5904\u4e4b\u60ca\u9b42\u591c", "username": "\u7231\u6bd4\u6b7b\u66f4\u51b7", "user_id": "70421764", "rating": "\u8f83\u5dee", "date": "2018-11-22", "time": "23:13:33", "comment": "\u5bfc\u6f14: \u7389\u7d20\n\u4e3b\u6f14: \u6797\u6f47 / \u845b\u51cc\u82ae / \u674e\u52b2\u5cf0 / \u90b9\u6d01\u4eea / \u9ad8\u5fd7\u521a / \u5d14\u5c0f\u7530 / \u5218\u51b0\u5cf0 / \u68a6\u9896\n\u7c7b\u578b: \u60ac\u7591 / \u60ca\u609a / \u6050\u6016\n\u5236\u7247\u56fd\u5bb6/\u5730\u533a: \u4e2d\u56fd\u5927\u9646", "useful_count": "0"},
{"page_index": 0, "movie_id": "30259493", "title": "\u9ed1\u6697\u6df1\u5904\u4e4b\u60ca\u9b42\u591c", "username": "hungry", "user_id": "dbhungry", "rating": "\u5f88\u5dee", "date": "2019-07-10", "time": "09:08:29", "comment": "\u6284\u88ad\u6284\u5f97\u597d\u660e\u663e\u554a7710", "useful_count": "1"},
{"page_index": 0, "movie_id": "30259493", "title": "\u9ed1\u6697\u6df1\u5904\u4e4b\u60ca\u9b42\u591c", "username": "FWSWU-LLDAF", "user_id": "194663693", "rating": "\u5f88\u5dee", "date": "2022-02-17", "time": "00:02:52", "comment": "\u4e00\u5f00\u59cb\u6211\u8fd8\u7eb3\u95f7\u8fd9\u5267\u672c\u770b\u7740\u8fd8\u884c\u4e0d\u50cf\u662f\u56fd\u4ea7\u6050\u6016\u7247\u7684\u70c2\u76f8\uff0c\u770b\u7740\u770b\u7740\u53d1\u73b0\u8fd9\u7279\u4e48\u4e0d\u5c31\u662f\u55ef\u6284\u300a\u770b\u4e0d\u89c1\u7684\u5ba2\u4eba\u300b\uff0c\u522b\u62cd\u4e86\u6eda\u5427", "useful_count": "0"},
{"page_index": 0, "movie_id": "30259493", "title": "\u9ed1\u6697\u6df1\u5904\u4e4b\u60ca\u9b42\u591c", "username": "\u7406\u667a\u505a\u4eba\u5c11\u751f\u6c14", "user_id": "150700069", "rating": "\u5f88\u5dee", "date": "2018-12-27", "time": "00:26:37", "comment": "\u6284\u7684\u592a\u4f4e\u7ea7", "useful_count": "0"},
{"page_index": 0, "movie_id": "30259493", "title": "\u9ed1\u6697\u6df1\u5904\u4e4b\u60ca\u9b42\u591c", "username": "_\u7f8e\u90b5\u5973\u6218\u58eb_", "user_id": "BriannaShao", "rating": "\u5f88\u5dee", "date": "2022-10-27", "time": "22:48:34", "comment": "\u4ece\u8bbe\u5b9a\u5230\u60c5\u8282\uff0c\u4ece\u53d1\u5c55\u5230\u7ed3\u5c3e\u3002\u5b8c\u5168\u5c31\u662f\u8bd1\u5236\u4e86\u8c46\u74e38.7\u5206\u7684\u897f\u73ed\u7259\u60ac\u7591\u72af\u7f6a\u7535\u5f71\u300a\u770b\u4e0d\u89c1\u7684\u5ba2\u4eba\u300b\u3002\u8fb9\u8def\u4e0d\u52a8\u8111\u5b50\uff0c\u5a5a\u5185\u51fa\u8f68\u6362\u5076\u50cf\u7ea6\u70ae\u3001\u8f66\u7978\u649e\u4eba\u6362\u5c71\u9876\u63a8\u4eba\uff0c\u9876\u7ea7\u5f8b\u5e08\u6362\u516c\u5173\u4e13\u5bb6\u3002\n\n\u603b\u8bc4\uff1a\u662f\u4f1a\u3010\u5f002.0\u500d\u901f+\u624b\u52a8\u5feb\u8fdb+\u8fd9\u8f88\u5b50\u4e0d\u4f1a\u770b\u7b2c\u4e8c\u904d\u3011\u7684\u5267\u3002", "useful_count": "0"},
{"page_index": 0, "movie_id": "30259493", "title": "\u9ed1\u6697\u6df1\u5904\u4e4b\u60ca\u9b42\u591c", "username": "\u9ec4\u8272\u95ea\u5149", "user_id": "80676300", "rating": "\u5f88\u5dee", "date": "2018-12-25", "time": "21:53:28", "comment": "\u6284\u88ad   \u770b\u4e0d\u89c1\u7684\u5ba2\u4eba", "useful_count": "2"},
{"page_index": 0, "movie_id": "30259493", "title": "\u9ed1\u6697\u6df1\u5904\u4e4b\u60ca\u9b42\u591c", "username": "\u770b\u70b9\u5565\u597d", "user_id": "128158094", "rating": "\u63a8\u8350", "date": "2018-10-22", "time": "07:37:00", "comment": "\u5434\u5b50\u6657=\u5434\u4ea6\u51e1+\u9ec4\u5b50\u97ec+\u9e7f\u6657\u3002", "useful_count": "4"},
{"page_index": 0, "movie_id": "30259493", "title": "\u9ed1\u6697\u6df1\u5904\u4e4b\u60ca\u9b42\u591c", "username": "\u9c9c\u85d5\u5927\u738b", "user_id": "150462964", "rating": "\u5f88\u5dee", "date": "2019-05-24", "time": "13:31:34", "comment": "\u5218\u8001\u5e08\u5410\u69fd\n\u56fd\u4ea7\u6050\u6016\u7247\u5df2\u7ecf\u5f88\u9020\u5b7d\u4e86 \u8fd8\u6284\u88ad \u600e\u4e48\u5f04...\u4e94\u500d\u901f\u770b\u6211\u90fd\u5acc\u6162", "useful_count": "0"},
{"page_index": 0, "movie_id": "30259493", "title": "\u9ed1\u6697\u6df1\u5904\u4e4b\u60ca\u9b42\u591c", "username": "\u6b3a\u971c\u50b2\u96ea", "user_id": "49872790", "rating": "\u5f88\u5dee", "date": "2018-12-27", "time": "21:03:09", "comment": "\u4e0d\u662f\u6d17\u94b1\u7247\u90fd\u4e0d\u53ef\u80fd\u4e86", "useful_count": "0"},
{"page_index": 0, "movie_id": "30259493", "title": "\u9ed1\u6697\u6df1\u5904\u4e4b\u60ca\u9b42\u591c", "username": "\u5b50\u671f\u5df2\u5f52\u897f", "user_id": "lasomabra", "rating": "\u5f88\u5dee", "date": "2019-08-25", "time": "11:27:51", "comment": "\u770b\u4e0d\u89c1\u7684\u5ba2\u4eba \u8bd1\u5236\u7248", "useful_count": "0"},
{"page_index": 0, "movie_id": "30259493", "title": "\u9ed1\u6697\u6df1\u5904\u4e4b\u60ca\u9b42\u591c", "username": "\u738b\u84dd\u76ee", "user_id": "67380268", "rating": null, "date": "2018-11-23", "time": "00:00:51", "comment": "\u6211\u4ee5\u4e3a\u81ea\u5df1\u5728\u770b\u300a\u770b\u4e0d\u89c1\u7684\u5ba2\u4eba\u300b\u3002\u6709\u4e9b\u4e1c\u897f\u6284\u88ad\u5f97\u592a\u660e\u663e\u4e86\u5c31\u6ca1\u610f\u601d\u4e86", "useful_count": "3"},
{"page_index": 0, "movie_id": "30259493", "title": "\u9ed1\u6697\u6df1\u5904\u4e4b\u60ca\u9b42\u591c", "username": "\u7edd\u5bf9\u5fe0\u8bda", "user_id": "43660023", "rating": "\u8fd8\u884c", "date": "2018-10-31", "time": "00:13:39", "comment": "\u611f\u89c9\u8981\u662f\u8fd9\u4e2a\u6807\u9898\u52a0\u6d77\u62a5\u4f46\u6362\u4e2a\u7c7b\u578b\u6539\u6210\u9b54\u5e7b\u7c7b\u7684\u8bdd\u4e5f\u80fd\u6210\u4e00\u90e8\u4e2d\u7b49\u504f\u4e0a\u7684\u7535\u5f71\uff0c\u6bd4\u5982\u8bf4\u4e3b\u89d2\u56e2\u5728\u6697\u591c\u6539\u53d8\u547d\u8fd0\u7684\u4e00\u70b9\u5947\u5999\u4e4b\u65c5\uff0c\u901a\u8fc7\u591c\u665a\u7684\u5192\u9669\u88ab\u4f20\u6388\u4e86\u4e00\u70b9\u4eba\u751f\u7684\u7ecf\u9a8c\uff0c\u5176\u4e2d\u518d\u52a0\u70b9\u7537\u5973\u4e3b\u7684\u6d6a\u6f2b\u6210\u5206\u4f1a\u76f8\u5f53\u4e0d\u9519\u3002\u6050\u6016\u7247\u5c31\u2026\u2026\u8fd8\u4e0d\u6253\u7b97\u6b7b\u5fc3\uff1f", "useful_count": "0"},
{"page_index": 0, "movie_id": "30259493", "title": "\u9ed1\u6697\u6df1\u5904\u4e4b\u60ca\u9b42\u591c", "username": "\u82cf\u5984\u8a00", "user_id": "159673853", "rating": "\u5f88\u5dee", "date": "2019-01-01", "time": "21:22:17", "comment": "\u8fd9\u79cd\u7ffb\u8bd1\u6c34\u5e73\u7684\u6284\u88ad\uff0c\u90fd\u80fd\u6284\u8fd9\u4e48\u7a00\u788e\uff0c\u56fd\u4ea7\u53ef\u6015\u7247\u662f\u771f\u7684\u592a\u53ef\u6015\u4e86", "useful_count": "0"},
{"page_index": 0, "movie_id": "30259493", "title": "\u9ed1\u6697\u6df1\u5904\u4e4b\u60ca\u9b42\u591c", "username": "\u7d2b\u90aa", "user_id": "Dandy_Space", "rating": "\u8fd8\u884c", "date": "2021-01-27", "time": "14:31:30", "comment": "\u301081\u3011\u83dc\uff0c\u522b\u5e26\u8111\u5b50\u770b\u5c31\u597d", "useful_count": "0"},
{"page_index": 0, "movie_id": "30259493", "title": "\u9ed1\u6697\u6df1\u5904\u4e4b\u60ca\u9b42\u591c", "username": "dashendwx", "user_id": "173331577", "rating": "\u5f88\u5dee", "date": "2019-12-31", "time": "11:21:08", "comment": "\u95f9\u9b3c\u90fd\u662f\u5671\u5934\uff0c\u6545\u4e8b\u5267\u60c5\u4e00\u770b\u5c31\u89c9\u5f97\u662f\u6284\u7684\uff0c\u7a81\u7136\u53cd\u5e94\u8fc7\u6765\u662f\u300a\u770b\u4e0d\u89c1\u7684\u5ba2\u4eba\u300b\u7684\u7ffb\u7248", "useful_count": "0"},
{"page_index": 0, "movie_id": "30259493", "title": "\u9ed1\u6697\u6df1\u5904\u4e4b\u60ca\u9b42\u591c", "username": "\u738b\u6728\u5ddd", "user_id": "jielunxiaoxin", "rating": "\u8fd8\u884c", "date": "2019-01-14", "time": "20:00:41", "comment": "\u62cd\u7684\u8fd8\u884c\uff0c\u4e0d\u8fc7\u662f\u6284\u7684\u3002", "useful_count": "0"},
{"page_index": 0, "movie_id": "30259493", "title": "\u9ed1\u6697\u6df1\u5904\u4e4b\u60ca\u9b42\u591c", "username": "\u6797\u5c0f\u541bX", "user_id": "81295564", "rating": "\u5f88\u5dee", "date": "2019-01-30", "time": "13:44:25", "comment": "\u5218\u8001\u5e08\u89e3\u8bf4\u6284\u88ad\u770b\u4e0d\u89c1\u7684\u5ba2\u4eba", "useful_count": "0"},
{"page_index": 0, "movie_id": "30259493", "title": "\u9ed1\u6697\u6df1\u5904\u4e4b\u60ca\u9b42\u591c", "username": "\u5343\u5c71", "user_id": "60946423", "rating": "\u5f88\u5dee", "date": "2019-08-14", "time": "22:40:02", "comment": "\u600e\u4e48\u8bb2\u5462\uff0c\u5bfc\u6f14\u4e3a\u4ec0\u4e48\u4f1a\u89c9\u5f97\u770b\u5230\u8fd9\u90e8\u7535\u5f71\u7684\u4eba\uff0c\u53ef\u80fd\u4f1a\u6ca1\u770b\u8fc7\u300a\u770b\u4e0d\u89c1\u7684\u5ba2\u4eba\u300b\uff1f", "useful_count": "1"},
{"page_index": 0, "movie_id": "30259493", "title": "\u9ed1\u6697\u6df1\u5904\u4e4b\u60ca\u9b42\u591c", "username": "EvilGoblin", "user_id": "64996012", "rating": "\u8fd8\u884c", "date": "2018-11-26", "time": "11:23:54", "comment": "\u4e54\u54e5\uff0c\u6551\u6551\u6211\u5427\uff01\u6211\u662f\u51e0\u5343\u4e07\u4eba\u7684\u5076\u50cf\uff0c\u6211\u4e0d\u60f3\u6b7b\uff01", "useful_count": "1"},
{"page_index": 0, "movie_id": "30259493", "title": "\u9ed1\u6697\u6df1\u5904\u4e4b\u60ca\u9b42\u591c", "username": "\u6c5f\u6a59\u5b50", "user_id": "NuitsBlanches", "rating": "\u5f88\u5dee", "date": "2018-12-26", "time": "10:57:57", "comment": "\u5267\u60c5\u6784\u67b6\u5168\u6284\u300a\u770b\u4e0d\u89c1\u7684\u5ba2\u4eba\u300b\uff0c\u6c42\u8981\u70b9\u8138", "useful_count": "1"},
{"page_index": 0, "movie_id": "30259493", "title": "\u9ed1\u6697\u6df1\u5904\u4e4b\u60ca\u9b42\u591c", "username": "\u4e0d\u53ef\u56de\u6536\u5783\u573e", "user_id": "41858329", "rating": "\u8fd8\u884c", "date": "2019-08-25", "time": "18:13:03", "comment": "\u867d\u7136\u5267\u60c5\u7167\u642c\u7167\u6284\uff0c\u4f46\u5b8c\u6210\u5ea6\u548c\u6050\u6016\u73af\u8282\u90fd\u6709\uff0c\u6284\u88ad\u8fa3\u9e21\uff0c\u4f46\u4e5f\u6bd4\u81ea\u66b4\u81ea\u5f03\u6d17\u94b1\u597d\u90a3\u4e48\u4e00\u70b9\u70b9\u3002", "useful_count": "0"},
{"page_index": 0, "movie_id": "30259493", "title": "\u9ed1\u6697\u6df1\u5904\u4e4b\u60ca\u9b42\u591c", "username": "thelqm", "user_id": "98535194", "rating": null, "date": "2019-02-09", "time": "08:27:00", "comment": "\u65e0\u4ed6 \u6284\u88ad\u53f8\u9a6c", "useful_count": "0"},
{"page_index": 0, "movie_id": "30259493", "title": "\u9ed1\u6697\u6df1\u5904\u4e4b\u60ca\u9b42\u591c", "username": "\u7ec8\u5357\u8f8b\u5ddd", "user_id": "T03260601", "rating": "\u5f88\u5dee", "date": "2018-12-25", "time": "21:37:27", "comment": "\u6284\u88ad\uff01\uff01\uff01\u6284\u90fd\u6284\u4e0d\u597d\uff0c\u5267\u60c5\u51e0\u4e4e\u590d\u5236\u7c98\u8d34\uff0c\u7ec6\u8282\u8fd8\u6ca1\u6709\u522b\u4eba\u300a\u770b\u4e0d\u89c1\u7684\u5ba2\u4eba\u300b\u5904\u7406\u7684\u597d\uff01\u5509\uff01", "useful_count": "3"},
{"page_index": 0, "movie_id": "30259493", "title": "\u9ed1\u6697\u6df1\u5904\u4e4b\u60ca\u9b42\u591c", "username": "\u80a5\u561f\u561f\u7684\u5de6\u536b\u95e8", "user_id": "78214422", "rating": null, "date": "2018-12-26", "time": "05:11:26", "comment": "\u6807\u8bb0", "useful_count": "0"},
{"page_index": 0, "movie_id": "30259493", "title": "\u9ed1\u6697\u6df1\u5904\u4e4b\u60ca\u9b42\u591c", "username": "\u6211\u662f\u9b4f\u5c3c\u597d", "user_id": "158719675", "rating": "\u5f88\u5dee", "date": "2018-12-26", "time": "01:26:13", "comment": "\u5931\u8d25 \u77e5\u9053\u4e3a\u5565\u5931\u8d25\u4e48 \u771f\u8ba9\u6211\u63d0\u4f60\u4fe9\u611f\u5230\u60b2\u54c0", "useful_count": "0"},
{"page_index": 0, "movie_id": "30259493", "title": "\u9ed1\u6697\u6df1\u5904\u4e4b\u60ca\u9b42\u591c", "username": "\u9ea6\u5b50", "user_id": "btone0808", "rating": "\u5f88\u5dee", "date": "2018-12-04", "time": "11:14:25", "comment": "\u771f\u7684\u662f\u5728\u6f14\u620f\uff0c\u771f\u7684", "useful_count": "0"},
{"page_index": 0, "movie_id": "30259493", "title": "\u9ed1\u6697\u6df1\u5904\u4e4b\u60ca\u9b42\u591c", "username": "Mr.cool", "user_id": "215414519", "rating": "\u5f88\u5dee", "date": "2021-11-26", "time": "12:20:32", "comment": "\u6284\u88ad0\u5206", "useful_count": "0"},
{"page_index": 0, "movie_id": "30259493", "title": "\u9ed1\u6697\u6df1\u5904\u4e4b\u60ca\u9b42\u591c", "username": "Fare.", "user_id": "87978953", "rating": "\u5f88\u5dee", "date": "2019-09-24", "time": "20:03:44", "comment": "\u4e0d\u662f\u4eba\u770b\u7684 \u662f\u7ed9\u72d7\ud83d\udc36\u770b\u7684", "useful_count": "0"},
{"page_index": 0, "movie_id": "30259493", "title": "\u9ed1\u6697\u6df1\u5904\u4e4b\u60ca\u9b42\u591c", "username": "AgathaChristie", "user_id": "160899849", "rating": "\u5f88\u5dee", "date": "2019-02-06", "time": "16:55:48", "comment": "\u6284\u88ad", "useful_count": "0"},
{"page_index": 0, "movie_id": "30259493", "title": "\u9ed1\u6697\u6df1\u5904\u4e4b\u60ca\u9b42\u591c", "username": "\u5929\u5df2\u5fae\u51c9", "user_id": "65904843", "rating": "\u5f88\u5dee", "date": "2018-12-25", "time": "20:20:32", "comment": "\u6284\u88ad", "useful_count": "0"},
{"page_index": 0, "movie_id": "30259493", "title": "\u9ed1\u6697\u6df1\u5904\u4e4b\u60ca\u9b42\u591c", "username": "\u5929\u610f\u5f04\u4eba", "user_id": "171899432", "rating": "\u5f88\u5dee", "date": "2019-03-30", "time": "14:21:00", "comment": "\u56fd\u4ea7\u6050\u6016\u7247\u5df2\u6b7b\u3002", "useful_count": "0"},
{"page_index": 0, "movie_id": "30259493", "title": "\u9ed1\u6697\u6df1\u5904\u4e4b\u60ca\u9b42\u591c", "username": "\u5c0f\u68cd", "user_id": "27403984", "rating": "\u5f88\u5dee", "date": "2018-11-25", "time": "11:37:28", "comment": "\u6ca1\u5565\u610f\u601d\u7684\u70c2\u7247\uff0c\u6211\u8fde\u8bc4\u8bba\u90fd\u4e0d\u60f3\u8bc4\u8bba", "useful_count": "0"},
{"page_index": 0, "movie_id": "30259493", "title": "\u9ed1\u6697\u6df1\u5904\u4e4b\u60ca\u9b42\u591c", "username": "\u9648\u94c1\u67f1", "user_id": "58992948", "rating": "\u5f88\u5dee", "date": "2019-03-07", "time": "20:50:38", "comment": "\u6284\u88ad\u90fd\u4e0d\u4f1a\u6284\u3002\u3002", "useful_count": "0"},
{"page_index": 0, "movie_id": "30259493", "title": "\u9ed1\u6697\u6df1\u5904\u4e4b\u60ca\u9b42\u591c", "username": "\u81ea\u5899\u4e0d\u606f", "user_id": "166015195", "rating": "\u5f88\u5dee", "date": "2018-12-29", "time": "06:29:14", "comment": "\u6284\u4e5f\u6539\u4e00\u6539\u5427", "useful_count": "0"},
{"page_index": 0, "movie_id": "30259493", "title": "\u9ed1\u6697\u6df1\u5904\u4e4b\u60ca\u9b42\u591c", "username": "\u51b7\u591c\u8fb0\u661f", "user_id": "77534408", "rating": "\u5f88\u5dee", "date": "2018-12-27", "time": "13:38:22", "comment": "\u6284\u88ad", "useful_count": "0"},
{"page_index": 0, "movie_id": "30259493", "title": "\u9ed1\u6697\u6df1\u5904\u4e4b\u60ca\u9b42\u591c", "username": "\u5927\u767d\u7cd6\u5976\u5154", "user_id": "154309644", "rating": null, "date": "2018-10-18", "time": "09:22:23", "comment": "\u4e00\u90e8\u7cbe\u795e\u75c5\u88c5\u9b3c\uff0c\u5413\u574f\u65e0\u77e5\u7fa4\u4f17\u6545\u4e8b\uff01", "useful_count": "1"},
{"page_index": 0, "movie_id": "30259493", "title": "\u9ed1\u6697\u6df1\u5904\u4e4b\u60ca\u9b42\u591c", "username": "\u5728\u4e0b\u65b0\u57ce", "user_id": "163314739", "rating": "\u8f83\u5dee", "date": "2018-12-25", "time": "20:53:25", "comment": "\u6f14\u5458\u4eec\u8f9b\u82e6\u4e86\u3002", "useful_count": "0"},
{"page_index": 0, "movie_id": "30259493", "title": "\u9ed1\u6697\u6df1\u5904\u4e4b\u60ca\u9b42\u591c", "username": "\u6c38\u6052\uff06\u5929\u4f7f", "user_id": "182023017", "rating": "\u5f88\u5dee", "date": "2018-12-25", "time": "19:56:41", "comment": "\u80fd\u4e0d\u80fdbie\u6284\u88ad\u4e86\uff0c\u5bfc\u6f14\uff0cnmsl\uff1f", "useful_count": "1"},
{"page_index": 0, "movie_id": "30259493", "title": "\u9ed1\u6697\u6df1\u5904\u4e4b\u60ca\u9b42\u591c", "username": "\u5149\u5f71\u6d41\u8f6c", "user_id": "119396712", "rating": "\u8fd8\u884c", "date": "2020-07-26", "time": "23:09:51", "comment": "\u91ce\u5fc3\u4e0d\u5c0f\uff0c\u7537\u660e\u661f\u8bb2\u8ff0\u4e86\u597d\u51e0\u4e2a\u7248\u672c\uff0c\u610f\u6599\u4e4b\u4e2d\u7684\u4e0d\u9519\u7684\u590d\u4ec7\u6545\u4e8b\u3002", "useful_count": "0"},
{"page_index": 0, "movie_id": "30259493", "title": "\u9ed1\u6697\u6df1\u5904\u4e4b\u60ca\u9b42\u591c", "username": "\u601d\u8fc8\u9732", "user_id": "185812712", "rating": "\u5f88\u5dee", "date": "2019-03-01", "time": "21:58:02", "comment": "\u50bb\u903c\u73a9\u610f", "useful_count": "0"},
{"page_index": 0, "movie_id": "30259493", "title": "\u9ed1\u6697\u6df1\u5904\u4e4b\u60ca\u9b42\u591c", "username": "\u4e03\u4e2b\u5934", "user_id": "152517441", "rating": "\u5f88\u5dee", "date": "2020-09-05", "time": "15:21:46", "comment": "\u300a\u770b\u4e0d\u89c1\u7684\u5ba2\u4eba\u300b\u7ffb\u8bd1\u7248\uff0c\u4f46\u51e1\u5267\u60c5\u5408\u7406\u4e00\u70b9\u5c31\u4e0d\u81f3\u4e8e\u8fd9\u4e48\u5dee\uff0c\u7537\u4e3b\u6740\u4e86\u4eba\uff0c\u4e00\u5927\u7fa4\u4eba\u7684\u62a5\u590d\u65b9\u5f0f\u662f\u7b7e\u7ea6\u4ed6\u6367\u7ea2\u4ed6\u548c\u4ed6\u8c08\u604b\u7231\uff1f", "useful_count": "0"},
{"page_index": 0, "movie_id": "30259493", "title": "\u9ed1\u6697\u6df1\u5904\u4e4b\u60ca\u9b42\u591c", "username": "\u6124\u6012\u7684\u745e\u745e\u9171", "user_id": "155674295", "rating": "\u5f88\u5dee", "date": "2019-10-25", "time": "13:55:54", "comment": "\u4eba\u5bb6\u53eb\u770b\u4e0d\u89c1\u7684\u5ba2\u4eba\uff0c\u4f60\u53eb\u778e\u6bd4\u62bd\u98ce\u3002", "useful_count": "1"},
{"page_index": 0, "movie_id": "30259493", "title": "\u9ed1\u6697\u6df1\u5904\u4e4b\u60ca\u9b42\u591c", "username": "VALE.G", "user_id": "61930217", "rating": "\u5f88\u5dee", "date": "2020-04-07", "time": "22:25:39", "comment": "\uff1f\uff1f\uff1f\uff1f\uff1f\uff1f", "useful_count": "0"},
{"page_index": 0, "movie_id": "30259493", "title": "\u9ed1\u6697\u6df1\u5904\u4e4b\u60ca\u9b42\u591c", "username": "\u83b2\u96fe", "user_id": "124370519", "rating": "\u5f88\u5dee", "date": "2019-12-19", "time": "09:00:29", "comment": "\u72d7\u8840\u5267\u60c5\uff0c\u6284\u88ad\u8fd8\u80fd\u6284\u51fa\u8fd9\u4e48\u70c2\u7684\u6c34\u51c6\u3002\u6d17\u94b1\u5267\u59a5\u59a5\u7684\u3002", "useful_count": "0"},
{"page_index": 0, "movie_id": "30259493", "title": "\u9ed1\u6697\u6df1\u5904\u4e4b\u60ca\u9b42\u591c", "username": "bule", "user_id": "55752225", "rating": "\u5f88\u5dee", "date": "2019-02-18", "time": "20:24:11", "comment": "\u6284\u6284\u6284\u6284", "useful_count": "0"},
{"page_index": 0, "movie_id": "30259493", "title": "\u9ed1\u6697\u6df1\u5904\u4e4b\u60ca\u9b42\u591c", "username": "\u661f\u6cb3\u957f\u9e23", "user_id": "ohh_0416", "rating": "\u5f88\u5dee", "date": "2020-09-15", "time": "19:49:53", "comment": "\u6284\u8fd8\u80fd\u6284\u6210\u8fd9\u6837\u5417\uff1f", "useful_count": "0"},
{"page_index": 0, "movie_id": "30259493", "title": "\u9ed1\u6697\u6df1\u5904\u4e4b\u60ca\u9b42\u591c", "username": "\u6708\u7b3c\u957f\u6cb3\u6e05\u97f3\u6765", "user_id": "183475827", "rating": "\u5f88\u5dee", "date": "2019-01-13", "time": "21:43:43", "comment": "\u8fa3\u9e21\u7535\u5f71\uff0c\u8349\u6ce5\u9a6c\u7684\u5bfc\u6f14\u7f16\u5267\uff0c\u6284\u88ad\u4f60\u5988\u5462\uff0c\u4f60\u8e0f\u9a6c\u628a\u770b\u4e0d\u89c1\u7684\u5ba2\u4eba\u62c9\u8fc7\u6765\u6284\u88ad\uff0c\u968f\u968f\u4fbf\u4fbf\u4e00\u6539\u7f16\u5c31\u597d\u610f\u601d\u4e86?\u4e0d\u8981\u8138", "useful_count": "1"},
{"page_index": 0, "movie_id": "30259493", "title": "\u9ed1\u6697\u6df1\u5904\u4e4b\u60ca\u9b42\u591c", "username": "\u8f66\u7ad9", "user_id": "xiaojirou007", "rating": "\u5f88\u5dee", "date": "2019-08-03", "time": "20:22:28", "comment": "\u5b66\u597d\u6f14\u6280\u518d\u51fa\u6765\u6df7\u5427 \u6d6a\u8d39\u65f6\u95f4", "useful_count": "0"},
{"page_index": 0, "movie_id": "30259493", "title": "\u9ed1\u6697\u6df1\u5904\u4e4b\u60ca\u9b42\u591c", "username": "le_stone", "user_id": "9785460", "rating": null, "date": "2023-02-07", "time": "13:06:44", "comment": "\u56fd\u4ea7\u8bd1\u5236\u7247", "useful_count": "0"},
{"page_index": 0, "movie_id": "30259493", "title": "\u9ed1\u6697\u6df1\u5904\u4e4b\u60ca\u9b42\u591c", "username": "\u5931\u7720\u8005\u7684\u68a6", "user_id": "113046611", "rating": "\u5f88\u5dee", "date": "2021-01-06", "time": "22:15:45", "comment": "\u770b\u7684\u5410\u69fd\u89c6\u9891\uff0c\u73cd\u7231\u751f\u547d \u5c11\u770b\u70c2\u7247", "useful_count": "0"},
{"page_index": 0, "movie_id": "30259493", "title": "\u9ed1\u6697\u6df1\u5904\u4e4b\u60ca\u9b42\u591c", "username": "Nicolas", "user_id": "LawBoy", "rating": null, "date": "2018-12-28", "time": "19:04:53", "comment": "\u6284\u88ad\u4e86\u897f\u73ed\u7259\u7535\u5f71\uff0c\u770b\u4e0d\u89c1\u7684\u5ba2\u4eba", "useful_count": "0"},
{"page_index": 0, "movie_id": "30259493", "title": "\u9ed1\u6697\u6df1\u5904\u4e4b\u60ca\u9b42\u591c", "username": "\u751c\u751c\u5708\ud83c\udf69", "user_id": "onlylovesk", "rating": null, "date": "2018-10-22", "time": "22:04:31", "comment": "\u770b\u4e86\u5f00\u5934\u5c31\u53d1\u73b0\u6a21\u4eff\u5440\ud83d\ude21", "useful_count": "0"},
{"page_index": 0, "movie_id": "30259493", "title": "\u9ed1\u6697\u6df1\u5904\u4e4b\u60ca\u9b42\u591c", "username": "\u6d6a\u5473\u4ed9", "user_id": "dijianglin", "rating": "\u5f88\u5dee", "date": "2018-12-27", "time": "15:16:18", "comment": "\u5413\u6b7b\u4e86\u5475\u5475\u5475", "useful_count": "0"},
{"page_index": 0, "movie_id": "30259493", "title": "\u9ed1\u6697\u6df1\u5904\u4e4b\u60ca\u9b42\u591c", "username": "\u963f\u67d2", "user_id": "166368733", "rating": "\u5f88\u5dee", "date": "2018-12-04", "time": "16:44:32", "comment": "\u6284\u90fd\u6284\u4e0d\u660e\u767d\uff1f\uff1f\uff1f", "useful_count": "0"},
{"page_index": 0, "movie_id": "30259493", "title": "\u9ed1\u6697\u6df1\u5904\u4e4b\u60ca\u9b42\u591c", "username": "\u4e0d\u5f97\u8d70\u7684\u65c5\u4eba", "user_id": "3674593", "rating": "\u8f83\u5dee", "date": "2018-11-20", "time": "20:33:33", "comment": "\u6284\u7684\u8fd8\u884c\u7684\u5440\uff0c\u6c1b\u56f4\u53ef\u4ee5\uff0c\u5982\u679c\u8fd9\u90e8\u7247\u5b50\u8bf4\u6210\u672c500\u4e07\u4e4b\u5185\u6211\u5c31\u4fe1\u771f\u62cd\u3002\u3002\u3002", "useful_count": "0"},
{"page_index": 0, "movie_id": "30259493", "title": "\u9ed1\u6697\u6df1\u5904\u4e4b\u60ca\u9b42\u591c", "username": "DearDeer", "user_id": "106790225", "rating": "\u5f88\u5dee", "date": "2019-09-14", "time": "17:10:50", "comment": "\u6284\u90fd\u6284\u4e0d\u660e\u767d\u7684\u70c2\u7247", "useful_count": "0"},
{"page_index": 0, "movie_id": "30259493", "title": "\u9ed1\u6697\u6df1\u5904\u4e4b\u60ca\u9b42\u591c", "username": "\u6e05\u6c34", "user_id": "46509745", "rating": "\u5f88\u5dee", "date": "2022-06-05", "time": "16:53:18", "comment": "\u5267\u60c5\u70c2\u7684\u53ef\u6015~\u6284\u88ad\u53ef\u803b\uff01\u771f\u8ba9\u4eba\u66ff\u4f60\u611f\u5230\u60b2\u54c0", "useful_count": "0"},
{"page_index": 0, "movie_id": "30259493", "title": "\u9ed1\u6697\u6df1\u5904\u4e4b\u60ca\u9b42\u591c", "username": "\u900d\u9065\u53f9", "user_id": "dkingm", "rating": "\u8fd8\u884c", "date": "2022-05-07", "time": "07:56:40", "comment": "\u867d\u7136\u6545\u4e8b\u6700\u7ec8\u4e5f\u843d\u5165\u4fd7\u5957\uff0c\u60c5\u8282\u4e5f\u6ca1\u6709\u7279\u522b\u51fa\u5f69\u7684\u5730\u65b9\u3002\u4f46\u662f\u57fa\u672c\u4e0a\u8fd8\u80fd\u770b\u5f97\u4e0b\u53bb\uff0c\u53cd\u6620\u7684\u4e09\u89c2\u8fd8\u662f\u6b63\u786e\u7684\uff0c\u6700\u540e\u7684\u7247\u5c3e\u66f2\u633a\u597d\u542c\u7684\u3002", "useful_count": "0"},
{"page_index": 0, "movie_id": "30259493", "title": "\u9ed1\u6697\u6df1\u5904\u4e4b\u60ca\u9b42\u591c", "username": "MintHardCandy", "user_id": "138809520", "rating": "\u5f88\u5dee", "date": "2018-12-27", "time": "10:09:36", "comment": "\u300a\u770b\u4e0d\u89c1\u7684\u5ba2\u4eba\u300b\u8fd9\u90e8\u7535\u5f71\u529f\u529b\u4e0d\u591f\u7684\u6284\u90fd\u6284\u5f97\u4e0d\u4e09\u4e0d\u56db", "useful_count": "0"},
{"page_index": 0, "movie_id": "30259493", "title": "\u9ed1\u6697\u6df1\u5904\u4e4b\u60ca\u9b42\u591c", "username": "\u8c46\u53cb129739847", "user_id": "shenzan", "rating": null, "date": "2019-01-04", "time": "16:00:11", "comment": "\u5218\u8001\u5e08\u8bf4\u7535\u5f71", "useful_count": "0"},
{"page_index": 0, "movie_id": "30259493", "title": "\u9ed1\u6697\u6df1\u5904\u4e4b\u60ca\u9b42\u591c", "username": "\u8be5\u6635\u79f0\u5df2\u88ab\u6ce8\u518c", "user_id": "159536620", "rating": "\u5f88\u5dee", "date": "2019-08-09", "time": "21:35:51", "comment": "\u6284\u88ad\u6b7b\u5988", "useful_count": "0"},
{"page_index": 0, "movie_id": "30259493", "title": "\u9ed1\u6697\u6df1\u5904\u4e4b\u60ca\u9b42\u591c", "username": "SoHee", "user_id": "JessieWong219", "rating": "\u8f83\u5dee", "date": "2019-01-06", "time": "15:20:18", "comment": "\u54c8\u54c8\u54c8\u770b\u5218\u8001\u5e08\u5410\u69fd\u5b8c\u770b\u7684\uff0c\u8fd8\u884c\u554a\u4e5f\u6ca1\u90a3\u4e48\u5dee\u54c8\u54c8\u54c8\u3002\u770b\u5b8c\u540e\u60f3\u518d\u53bb\u770b\u4e0b\u770b\u4e0d\u89c1\u7684\u5ba2\u4eba\u4e86\u563b\u563b\u3002", "useful_count": "0"},
{"page_index": 0, "movie_id": "30259493", "title": "\u9ed1\u6697\u6df1\u5904\u4e4b\u60ca\u9b42\u591c", "username": "loner", "user_id": "168523750", "rating": "\u5f88\u5dee", "date": "2018-12-25", "time": "19:29:49", "comment": "\u6284\u90fd\u6284\u4e0d\u597d", "useful_count": "0"},
{"page_index": 0, "movie_id": "30259493", "title": "\u9ed1\u6697\u6df1\u5904\u4e4b\u60ca\u9b42\u591c", "username": "\u4e0e\u98de\u4e4b\u4e03", "user_id": "152858299", "rating": "\u5f88\u5dee", "date": "2019-03-11", "time": "15:13:06", "comment": "\u771f\u7684\u65e0\u5e95\u7ebf\u7684\u6284\u88ad\u6548\u4eff", "useful_count": "0"},
{"page_index": 0, "movie_id": "30259493", "title": "\u9ed1\u6697\u6df1\u5904\u4e4b\u60ca\u9b42\u591c", "username": "Joe Joel", "user_id": "129842623", "rating": "\u5f88\u5dee", "date": "2019-08-29", "time": "18:37:35", "comment": "\u6d17\u94b1x\u6284\u88ad\uff0c\u539f\u7f6a\u4e86\u3002", "useful_count": "0"},
{"page_index": 0, "movie_id": "30259493", "title": "\u9ed1\u6697\u6df1\u5904\u4e4b\u60ca\u9b42\u591c", "username": "\u6c34\u77e5\u543e\u5bd2", "user_id": "149169543", "rating": "\u5f88\u5dee", "date": "2018-12-25", "time": "20:08:31", "comment": "\u672c\u6765\u662f\u4e0d\u60f3\u8ba9\u8fd9\u79cd\u7535\u5f71\u51fa\u73b0\u5728\u81ea\u5df1\u7684\u699c\u5355\u4e0a\u7684\uff0c\u4f46\u662f\u8fd9\u79cd\u539f\u7247\u6211\u770b\u8fc7\u3001\u89e3\u8bf4\u4e5f\u770b\u8fc7\u7684\u662f\u4e0d\u662f\u5c31\u80fd\u7b97\u770b\u8fc7\u4e86\uff1f", "useful_count": "0"},
{"page_index": 0, "movie_id": "30259493", "title": "\u9ed1\u6697\u6df1\u5904\u4e4b\u60ca\u9b42\u591c", "username": "\u55dc\u4e66\u4e5f\u662f\u4e00\u79cd\u75c5", "user_id": "155967919", "rating": "\u8fd8\u884c", "date": "2018-10-22", "time": "23:10:31", "comment": "\u8fd8\u884c\uff0c\u8c46\u8fa6\u73b0\u5728\u6253\u5206\u4eba\u4e5f\u5f88\u6d6e\u8e81\uff0c\u770b\u4e5f\u4e0d\u770b\u7535\u5f71\u76f4\u63a5\u6253\u5206\uff0c\u7b97\u662f\u5f71\u8bc4\u5417\uff0c\u867d\u7136\u6211\u4e5f\u4e0d\u600e\u4e48\u770b\u597d\u8fd9\u4e9b\u6050\u6016\u7247\uff0c\u4f46\u4f60\u4e0d\u8981\u5f53\u6050\u6016\u5c31\u884c\u3002\u6700\u8ba8\u538c\u90a3\u4e9b\u770b\u4e5f\u4e0d\u770b\u76f4\u63a5\u62531\u661f\u7684\u4eba", "useful_count": "2"},
{"page_index": 0, "movie_id": "30259493", "title": "\u9ed1\u6697\u6df1\u5904\u4e4b\u60ca\u9b42\u591c", "username": "\u6d17\u8863\u673a", "user_id": "212141172", "rating": "\u5f88\u5dee", "date": "2020-07-16", "time": "15:56:05", "comment": "\u8fa3\u9e21", "useful_count": "0"},
{"page_index": 0, "movie_id": "30259493", "title": "\u9ed1\u6697\u6df1\u5904\u4e4b\u60ca\u9b42\u591c", "username": "\u767d\u6a59", "user_id": "63437200", "rating": "\u5f88\u5dee", "date": "2018-10-19", "time": "00:24:04", "comment": "\u8fd9\u79cd\u7535\u5f71\u5c31\u5c5e\u4e8e\u7ed9\u4e00\u5206\u662f\u53ea\u80fd\u7ed9\u4e00\u5206\uff0c\u6bd4\u70c2\u66f4\u53ef\u6015\u7684\u662f\u65e0\u804a\u65e0\u8da3\u7684\u5413\u4eba\uff0c\u8fd8\u81ea\u4ee5\u4e3a\u662f\uff01", "useful_count": "0"},
{"page_index": 0, "movie_id": "30259493", "title": "\u9ed1\u6697\u6df1\u5904\u4e4b\u60ca\u9b42\u591c", "username": "\u56de\u5fc6\u5c71\u6d77", "user_id": "182526821", "rating": "\u5f88\u5dee", "date": "2019-01-31", "time": "16:33:16", "comment": "\u8fde\u5206\u90fd\u6ca1\u6709\uff0c\u7535\u89c6\u4e0a\u770b\u4e86\u4e00\u4e0b\uff0c\u5413\u4eba\u7684\u5730\u65b9\u5185\u5fc3\u6beb\u65e0\u6ce2\u6f9c", "useful_count": "0"},
{"page_index": 0, "movie_id": "30259493", "title": "\u9ed1\u6697\u6df1\u5904\u4e4b\u60ca\u9b42\u591c", "username": "\u51d1K", "user_id": "160345358", "rating": null, "date": "2018-10-18", "time": "11:46:42", "comment": "\u8d85\u8fc7\u4e24\u5206\u7b97\u6211\u8f93", "useful_count": "0"},
{"page_index": 0, "movie_id": "30259493", "title": "\u9ed1\u6697\u6df1\u5904\u4e4b\u60ca\u9b42\u591c", "username": "\u963f\u62c9\u56d6", "user_id": "182660190", "rating": "\u5f88\u5dee", "date": "2018-12-31", "time": "01:51:32", "comment": "\u4e00\u661f\u90fd\u591a\u4e86\uff01\uff01\uff01\uff01\uff01\uff01\u6211\u7684\u5988\u5440\uff01", "useful_count": "0"},
{"page_index": 0, "movie_id": "30259493", "title": "\u9ed1\u6697\u6df1\u5904\u4e4b\u60ca\u9b42\u591c", "username": "Melody", "user_id": "157916295", "rating": "\u5f88\u5dee", "date": "2019-01-11", "time": "20:26:21", "comment": "\u6284\u88ad", "useful_count": "0"},
{"page_index": 0, "movie_id": "30259493", "title": "\u9ed1\u6697\u6df1\u5904\u4e4b\u60ca\u9b42\u591c", "username": "\u9a91\u58eb\u70ed\u97f3", "user_id": "246063078", "rating": "\u5f88\u5dee", "date": "2022-03-26", "time": "15:01:53", "comment": "\u6284\u88ad\u6284\u7684\u4e0d\u8d70\u5fc3\uff0c\u8bb8\u591abug\u65e0\u6cd5\u8bc9\u8bf4\u3002", "useful_count": "0"},
{"page_index": 0, "movie_id": "30259493", "title": "\u9ed1\u6697\u6df1\u5904\u4e4b\u60ca\u9b42\u591c", "username": "\u9648\u777f\uff08\u5df2\u5750\u7262", "user_id": "JKT48", "rating": "\u5f88\u5dee", "date": "2019-01-12", "time": "12:38:14", "comment": "\u6284\u90fd\u6284\u4e0d\u660e\u767d\uff0c\u5dee\u8bc4", "useful_count": "0"},
{"page_index": 0, "movie_id": "30259493", "title": "\u9ed1\u6697\u6df1\u5904\u4e4b\u60ca\u9b42\u591c", "username": "Coo-Max", "user_id": "164830729", "rating": "\u5f88\u5dee", "date": "2019-02-12", "time": "20:34:39", "comment": "\u770b\u4e86\u51e0\u5206\u949f\u6211\u5c31\u60f3\u5230\u770b\u4e0d\u89c1\u7684\u5ba2\u4eba...", "useful_count": "0"},
{"page_index": 0, "movie_id": "30259493", "title": "\u9ed1\u6697\u6df1\u5904\u4e4b\u60ca\u9b42\u591c", "username": "\u963f\u798f", "user_id": "57885878", "rating": "\u5f88\u5dee", "date": "2018-11-24", "time": "23:34:06", "comment": "\u770b\u4e0d\u89c1\u7684\u5ba2\u4eba\u563b\u563b", "useful_count": "0"},
{"page_index": 0, "movie_id": "30259493", "title": "\u9ed1\u6697\u6df1\u5904\u4e4b\u60ca\u9b42\u591c", "username": "\u53f6\u5b50\u6851\u6851", "user_id": "133817718", "rating": "\u5f88\u5dee", "date": "2020-02-20", "time": "10:22:54", "comment": "\u903b\u8f91\u6ca1\u5f97", "useful_count": "0"},
{"page_index": 0, "movie_id": "30259493", "title": "\u9ed1\u6697\u6df1\u5904\u4e4b\u60ca\u9b42\u591c", "username": "Liphys-", "user_id": "209297982", "rating": "\u8fd8\u884c", "date": "2020-01-30", "time": "00:20:23", "comment": "6/10\u770b\u4e0d\u89c1\u7684\u5ba2\u4eba\u7684\u624b\u6cd5", "useful_count": "0"},
{"page_index": 0, "movie_id": "30259493", "title": "\u9ed1\u6697\u6df1\u5904\u4e4b\u60ca\u9b42\u591c", "username": "\u554a\u91cc\u554a\u91cc\u554a", "user_id": "60769692", "rating": "\u5f88\u5dee", "date": "2019-12-30", "time": "22:02:31", "comment": "\u54c8\u54c8\u54c8\u54c8\u54c8\uff0c\u5410\u69fd\u5f88\u6b22\u4e50", "useful_count": "0"},
{"page_index": 0, "movie_id": "30259493", "title": "\u9ed1\u6697\u6df1\u5904\u4e4b\u60ca\u9b42\u591c", "username": "\u53ea\u80fd\u6539\u4e00\u6b21", "user_id": "187669661", "rating": "\u5f88\u5dee", "date": "2018-12-28", "time": "23:50:15", "comment": "\u5168\u7a0b\u6284\u88ad\u300a\u770b\u4e0d\u89c1\u7684\u5ba2\u4eba\u300b\uff0c\u662f\u4ee5\u4e3a\u5927\u5bb6\u90fd\u6ca1\u770b\u8fc7\u8fd9\u7247\u561b", "useful_count": "0"},
{"page_index": 0, "movie_id": "30259493", "title": "\u9ed1\u6697\u6df1\u5904\u4e4b\u60ca\u9b42\u591c", "username": "x", "user_id": "199984221", "rating": "\u5f88\u5dee", "date": "2020-03-27", "time": "00:17:16", "comment": "\u611f\u8c22\u5218\u8001\u5e08", "useful_count": "0"},
{"page_index": 0, "movie_id": "30259493", "title": "\u9ed1\u6697\u6df1\u5904\u4e4b\u60ca\u9b42\u591c", "username": "\u5987\u79d1\u79d1\u957f", "user_id": "176022947", "rating": "\u5f88\u5dee", "date": "2018-10-18", "time": "12:28:18", "comment": "\u4e0d\u53ef\u80fd\u8fc74\u5206", "useful_count": "0"},
{"page_index": 0, "movie_id": "30259493", "title": "\u9ed1\u6697\u6df1\u5904\u4e4b\u60ca\u9b42\u591c", "username": "\u82b3\u534e", "user_id": "174430034", "rating": "\u5f88\u5dee", "date": "2019-05-09", "time": "12:50:52", "comment": "\u5927\u9646\u7684\u6050\u6016\u7247\u771f\u7684\u662f\u70c2\u5230\u6781\u54c1\u4e86", "useful_count": "0"},
{"page_index": 0, "movie_id": "30259493", "title": "\u9ed1\u6697\u6df1\u5904\u4e4b\u60ca\u9b42\u591c", "username": "\u8fe2\u8fe2\u6cb3\u6c49", "user_id": "224355366", "rating": "\u5f88\u5dee", "date": "2022-02-07", "time": "19:23:45", "comment": "\u4e13\u95e8\u6765\u6253\u4e2a1\u661f", "useful_count": "0"},
{"page_index": 0, "movie_id": "30259493", "title": "\u9ed1\u6697\u6df1\u5904\u4e4b\u60ca\u9b42\u591c", "username": "\u55f7\u55f7", "user_id": "55715887", "rating": "\u8f83\u5dee", "date": "2018-10-18", "time": "14:37:20", "comment": "\u8fd9\u4e0d\u5c31\u662f\u6c89\u5165\u9ed1\u6697\u8d70\u5eca\u7684\u6d77\u62a5\u5417\uff1f", "useful_count": "0"},
{"page_index": 0, "movie_id": "30259493", "title": "\u9ed1\u6697\u6df1\u5904\u4e4b\u60ca\u9b42\u591c", "username": "\u56fd\u4ea7\u70c2\u7247\u770b\u591a\u4e86", "user_id": "160023506", "rating": "\u5f88\u5dee", "date": "2021-03-01", "time": "21:30:59", "comment": "\u6284\u90fd\u80fd\u7092\u6210\u8fd9\u6837\uff1f\uff1f\uff1f\uff1f\uff1f\uff1f\uff1f\uff1f\uff1f\uff1f\uff1f\uff1f\uff1f\u70c2\u7684\u8fa3\u773c\u775b\uff01\uff01\uff01", "useful_count": "0"},
{"page_index": 0, "movie_id": "30259493", "title": "\u9ed1\u6697\u6df1\u5904\u4e4b\u60ca\u9b42\u591c", "username": "\u8c6a", "user_id": "215986798", "rating": "\u5f88\u5dee", "date": "2020-08-22", "time": "21:58:33", "comment": "\u6284\u88ad\u90fd\u6284\u4e0d\u597d\u7684\u8fa3\u9e21\u70c2\u7247", "useful_count": "0"},
{"page_index": 0, "movie_id": "30259493", "title": "\u9ed1\u6697\u6df1\u5904\u4e4b\u60ca\u9b42\u591c", "username": "\u67ef\u4ead\u7b1b", "user_id": "144170966", "rating": "\u5f88\u5dee", "date": "2019-02-13", "time": "13:20:25", "comment": "\u8ddf\u7740\u7239\u5988\u4e0b\u996d\u770b\u7684\uff0c\u672c\u4ee5\u4e3a\u53ea\u662f\u7c97\u5236\u6ee5\u9020\u7684\u56fd\u4ea7\u6050\u6016\u7247\uff0c\u5728\u534a\u5c0f\u65f6\u5de6\u53f3\u7a81\u7136\u53cd\u5e94\u8fc7\u6765\uff0c\u8fd9\u5267\u60c5\u4e0d\u662f\u300a\u770b\u4e0d\u89c1\u7684\u5ba2\u4eba\u300b\u7684\u4f4e\u4eff\u7248\u5417\uff1f\u6284\u88ad\u7684\u70c2\u7247\u6bd4\u70c2\u7247\u66f4\u53ef\u803b\u3002", "useful_count": "0"},
{"page_index": 0, "movie_id": "30259493", "title": "\u9ed1\u6697\u6df1\u5904\u4e4b\u60ca\u9b42\u591c", "username": "\u656c\u9152\u4e0d\u5403\u5403\u9e21\u817f", "user_id": "52459384", "rating": "\u5f88\u5dee", "date": "2018-12-29", "time": "10:42:19", "comment": "\u6211\u5c31\u60f3\u95ee\u95ee\uff0c\u8fd9\u7247\u4e70\u4e86\u7248\u6743\u6ca1\uff0c\u4e70\u4e86\u6211\u7ed9\u4f60\u62531.5\u5206\uff0c\u6562\u7ffb\u62cd\u8fd9\u4e48\u96be\u7684\u7535\u5f71\uff0c\u52c7\u6c14\u53ef\u5609\u3002\n\n\u4f60\u8981\u662f\u6ca1\u4e70\u7248\u6743\uff0c\u90a3\u6211\u7ed9\u4f6010\u5206\uff0c\u660e\u76ee\u5f20\u80c6\u9876\u98ce\u4f5c\u6848\uff0c\u62cd\u7684\u597d\uff01\u65e0\u8bba\u662f\u5bfc\u6f14\u8fd8\u662f\u6f14\u5458\uff0c\u90fd\u6781\u4e3a\u656c\u4e1a\u51fa\u8272\uff01\u52a0\u6cb9\uff0c\u4f60\u4eec\u8fd9\u7fa4\u5e9f\u7269\u4e00\u5b9a\u80fd\u5728\u6284\u88ad\u8fd9\u6761\u9053\u8def\u4e0a\u8d70\u7684\u9ad8\u8fdc\uff01\u7231\u60c5\u516c\u5bd3\u5c31\u662f\u4f60\u4eec\u7684\u699c\u6837\uff0c\u52a0\u6cb9\u5440\uff01", "useful_count": "0"},
{"page_index": 0, "movie_id": "30259493", "title": "\u9ed1\u6697\u6df1\u5904\u4e4b\u60ca\u9b42\u591c", "username": "\u6b21\u5143\u5148\u751f", "user_id": "68603349", "rating": "\u5f88\u5dee", "date": "2018-10-19", "time": "23:06:23", "comment": "\u679c\u7136\u6ca1\u6709\u8ba9\u7231\u770b\u70c2\u7247\u7684\u6211\u5931\u671b\uff0c\u652f\u6301\u56fd\u4ea7\u6050\u6016\u7247\uff0c\u7ed9\u6211\u6e90\u6e90\u4e0d\u65ad\u7684\u4e50\u8da3\u3002", "useful_count": "1"},
{"page_index": 0, "movie_id": "30259493", "title": "\u9ed1\u6697\u6df1\u5904\u4e4b\u60ca\u9b42\u591c", "username": "\u5434\u590f\u590f\u590f\u590fxia", "user_id": "231623047", "rating": "\u63a8\u8350", "date": "2021-06-26", "time": "12:12:16", "comment": "\u597d\u770b\uff01\u662f\u6211\u80fd\u63a5\u53d7\u7684\u6050\u6016\u8303\u56f4\uff0c\u5c31\u662f\u91cd\u590d\u5fc6\u4e8b\u592a\u591a\u904d\u4e86\u6709\u70b9\u7e41\u7410\u867d\u7136\u6bcf\u6b21\u90fd\u4e0d\u4e00\u6837\u3002\u611f\u89c9\u5bfc\u6f14\u597d\u4f1a\u62cd\uff0c\u4ece\u6700\u5f00\u59cb\u5c31\u8425\u9020\u51fa\u6050\u6016\u7684\u6c1b\u56f4\uff0c\u7535\u5f71\u4e2d\u9014\u4e5f\u6709\u60ca\u609a\u7684\u5730\u65b9\uff0c\u5c31\u662f\u867d\u7136\u4f60\u80fd\u731c\u5230\u53ef\u80fd\u4f1a\u5728\u54ea\u91cc\u5413\u4eba\u4f46\u662f\u8fd8\u662f\u4f1a\u88ab\u5413\u5230\u3002\n\u4e0d\u8fc7\u770b\u5230\u7ed3\u5c3e\u4e00\u4e0b\u5b50\u6c1b\u56f4\u4e00\u8f6c\u7a81\u7136\u5c31\u4e0d\u5413\u4eba\u4e86\u611f\u89c9\u6709\u70b9\u6b20\u7f3a\u3002", "useful_count": "0"},
{"page_index": 0, "movie_id": "30259493", "title": "\u9ed1\u6697\u6df1\u5904\u4e4b\u60ca\u9b42\u591c", "username": "\u5b59\u7b11\u5ddd", "user_id": "182316397", "rating": "\u5f88\u5dee", "date": "2018-10-20", "time": "23:05:00", "comment": "\u53c8\u4e00\u90e8\u5927\u70c2\u7247\uff0c\u54c8\u54c8\u54c8", "useful_count": "0"},
{"page_index": 0, "movie_id": "30259493", "title": "\u9ed1\u6697\u6df1\u5904\u4e4b\u60ca\u9b42\u591c", "username": "\u5c0f\u4ed9\u5973", "user_id": "172448111", "rating": "\u5f88\u5dee", "date": "2018-10-20", "time": "00:48:05", "comment": "\u5783\u573e\u5783\u573e\u5783\u573e\u5783\u573e", "useful_count": "0"},
{"page_index": 0, "movie_id": "30259493", "title": "\u9ed1\u6697\u6df1\u5904\u4e4b\u60ca\u9b42\u591c", "username": "ELFQYJ", "user_id": "134785053", "rating": "\u5f88\u5dee", "date": "2019-01-05", "time": "08:52:29", "comment": "\u6284\u88ad", "useful_count": "0"},
{"page_index": 0, "movie_id": "30259493", "title": "\u9ed1\u6697\u6df1\u5904\u4e4b\u60ca\u9b42\u591c", "username": "\u5149\u6253\u96f7\u4e0d\u4e0b\u96e8", "user_id": "159727522", "rating": "\u5f88\u5dee", "date": "2020-01-20", "time": "22:37:32", "comment": "\u4e00\u70b9\u4e5f\u4e0d\u597d\u770b\uff0c\u4e5f\u4e0d\u6050\u6016\uff0c\u6ca1\u6709\u770b\u5b8c", "useful_count": "0"},
{"page_index": 0, "movie_id": "30259493", "title": "\u9ed1\u6697\u6df1\u5904\u4e4b\u60ca\u9b42\u591c", "username": "\u4e09\u539f\u753a\u821f", "user_id": "195807631", "rating": "\u5f88\u5dee", "date": "2019-08-02", "time": "22:41:47", "comment": "\u4e25\u8083\u4e00\u70b9 \u8fd9\u53ef\u662f\u6050\u6016\u7247 \u4e3a\u4ec0\u4e48\u6211\u60f3\u7b11 \u54c8\u54c8\u54c8\u54c8\u54c8\u54c8", "useful_count": "0"},
{"page_index": 0, "movie_id": "30259493", "title": "\u9ed1\u6697\u6df1\u5904\u4e4b\u60ca\u9b42\u591c", "username": "\u66b4\u9a6c\u4e01\u9999", "user_id": "156200844", "rating": "\u5f88\u5dee", "date": "2019-08-20", "time": "12:19:19", "comment": "\u6284\u88ad\u7684\u6beb\u65e0\u6c34\u5e73\uff0c\u7b11\u95f9\u7248\u300a\u770b\u4e0d\u89c1\u7684\u5ba2\u4eba\u300b", "useful_count": "0"},
{"page_index": 0, "movie_id": "30259493", "title": "\u9ed1\u6697\u6df1\u5904\u4e4b\u60ca\u9b42\u591c", "username": "\u94c3\u5170\u7684\u51ac\u5929", "user_id": "97839460", "rating": "\u8f83\u5dee", "date": "2018-11-30", "time": "23:39:13", "comment": "\u5ef6\u7eed\u56fd\u6050\u7247\u513f\u7684\u7cbe\u9ad3", "useful_count": "0"},
{"page_index": 0, "movie_id": "30259493", "title": "\u9ed1\u6697\u6df1\u5904\u4e4b\u60ca\u9b42\u591c", "username": "\u8d85\u7231\u767d\u8272\u8fde\u8863\u88d9", "user_id": "180234481", "rating": "\u8f83\u5dee", "date": "2021-07-03", "time": "00:47:02", "comment": "\u6211\u8fd8\u8bf4\u6bd4\u8d77\u67d0\u4e9b\u6ca1\u6cd5\u77a7\u7684\u56fd\u4ea7\u60ac\u7591\u5f3a\u4e00\u4e9b\uff0c\u770b\u7f51\u53cb\u8bf4\u662f\u6284\u88ad\u7684\uff0c\u90a3\u53ea\u6709\u9119\u89c6\u4e86", "useful_count": "0"},
{"page_index": 0, "movie_id": "30259493", "title": "\u9ed1\u6697\u6df1\u5904\u4e4b\u60ca\u9b42\u591c", "username": "shen4039", "user_id": "154064967", "rating": "\u8f83\u5dee", "date": "2023-01-19", "time": "11:04:41", "comment": "2023\u5e741\u670819\u65e5", "useful_count": "0"},
{"page_index": 0, "movie_id": "30259493", "title": "\u9ed1\u6697\u6df1\u5904\u4e4b\u60ca\u9b42\u591c", "username": "\u9694\u58c1\u8001\u6768", "user_id": "165765439", "rating": "\u529b\u8350", "date": "2019-02-23", "time": "14:14:47", "comment": "\u8fd8\u9614\u4ee5\u5440\uff01\u5267\u60c5\u53cd\u8f6c\u4e00\u6ce2\u4e09\u6298", "useful_count": "0"},
{"page_index": 0, "movie_id": "30259493", "title": "\u9ed1\u6697\u6df1\u5904\u4e4b\u60ca\u9b42\u591c", "username": "\u68a6\u61ff", "user_id": "165386510", "rating": "\u529b\u8350", "date": "2020-01-28", "time": "21:49:30", "comment": "\u4e0d\u9519", "useful_count": "0"}
]