[
{"page_index": 0, "movie_id": "2256010", "title": "\u534a\u4e2a\u6708\u4eae", "username": "\u5218\u666f\u884c", "user_id": "170128311", "rating": "\u5f88\u5dee", "date": "2019-02-28", "time": "05:17:45", "comment": "\u4e0d\u597d\u770b", "useful_count": "0"},
{"page_index": 0, "movie_id": "2256010", "title": "\u534a\u4e2a\u6708\u4eae", "username": "\u5f69\u4e91\u8ffd\u6708\ud83c\udf52", "user_id": "A2993220097", "rating": "\u63a8\u8350", "date": "2019-05-05", "time": "22:41:10", "comment": "\u534a\u4e2a\u6708\u4eae\ud83c\udf19\u722c\u4e0a\u6765", "useful_count": "0"},
{"page_index": 0, "movie_id": "2256010", "title": "\u534a\u4e2a\u6708\u4eae", "username": "\u8d22\u8fd0\u6eda\u6eda\u6765", "user_id": "233010161", "rating": "\u63a8\u8350", "date": "2022-06-27", "time": "08:29:26", "comment": "\u5267\u60c5\u6709\u70b9\u908b\u9062\uff0c\u8bb8\u6674\u5f88\u5438\u775b\uff01bgm\u771f\u7684\u662f\u592a\u597d\u542c\u4e86\uff0c\u7247\u5c3e\u66f2\u4e5f\u5f88\u6709\u610f\u5883\uff0c\u5927\u8d5e\uff01", "useful_count": "0"},
{"page_index": 0, "movie_id": "2256010", "title": "\u534a\u4e2a\u6708\u4eae", "username": "Eason_Chen", "user_id": "55372361", "rating": "\u63a8\u8350", "date": "2022-12-15", "time": "23:43:58", "comment": "\u5fc3\u75bc\u8bb8\u6674\u90a3\u4e2a\u89d2\u8272", "useful_count": "0"},
{"page_index": 0, "movie_id": "2256010", "title": "\u534a\u4e2a\u6708\u4eae", "username": "\u5f00\u5fc3\u5feb\u4e50\u6bcf\u4e00\u5929", "user_id": "154292831", "rating": "\u8fd8\u884c", "date": "2017-10-23", "time": "19:16:55", "comment": "\u98a0\u8986\u4e86\u6211\u5fc3\u91cc\u9648\u5b9d\u56fd\uff0c\u6f14\u6280\u592a\u597d\u4e86", "useful_count": "1"},
{"page_index": 0, "movie_id": "2256010", "title": "\u534a\u4e2a\u6708\u4eae", "username": "\u47c7\u9444\u3a6d", "user_id": "yizhuxiaoxiaoyu", "rating": "\u8fd8\u884c", "date": "2021-10-09", "time": "19:38:44", "comment": "\u8bf4\u5b9e\u8bdd\uff0c\u6211\u8fd8\u662fget\u4e0d\u5230\u9648\u5b9d\u56fd\uff0c\u6f14\u6280\u662f\u53ef\u4ee5\u7684\uff0c\u4f46\u662f\u4f5c\u4e3a\u5185\u5730\u6f14\u6280top\u7684\u4ee3\u8868\u771f\u7684\u8fc7\u8a89\u4e86\uff0c\u4ed6\u7684\u8868\u6f14\uff0ctvb\u67d0\u4e9b\u6f14\u5458\u53ea\u4f1a\u66f4\u597d\u3002\u8bb8\u6674\u771f\u662f\u5565\u90fd\u80fd\u6f14\u6210\u81ea\u5df1\u7684\u4e0d\u540c\u9762\u3002\u770b\u770b\u65bd\u5927\u751f\u7684\u989c\u5427", "useful_count": "0"},
{"page_index": 0, "movie_id": "2256010", "title": "\u534a\u4e2a\u6708\u4eae", "username": "\u571f\u8c46", "user_id": "166371074", "rating": "\u529b\u8350", "date": "2017-09-28", "time": "21:50:58", "comment": "\u8001\u620f\u9aa8\u7684\u6f14\u6280\uff0c\u90a3\u65f6\u7684\u989c", "useful_count": "0"},
{"page_index": 0, "movie_id": "2256010", "title": "\u534a\u4e2a\u6708\u4eae", "username": "\u4e8c\u6b21\u65b9\u7684\u54a9\u54a9\u7f8a", "user_id": "144909105", "rating": "\u8fd8\u884c", "date": "2019-08-11", "time": "06:42:51", "comment": "\u6f14\u6280\u90fd\u5728\u7ebf", "useful_count": "0"},
{"page_index": 0, "movie_id": "2256010", "title": "\u534a\u4e2a\u6708\u4eae", "username": "\u7a77\u5634", "user_id": "69239659", "rating": "\u8fd8\u884c", "date": "2020-08-05", "time": "02:13:38", "comment": "\u8001\u7247\u5b50\uff0c\u4e00\u822c\u822c\u3002", "useful_count": "0"},
{"page_index": 0, "movie_id": "2256010", "title": "\u534a\u4e2a\u6708\u4eae", "username": "\u9e1a\u9d61\u541b", "user_id": "153910868", "rating": "\u63a8\u8350", "date": "2022-03-09", "time": "16:58:03", "comment": "\u770b\u5f97\u6211\u591a\u5e0c\u671b\u53cd\u6d3e\u8d62\uff01\uff01\u5b9d\u56fd\u53d4\u6f14\u67ad\u96c4\u4e5f\u662f\u4e00\u7edd\u554a", "useful_count": "0"},
{"page_index": 0, "movie_id": "2256010", "title": "\u534a\u4e2a\u6708\u4eae", "username": "nskgpr73592", "user_id": "121582249", "rating": "\u63a8\u8350", "date": "2017-08-20", "time": "22:11:59", "comment": "\u867d\u7136\u5267\u60c5\u8fd8\u662f\u6709\u9057\u6f0f\u7684\u5730\u65b9\uff0c\u4f46\u6bd4\u8d77\u73b0\u5728\u6709\u4e9b\u5267\u5df2\u7ecf\u597d\u592a\u591a\uff0c\u66f4\u4e0d\u8981\u8bf4\u91cc\u9762\u6bcf\u4eba\u6f14\u6280\u5728\u7ebf\uff0c\u9648\u53d4\u5f88\u6709\u9b45\u529b\u554a\uff0c\u4e00\u4e2a\u53cd\u6d3e\u90fd\u770b\u5f97\u6211\u5fc3\u52a8\u4e86\uff0c\u8bb8\u6674\u771f\u7684\u5f88\u6709\u97f5\u5473\uff0c\u91cc\u9762\u5176\u4ed6\u5973\u6027\u89d2\u8272\u4e5f\u90fd\u6709\u51fa\u5f69\u7684\u5730\u65b9\uff0c\u6700\u540e\u7684\u534a\u4e2a\u6708\u4eae\u7684\u753b\u547c\u5e94\u7684\u4e0d\u9519", "useful_count": "0"},
{"page_index": 0, "movie_id": "2256010", "title": "\u534a\u4e2a\u6708\u4eae", "username": "\u6d77\u71d5\u5c0f\u59d0", "user_id": "127184139", "rating": "\u63a8\u8350", "date": "2020-08-04", "time": "00:14:00", "comment": "\u5267\u60c5\u8282\u594f\u62d6\u6c93\uff0c\u53f0\u8bcd\u529f\u529b\u4e0d\u9519\uff0c\u4e3b\u8981\u6f14\u5458\u5f88\u7ed9\u529b\u3002\u9648\u5b9d\u56fd\u6f14\u6280\u4e0d\u8bf4\u4e86\uff0c\u5c24\u5176\u662f\u8bb8\u6674\u7b80\u76f4\u98a0\u8986\u4e86\u6211\u5bf9\u5979\u82b1\u74f6\u7684\u5370\u8c61\u3002\u4e1c\u5a1c\u8fd9\u89d2\u8272\u7cbe\u660e\u5584\u826f\uff0c\u91cd\u60c5\u8c0a\uff0c\u4ea6\u67d4\u4ea6\u521a\uff0c\u8bb8\u6674\u7adf\u523b\u753b\u5f97\u6dcb\u6f13\u5c3d\u81f4\uff0c\u5fc5\u987b\u8d5e\u4e00\u4e2a\uff01\u6240\u4ee5\u7ed9\u56db\u661f\u3002", "useful_count": "0"},
{"page_index": 0, "movie_id": "2256010", "title": "\u534a\u4e2a\u6708\u4eae", "username": "\u6155\u5bb9\u79c0\u96c5", "user_id": "p20302388", "rating": "\u63a8\u8350", "date": "2017-06-27", "time": "11:31:00", "comment": "\u6f14\u6280\u6d3e\u98d9\u620f\uff0c\u597d\u770b\uff01", "useful_count": "0"},
{"page_index": 0, "movie_id": "2256010", "title": "\u534a\u4e2a\u6708\u4eae", "username": "\u674e\u660eleo", "user_id": "159313188", "rating": "\u8f83\u5dee", "date": "2022-04-09", "time": "16:19:06", "comment": "\u5728\u5bb6\u91cc\u7684iptv\u770b\u7684\uff0c\u91cc\u9762\u6709\u9648\u5b9d\u56fd\uff0c\u8bb8\u6674\uff0c\u65bd\u5927\u751f\uff0c\u6f14\u6280\u5e94\u8be5\u6ca1\u95ee\u9898\uff0c\u4f46\u662f\u5267\u60c5\u592a\u62d6\u6c93\uff0c\u770b\u5230\u7b2c\u516d\u96c6\u5b9e\u5728\u592a\u6162\uff0c\u5f03\u4e4b\u3002", "useful_count": "0"}
]