[
{"page_index": 0, "movie_id": "27611552", "title": "\u8bf4\u8d70\u5c31\u8d70\u4e4b\u4e0d\u8bf4\u518d\u89c1", "username": "\u95ee\u53f7", "user_id": "90613705", "rating": "\u5f88\u5dee", "date": "2018-09-14", "time": "12:14:38", "comment": "\u6211\u50bb\u903c\u6211\u50bb\u903c\u6211\u50bb\u903c\u6211\u50bb\u903c\u50bb\u903c\u50bb\u903c\u50bb\u903c\u50bb\u903c\u5927\u50bb\u903c\uff01", "useful_count": "190"},
{"page_index": 0, "movie_id": "27611552", "title": "\u8bf4\u8d70\u5c31\u8d70\u4e4b\u4e0d\u8bf4\u518d\u89c1", "username": "\u9752\u7389", "user_id": "cleanht", "rating": "\u63a8\u8350", "date": "2018-09-14", "time": "17:48:40", "comment": "\u98ce\u666f\u4e0d\u9519 \u5434\u8c28\u8a00\u51fa\u573a\u592a\u665a\u620f\u4efd\u592a\u5c11\u4e86 \u7535\u5f71\u611f\u4e0d\u5f3a \u8fd8\u9700\u52aa\u529b\u2026\u2026  \u661f\u7ed9\u9b4f\u59d0 \u52a0\u6cb9\u7f62\uff5e", "useful_count": "29"},
{"page_index": 0, "movie_id": "27611552", "title": "\u8bf4\u8d70\u5c31\u8d70\u4e4b\u4e0d\u8bf4\u518d\u89c1", "username": "\u5c71\u4eba\u963f\u82cd\u82cd", "user_id": "Kiddieyi", "rating": "\u5f88\u5dee", "date": "2018-09-01", "time": "23:11:52", "comment": "\u8fde\u57fa\u672c\u7684\u903b\u8f91\u4e0e\u8fde\u63a5\u6027\u90fd\u6ca1\u6709\u7684\u4e00\u90e8\u7247\u5b50\uff0c\u76f8\u6bd4\u4e4b\u4e0b\u7279\u6548\u4e4b\u5c2c\u90fd\u53ef\u4ee5\u539f\u8c05\u4e86\u3002#\u5de5\u4f24\u7cfb\u5217#", "useful_count": "53"},
{"page_index": 0, "movie_id": "27611552", "title": "\u8bf4\u8d70\u5c31\u8d70\u4e4b\u4e0d\u8bf4\u518d\u89c1", "username": "\u75d5\u8ff9", "user_id": "144494699", "rating": "\u5f88\u5dee", "date": "2018-09-14", "time": "16:04:41", "comment": "\u770b\u7535\u5f71\u8bf7\u907f\u5f00*****\u4e4b****", "useful_count": "24"},
{"page_index": 0, "movie_id": "27611552", "title": "\u8bf4\u8d70\u5c31\u8d70\u4e4b\u4e0d\u8bf4\u518d\u89c1", "username": "\u5dc5\u5cf0\u738b\u8005", "user_id": "161423663", "rating": "\u5f88\u5dee", "date": "2018-09-15", "time": "10:33:23", "comment": "\u70c2\u5230\u8205\u8205\u5bb6\u4e86\uff0c\u5973\u4e3b\u8d76\u7d27\u56de\u5bb6\u800d\u5927\u724c\u5427\uff0c\u628a\u4f60\u8fd9\u79cd\u6ca1\u6f14\u6280\u6ca1\u4eba\u54c1\u6367\u8d77\u6765\u8fd8\u80fd\u6d88\u505c\u4e86\u3002", "useful_count": "31"},
{"page_index": 0, "movie_id": "27611552", "title": "\u8bf4\u8d70\u5c31\u8d70\u4e4b\u4e0d\u8bf4\u518d\u89c1", "username": "\u9488\u7078\u5723\u624b\u5bb9\u73ee", "user_id": "180116953", "rating": "\u5f88\u5dee", "date": "2018-09-14", "time": "23:53:12", "comment": "\u7535\u6bcd\u5a18\u5a18\u5409\u7965", "useful_count": "20"},
{"page_index": 0, "movie_id": "27611552", "title": "\u8bf4\u8d70\u5c31\u8d70\u4e4b\u4e0d\u8bf4\u518d\u89c1", "username": "komori", "user_id": "i-1992", "rating": "\u8f83\u5dee", "date": "2018-08-30", "time": "11:31:34", "comment": "\u6709\u4e2a\u5c0f\u95ee\u9898\uff0c\u65e2\u7136\u60f3\u53bb\u897f\u85cf\u8ffd\u5973\u670b\u53cb\u4e3a\u4ec0\u4e48\u4ece\u5317\u4eac\u51fa\u53d1\u540e\u8981\u5148\u53bb\u5185\u8499\u53e4\uff1f", "useful_count": "6"},
{"page_index": 0, "movie_id": "27611552", "title": "\u8bf4\u8d70\u5c31\u8d70\u4e4b\u4e0d\u8bf4\u518d\u89c1", "username": "\u8c46\u53cb144045833", "user_id": "144045833", "rating": "\u8fd8\u884c", "date": "2018-09-17", "time": "19:21:03", "comment": "\u4eca\u590f\u56e0\u4e3a\u5ef6\u79a7\u653b\u7565\u559c\u6b22\u4e0a\u4e86\u5434\u8c28\u8a00\uff0c\u56e0\u4e3a\u8c28\u8a00\u53bb\u770b\u4e86\u8fd9\u90e8\u7535\u5f71\uff0c\u603b\u4f53\u6765\u8bb2\uff0c\u8fd9\u90e8\u7535\u5f71\u8fd8\u53ef\u4ee5\uff0c\u8c28\u8a00\u7684\u989c\u503c\u8fd8\u80fdhold\u4f4f\u5927\u8367\u5e55\uff0c\u725b\u9a8f\u5cf0\u7684\u6f14\u6280\u4e5f\u8fd8\u4e0d\u9519", "useful_count": "19"},
{"page_index": 0, "movie_id": "27611552", "title": "\u8bf4\u8d70\u5c31\u8d70\u4e4b\u4e0d\u8bf4\u518d\u89c1", "username": "\u8d85\u4eba\u53d4\u53d4", "user_id": "chaorenshushu", "rating": "\u8f83\u5dee", "date": "2018-09-15", "time": "14:37:18", "comment": "\u73b0\u5728\u5f3a\u884c\u548c\u516c\u8def\u4ee5\u53ca\u5ef6\u65f6\u6444\u5f71\u626f\u4e00\u817f\u4e5f\u7b97\u6f6e\u6d41\u4e48 \u8854\u63a5\u4e0a\u5230\u5904\u90fd\u662f\u5272\u88c2\u7684\u75d5\u8ff9 \u628a\u767b\u5c71\u5f53\u65c5\u884c\u7684\u5fc3\u4e5f\u662f\u771f\u5927 \u770b\u8fc7\u5b9e\u62cd\u8df3\u4f1e\u548c\u5de5\u4e1a\u7ea7\u6807\u51c6\u7279\u6548\u518d\u6765\u5bf9\u6bd4\u7b80\u5355\u62a0\u56fe\u7b80\u76f4\u8981\u7b11\u51fa\u58f0...", "useful_count": "4"},
{"page_index": 0, "movie_id": "27611552", "title": "\u8bf4\u8d70\u5c31\u8d70\u4e4b\u4e0d\u8bf4\u518d\u89c1", "username": "\u5c0f\u9b3cBono", "user_id": "51033208", "rating": "\u5f88\u5dee", "date": "2018-08-28", "time": "17:10:06", "comment": "\u903b\u8f91\u6f0f\u6d1e\u53ef\u6015\uff0c\u5c34\u5c2c\u5230\u72c2\u7b11\u4e0d\u6b62\u7684\u5f71\u7247\u3002", "useful_count": "17"},
{"page_index": 0, "movie_id": "27611552", "title": "\u8bf4\u8d70\u5c31\u8d70\u4e4b\u4e0d\u8bf4\u518d\u89c1", "username": "momo", "user_id": "135622535", "rating": "\u8f83\u5dee", "date": "2018-09-14", "time": "17:42:48", "comment": "\u65e0\u804a\uff0c\u4e3a\u4e86\u725b\u9a8f\u5cf0\u53bb\u770b\u7684", "useful_count": "6"},
{"page_index": 0, "movie_id": "27611552", "title": "\u8bf4\u8d70\u5c31\u8d70\u4e4b\u4e0d\u8bf4\u518d\u89c1", "username": "\u5f00\u4e2a\u82b1\u5427", "user_id": "157640975", "rating": "\u5f88\u5dee", "date": "2018-09-18", "time": "00:55:27", "comment": "\u6709\u591a\u70c2\u5fc3\u91cc\u6ca1\u70b9b\u6570\u5417\uff1f\u8fd8\u8bf7\u4e00\u7fa4\u660e\u661f\u5e2e\u7740\u5ba3\u4f20\ud83d\ude13", "useful_count": "16"},
{"page_index": 0, "movie_id": "27611552", "title": "\u8bf4\u8d70\u5c31\u8d70\u4e4b\u4e0d\u8bf4\u518d\u89c1", "username": "\u6a58\u732b\u7231\u5403\u9c7c", "user_id": "169089788", "rating": "\u8fd8\u884c", "date": "2018-09-16", "time": "07:20:04", "comment": "\u5267\u60c5\u8f83\u5f31\uff0c\u725b\u9a8f\u5cf0\u7684\u9648\u8427\u8fd8\u662f\u5f88\u6709\u4ee3\u5165\u611f\uff0c\u4e09\u661f\u9f13\u52b1\u4e00\u4e0b\u3002", "useful_count": "10"},
{"page_index": 0, "movie_id": "27611552", "title": "\u8bf4\u8d70\u5c31\u8d70\u4e4b\u4e0d\u8bf4\u518d\u89c1", "username": "\u8096\u8096\u5bb6\u7684\ud83d\ude48 \u5c0f\u6c64", "user_id": "180380309", "rating": "\u8fd8\u884c", "date": "2018-09-14", "time": "18:17:27", "comment": "\u7ed9\u5434\u8c28\u8a00\u4e24\u661f\uff0c\u7ed9\u897f\u85cf\u4e00\u661f\u3002\u51b2\u5434\u8c28\u8a00\u53bb\u770b\u7684\uff0c\u4e0d\u8fc7\u51fa\u573a\u592a\u6162\uff0c\u620f\u4efd\u592a\u5c11\u3002", "useful_count": "13"},
{"page_index": 0, "movie_id": "27611552", "title": "\u8bf4\u8d70\u5c31\u8d70\u4e4b\u4e0d\u8bf4\u518d\u89c1", "username": "\u5b63\u98ce", "user_id": "180320407", "rating": "\u5f88\u5dee", "date": "2018-09-14", "time": "13:43:21", "comment": "\u8bf4\u8d70\u5c31\u8d70\uff0c\u90a3\u8d76\u7d27\u6eda\u5427", "useful_count": "15"},
{"page_index": 0, "movie_id": "27611552", "title": "\u8bf4\u8d70\u5c31\u8d70\u4e4b\u4e0d\u8bf4\u518d\u89c1", "username": "\u672c\u5bab\u4e4f\u4e86\u5509", "user_id": "183116645", "rating": "\u5f88\u5dee", "date": "2018-09-15", "time": "14:01:29", "comment": "\u4e94\u65a4\u76d0\u554a\uff01\u4e00\u661f\u62ff\u8d70\uff01\u4e0d\u8c22\uff01\uff01", "useful_count": "14"},
{"page_index": 0, "movie_id": "27611552", "title": "\u8bf4\u8d70\u5c31\u8d70\u4e4b\u4e0d\u8bf4\u518d\u89c1", "username": "\u8346\u68d8", "user_id": "78290634", "rating": "\u8fd8\u884c", "date": "2018-09-13", "time": "10:50:18", "comment": "\u5851\u6599\u5144\u5f1f\u60c5", "useful_count": "4"},
{"page_index": 0, "movie_id": "27611552", "title": "\u8bf4\u8d70\u5c31\u8d70\u4e4b\u4e0d\u8bf4\u518d\u89c1", "username": "\u55f7\u5927\u55b5\ud83c\udde8\ud83c\uddf3", "user_id": "177549740", "rating": "\u5f88\u5dee", "date": "2018-09-17", "time": "23:50:32", "comment": "\u5434\u8c28\u8a00 \u4e00\u661f\u6536\u597d\u221a", "useful_count": "9"},
{"page_index": 0, "movie_id": "27611552", "title": "\u8bf4\u8d70\u5c31\u8d70\u4e4b\u4e0d\u8bf4\u518d\u89c1", "username": "\u5c0f\u7c73=qdmimi", "user_id": "qdmimi19810920", "rating": "\u8f83\u5dee", "date": "2020-08-11", "time": "19:49:00", "comment": "\u725b\u9a8f\u5cf0\u4f60\u4fdd\u6301\u8fd9\u79cd\u9009\u7247\u54c1\u5473\u5e94\u8be5\u5230\u4e09\u5341\u5c31\u6ca1\u4ec0\u4e48\u6d3b\u5e72\u4e86", "useful_count": "1"},
{"page_index": 0, "movie_id": "27611552", "title": "\u8bf4\u8d70\u5c31\u8d70\u4e4b\u4e0d\u8bf4\u518d\u89c1", "username": "\u706c\u5b89\u4e1c\u5c3c\u706c", "user_id": "147016898", "rating": "\u5f88\u5dee", "date": "2018-09-11", "time": "16:50:40", "comment": "\u8bf4\u8d70\u5c31\u8d70 \u90a3\u5c31\u5feb\u6eda\u5427\u2026\u2026", "useful_count": "8"},
{"page_index": 0, "movie_id": "27611552", "title": "\u8bf4\u8d70\u5c31\u8d70\u4e4b\u4e0d\u8bf4\u518d\u89c1", "username": "\u4e00\u8d77\u5403\u5730\u74dc", "user_id": "172924438", "rating": "\u8fd8\u884c", "date": "2018-09-17", "time": "21:56:31", "comment": "\u5267\u60c5\u5dee\u4e86\u4e9b\uff0c\u6f14\u7684\u8fd8\u4e0d\u9519\uff0c\u5176\u5b9e\u6211\u4eec\u4e5f\u80fd\u62cd\u597d\u516c\u8def\u7247\u3002", "useful_count": "6"},
{"page_index": 0, "movie_id": "27611552", "title": "\u8bf4\u8d70\u5c31\u8d70\u4e4b\u4e0d\u8bf4\u518d\u89c1", "username": "\u8d6b\u672c\u7684\u706b\u7f8a", "user_id": "159059580", "rating": "\u8fd8\u884c", "date": "2018-09-10", "time": "20:21:17", "comment": "\u8fd8\u633a\u70ed\u8840\u7684\uff0c\u4e09\u661f\u534a\uff1f\u6709\u7684\u5730\u65b9\u8282\u594f\u602a\u602a\u7684\uff0c\u5c0f\u767d\u55f7\uff0c\u5e05\uff01", "useful_count": "6"},
{"page_index": 0, "movie_id": "27611552", "title": "\u8bf4\u8d70\u5c31\u8d70\u4e4b\u4e0d\u8bf4\u518d\u89c1", "username": "\u5c71\u4e0b\u6751\u7684\u5434\u5f66\u7956", "user_id": "Huayangnian9", "rating": "\u5f88\u5dee", "date": "2018-09-15", "time": "08:04:26", "comment": "\u4e00\u661f\u5dee\u8bc4\u9001\u7ed9\u5434\u8c28\u8a00\uff0c\u62ff\u8d70\u4e0d\u8c22\uff01", "useful_count": "10"},
{"page_index": 0, "movie_id": "27611552", "title": "\u8bf4\u8d70\u5c31\u8d70\u4e4b\u4e0d\u8bf4\u518d\u89c1", "username": "\u65e0\u4e3a\u800c\u6cbb", "user_id": "151820885", "rating": "\u8f83\u5dee", "date": "2018-09-16", "time": "00:52:18", "comment": "\u8fd9\u662f\u7535\u5f71\uff1f\uff1f\uff1f\uff1f\u4f60\u7ed9\u6211\u8bf4\u8bf4\u3002\u62cd\u5f97\u8fd9\u4e48\u968f\u610f\uff08\uff03\uff0d.\uff0d\uff09\uff01\uff01\uff01\u7c97\u7cd9\uff01\uff01\uff01\u6709\u5927\u81ea\u7136\u7f8e\u666f\u4e5f\u4e0d\u4f1a\u62cd\uff01\u54fc\uff01\u8ba4\u771f\u70b9\uff01\u8ba4\u771f\u70b9\uff01\u8ba4\u771f\u70b9\uff01", "useful_count": "5"},
{"page_index": 0, "movie_id": "27611552", "title": "\u8bf4\u8d70\u5c31\u8d70\u4e4b\u4e0d\u8bf4\u518d\u89c1", "username": "\u5230\u6625\u79cb\u4e86", "user_id": "139202275", "rating": "\u8f83\u5dee", "date": "2018-09-16", "time": "00:06:29", "comment": "\u4e71\u4e03\u516b\u7cdf\u3001\u83ab\u540d\u5176\u5999", "useful_count": "5"},
{"page_index": 0, "movie_id": "27611552", "title": "\u8bf4\u8d70\u5c31\u8d70\u4e4b\u4e0d\u8bf4\u518d\u89c1", "username": "\u846d\u4e09\u91d1", "user_id": "154279427", "rating": "\u8fd8\u884c", "date": "2018-09-11", "time": "10:25:08", "comment": "\u5c0f\u767d\u6765\u6211\u4eec\u5b66\u6821\u4e86\uff0c\u770b\u5728\u4ed6\u7ed9\u6211\u4eec\u5531\u6b4c\u7684\u4efd\u4e0a\uff0c\u7ed9\u5c0f\u767d\u4e00\u9897\u661f\u3002", "useful_count": "8"},
{"page_index": 0, "movie_id": "27611552", "title": "\u8bf4\u8d70\u5c31\u8d70\u4e4b\u4e0d\u8bf4\u518d\u89c1", "username": "\u5427\u5527\u5427\u5527\u55dd", "user_id": "158355183", "rating": "\u5f88\u5dee", "date": "2018-09-18", "time": "12:38:35", "comment": "\u5fc3\u75bc\u5176\u4ed6\u4eba\u644a\u4e0a\u5434\u8c28\u8a00", "useful_count": "8"},
{"page_index": 0, "movie_id": "27611552", "title": "\u8bf4\u8d70\u5c31\u8d70\u4e4b\u4e0d\u8bf4\u518d\u89c1", "username": "\u8bc8\u6350\u5e42\u7684\u5c0f\u5fc3\u809d", "user_id": "179891953", "rating": "\u5f88\u5dee", "date": "2018-09-15", "time": "13:54:12", "comment": "\u771f\u7684\u662f\u70c2\uff0c\u679c\u771f\u4e0d\u662f\u4e8e\u6b63\u5f53\u7f16\u5267\u7684\u7535\u5f71\uff0c\u5c31\u4e0d\u597d\u770b\u3002\u5434\u8c28\u8a00\u771f\u7684\u662f\u6311\u5927\u6881\uff0c\u5e26\u5269\u4e0b\u7684\u62d6\u6cb9\u74f6", "useful_count": "16"},
{"page_index": 0, "movie_id": "27611552", "title": "\u8bf4\u8d70\u5c31\u8d70\u4e4b\u4e0d\u8bf4\u518d\u89c1", "username": "\u0b67\u2362\u20dd\u0b68", "user_id": "139255203", "rating": "\u8fd8\u884c", "date": "2018-09-12", "time": "12:15:23", "comment": "\u60f3\u7ed9\u4e09\u661f\u534a\uff01\u767d\u4e3e\u7eb2\u6765\u6211\u4eec\u5b66\u6821\u8def\u6f14\uff0c\u770b\u4e86\u70b9\u6620\u4e4b\u540e\u89c9\u5f97\u7535\u5f71\u8fd8\u4e0d\u9519\uff0c\u7b11\u70b9\u5f88\u5bc6\u96c6\u3002\u5c31\u662f\u5267\u60c5\u5f31\u4e86\u70b9\uff0c\u6211\u89c9\u5f97\u8fd8\u7b97\u4e0d\u4e0a\u662f\u516c\u8def\u7535\u5f71\u5427\u3002\u3002\u603b\u4f53\u7ed9\u7535\u5f71\u4e09\u9897\u661f\uff0c\u591a\u52a0\u534a\u9897\u661f\u7ed9\u5c0f\u767d\u73b0\u573a\u7684live\uff0c\u5728\u5b66\u6821\u5927\u793c\u5802\u5531\u6b4c\u4e5f\u8fd9\u4e48\u597d\u542c\uff5e", "useful_count": "6"},
{"page_index": 0, "movie_id": "27611552", "title": "\u8bf4\u8d70\u5c31\u8d70\u4e4b\u4e0d\u8bf4\u518d\u89c1", "username": "\u732b\u5148\u751f", "user_id": "vincen1208", "rating": "\u5f88\u5dee", "date": "2018-09-14", "time": "18:48:06", "comment": "\u4ec0\u4e48\u6c99\u96d5\u73a9\u610f\u513f\uff01", "useful_count": "8"},
{"page_index": 0, "movie_id": "27611552", "title": "\u8bf4\u8d70\u5c31\u8d70\u4e4b\u4e0d\u8bf4\u518d\u89c1", "username": "\u5bd2\u9732", "user_id": "137777702", "rating": "\u63a8\u8350", "date": "2018-09-14", "time": "20:23:23", "comment": "\u5c0f\u767d\u662f\u7537\u4e3b\u563f\uff1f\uff01", "useful_count": "2"},
{"page_index": 0, "movie_id": "27611552", "title": "\u8bf4\u8d70\u5c31\u8d70\u4e4b\u4e0d\u8bf4\u518d\u89c1", "username": "\u91ce\u82b1\u7efd\u653e", "user_id": "129435920", "rating": "\u5f88\u5dee", "date": "2018-09-16", "time": "01:25:44", "comment": "\u56db\u4e2a\u5c0f\u5b66\u751f\u8bf4\u8d70\u5c31\u8d70\u7684\u70c2\uff01\uff01\uff01\u2026\u6f2b\u65c5\u9014\u3002", "useful_count": "9"},
{"page_index": 0, "movie_id": "27611552", "title": "\u8bf4\u8d70\u5c31\u8d70\u4e4b\u4e0d\u8bf4\u518d\u89c1", "username": "weakish", "user_id": "WeakishJiang", "rating": "\u8f83\u5dee", "date": "2018-11-20", "time": "22:01:13", "comment": "\u56fd\u4ea7\u9752\u6625\u7247\u7684\u9b54\u5492\uff0c\u75af\u72c2\u77f3\u5934\u7f16\u5267\u4e00\u6837\u9003\u4e0d\u8fc7", "useful_count": "0"},
{"page_index": 0, "movie_id": "27611552", "title": "\u8bf4\u8d70\u5c31\u8d70\u4e4b\u4e0d\u8bf4\u518d\u89c1", "username": "\u821c\u821c", "user_id": "157215488", "rating": "\u8fd8\u884c", "date": "2018-10-29", "time": "23:36:35", "comment": "\u7535\u5f71\u8fd8\u633a\u9017\u7684\u5427\uff0c\u521a\u5f00\u59cb\u6709\u770b\u70b9\uff0c\u540e\u9762\u5c31\u6ca1\u6709\u90a3\u4e48\u597d\u770b\u4e86\uff01", "useful_count": "1"},
{"page_index": 0, "movie_id": "27611552", "title": "\u8bf4\u8d70\u5c31\u8d70\u4e4b\u4e0d\u8bf4\u518d\u89c1", "username": "\u5c0f\u592a\u9633\u3002", "user_id": "141165436", "rating": "\u63a8\u8350", "date": "2018-09-18", "time": "22:32:34", "comment": "\u4e3a\u6211\u5bb6\u5c0f\u767d\u53bb\u770b\u7684\uff0c\u600e\u4e48\u8bf4\u5462\uff0c\u5267\u60c5\u8fd8\u662f\u6709\u4e9b\u5355\u8584\uff0c\u5f00\u5934\u5c31\u80fd\u60f3\u5230\u7ed3\u5c3e\u4e00\u6837\u3002", "useful_count": "3"},
{"page_index": 0, "movie_id": "27611552", "title": "\u8bf4\u8d70\u5c31\u8d70\u4e4b\u4e0d\u8bf4\u518d\u89c1", "username": "Nemooo", "user_id": "deartintin", "rating": null, "date": "2018-10-16", "time": "10:55:17", "comment": "\u8ddf\u7247", "useful_count": "0"},
{"page_index": 0, "movie_id": "27611552", "title": "\u8bf4\u8d70\u5c31\u8d70\u4e4b\u4e0d\u8bf4\u518d\u89c1", "username": "\u5357\u74dc\u8001\u5b9e\u8d85\u4eba", "user_id": "134699036", "rating": "\u5f88\u5dee", "date": "2018-09-15", "time": "22:32:08", "comment": "\u597d\u591a\u5e74\u6ca1\u770b\u8fc7\u8fd9\u4e48\u70c2\u7684\u7535\u5f71\u4e86\u2026\u2026\u770b\u5b8c\u7adf\u7136\u8fd8\u6709\u70b9\u60f3\u5410\u2026\uff1f\uff1f\u5404\u79cd\u65b9\u9762\u5404\u79cd\u7ef4\u5ea6\u7684\u70c2\u2026\u2026", "useful_count": "8"},
{"page_index": 0, "movie_id": "27611552", "title": "\u8bf4\u8d70\u5c31\u8d70\u4e4b\u4e0d\u8bf4\u518d\u89c1", "username": "wwww", "user_id": "181473702", "rating": "\u8fd8\u884c", "date": "2018-09-15", "time": "18:31:33", "comment": "\u4e00\u661f\u7ed9\u767d\u4e3e\u7eb2\uff0c\u4e00\u661f\u7ed9\u767d\u4e3e\u7eb2\u7684\u5ba3\u4f20\uff0c\u4e00\u661f\u7ed9\u897f\u85cf\u7684\u666f\uff0c\u4e00\u661f\u7ed9\u5168\u573a\u6700\u4f73\u4e3b\u9898\u66f2\uff0c\u5267\u60c5\u5f31\u667a\u5012\u6263\u4e00\u5206", "useful_count": "4"},
{"page_index": 0, "movie_id": "27611552", "title": "\u8bf4\u8d70\u5c31\u8d70\u4e4b\u4e0d\u8bf4\u518d\u89c1", "username": "\u8c46\u8c46\u8c46\u5b50", "user_id": "174916964", "rating": "\u8fd8\u884c", "date": "2018-09-14", "time": "23:36:11", "comment": "\u4e5f\u662f\u516c\u8def\u7247\uff0c\u725b\u7ae3\u5cf0\u8fd8\u86ee\u4e0d\u9519\u7684\uff0c\u6f14\u4e86\u4e2a\u70ed\u8840\u5c0f\u9752\u5e74\u3002", "useful_count": "3"},
{"page_index": 0, "movie_id": "27611552", "title": "\u8bf4\u8d70\u5c31\u8d70\u4e4b\u4e0d\u8bf4\u518d\u89c1", "username": "\u5c0f\u5e74", "user_id": "ppprenee", "rating": null, "date": "2019-04-02", "time": "13:01:12", "comment": "\u597d\u597d\u7b11\u54c8\u54c8\u54c8\u54c8\u54c8\u6216\u6216\u6216\u6216\u6216\u6216\u6216\u54c8\u54c8", "useful_count": "0"},
{"page_index": 0, "movie_id": "27611552", "title": "\u8bf4\u8d70\u5c31\u8d70\u4e4b\u4e0d\u8bf4\u518d\u89c1", "username": "\u9648\u5c0f\u7389\u9171", "user_id": "46793847", "rating": "\u8f83\u5dee", "date": "2018-09-15", "time": "23:47:33", "comment": "\u968f\u4fbf\u770b\u770b\uff0c\u897f\u85cf\u8fd8\u662f\u5f88\u7f8e\u7684", "useful_count": "2"},
{"page_index": 0, "movie_id": "27611552", "title": "\u8bf4\u8d70\u5c31\u8d70\u4e4b\u4e0d\u8bf4\u518d\u89c1", "username": "\u9a82\u6211\u7684\u53cd\u5f39", "user_id": "154971241", "rating": "\u5f88\u5dee", "date": "2018-09-14", "time": "17:53:28", "comment": "\u5929\u7a7a\u4e0d\u591f\u84dd\uff0c\u5434\u8c28\u8a00\u53d1\u91cf\u592a\u5c11\u4e86\uff0c\u7535\u5f71\u9662\u5149\u7ebf\u4e5f\u592a\u6697\u4e86\uff0c\u5267\u60c5\u7a7a\u6d1e\u4e4f\u5473\uff0c\u6253\u4e2a\u4e00\u661f\u8bc1\u660e\u6211\u770b\u8fc7\u5427\u3002", "useful_count": "9"},
{"page_index": 0, "movie_id": "27611552", "title": "\u8bf4\u8d70\u5c31\u8d70\u4e4b\u4e0d\u8bf4\u518d\u89c1", "username": "Leo.Tung", "user_id": "leo_tung", "rating": "\u8f83\u5dee", "date": "2018-11-09", "time": "16:08:34", "comment": "\u5341\u516b\u5c81\u4ee5\u4e0b\u770b\u540e\u70ed\u8840\u6cb8\u817e\uff0c\u611f\u6168\u4e07\u5343\uff0c\u8fc7\u4e86\u5341\u516b\uff0c\u5404\u79cd\u4e0d\u9002\uff0c\u5c34\u5c2c\u51e0\u822c\u3002", "useful_count": "0"},
{"page_index": 0, "movie_id": "27611552", "title": "\u8bf4\u8d70\u5c31\u8d70\u4e4b\u4e0d\u8bf4\u518d\u89c1", "username": "\u9b5a\u71c8\u5152", "user_id": "Edwardwo", "rating": "\u8fd8\u884c", "date": "2018-09-01", "time": "21:50:11", "comment": "\u5178\u578b\u7684\u7206\u7c73\u82b1\u7535\u5f71\uff0c\u5bfc\u6f14\u62cd\u7684\u4e0d\u529f\u4e0d\u8fc7\uff0c\u5267\u60c5\u7b80\u5355\u5bb9\u6613\u61c2\uff0c\u5c0f\u53ee\u5f53\u53d8\u5316\u592a\u5927\u4e86\u6ca1\u8ba4\u51fa\u6765\uff0c\u5434\u8c28\u8a00\u4f9d\u7136\u662f\u90a3\u79cd\u6897\u7740\u8116\u5b50\u7684\u6f14\u6cd5\uff0c\u603b\u4f53\u6765\u8bf4\u503c\u56de\u7968\u4ef7\u5427\uff0c\u770b\u7684\u6bd4\u8f83\u8f7b\u677e\uff0c\u9002\u5408\u5355\u8eab\u7684\u4eba\u53bb\u770b", "useful_count": "7"},
{"page_index": 0, "movie_id": "27611552", "title": "\u8bf4\u8d70\u5c31\u8d70\u4e4b\u4e0d\u8bf4\u518d\u89c1", "username": "\u5723\u6751\u9152\u4fdd", "user_id": "59387630", "rating": "\u8fd8\u884c", "date": "2018-11-12", "time": "22:57:28", "comment": "\u8fc7\u4e8e\u7b80\u5355\uff0c\u4e0d\u591f\u771f\u5b9e\uff0c\u4f46\u4e5f\u8fd8\u7b97\u80fd\u770b\u5566\u2026\u2026", "useful_count": "0"},
{"page_index": 0, "movie_id": "27611552", "title": "\u8bf4\u8d70\u5c31\u8d70\u4e4b\u4e0d\u8bf4\u518d\u89c1", "username": "\u60f3\u5165\u975e\u975e", "user_id": "janghwa", "rating": "\u63a8\u8350", "date": "2018-09-15", "time": "06:58:55", "comment": "\u8bf4\u5b9e\u8bdd\uff0c\u6bd4\u6211\u9884\u671f\u7684\u597d\u770b!!!\u4e0d\u72d7\u8840\u4e0d\u96f7\u4eba\u7684\u8fd8\u6709\u4e9b\u7b11\u70b9\u548c\u5c0f\u611f\u52a8\uff0c\u6709\u97e9\u56fd\u9752\u6625\u559c\u5267\u7684\u5473\u9053\uff0c\u51e0\u4e2a\u7537\u751f\u5176\u8c8c\u4e0d\u626c\uff0c\u6f14\u5f97\u8fd8\u633a\u597d\u3002\u5434\u8c28\u8a00\u662f\u90a3\u79cd\u751c\u9177\u5973\u5b69\uff0c\u6c14\u8d28\u4e0d\u4fd7\uff0c\u4e00\u51fa\u573a\u5c31\u60ca\u8273\u4e86\u6211!\u5728\u5ef6\u79a7\u653b\u7565\u7206\u7ea2\u4e4b\u524d\u63a5\u7684\u7247\u5b50\uff0c\u662f\u7537\u6027\u7fa4\u620f\u6240\u4ee5\u5973\u751f\u620f\u4efd\u4e0d\u591a\uff0c\u4f46\u96ea\u742a\u8fd9\u4e2a\u89d2\u8272\u8fd8\u662f\u633a\u91cd\u8981\u7684\u3002\u7535\u5f71\u4e09\u661f\uff0c\u591a\u4e00\u661f\u7ed9\u5434\u8c28\u8a00\u3002", "useful_count": "7"},
{"page_index": 0, "movie_id": "27611552", "title": "\u8bf4\u8d70\u5c31\u8d70\u4e4b\u4e0d\u8bf4\u518d\u89c1", "username": "\u4e00\u9897\u5927\u82b9\u83dc", "user_id": "139039648", "rating": "\u8fd8\u884c", "date": "2019-05-05", "time": "03:31:59", "comment": "\u8fd9\u4e2a\u3002\u3002\u3002emmm\u3002\u3002\u3002\u6211\u5c31\u5f53\u6765\u542c\u51e0\u9996\u5c0f\u767d\u7684\u6b4c\u5427", "useful_count": "0"},
{"page_index": 0, "movie_id": "27611552", "title": "\u8bf4\u8d70\u5c31\u8d70\u4e4b\u4e0d\u8bf4\u518d\u89c1", "username": "\u5f69\u620f\u5e08wala", "user_id": "caixishi", "rating": "\u5f88\u5dee", "date": "2018-11-05", "time": "23:55:46", "comment": "\u8fc7\u5f80\u5c31\u662f\u771f\u5b9e\u7684\u70c2", "useful_count": "0"},
{"page_index": 0, "movie_id": "27611552", "title": "\u8bf4\u8d70\u5c31\u8d70\u4e4b\u4e0d\u8bf4\u518d\u89c1", "username": "\u5343\u5bfb\uff5cScorpio", "user_id": "scorpio0_0", "rating": "\u5f88\u5dee", "date": "2019-02-16", "time": "21:25:20", "comment": "\u4e00\u661f\u732e\u7ed9\u9970\u6f14\u80e1\u6ce2\u7238\u7684\u674e\u8bda\u5112\u548c\u5ef6\u65f6\u6444\u5f71\u738b\u6e90\u5b97\uff0c\u4e0d\u80fd\u66f4\u591a\u4e86\u3002\u7535\u5f71\uff1f\u6ee4\u955c+\u7279\u6548\u3002\u6f14\u6280\uff1f\u5b8c\u5168\u6ca1\u6709\u3002\u5267\u672c\uff1f\u6beb\u65e0\u57fa\u672c\u903b\u8f91\uff0c\u4ece\u5934\u5230\u5c3e\u90fd\u975e\u5e38\u5851\u6599\uff0c\u975e\u5e38\u5c2c\u3002\u7b11\u70b9\uff1f\u6bd4\u73e0\u7a46\u6717\u739b\u5cf0\u8fd8\u51b0\u5427\u3002\u4e3a\u4e86\u5434\u8c28\u8a00\u770b\u7684\uff0c\u4e8b\u5b9e\u8bc1\u660e\uff0c\u8fd9\u7535\u5f71\u80fd\u770b\u7684\u5c31\u53ea\u6709\u5c11\u8bb8\u98ce\u666f\u7247\uff08\u4e5f\u4e0d\u662f\u5bfc\u6f14\u81ea\u5df1\u62cd\u7684\uff09\u3002", "useful_count": "0"},
{"page_index": 0, "movie_id": "27611552", "title": "\u8bf4\u8d70\u5c31\u8d70\u4e4b\u4e0d\u8bf4\u518d\u89c1", "username": "\u5fa1\u72f8\u5b50", "user_id": "143188778", "rating": "\u5f88\u5dee", "date": "2018-09-15", "time": "15:11:54", "comment": "\u771f\u7684\uff0c\u5fc3\u75bc\u6211\u7684\u7535\u5f71\u7968", "useful_count": "6"},
{"page_index": 0, "movie_id": "27611552", "title": "\u8bf4\u8d70\u5c31\u8d70\u4e4b\u4e0d\u8bf4\u518d\u89c1", "username": "\u5468\u672a", "user_id": "149219597", "rating": "\u8fd8\u884c", "date": "2018-09-20", "time": "11:10:58", "comment": "\u56e0\u4e3a\u5434\u8c28\u8a00\u53bb\u7535\u5f71\u9662\u770b\u4e86\u8fd9\u90e8\u5267\uff0c\u7136\u800c....\u6709\u70b9\u5931\u671b\uff0c\u5267\u60c5\u5b8c\u5168\u6491\u4e0d\u8d77\u6765\uff0c\u5f88\u5c2c\u3002\u4e24\u9897\u661f\u7ed9\u5434\u8c28\u8a00\uff0c\u4e00\u9897\u661f\u7ed9\u98ce\u666f", "useful_count": "1"},
{"page_index": 0, "movie_id": "27611552", "title": "\u8bf4\u8d70\u5c31\u8d70\u4e4b\u4e0d\u8bf4\u518d\u89c1", "username": "OD", "user_id": "ODODOD", "rating": "\u5f88\u5dee", "date": "2018-09-30", "time": "00:26:09", "comment": "\u725b\u4fca\u5cf0\u6f14\u6280\u4e0d\u9519\u7684 \u4e0d\u77e5\u9053\u4e3a\u4ec0\u4e48\u8001\u63a5\u8fd9\u79cd\u7247\u5b50", "useful_count": "0"},
{"page_index": 0, "movie_id": "27611552", "title": "\u8bf4\u8d70\u5c31\u8d70\u4e4b\u4e0d\u8bf4\u518d\u89c1", "username": "\u68a6\u4e4b\u5b89\u9b42\u66f2", "user_id": "Makoto614", "rating": "\u8f83\u5dee", "date": "2019-01-10", "time": "08:55:14", "comment": "\u56db\u4e2a\u9752\u6625\u5927\u7537\u5b69\u9047\u72fc\u7fa4\uff0c\u7a7f\u6c99\u6f20\uff0c\u73a9\u8df3\u4f1e\uff0c\u767b\u96ea\u5c71\u3002\u6700\u540e\u5404\u6709\u6536\u83b7\uff0c\u771f\u662f\u4e00\u8d9f\u6709\u8da3\u53c8\u5145\u6ee1\u610f\u5916\u7684\u65c5\u7a0b\u3002\u4eba\u751f\u5c31\u662f\u5e94\u8be5\u8981\u8fd9\u6837\u5145\u6ee1\u60ca\u559c\u3002\u4eba\u7269\u6027\u683c\u5851\u9020\u7684\u633a\u9c9c\u660e\u7684\uff0c\u8fd8\u4e0d\u9519\u3002\u53ef\u60dc\u6f14\u5458\u4e0d\u592a\u884c\u3002\u5434\u8c28\u8a00\u5f88\u5e05\u6c14\u3002\u4f5c\u4e3a\u4e00\u90e8\u6b23\u8d4f\u98ce\u666f\u7684\u516c\u8def\u559c\u5267\u7247\uff0c\u6709\u4e9b\u753b\u9762\u8fd8\u633a\u7f8e\u7684\u3002\u4f46\u7279\u6548\u6709\u70b9\u70c2\uff0c\u6574\u4f53\u8d28\u91cf\u4e5f\u5c31\u7f51\u5927\u6c34\u5e73\u3002", "useful_count": "0"},
{"page_index": 0, "movie_id": "27611552", "title": "\u8bf4\u8d70\u5c31\u8d70\u4e4b\u4e0d\u8bf4\u518d\u89c1", "username": "\u67cf\u6797\u7070", "user_id": "EthanChu", "rating": "\u8f83\u5dee", "date": "2018-09-30", "time": "23:18:41", "comment": "\u6211\u662f\u56e0\u4e3a\u897f\u85cf\u53bb\u770b\u7684\uff0c\u770b\u5b8c\u4e86\u6211\u60f3\u8981\u662f\u6ca1\u6709\u767b\u5c71\u8fd9\u4e00\u6bb5\u53ef\u80fd\u8fd8\u597d\u70b9\uff0c\u81f3\u5c11\u771f\u5b9e\u4e00\u70b9\u3002", "useful_count": "0"},
{"page_index": 0, "movie_id": "27611552", "title": "\u8bf4\u8d70\u5c31\u8d70\u4e4b\u4e0d\u8bf4\u518d\u89c1", "username": "\u5bc2\u5730", "user_id": "159726499", "rating": "\u5f88\u5dee", "date": "2018-09-14", "time": "22:40:18", "comment": "\u672c\u6765\u60f3\u7740\u662f\u53bb\u770b\u5434\u8c28\u8a00\u7206\u7ea2\u4e4b\u540e\u7684\u7b2c\u4e00\u90e8\u7535\u5f71\n\u6211\u9519\u4e86\uff0c\u6211\u4e0d\u8be5\u4e70\u7968\u7684", "useful_count": "8"},
{"page_index": 0, "movie_id": "27611552", "title": "\u8bf4\u8d70\u5c31\u8d70\u4e4b\u4e0d\u8bf4\u518d\u89c1", "username": "\u4ea2\u9f99\u65e0\u6094", "user_id": "heyunchao007", "rating": "\u63a8\u8350", "date": "2018-09-27", "time": "18:37:49", "comment": "\u8fd8\u53ef\u4ee5\u770b\uff0c\u8868\u6f14\u4e0d\u9519", "useful_count": "0"},
{"page_index": 0, "movie_id": "27611552", "title": "\u8bf4\u8d70\u5c31\u8d70\u4e4b\u4e0d\u8bf4\u518d\u89c1", "username": "\u4f64\u5c9a", "user_id": "175275643", "rating": "\u5f88\u5dee", "date": "2018-09-15", "time": "21:00:47", "comment": "\u300a\u8bf4\u6eda\u5c31\u6eda\u4e4b\u4e0d\u6eda\u4e5f\u6eda\u4e4b\u4f60\u4e0d\u6eda\u6211\u6eda\u300b", "useful_count": "8"},
{"page_index": 0, "movie_id": "27611552", "title": "\u8bf4\u8d70\u5c31\u8d70\u4e4b\u4e0d\u8bf4\u518d\u89c1", "username": "\u9694\u58c1\u8001\u738b", "user_id": "142276283", "rating": "\u5f88\u5dee", "date": "2018-09-20", "time": "11:25:58", "comment": "\u8d70\u4f60\ud83d\udc34\u7684\u81ed\u55e8", "useful_count": "3"},
{"page_index": 0, "movie_id": "27611552", "title": "\u8bf4\u8d70\u5c31\u8d70\u4e4b\u4e0d\u8bf4\u518d\u89c1", "username": "\u4e0b\u4e00\u79d2\u7b11\u9765\u5982\u82b1_", "user_id": "184511040", "rating": "\u5f88\u5dee", "date": "2018-09-14", "time": "12:44:33", "comment": "\u65e0\u5398\u5934\u6ca1\u903b\u8f91\uff0c\u70c2\u5ea6\u76f4\u903c\u9010\u68a6\u6f14\u827a\u5708\ud83c\udf11", "useful_count": "5"},
{"page_index": 0, "movie_id": "27611552", "title": "\u8bf4\u8d70\u5c31\u8d70\u4e4b\u4e0d\u8bf4\u518d\u89c1", "username": "\u6ca1\u5934\u8111\u7684\u4e0d\u9ad8\u5174", "user_id": "183589758", "rating": "\u5f88\u5dee", "date": "2018-09-14", "time": "17:51:30", "comment": "\u4e0d\u77e5\u6240\u4e91\uff0cget\u4e0d\u5230\u7b11\u70b9\uff0c\u8fde\u7231\u60c5\u516c\u5bd3\u90fd\u6bd4\u4e0d\u4e0a", "useful_count": "2"},
{"page_index": 0, "movie_id": "27611552", "title": "\u8bf4\u8d70\u5c31\u8d70\u4e4b\u4e0d\u8bf4\u518d\u89c1", "username": "ceci\ud83c\udf70", "user_id": "169092759", "rating": "\u8fd8\u884c", "date": "2018-09-16", "time": "12:18:33", "comment": "\u6211\u89c9\u5f97\u4e00\u822c\uff0c\u6f14\u6280\u4e00\u822c\uff0c\u5267\u60c5\u4e5f\u662f\u4fd7\u5957\u5730\u4e00\u822c\u822c", "useful_count": "1"},
{"page_index": 0, "movie_id": "27611552", "title": "\u8bf4\u8d70\u5c31\u8d70\u4e4b\u4e0d\u8bf4\u518d\u89c1", "username": "\u72ec\u4e00\u65e0\u4e8c", "user_id": "134338029", "rating": "\u8f83\u5dee", "date": "2018-11-13", "time": "20:05:57", "comment": "\u9752\u6625\u7248\u5fc3\u82b1\u8def\u653e\uff0c\u56db\u4e2a\u5c4c\u4e1d\u7684\u4e00\u573a\u610f\u5916\u5192\u9669\u4e4b\u65c5\u3002\u7ecf\u5386\u9082\u9005\u5973\u795e\u3001\u72fc\u7fa4\u56f4\u653b\u3001\u6c99\u6f20\u8df3\u4f1e\u3001\u6500\u767b\u96ea\u5c71\uff0c\u4e00\u8def\u72fc\u72c8\u4e0d\u582a\uff0c\u7b11\u6599\u767e\u51fa\u3002\u4ed6\u4eec\u4ece\u5317\u4eac\u51fa\u53d1\uff0c\u9014\u7ecf\u5185\u8499\u8349\u539f\u3001\u94f6\u5ddd\u6c99\u6f20\u3001\u4e00\u8def\u5230\u8fbe\u897f\u85cf\u62c9\u8428\uff0c\u6700\u540e\u6765\u5230\u96ea\u5c71\u9876\u5cf0\u3002\u6cbf\u9014\u9886\u7565\u98ce\u5149\u65e0\u6570\u3002\u6700\u540e\uff0c\u4ed6\u4eec\u6709\u7684\u6536\u83b7\u4e86\u7231\u60c5\uff0c\u6709\u7684\u6536\u83b7\u4e86\u52c7\u6562\u3002\u5728\u544a\u522b\u9752\u6625\u90a3\u4e00\u523b\uff0c\u5927\u5bb6\u90fd\u6ca1\u6709\u8bf4\u518d\u89c1\u3002", "useful_count": "0"},
{"page_index": 0, "movie_id": "27611552", "title": "\u8bf4\u8d70\u5c31\u8d70\u4e4b\u4e0d\u8bf4\u518d\u89c1", "username": "\u6700\u5e78\u8fd0\u7684\u5e78\u8fd0", "user_id": "160473084", "rating": "\u5f88\u5dee", "date": "2018-11-06", "time": "21:52:32", "comment": "\u8868\u793a\u9752\u6625\u7247\u8fd8\u662f\u4e0d\u8981\u8f7b\u6613\u78b0\u89e6\u6781\u9650\u6311\u6218\u7684\u9898\u6750\uff1b\u672c\u6765\u611f\u89c9\u4ed6\u4eec\u51e0\u4e2a\u4eba\u70ed\u95f9\u548c\u7b11\u95f9\u767e\u51fa\u7684\u65c5\u884c\u80fd\u7ed9\u4e24\u661f\uff0c\u4f46\u771f\u7684\u628a\u8df3\u4f1e\u767b\u5c71\u62cd\u7684\u592alow\u4e86\u2026\u2026\u2026", "useful_count": "0"},
{"page_index": 0, "movie_id": "27611552", "title": "\u8bf4\u8d70\u5c31\u8d70\u4e4b\u4e0d\u8bf4\u518d\u89c1", "username": "\u6bd5\u9759", "user_id": "58079637", "rating": "\u8fd8\u884c", "date": "2018-09-14", "time": "23:18:46", "comment": "\u6211\u548c\u5c0f\u59e8\u53bb\u770b\u7684 \u6211\u4fe9\u90fd\u633a\u4e50\u7684 \u53ef\u80fd\u56e0\u4e3a\u9884\u671f\u4e0d\u9ad8 \u53ef\u80fd\u56e0\u4e3a\u56de\u5fc6\u9752\u6625 \u5168\u7a0b\u611f\u89c9\u86ee\u8f7b\u677e \u4e3b\u8981\u662f\u666f\u8272\u597d\u7f8e \u5fcd\u4e0d\u4f4f\u53bb\u65c5\u884c", "useful_count": "2"},
{"page_index": 0, "movie_id": "27611552", "title": "\u8bf4\u8d70\u5c31\u8d70\u4e4b\u4e0d\u8bf4\u518d\u89c1", "username": "\u65e0\u5fc3", "user_id": "WoSeaN_Vincent", "rating": "\u8f83\u5dee", "date": "2018-12-05", "time": "15:31:42", "comment": "\u8fd8\u53ef\u4ee5\u5427\u2026\u2026", "useful_count": "0"},
{"page_index": 0, "movie_id": "27611552", "title": "\u8bf4\u8d70\u5c31\u8d70\u4e4b\u4e0d\u8bf4\u518d\u89c1", "username": "\u55b5\u55b5\u7684\u55b5", "user_id": "152005591", "rating": "\u5f88\u5dee", "date": "2018-11-07", "time": "20:35:05", "comment": "\u725b\u4fca\u5cf0\u597d\u770b\uff0c\u5176\u4ed6\u90fd\u4e0d\u597d\u770b\uff0c\u975e\u5e38\u83ab\u540d\u5176\u5999", "useful_count": "0"},
{"page_index": 0, "movie_id": "27611552", "title": "\u8bf4\u8d70\u5c31\u8d70\u4e4b\u4e0d\u8bf4\u518d\u89c1", "username": "\u563b\u563b\u5f17\u65af", "user_id": "Zero0919", "rating": "\u8f83\u5dee", "date": "2018-11-11", "time": "22:41:31", "comment": "\u5c2c", "useful_count": "0"},
{"page_index": 0, "movie_id": "27611552", "title": "\u8bf4\u8d70\u5c31\u8d70\u4e4b\u4e0d\u8bf4\u518d\u89c1", "username": "\u54d4\u54df\u54d4", "user_id": "61150890", "rating": "\u8fd8\u884c", "date": "2019-05-25", "time": "13:30:08", "comment": "\u56db\u4e2a\u5c0f\u9752\u5e74\u90fd\u633a\u4e0d\u9519\u7684\uff0c\u4e3b\u8981\u662f\u5267\u672c\u5f88\u5f31\uff0c\u62cd\u7684\u4e5f\u5dee\u5f3a\u4eba\u610f\uff0c\u5c0f\u767d\u592a\u53ef\u7231\u4e86\uff0c\u52a0\u70b9\u513f\u5206\u9f13\u52b1\u4e00\u4e0b", "useful_count": "0"},
{"page_index": 0, "movie_id": "27611552", "title": "\u8bf4\u8d70\u5c31\u8d70\u4e4b\u4e0d\u8bf4\u518d\u89c1", "username": "\u90d1\u723d\u4f55\u65f6\u8fdb\ud83c\udf4a", "user_id": "153536343", "rating": "\u5f88\u5dee", "date": "2018-09-20", "time": "00:44:44", "comment": "\u5434\u8c28\u8a00\u4e11\u778e", "useful_count": "5"},
{"page_index": 0, "movie_id": "27611552", "title": "\u8bf4\u8d70\u5c31\u8d70\u4e4b\u4e0d\u8bf4\u518d\u89c1", "username": "\u80e1\u95f9\u541b", "user_id": "87069723", "rating": "\u8fd8\u884c", "date": "2018-09-15", "time": "20:48:45", "comment": "\u4e00\u6b21\u5192\u9669\u523a\u6fc0\u7684\u6bd5\u4e1a\u65c5\u884c\uff0c\u9898\u6750\u8fd8\u662f\u6bd4\u8f83\u65b0\u9896\uff0c\u5176\u4e2d\u65e2\u6709\u6cbf\u9014\u7f8e\u4e3d\u98ce\u666f\uff0c\u4e5f\u6709\u60a3\u96be\u4e0e\u5171\u7684\u5144\u5f1f\u60c5\u4e49\uff0c\u770b\u5b8c\u4e4b\u540e\u5f88\u540e\u6094\u5f53\u521d\u6bd5\u4e1a\u7684\u65f6\u5019\u6ca1\u6709\u6765\u4e00\u6b21\u8bf4\u8d70\u5c31\u8d70\u7684\u65c5\u884c\u554a\uff01\u4e0d\u8db3\u7684\u5c31\u662f\u51e0\u4f4d\u4e3b\u6f14\u6f14\u7684\u8fd8\u662f\u6bd4\u8f83\u5c2c\uff0c\u8fd8\u6709\u5267\u60c5\u8fd8\u662f\u4e0d\u592a\u8fde\u8d2f\u3002", "useful_count": "1"},
{"page_index": 0, "movie_id": "27611552", "title": "\u8bf4\u8d70\u5c31\u8d70\u4e4b\u4e0d\u8bf4\u518d\u89c1", "username": "Phoenix\u9189\u68a6", "user_id": "158031469", "rating": "\u5f88\u5dee", "date": "2019-05-28", "time": "22:56:22", "comment": "\u79fb\u52a82019 \u897f\u85cf\u98ce\u5149\uff0c\u96ea\u5c71\u5ef6\u65f6\u6444\u5f71\uff0c\u5267\u60c5\u5f88\u4e00\u822c\u554a\u3002", "useful_count": "0"},
{"page_index": 0, "movie_id": "27611552", "title": "\u8bf4\u8d70\u5c31\u8d70\u4e4b\u4e0d\u8bf4\u518d\u89c1", "username": "\u4ec0\u4e48\u65f6\u5019\u4f1a\u957f\u5927", "user_id": "143692543", "rating": "\u5f88\u5dee", "date": "2018-09-23", "time": "19:40:41", "comment": "\u597d\u8d70\u4e0d\u9001", "useful_count": "1"},
{"page_index": 0, "movie_id": "27611552", "title": "\u8bf4\u8d70\u5c31\u8d70\u4e4b\u4e0d\u8bf4\u518d\u89c1", "username": "edel", "user_id": "141287159", "rating": "\u8f83\u5dee", "date": "2018-09-16", "time": "18:48:24", "comment": "\u770b\u4e86\uff0c\u4e24\u9897\u661f\u661f\u9001\u7ed9\u8c28\u8a00\u3002\u987a\u4fbf\u4e3b\u6f14\u4eec\u7684\u6f14\u6280\u90fd\u8fd8\u53ef\u4ee5\uff0c\u53ea\u662f\uff0c\u7535\u5f71\uff0c\u5b9e\u5728\u592a\u70c2\u4e86\u3002", "useful_count": "1"},
{"page_index": 0, "movie_id": "27611552", "title": "\u8bf4\u8d70\u5c31\u8d70\u4e4b\u4e0d\u8bf4\u518d\u89c1", "username": "\u8db4\u8db4\u306e\u9ca8", "user_id": "136373358", "rating": "\u529b\u8350", "date": "2018-09-15", "time": "15:42:42", "comment": "\u60f3\u8981\u4e00\u4e2a\u5c0f\u767d\u505a\u6211\u7537\u670b\u53cb\uff01\n\u8bb2\u82f1\u6587\u8bb2\u56db\u5ddd\u8bdd\u8bb2\u561f\u561f\u56d4\u56d4\u666e\u901a\u8bdd\u7684\u5c0f\u767d\uff0c\u5531\u6447\u6eda\u62cdMV\u8dd1\u6765\u8dd1\u53bb\u5f39\u7740\u5409\u4ed6\u7684\u5c0f\u767d\uff0c\u4e11\u840c\u4e11\u840c\u7b11\u8d77\u6765\u6574\u4e2a\u4eba\u90fd\u53d1\u5149\u8ba9\u4eba\u5fcd\u4e0d\u4f4f\u4e00\u540c\u8ddf\u7740\u7b11\u7684\u5c0f\u767d\u3002\n\u81ea\u7136\u5377\u7684\u718a\u6ce2\uff0c\u592a\u53ef\u7231\u4e86\uff01\uff01\uff01", "useful_count": "4"},
{"page_index": 0, "movie_id": "27611552", "title": "\u8bf4\u8d70\u5c31\u8d70\u4e4b\u4e0d\u8bf4\u518d\u89c1", "username": "\u7279\u7acb\u7368\u884c", "user_id": "stuartcheese", "rating": "\u8f83\u5dee", "date": "2018-11-05", "time": "09:29:22", "comment": "\u770b\u5230\u7247\u540d\u5c31\u77e5\u9053\u662f\u70c2\u7247\u4e86\uff0c\u770b\u4e86\u5f00\u5934\u4e09\u5206\u949f\u786e\u5b9a\u4e86\u5224\u65ad\uff0c\u679c\u7136\u662f\u3002", "useful_count": "0"},
{"page_index": 0, "movie_id": "27611552", "title": "\u8bf4\u8d70\u5c31\u8d70\u4e4b\u4e0d\u8bf4\u518d\u89c1", "username": "dos\u4e36", "user_id": "170472353", "rating": "\u5f88\u5dee", "date": "2019-02-23", "time": "20:55:07", "comment": "\u79c0\u5230\u6211\u5934\u76ae\u53d1\u9ebb\u3002", "useful_count": "0"},
{"page_index": 0, "movie_id": "27611552", "title": "\u8bf4\u8d70\u5c31\u8d70\u4e4b\u4e0d\u8bf4\u518d\u89c1", "username": "\u59e8\u592a", "user_id": "63670081", "rating": "\u8fd8\u884c", "date": "2018-11-22", "time": "22:35:50", "comment": "\u54c8\u54c8\u54c8\u54c8\u8fd8\u53ef\u4ee5 \u559c\u6b22\u7537\u56db\u53f7 \u6211\u76d0\u597d\u7f8e\u54e6 \u770b\u5b8c\u60f3\u8df3\u4f1e\u4e86 \u4e24\u661f\u534a \u6709\u90e8\u5206\u53f0\u8bcd\u6709\u70b9\u5c2c", "useful_count": "0"},
{"page_index": 0, "movie_id": "27611552", "title": "\u8bf4\u8d70\u5c31\u8d70\u4e4b\u4e0d\u8bf4\u518d\u89c1", "username": "IDKH", "user_id": "165168005", "rating": "\u5f88\u5dee", "date": "2018-10-26", "time": "17:20:25", "comment": "\u6c61\u7cbe\u708e\u8fd9\u81ed\u9e21\u771f\u662f\u4e22\u4eba\u73b0\u773c\uff0c\u6f14\u4e86\u90e8\u5ef6\u559c\u653b\u5395\u5c31\u5c3e\u5df4\u7fd8\u5929\u751f\u53bb\u4e86\uff0c\u88ab\u5404\u5927\u5b98\u5a92\u8054\u5408\u70b9\u540d\u6279\u8bc4\u4e5f\u662f\u6d3b\u8be5\u3002", "useful_count": "0"},
{"page_index": 0, "movie_id": "27611552", "title": "\u8bf4\u8d70\u5c31\u8d70\u4e4b\u4e0d\u8bf4\u518d\u89c1", "username": "addictflower", "user_id": "170774131", "rating": "\u8fd8\u884c", "date": "2018-09-14", "time": "22:35:38", "comment": "\u82b11\u6bdb\u94b1\u770b\u7684\uff0c\u98ce\u666f\u4e0d\u9519\uff0c\u56db\u4e2a\u7537\u751f\u633a\u641e\u7b11\u7684\uff0c\u89c9\u5f97\u5973\u4e3b\u5f88\u591a\u4f59\uff0c\u6700\u540e\u767b\u5c71\u90a3\u91cc\u6709\u70b9\u5047\u3002", "useful_count": "1"},
{"page_index": 0, "movie_id": "27611552", "title": "\u8bf4\u8d70\u5c31\u8d70\u4e4b\u4e0d\u8bf4\u518d\u89c1", "username": "\u6c90\u5b50\u620b", "user_id": "zhangmt0324", "rating": "\u8fd8\u884c", "date": "2018-09-15", "time": "00:08:17", "comment": "\u4e50\u5475\u4e50\u5475\u5f97\u4e86\u3002\u6ca1\u4ec0\u4e48\u6df1\u5ea6\uff0c\u4f46\u662f\u5468\u4e94\u665a\u4e0a\u7684\u7206\u7c73\u82b1\u7535\u5f71\uff0c\u8fd8\u53ef\u4ee5\u5427\u3002", "useful_count": "1"},
{"page_index": 0, "movie_id": "27611552", "title": "\u8bf4\u8d70\u5c31\u8d70\u4e4b\u4e0d\u8bf4\u518d\u89c1", "username": "\u5446\u74dc", "user_id": "162980227", "rating": "\u5f88\u5dee", "date": "2018-09-23", "time": "15:00:07", "comment": "\u8bf7\u96f7\u5288\u59d0\u5b89", "useful_count": "2"},
{"page_index": 0, "movie_id": "27611552", "title": "\u8bf4\u8d70\u5c31\u8d70\u4e4b\u4e0d\u8bf4\u518d\u89c1", "username": "kka", "user_id": "50303535", "rating": "\u8fd8\u884c", "date": "2018-09-16", "time": "19:20:33", "comment": "\u4ece\u53ef\u770b\u6027\u4e0a\u6765\u8bf4\uff0c\u591a\u79cd\u5143\u7d20\u5f88\u4e30\u76c8\uff0c\u6709\u7b11\u70b9\uff1b\u4f46\u8981\u662f\u5e74\u8f7b\u4eba\u90fd\u662f\u8fd9\u6837\u7684\u4e09\u89c2\uff0c\u771f\u662f\u8ba9\u4eba\u7ec6\u601d\u6050\u6781\uff0c\u4f46\u613f\u8fd9\u53ea\u662f\u5947\u8469\uff0c\u800c\u975e\u65e5\u5e38", "useful_count": "0"},
{"page_index": 0, "movie_id": "27611552", "title": "\u8bf4\u8d70\u5c31\u8d70\u4e4b\u4e0d\u8bf4\u518d\u89c1", "username": "\u4e0d\u9ad8\u5174", "user_id": "58338006", "rating": "\u8fd8\u884c", "date": "2018-12-19", "time": "20:54:05", "comment": "\u5267\u60c5\u6709\u4e9b\u5e7c\u7a1a \u4e0d\u8fc7\u8fd8\u53ef\u4ee5\u4e86 \u540e\u9762\u52b1\u5fd7\u60c5\u8282\u6709\u4e9b\u5411\u5370\u5ea6\u5f00\u6302\u7247\u770b\u9f50", "useful_count": "0"},
{"page_index": 0, "movie_id": "27611552", "title": "\u8bf4\u8d70\u5c31\u8d70\u4e4b\u4e0d\u8bf4\u518d\u89c1", "username": "\u5149\u660e\u738b\u540e", "user_id": "133258798", "rating": "\u8fd8\u884c", "date": "2018-09-17", "time": "00:14:36", "comment": "\u867d\u7136\u53ea\u662f\u4e00\u4e2a\u60c5\u8282\u7b80\u5355\u7684\u9752\u6625\u559c\u5267\u7247\uff0c\u4f46\u662f\uff0c\u4ecd\u7136\u5f88\u6b23\u6170\u7684\u770b\u5230\u9752\u5e74\u6f14\u5458\u7684\u6210\u957f\uff0c\u4ed6\u4eec\u5176\u5b9e\u4e0d\u9700\u8981\u9760\u7092\u4f5c\u7eef\u95fb\u7b49\u624b\u6bb5\uff0c\u53ea\u9700\u8981\u8e0f\u8e0f\u5b9e\u5b9e\u7684\u53bb\u6210\u957f\uff0c\u53bb\u78e8\u7ec3\u81ea\u5df1\u5c31\u591f\u4e86\u3002", "useful_count": "1"},
{"page_index": 0, "movie_id": "27611552", "title": "\u8bf4\u8d70\u5c31\u8d70\u4e4b\u4e0d\u8bf4\u518d\u89c1", "username": "\u53eb\u5565\u597d\u5462\uff1f", "user_id": "149530608", "rating": "\u8f83\u5dee", "date": "2018-09-18", "time": "08:28:19", "comment": "\uff1f\uff1f\u4ec0\u4e48\u9b3c\u4e1c\u897f\uff0c\u56fd\u4ea7\u7535\u5f71\u7684\u5267\u60c5\u771f\u7684\u60e8\u4e0d\u5fcd\u7779\uff0c\u6f14\u5458\u4e5f\u4e0d\u884c\u554a\uff01", "useful_count": "1"},
{"page_index": 0, "movie_id": "27611552", "title": "\u8bf4\u8d70\u5c31\u8d70\u4e4b\u4e0d\u8bf4\u518d\u89c1", "username": "harvey\u5c11\u6821", "user_id": "108693709", "rating": "\u63a8\u8350", "date": "2019-05-20", "time": "06:28:22", "comment": "\u56db\u79cd\u4eba\uff0c\u8001\u56db\u4e0d\u8981\u8138\uff0c\u8001\u4e09\u5bcc\u4e8c\u4ee3\uff0c\u8001\u4e8c\u624d\u5b50\uff0c\u53ea\u6709\u80fd\u88c5\u624d\u662f\u8001\u5927\u3002", "useful_count": "1"},
{"page_index": 0, "movie_id": "27611552", "title": "\u8bf4\u8d70\u5c31\u8d70\u4e4b\u4e0d\u8bf4\u518d\u89c1", "username": "\u963fthur", "user_id": "149260708", "rating": "\u63a8\u8350", "date": "2020-04-26", "time": "14:19:19", "comment": "\u559c\u6b22\u4ec0\u4e48\uff1f\u56e0\u4f55\u800c\u611f\u52a8\u843d\u6cea\uff1f\u767b\u73e0\u5cf0\uff0c\u8df3\u4f1e\u3002\u4eba\u7684\u4e00\u751f\u8be5\u5982\u4f55\u5ea6\u8fc7\uff1f", "useful_count": "0"},
{"page_index": 0, "movie_id": "27611552", "title": "\u8bf4\u8d70\u5c31\u8d70\u4e4b\u4e0d\u8bf4\u518d\u89c1", "username": "\u5929\u9752", "user_id": "3488109", "rating": "\u8f83\u5dee", "date": "2022-08-03", "time": "15:12:07", "comment": "\u6211\u5fc5\u9808\u627f\u8a8d\u662f\u88ab\u5c01\u9762\u7684\u96ea\u5c71\u5438\u5f15\u770b\u7684\u7247\u3002\u524d\u9762\u8aaa\u53bb\u897f\u85cf\u7d50\u679c\u53bb\u4e86\u5167\u8499\u5c31\u7b97\u4e86\uff0c\u53cd\u6b63\u80e1\u9b27\u5716\u500b\u6a02\u5475\u3002\u53ef\u770b\u8457\u5e7e\u500b\u4e00\u584a\u8179\u808c\uff0c\u8d70\u8def\u90fd\u4e0d\u7a69\uff0c\u53ea\u722c\u904e\u9999\u5c71\u7684\u5b69\u5b50\uff0c\u7adf\u7136\u4e0d\u81ea\u91cf\u529b\u5728\u60e1\u52a3\u5929\u6c23\u4e0b\u5984\u5716\u73e0\u5cf0\u6551\u63f4\u3002\u6211\u60f3\uff0c\u8fd1\u5e74\u90a3\u9ebc\u591a\u6236\u5916\u7684\u4e8b\u6545\uff0c\u9019\u4e9b\u4e0d\u8ca0\u8cac\u4efb\u7684\u96fb\u5f71\u7de8\u5287\u662f\u4e0d\u662f\u4e5f\u6709\u4e9b\u8cac\u4efb\uff1f\u73e0\u5cf0\u554a\uff01\u90a3\u662f\u6709\u9322\u641e\u5957\u88dd\u5099\uff0c\u5e36\u500b\u6c27\u6c23\u7b52\u5c31\u80fd\u767b\u9802\u7684\u55ce\uff1f\u591a\u5c11\u5c08\u696d\u767b\u5c71\u5bb6\u90fd\u6709\u53bb\u7121\u56de\u3002\u7de8\u5287\u662f\u4e0d\u662f\u61c9\u8a72\u8003\u616e\u4e0b\u63db\u500b800\u7c73\u6d77\u62d4\u7684\u8c6c\u760b\uff1f\u6211\u7684\u5929\uff01\u771f\u80fd\uff01", "useful_count": "0"},
{"page_index": 0, "movie_id": "27611552", "title": "\u8bf4\u8d70\u5c31\u8d70\u4e4b\u4e0d\u8bf4\u518d\u89c1", "username": "\u4e59\u6210", "user_id": "177565859", "rating": "\u5f88\u5dee", "date": "2018-09-29", "time": "22:18:26", "comment": "\u70c2\u7247\u9884\u5b9a\u554a\uff0c\u5509\uff5e", "useful_count": "1"},
{"page_index": 0, "movie_id": "27611552", "title": "\u8bf4\u8d70\u5c31\u8d70\u4e4b\u4e0d\u8bf4\u518d\u89c1", "username": "\u8272\u6563\u529b", "user_id": "95427852", "rating": "\u5f88\u5dee", "date": "2019-01-28", "time": "15:27:24", "comment": "\u6bd5\u4e1a\u65c5\u884c  \u8df3\u4f1e\u767b\u5c71  \u548c\u89e3", "useful_count": "0"},
{"page_index": 0, "movie_id": "27611552", "title": "\u8bf4\u8d70\u5c31\u8d70\u4e4b\u4e0d\u8bf4\u518d\u89c1", "username": "\u4e8c\u59d1\u5a18\u55f2\u5a03", "user_id": "2253061", "rating": "\u8f83\u5dee", "date": "2021-10-01", "time": "20:03:58", "comment": "\u975e\u5e38\u5c2c\uff0c\u975e\u5e38\u5f31\u667a", "useful_count": "0"},
{"page_index": 0, "movie_id": "27611552", "title": "\u8bf4\u8d70\u5c31\u8d70\u4e4b\u4e0d\u8bf4\u518d\u89c1", "username": "\u4e3a\u7f6a", "user_id": "56980157", "rating": "\u5f88\u5dee", "date": "2020-04-12", "time": "01:32:12", "comment": "\u3002\u3002\u3002\u5dee\u5f97\u6ca1\u6cd5\u770b\u4e0b\u53bb", "useful_count": "0"},
{"page_index": 0, "movie_id": "27611552", "title": "\u8bf4\u8d70\u5c31\u8d70\u4e4b\u4e0d\u8bf4\u518d\u89c1", "username": "24.1\u2103\u7684\u98ce", "user_id": "wd124", "rating": "\u8f83\u5dee", "date": "2022-10-15", "time": "16:59:22", "comment": "\u5c34\u5c2c\u3002", "useful_count": "0"},
{"page_index": 0, "movie_id": "27611552", "title": "\u8bf4\u8d70\u5c31\u8d70\u4e4b\u4e0d\u8bf4\u518d\u89c1", "username": "\u9ea6\u5b50", "user_id": "btone0808", "rating": "\u5f88\u5dee", "date": "2018-11-16", "time": "17:36:27", "comment": "\u8fd9\u6545\u4e8b\u7684\u67b6\u6784\u548c\u60f3\u8981\u8868\u8fbe\u7684\u4e3b\u9898\uff0c\u5c31\u60f3\u8bf4\uff1a\u6ca1\u6709\u91d1\u521a\u94bb\u522b\u63fd\u74f7\u5668\u6d3b", "useful_count": "0"},
{"page_index": 0, "movie_id": "27611552", "title": "\u8bf4\u8d70\u5c31\u8d70\u4e4b\u4e0d\u8bf4\u518d\u89c1", "username": "\u9ed1\u4e4b\u6781", "user_id": "fzawcxx", "rating": null, "date": "2018-09-22", "time": "20:38:30", "comment": "\u8bf4\u4e0d\u770b\u5c31\u4e0d\u770b\uff0c\u4e0d\u4e70\u7535\u5f71\u7968", "useful_count": "0"},
{"page_index": 0, "movie_id": "27611552", "title": "\u8bf4\u8d70\u5c31\u8d70\u4e4b\u4e0d\u8bf4\u518d\u89c1", "username": "\u523a\u523a\u7684\u5c0f\u7c73", "user_id": "lovecamus", "rating": "\u5f88\u5dee", "date": "2018-12-07", "time": "20:00:18", "comment": "\u667a\u969c\u7535\u5f71\uff0c\u5851\u6599\u59d0\u59b9\u60c5\uff0c\u505a\u80cc\u666f\u566a\u58f0\u90fd\u5acc\u5435", "useful_count": "0"},
{"page_index": 0, "movie_id": "27611552", "title": "\u8bf4\u8d70\u5c31\u8d70\u4e4b\u4e0d\u8bf4\u518d\u89c1", "username": "\u66f9\u80dc\u79cb", "user_id": "89663161", "rating": "\u5f88\u5dee", "date": "2019-10-05", "time": "22:41:58", "comment": "\u5c45\u7136\u770b\u4e862\u904d\uff08\u4ee5\u4e3a\u81ea\u5df1\u6ca1\u770b\u8fc7\uff0c\u7b2c\u4e8c\u904d\u770b\u4e86\u5f00\u59cb\u7684\u534a\u5c0f\u65f6\uff0c\u5c45\u7136\u590d\u4e60\u4e86\uff09\u8d76\u7d27\u5f52\u7c7b\uff0c\u6068\uff0c\u81ea\u5df1\u5783\u573e\u7247\u90fd\u6ca1\u5f52\u7c7b\uff0c\u5973\u4e3b\u89d2\u4e00\u773c\u63a0\u8fc7\uff0c\u60f3\u8d77\u6765\uff0c\u8fd9\u4e2a\u767d\u602a\u4e0d\u5f97\u54ea\u91cc\u770b\u5230\u8fc7\uff0c\u4e2d\u9910\u5385\u3002\u3002\u300288.\u3002\u3002\u3002", "useful_count": "0"},
{"page_index": 0, "movie_id": "27611552", "title": "\u8bf4\u8d70\u5c31\u8d70\u4e4b\u4e0d\u8bf4\u518d\u89c1", "username": "Deryfus", "user_id": "70327154", "rating": "\u5f88\u5dee", "date": "2020-02-26", "time": "22:42:32", "comment": "\u548c\u6500\u767b\u8005\u6df7\u526a\uff0c\u4e00\u5b9a\u5f88\u597d\u770b\u3002", "useful_count": "0"},
{"page_index": 0, "movie_id": "27611552", "title": "\u8bf4\u8d70\u5c31\u8d70\u4e4b\u4e0d\u8bf4\u518d\u89c1", "username": "\u5df2\u6ce8\u9500", "user_id": "52631905", "rating": "\u8fd8\u884c", "date": "2018-09-14", "time": "10:33:45", "comment": "\u6628\u5929\u8def\u6f14\u770b\u4e86\u5168\u7247\uff0c\u8fd8\u86ee\u641e\u7b11\u7684\uff0c\u4f46\u662f\u5267\u60c5\u5f88\u5f31", "useful_count": "3"},
{"page_index": 0, "movie_id": "27611552", "title": "\u8bf4\u8d70\u5c31\u8d70\u4e4b\u4e0d\u8bf4\u518d\u89c1", "username": "\u79cd\u690d\u56ed\u7684\u56ed\u4e3b", "user_id": "33822786", "rating": "\u5f88\u5dee", "date": "2018-11-03", "time": "10:15:54", "comment": "\u5e94\u8be5\u6ca1\u6709\u5728\u5f71\u697c\u4e0a\u6620\u5427  \u8fd9\u4e48\u70c2\u7684\u7247\u5b50", "useful_count": "0"},
{"page_index": 0, "movie_id": "27611552", "title": "\u8bf4\u8d70\u5c31\u8d70\u4e4b\u4e0d\u8bf4\u518d\u89c1", "username": "\u4e00\u56e2\u56f0\u706b", "user_id": "58754902", "rating": "\u8fd8\u884c", "date": "2018-09-14", "time": "19:49:28", "comment": "1.\u7537\u7248\u65f6\u4ee3\u59d0\u59b9\u82b1\u7684\u4e00\u7cfb\u5217\u81ea\u4ee5\u4e3a\u70ed\u8840\u7684\u884c\u4e3a\u5b9e\u9645\u5e7c\u7a1a\u4e14\u4f5c\u6b7b\u30022\u5c0f\u767d\u4f60\u77e5\u9053\u4f60\u6ce1\u7684\u662f\u8c01\u7684\u599e\u5417(\u256f\u2035\u25a1\u2032)\u256f\ufe35\u253b\u2501\u253b", "useful_count": "0"},
{"page_index": 0, "movie_id": "27611552", "title": "\u8bf4\u8d70\u5c31\u8d70\u4e4b\u4e0d\u8bf4\u518d\u89c1", "username": "\u5c27\u554a\u5c27\u554a\u5c27", "user_id": "154218150", "rating": "\u5f88\u5dee", "date": "2018-09-16", "time": "12:03:31", "comment": "\u7279\u610f\u627e\u8fc7\u6765\u6253\u5206\u7684\uff0c\u4e0d\u80fd\u60ef\u7740", "useful_count": "5"},
{"page_index": 0, "movie_id": "27611552", "title": "\u8bf4\u8d70\u5c31\u8d70\u4e4b\u4e0d\u8bf4\u518d\u89c1", "username": "\u7231", "user_id": "167178788", "rating": "\u8fd8\u884c", "date": "2018-09-15", "time": "17:10:33", "comment": "\u6210\u957f\uff0c\u4e5f\u8bb8\u8981\u7ecf\u5386\u70b9\u4ec0\u4e48\u624d\u80fd\u5f97\u5230\u5427\uff01\u4e5f\u6210\u957f\u7684\u793c\u7269\u5462\uff0c\u8fd8\u662f\u4ee3\u4ef7\u5462\uff01\u6211\u60f3\u5230\u4e86\u6211\u81ea\u5df1\u7684\u5927\u5b66\uff0c\u5ba4\u53cb\uff01\u4e5f\u662f\u6709\u9ad8\u5174\uff0c\u53c8\u5174\u594b\uff0c\u6709\u5206\u6b67.....\u4f46\u662f\uff0c\u4f3c\u4e4e\u53d1\u73b0\u4ed6\u4eec\u4ea6\u6210\u4e3a\u81ea\u5df1\u7684\u4eba\u751f\u7684\u91cd\u8981\u7684\u4e00\u90e8\u5206\uff01\u7ecf\u5386\u4e2d\uff0c\u6709\u7684\u4eba\u627e\u5230\u4e86\u7231\u60c5\u3001\u76ee\u6807\u3001\u4eba\u751f\u4ef7\u503c\uff0c\u5982\u679c\u8bf4\u4ee5\u524d\u7684\u4ed6\u4eec\u9752\u6da9\uff0c\u73b0\u5728\u7684\u4ed6\u4eec\u5f00\u59cb\u6210\u719f\uff01\u867d\u8bf4\u524d\u9762\u62cd\u7684\u4e0d\u9519\uff01\u90a3\u79cd\u5e74\u8f7b\u7684\u6c14\u6c1b\uff01\u4f46\u662f\u6700\u540e\u4ed6\u4eec\u4f5c\u4e3a\u83dc\u9e1f\u767b\u5cf0\u6551\u4eba\uff0c\u867d\u8bf4\u4ee5\u4e3a\u662f\u73e0\u7a46\u6717\u739b\u5cf0\uff0c\u4f46\u662f\u592a\u8fc7\u68a6\u5e7b\uff01\u5982\u679c\u5f53\u4f5c\u6210\u957f\u4e2d\u7684\u68a6\u5883\uff0c\u4f3c\u4e4e\u4e5f\u4e0d\u9519\u5427\uff01", "useful_count": "0"},
{"page_index": 0, "movie_id": "27611552", "title": "\u8bf4\u8d70\u5c31\u8d70\u4e4b\u4e0d\u8bf4\u518d\u89c1", "username": "\u7231\u6bd4\u6b7b\u66f4\u51b7", "user_id": "70421764", "rating": "\u8fd8\u884c", "date": "2018-10-28", "time": "23:06:50", "comment": "\u5bfc\u6f14: \u5f20\u627f\n\u7f16\u5267: \u5434\u6653\u6b66 / \u718a\u5c11\u6ce2 / \u738b\u66fe\u8d53 / \u738b\u82d1\u83f2\n\u4e3b\u6f14: \u725b\u9a8f\u5cf0 / \u767d\u4e3e\u7eb2 / \u5434\u8c28\u8a00 / \u53ee\u5f53 / \u8d75\u5065\u96f7 / \u674e\u8bda\u5112 / \u679c\u9756\u9716\n\u7c7b\u578b: \u559c\u5267 / \u7231\u60c5 / \u5192\u9669\n\u5236\u7247\u56fd\u5bb6/\u5730\u533a: \u4e2d\u56fd\u5927\u9646", "useful_count": "0"},
{"page_index": 0, "movie_id": "27611552", "title": "\u8bf4\u8d70\u5c31\u8d70\u4e4b\u4e0d\u8bf4\u518d\u89c1", "username": "\u5fe7\u90c1\u4e4b\u6d77", "user_id": "135845762", "rating": "\u5f88\u5dee", "date": "2019-02-22", "time": "23:50:21", "comment": "\u603b\u4e4b\uff0c\u5267\u672c\u662f\u6700\u5927\u7684\u95ee\u9898\uff0c\u7f16\u5267\u548c\u5bfc\u6f14\u60f3\u8868\u8fbe\u7684\u4e1c\u897f\u5176\u5b9e\u662f\u5f88\u7b80\u5355\u7684\u5144\u5f1f\u60c5\u8c0a\uff0c\u4f46\u662f\u5267\u60c5\u5904\u7406\u7684\u592a\u8fc7\u4e8e\u523b\u610f\uff0c\u8ba9\u4eba\u770b\u7740\u611f\u5230\u5c34\u5c2c\u3001\u751f\u786c\u3002", "useful_count": "0"},
{"page_index": 0, "movie_id": "27611552", "title": "\u8bf4\u8d70\u5c31\u8d70\u4e4b\u4e0d\u8bf4\u518d\u89c1", "username": "Chieara", "user_id": "149865086", "rating": "\u63a8\u8350", "date": "2019-01-04", "time": "20:25:58", "comment": "\u83ab\u540d\u89c9\u5f97\u8d85\u597d\u770b\u8bf6\u3002\u968f\u624b\u70b9\u5f00\u7684\u5267\uff0c\u5927\u6982\u4e5f\u662f\u56e0\u4e3a\u5434\u8c28\u8a00\u548c\u767d\u4e3e\u7eb2\uff0c\u4fe9\u4eba\u5c45\u7136\u662fcp\u54e6\uff0c\u602a\u597d\u770b\u7684\u3002\n\u7279\u522b\u662f\u56db\u4eba\u95ee\u8def\u7684\u7247\u6bb5\u8981\u7b11\u6b7b\u3002", "useful_count": "0"},
{"page_index": 0, "movie_id": "27611552", "title": "\u8bf4\u8d70\u5c31\u8d70\u4e4b\u4e0d\u8bf4\u518d\u89c1", "username": "\u54c8\u6b4c", "user_id": "66792345", "rating": "\u5f88\u5dee", "date": "2018-09-18", "time": "16:00:32", "comment": "\u70c2", "useful_count": "2"},
{"page_index": 0, "movie_id": "27611552", "title": "\u8bf4\u8d70\u5c31\u8d70\u4e4b\u4e0d\u8bf4\u518d\u89c1", "username": "\u60a6\u8272\u5c0f\u4e38\u5b50\ud83c\udf61", "user_id": "119867179", "rating": "\u5f88\u5dee", "date": "2022-08-08", "time": "20:57:53", "comment": "\u4eba\u6c99\u96d5 \u6545\u4e8b\u96be\u770b", "useful_count": "0"},
{"page_index": 0, "movie_id": "27611552", "title": "\u8bf4\u8d70\u5c31\u8d70\u4e4b\u4e0d\u8bf4\u518d\u89c1", "username": "\u8c46\u53cb", "user_id": "201877325", "rating": "\u8f83\u5dee", "date": "2022-04-24", "time": "23:36:34", "comment": "\u8865\u6807\n\u6ca1\u5565\u8425\u517b\u7684\u7535\u5f71", "useful_count": "0"},
{"page_index": 0, "movie_id": "27611552", "title": "\u8bf4\u8d70\u5c31\u8d70\u4e4b\u4e0d\u8bf4\u518d\u89c1", "username": "\u6210\u0f80\u6210\u20d1", "user_id": "143293768", "rating": "\u5f88\u5dee", "date": "2018-11-11", "time": "11:40:27", "comment": "\u542c\u540d\u5b57\u5c31\u77e5\u9053\u70c2 \u5dee\u8bc4\u4e86\u770b\u90fd\u4e0d\u4f1a\u53bb\u770b", "useful_count": "0"},
{"page_index": 0, "movie_id": "27611552", "title": "\u8bf4\u8d70\u5c31\u8d70\u4e4b\u4e0d\u8bf4\u518d\u89c1", "username": "\u8bf4\u597d\u4e86\u4e0d\u52a8\u60c5", "user_id": "205252701", "rating": "\u8f83\u5dee", "date": "2020-03-30", "time": "12:25:40", "comment": "\u8fd8\u53ef\u4ee5\u5427", "useful_count": "0"},
{"page_index": 0, "movie_id": "27611552", "title": "\u8bf4\u8d70\u5c31\u8d70\u4e4b\u4e0d\u8bf4\u518d\u89c1", "username": "holyfishman", "user_id": "holy-fishman", "rating": "\u5f88\u5dee", "date": "2018-09-16", "time": "15:33:50", "comment": "\u8fd9\u4e0d\u6d6a\u8d39\u94b1\u5417", "useful_count": "3"},
{"page_index": 0, "movie_id": "27611552", "title": "\u8bf4\u8d70\u5c31\u8d70\u4e4b\u4e0d\u8bf4\u518d\u89c1", "username": "Y", "user_id": "27528030", "rating": "\u5f88\u5dee", "date": "2018-12-27", "time": "13:49:37", "comment": "\u4e00\u8a00\u4e0d\u5408\u5c31\u51fa\u8d70", "useful_count": "0"},
{"page_index": 0, "movie_id": "27611552", "title": "\u8bf4\u8d70\u5c31\u8d70\u4e4b\u4e0d\u8bf4\u518d\u89c1", "username": "\u5218\u6c5f\u6cb3", "user_id": "158031961", "rating": "\u8f83\u5dee", "date": "2018-11-02", "time": "19:32:02", "comment": "\u6211\u2026\u2026", "useful_count": "0"},
{"page_index": 0, "movie_id": "27611552", "title": "\u8bf4\u8d70\u5c31\u8d70\u4e4b\u4e0d\u8bf4\u518d\u89c1", "username": "\u6dd8\u4e50\u59a4", "user_id": "48938261", "rating": "\u8f83\u5dee", "date": "2018-10-29", "time": "21:03:42", "comment": "\u771f\u6ca1\u8bf4\u8fd9\u7247\uff0c\u6700\u591a\u7ed9\u5230\u4e24\u661f\u4e86\u3002", "useful_count": "0"},
{"page_index": 0, "movie_id": "27611552", "title": "\u8bf4\u8d70\u5c31\u8d70\u4e4b\u4e0d\u8bf4\u518d\u89c1", "username": "Seven\u5347", "user_id": "56869236", "rating": "\u8f83\u5dee", "date": "2019-12-08", "time": "12:12:57", "comment": "\u722c\u73e0\u5cf0\u548c\u73a9\u4e00\u6837", "useful_count": "0"},
{"page_index": 0, "movie_id": "27611552", "title": "\u8bf4\u8d70\u5c31\u8d70\u4e4b\u4e0d\u8bf4\u518d\u89c1", "username": "\u7231\u7535\u5f71\u7231\u57fa\u5fb7", "user_id": "167348781", "rating": "\u8f83\u5dee", "date": "2020-01-19", "time": "22:24:50", "comment": "\u8d76\u5feb\u8d81\u7740\u5434\u8c28\u8a00\u521a\u706b\u51fa\u4e00\u90e8\u7247\u5b50\u800c\u5df2\u3002", "useful_count": "0"},
{"page_index": 0, "movie_id": "27611552", "title": "\u8bf4\u8d70\u5c31\u8d70\u4e4b\u4e0d\u8bf4\u518d\u89c1", "username": "\u590f", "user_id": "172067778", "rating": "\u8f83\u5dee", "date": "2018-11-01", "time": "20:04:39", "comment": "\u5728\u8fd9\u5f00\u73a9\u7b11\u5462\uff1f", "useful_count": "0"},
{"page_index": 0, "movie_id": "27611552", "title": "\u8bf4\u8d70\u5c31\u8d70\u4e4b\u4e0d\u8bf4\u518d\u89c1", "username": "\u6728\u6728\u7231\u7528\u9999\u5948\u9e45", "user_id": "76817530", "rating": "\u8f83\u5dee", "date": "2020-09-22", "time": "03:14:27", "comment": "\u5728\u67d0\u4eba\u5bb6\u91cc\u770b\u7684\uff0c\u70c2\u70c2\u70c2\u6ca1\u770b\u5b8c\u5c31\u60f3\u6765\u5410\u69fd\u3002", "useful_count": "0"},
{"page_index": 0, "movie_id": "27611552", "title": "\u8bf4\u8d70\u5c31\u8d70\u4e4b\u4e0d\u8bf4\u518d\u89c1", "username": "\u6728\u897f", "user_id": "roiroii", "rating": "\u8f83\u5dee", "date": "2018-09-17", "time": "14:37:30", "comment": "\u6211\u4eec\u6709\u62cd\u516c\u8def\u7535\u5f71\u7684\u6761\u4ef6\uff0c\u552f\u72ec\u8fd9\u70b9\u8ba9\u4eba\u6b23\u6170", "useful_count": "0"}
]