[
{"page_index": 0, "movie_id": "27597216", "title": "\u6781\u54c1\u5e08\u5f92", "username": "\u591a\u770b\u7535\u5f71\u7231\u7535\u5f71", "user_id": "155985816", "rating": "\u8fd8\u884c", "date": "2018-09-21", "time": "23:27:40", "comment": "\u770b\u8d77\u6765\u8fd8\u884c\uff01", "useful_count": "1"},
{"page_index": 0, "movie_id": "27597216", "title": "\u6781\u54c1\u5e08\u5f92", "username": "\u53d1\u6761\u6668\ud83d\udc3e", "user_id": "191123874", "rating": "\u5f88\u5dee", "date": "2021-07-19", "time": "08:37:27", "comment": "cctv6\u4e0d\u4f1a\u64ad\u70b9\u6b63\u5e38\u7684\u7247\u5b50\u5417", "useful_count": "1"},
{"page_index": 0, "movie_id": "27597216", "title": "\u6781\u54c1\u5e08\u5f92", "username": "\u4e91\u4e0a", "user_id": "169028057", "rating": "\u5f88\u5dee", "date": "2018-09-22", "time": "21:24:54", "comment": "\u5783\u573e\u4e2d\u7684\u6218\u6597\u673a", "useful_count": "4"},
{"page_index": 0, "movie_id": "27597216", "title": "\u6781\u54c1\u5e08\u5f92", "username": "HarperYug", "user_id": "161704364", "rating": "\u63a8\u8350", "date": "2018-09-23", "time": "14:20:06", "comment": "\u653e\u5047\u65e0\u804a\u5728\u5bb6\u6253\u53d1\u65f6\u95f4\uff0c\u770b\u7740\u8fd8\u884c\u5427\uff0c\u53cd\u6b63\u5728\u6211\u4e00\u65c1\u7684\u670b\u53cb\u4e86\u4e2a\u4e0d\u505c\u3002", "useful_count": "0"},
{"page_index": 0, "movie_id": "27597216", "title": "\u6781\u54c1\u5e08\u5f92", "username": "\u7325\u76ae\u76ae", "user_id": "4440366", "rating": "\u63a8\u8350", "date": "2018-09-22", "time": "09:33:43", "comment": "\u8f7b\u677e\u641e\u7b11\uff0c\u8fd8\u4e0d\u9519\uff0c\u770b\u597d\u7537\u4e3b\u89d2\u4ee5\u540e\u53d1\u5c55", "useful_count": "2"},
{"page_index": 0, "movie_id": "27597216", "title": "\u6781\u54c1\u5e08\u5f92", "username": "\u5343\u5e06\u8fdc\u5cab", "user_id": "yunxhuan", "rating": "\u8f83\u5dee", "date": "2018-09-22", "time": "20:42:12", "comment": "\u5b9e\u5728\u662f\u4e0d\u597d\u770b", "useful_count": "2"},
{"page_index": 0, "movie_id": "27597216", "title": "\u6781\u54c1\u5e08\u5f92", "username": "\u591c", "user_id": "97296448", "rating": "\u63a8\u8350", "date": "2018-09-21", "time": "20:19:39", "comment": "\u672c\u6765\u770b\u540d\u5b57\u89c9\u5f97\u662f\u4e2a\u70c2\u7247\uff0c\u4e70\u4e0d\u5230\u9ec4\u91d1\u5144\u5f1f\u52c9\u5f3a\u53bb\u770b\u4e86\u4e00\u4e0b\uff0c\u53d1\u73b0\u683c\u5916\u7684\u4e0d\u9519\uff0c\u6ca1\u592a\u591a\u6df1\u9053\u7406\uff0c\u8f7b\u677e\u4e00\u7b11\uff0c\u5f88\u9002\u5408\u4f11\u606f\u89e3\u538b\u7684\u7535\u5f71\u3002", "useful_count": "2"},
{"page_index": 0, "movie_id": "27597216", "title": "\u6781\u54c1\u5e08\u5f92", "username": "002", "user_id": "86460628", "rating": "\u63a8\u8350", "date": "2018-09-21", "time": "14:37:10", "comment": "\u7b11\u70b9\u633a\u591a\u7684\uff0c\u6ca1\u6709\u660e\u661f\uff0c\u6ca1\u6709\u8981\u8868\u8fbe\u592a\u6df1\u7684\u4eba\u751f\u60f3\u6cd5\uff0c\u8f7b\u677e\u7b11\u4e00\u7b11\uff0c\u8fd8\u662f\u53ef\u4ee5\u7684", "useful_count": "2"},
{"page_index": 0, "movie_id": "27597216", "title": "\u6781\u54c1\u5e08\u5f92", "username": "\u4e00\u6f84\u51e0\u8bb8NN", "user_id": "149746919", "rating": "\u8f83\u5dee", "date": "2018-10-16", "time": "11:19:53", "comment": "\u5c34\u5c2c", "useful_count": "0"},
{"page_index": 0, "movie_id": "27597216", "title": "\u6781\u54c1\u5e08\u5f92", "username": "\u5feb\u53bb\u627e\u5948\u975e\u5929\uff01", "user_id": "Alicias", "rating": "\u5f88\u5dee", "date": "2021-07-19", "time": "07:37:30", "comment": "\u5783\u573e\u4eba\u624d\u559c\u6b22\u770b\u7684\u5783\u573e\u7535\u5f71", "useful_count": "1"},
{"page_index": 0, "movie_id": "27597216", "title": "\u6781\u54c1\u5e08\u5f92", "username": "-\u9b5a\u4ed4--", "user_id": "99340821", "rating": "\u8f83\u5dee", "date": "2018-09-29", "time": "23:23:17", "comment": "\u7684\u786e\u6781\u54c1", "useful_count": "0"},
{"page_index": 0, "movie_id": "27597216", "title": "\u6781\u54c1\u5e08\u5f92", "username": "weakish", "user_id": "WeakishJiang", "rating": "\u5f88\u5dee", "date": "2018-11-20", "time": "22:27:32", "comment": "\u53c8\u4e00\u90e8\u8ba9\u4eba\u611f\u53f9\u8c46\u74e3\u600e\u4e48\u6ca1\u6709\u96f6\u661f\u7684\u7247\u5b50", "useful_count": "2"},
{"page_index": 0, "movie_id": "27597216", "title": "\u6781\u54c1\u5e08\u5f92", "username": "\u5c0f\u7384", "user_id": "18520555", "rating": "\u8f83\u5dee", "date": "2021-05-10", "time": "23:37:51", "comment": "\u9664\u4e86\u5973\u4e3b\uff0c\u597d\u50cf\u6ca1\u5565\u597d\u770b\u7684\u4e86", "useful_count": "0"},
{"page_index": 0, "movie_id": "27597216", "title": "\u6781\u54c1\u5e08\u5f92", "username": "\u79bb\u79bb\u539f\u4e0a\u4e5d\u65b9\u8349", "user_id": "61638467", "rating": "\u8fd8\u884c", "date": "2018-09-19", "time": "19:41:14", "comment": "\u4e00\u822c\u3002", "useful_count": "0"},
{"page_index": 0, "movie_id": "27597216", "title": "\u6781\u54c1\u5e08\u5f92", "username": "\u7a3b\u8349", "user_id": "2506349", "rating": "\u63a8\u8350", "date": "2021-10-07", "time": "20:12:32", "comment": "\u7537\u4e3b\u7684\u5927\u5305\u8bb0\u5fc6\u6df1\u523b", "useful_count": "0"},
{"page_index": 0, "movie_id": "27597216", "title": "\u6781\u54c1\u5e08\u5f92", "username": "\u6843\u5b50\ud83c\udf51", "user_id": "duanjishan", "rating": "\u8f83\u5dee", "date": "2018-09-19", "time": "20:01:25", "comment": "\u6bd4\u8d77\u7231\u60c5\u516c\u5bd3   \u6211\u6253\u4e24\u661f\uff01\uff01", "useful_count": "0"},
{"page_index": 0, "movie_id": "27597216", "title": "\u6781\u54c1\u5e08\u5f92", "username": "\u9053\u9053\u770b\u7535\u5f71", "user_id": "film1984", "rating": "\u5f88\u5dee", "date": "2019-07-14", "time": "16:21:05", "comment": "\u5bfc\u6f14\u957f\u7684\u50cf\u5305\u8d1d\u5c14", "useful_count": "0"},
{"page_index": 0, "movie_id": "27597216", "title": "\u6781\u54c1\u5e08\u5f92", "username": "\u5bd2\u58f0\u788e", "user_id": "157884768", "rating": "\u5f88\u5dee", "date": "2018-09-17", "time": "22:07:18", "comment": "\u70c2\u5230\u5883\u754c\u4e86", "useful_count": "1"},
{"page_index": 0, "movie_id": "27597216", "title": "\u6781\u54c1\u5e08\u5f92", "username": "\u524d\u6eaa\u94c1\u62f3\u738b\u6653\u6ce2", "user_id": "199589005", "rating": "\u8f83\u5dee", "date": "2021-07-19", "time": "18:57:40", "comment": "\u6ca1\u770b\u5b8c\u3002", "useful_count": "0"},
{"page_index": 0, "movie_id": "27597216", "title": "\u6781\u54c1\u5e08\u5f92", "username": "kk", "user_id": "126734592", "rating": "\u5f88\u5dee", "date": "2018-12-31", "time": "00:12:30", "comment": "\u771f\u7684\u8fa3\u9e21 \u6211\u5c45\u7136\u770b\u8fc7", "useful_count": "0"},
{"page_index": 0, "movie_id": "27597216", "title": "\u6781\u54c1\u5e08\u5f92", "username": "\u8d39\u6d1b\u8499", "user_id": "157319720", "rating": "\u529b\u8350", "date": "2018-09-23", "time": "20:42:44", "comment": "\u8fd9\u7247\u5b50\u8fd8\u4e0d\u9519\uff0c\u7b11\u70b9\u633a\u5bc6\u96c6\u6f14\u5458\u5168\u7a0b\u5728\u7ebf\uff0c\u5bf9\u6211\u6765\u8bf4\u8fd8\u662f\u633a\u5e26\u611f\u7684", "useful_count": "0"},
{"page_index": 0, "movie_id": "27597216", "title": "\u6781\u54c1\u5e08\u5f92", "username": "\u9648\u4ec1\u6ecb\u7f8e", "user_id": "2397460", "rating": "\u8fd8\u884c", "date": "2021-02-28", "time": "16:14:11", "comment": "\u8865\u7b7e\u3002", "useful_count": "0"},
{"page_index": 0, "movie_id": "27597216", "title": "\u6781\u54c1\u5e08\u5f92", "username": "\u8c46\u53cbZmlETlcj7E", "user_id": "245971666", "rating": "\u8fd8\u884c", "date": "2022-11-11", "time": "08:11:35", "comment": "\u770b\u4f3c\u641e\u7b11\u7684\uff0c\u5176\u5b9e\u6709\u4e00\u4e2a\u5fd8\u4e0d\u6389\u7684\u60b2\u4f24\u7684\u6545\u4e8b", "useful_count": "0"},
{"page_index": 0, "movie_id": "27597216", "title": "\u6781\u54c1\u5e08\u5f92", "username": "\u963f\u7403", "user_id": "156696421", "rating": "\u5f88\u5dee", "date": "2018-09-22", "time": "11:38:37", "comment": "\u597d!!!!\u591f\u6781\u54c1!", "useful_count": "2"},
{"page_index": 0, "movie_id": "27597216", "title": "\u6781\u54c1\u5e08\u5f92", "username": "shenx", "user_id": "184017392", "rating": "\u5f88\u5dee", "date": "2022-11-11", "time": "14:04:28", "comment": "\u5783\u573e\uff01\uff01\uff01\u600e\u4e48\u8fd8\u6709\u90a3\u4e48\u591a\u4eba\u4e94\u661f\u957f\u8bc4\u554a\uff1f\uff01\u516d\u516c\u4e3b\u4e3a\u4ec0\u4e48\u8981\u653e\u8fd9\u79cd\u4e1c\u897f", "useful_count": "0"},
{"page_index": 0, "movie_id": "27597216", "title": "\u6781\u54c1\u5e08\u5f92", "username": "\u5c0f\u4e00\u52a0\u6cb9", "user_id": "228479842", "rating": "\u8fd8\u884c", "date": "2021-09-24", "time": "20:13:02", "comment": "\u6ca1\u6709\u4e00\u4e2a\u8ba4\u8bc6\u7684\uff0c\u4e5f\u6709\u5f88\u591a\u7535\u5f71\u7684\u5f71\u5b50\uff0c\u4e5f\u8fd8\u4e0d\u9519\u3002", "useful_count": "0"},
{"page_index": 0, "movie_id": "27597216", "title": "\u6781\u54c1\u5e08\u5f92", "username": "\u7434\u624e", "user_id": "rozora1314", "rating": "\u529b\u8350", "date": "2018-10-04", "time": "22:22:36", "comment": "\u7ed9\u5427\u8349\u6253\u7535\u8bdd", "useful_count": "0"},
{"page_index": 0, "movie_id": "27597216", "title": "\u6781\u54c1\u5e08\u5f92", "username": "\u7f57\u68ee\u5185\u91cc", "user_id": "146284414", "rating": "\u529b\u8350", "date": "2018-09-22", "time": "12:49:22", "comment": "\u652f\u6301\u5427\u8349", "useful_count": "0"},
{"page_index": 0, "movie_id": "27597216", "title": "\u6781\u54c1\u5e08\u5f92", "username": "\u6781\u5730\u5927\u4f5c\u6218", "user_id": "124524656", "rating": "\u63a8\u8350", "date": "2021-03-29", "time": "09:58:06", "comment": "\u5c0f\u7a97\u5e7d\u9662", "useful_count": "0"},
{"page_index": 0, "movie_id": "27597216", "title": "\u6781\u54c1\u5e08\u5f92", "username": "\u660ehellokitty", "user_id": "182835060", "rating": "\u529b\u8350", "date": "2018-09-23", "time": "13:39:10", "comment": "\u8fd9\u662f\u4e00\u4e2a\u79d1\u5e7b\u7684\u7535\u5f71\uff0c\u5267\u60c5\u6709\u8282\u594f\uff0c\u6f14\u5458\u53d1\u6325\u8fd8\u597d\uff0c\u503c\u5f97\u770b\u4e00\u4e0b", "useful_count": "0"},
{"page_index": 0, "movie_id": "27597216", "title": "\u6781\u54c1\u5e08\u5f92", "username": "\u8c46\u53cb183525774", "user_id": "183525774", "rating": null, "date": "2018-09-24", "time": "20:06:20", "comment": "\u5f88\u597d\uff0c\u76d7\u5893\u7528\u5f88\u8f7b\u677e\u7684\u559c\u5267\u6f14\u51fa\u6765\uff0c\u770b\u65f6\u4e0d\u90a3\u4e48\u7d27\u5f20\u4e86", "useful_count": "0"},
{"page_index": 0, "movie_id": "27597216", "title": "\u6781\u54c1\u5e08\u5f92", "username": "\u4e1c\u5927\u4e1c\u5927\u4e1c\u4e1c\u5927", "user_id": "184838766", "rating": "\u63a8\u8350", "date": "2018-09-21", "time": "20:28:47", "comment": "\u6ca1\u6709\u660e\u661f\uff0c\u4f46\u662f\u4f5c\u4e3a\u65e5\u5e38\u7684\u6d88\u9063\u8fd8\u662f\u4e0d\u9519\u7684\u3002", "useful_count": "1"},
{"page_index": 0, "movie_id": "27597216", "title": "\u6781\u54c1\u5e08\u5f92", "username": "5725", "user_id": "183381330", "rating": "\u529b\u8350", "date": "2018-09-23", "time": "14:51:30", "comment": "\u8fd9\u4e2a\u4e3b\u7ebf\u770b\u8d77\u6765\u5f88\u8d5e\u554a\uff0c\u76d7\u5893\u7231\u60c5\u7ebf\u771f\u7684\u662f\u4e00\u4e2a\u5f88\u65b0\u9896\u7684\u60f3\u6cd5\uff0c\u8d85\u7ea7\u5438\u5f15\u4eba\uff01", "useful_count": "0"},
{"page_index": 0, "movie_id": "27597216", "title": "\u6781\u54c1\u5e08\u5f92", "username": "sue", "user_id": "183380885", "rating": "\u529b\u8350", "date": "2018-09-23", "time": "14:55:46", "comment": "\u6545\u4e8b\u60c5\u8282\u633a\u68d2\u7684\u5e73\u65f6\u4e5f\u633a\u559c\u6b22\u770b\u8fd9\u79cd\u9898\u6750\u7684\u7535\u5f71  \u6f14\u5458\u6f14\u7684\u90fd\u633a\u68d2\u7684\uff0c\u6bd4\u8f83\u80fd\u5e26\u5165\u8fd9\u4e2a\u89d2\u8272\u5f53\u4e2d\u3002", "useful_count": "0"},
{"page_index": 0, "movie_id": "27597216", "title": "\u6781\u54c1\u5e08\u5f92", "username": "\u65e0\u4e1a\u6e38\u6c11", "user_id": "177375465", "rating": "\u63a8\u8350", "date": "2018-09-23", "time": "14:02:23", "comment": "\u771f\u7684\u662f\u6781\u54c1\uff0c\u867d\u7136\u4e0d\u662f\u5f88\u597d\u770b\uff0c\u4f46\u662f\u8fd8\u662f\u53ef\u4ee5\u7b11\u7740\u770b\u7684\u3002", "useful_count": "0"},
{"page_index": 0, "movie_id": "27597216", "title": "\u6781\u54c1\u5e08\u5f92", "username": "\u72ec\u9ed8\u751f", "user_id": "myang8", "rating": "\u5f88\u5dee", "date": "2021-10-07", "time": "19:50:31", "comment": "\u5076\u7136\u95f4\u770b\u5230\u7684\uff0c\u6211\u8bf4\u8fd8\u53ef\u4ee5\uff0c\u770b\u770b\u5427\uff0c\u5ab3\u5987\u8bf4\u770b\u4e0d\u4e0b\u53bb\uff0c\u6211\u8bf4\u6211\u4e5f\u770b\u4e0d\u4e0b\u53bb\uff0c\u4f46\u5bf9\u7ed3\u5c40\u4e25\u91cd\u7684\u597d\u5947\u5fc3\u652f\u6491\u7740\u6211\u5f80\u4e0b\u770b\uff0c\u770b\u5b8c\u4ee5\u540e\u6211\u89c9\u5f97\u6211\u7684\u597d\u5947\u5fc3\u4e00\u6bdb\u94b1\u90fd\u4e0d\u503c\u3002", "useful_count": "0"},
{"page_index": 0, "movie_id": "27597216", "title": "\u6781\u54c1\u5e08\u5f92", "username": "\u6cfd\u83ab", "user_id": "184604884", "rating": "\u529b\u8350", "date": "2018-09-23", "time": "16:06:24", "comment": "\u6781\u54c1\u76d7\u5893\u7535\u5f71\uff0c\u5728\u559c\u5267\u7684\u5916\u8868\u4e0b\u6709\u7740\u4e00\u9897\u4f20\u64ad\u4e2d\u56fd\u6587\u5316\u7684\u771f\u5fc3\u3002", "useful_count": "0"},
{"page_index": 0, "movie_id": "27597216", "title": "\u6781\u54c1\u5e08\u5f92", "username": "\u795e\u8bc4maker", "user_id": "184701131", "rating": "\u529b\u8350", "date": "2018-09-23", "time": "15:53:01", "comment": "\u4e00\u90e8\u5f88\u641e\u7b11\u7684\u5267\uff0c\u5973\u4e3b\u7f8e\u7f8e\u54d2\uff01\u7b11\u8d77\u6765\u5f88\u597d\u770b\uff01\u7537\u4e3b\u8fd9\u4e2a\u9017\u6bd4\u3002\u3002\u3002", "useful_count": "0"},
{"page_index": 0, "movie_id": "27597216", "title": "\u6781\u54c1\u5e08\u5f92", "username": "\u65e0\u654c\u5965\u7279\u66fc", "user_id": "173850854", "rating": "\u63a8\u8350", "date": "2018-09-23", "time": "15:16:59", "comment": "\u8fd8\u597d\u5427\uff0c\u770b\u8d77\u6765\u8fd8\u53ef\u4ee5\uff0c\u4f11\u95f2\u5a31\u4e50\u6765\u653e\u677e\u4e00\u4e0b\uff01", "useful_count": "0"},
{"page_index": 0, "movie_id": "27597216", "title": "\u6781\u54c1\u5e08\u5f92", "username": "Overdose", "user_id": "184748618", "rating": "\u529b\u8350", "date": "2018-09-23", "time": "15:21:35", "comment": "\u7b11\u70b9\u8fd8\u662f\u5f88\u9ad8\u80fd\u7684 \u6f14\u6280\u989c\u503c\u5728\u7ebf \u7ed3\u5c40\u5f88\u6709\u610f\u601d", "useful_count": "0"},
{"page_index": 0, "movie_id": "27597216", "title": "\u6781\u54c1\u5e08\u5f92", "username": "\u6155\u5357\u541b", "user_id": "183652017", "rating": "\u63a8\u8350", "date": "2018-09-23", "time": "14:34:39", "comment": "\u633a\u597d\u770b\u7684\u559c\u5267\u7535\u5f71\uff0c\u6f14\u5458\u4eec\u7684\u6574\u4f53\u8868\u73b0\u90fd\u5f88\u4e0d\u9519\uff0c\u95fd\u5357\u98ce\u60c5\u5f88\u7f8e\uff0c\u5f88\u559c\u6b22\u3002", "useful_count": "0"},
{"page_index": 0, "movie_id": "27597216", "title": "\u6781\u54c1\u5e08\u5f92", "username": "\u5a07\u5a07", "user_id": "183638630", "rating": "\u63a8\u8350", "date": "2018-09-23", "time": "14:27:49", "comment": "\u8fd8\u884c\u5427\uff0c\u7b11\u70b9\u633a\u591a\u7684\uff0c\u6ca1\u6709\u8981\u8868\u8fbe\u592a\u6df1\u7684\u4eba\u751f\u9053\u7406\uff0c\u7a7a\u95f2\u7740\u7684\u65f6\u5019\u770b\u770b\uff0c\u8f7b\u677e\u7b11\u4e00\u7b11\uff0c\u8fd8\u662f\u4e0d\u9519\u7684\u3002", "useful_count": "0"},
{"page_index": 0, "movie_id": "27597216", "title": "\u6781\u54c1\u5e08\u5f92", "username": "\u6a31\u6843\u5c0f\u4e38\u5b50", "user_id": "184922625", "rating": "\u529b\u8350", "date": "2018-09-23", "time": "15:21:29", "comment": "\u8fd9\u4e2a\u7535\u5f71\u8d85\u7ea7\u597d\u770b\uff0c\u8d85\u7ea7\u559c\u6b22\uff0c\u63a8\u8350\u5927\u5bb6\u53bb\u770b\u4e00\u4e0b", "useful_count": "0"},
{"page_index": 0, "movie_id": "27597216", "title": "\u6781\u54c1\u5e08\u5f92", "username": "Pisugtooq", "user_id": "yahximusiz", "rating": "\u5f88\u5dee", "date": "2021-03-29", "time": "10:11:39", "comment": "\u90a3\u4e9b\u8bf4\u7b11\u6599\u6781\u591a\u7684\u4eba\u662f\u600e\u4e48\u4e0b\u5f97\u53bb\u624b\u6253\u8fd9\u51e0\u4e2a\u5b57\u7684......", "useful_count": "0"},
{"page_index": 0, "movie_id": "27597216", "title": "\u6781\u54c1\u5e08\u5f92", "username": "\u554a\u7238\u7238", "user_id": "184419997", "rating": "\u529b\u8350", "date": "2018-09-23", "time": "16:23:09", "comment": "\u7535\u5f71\u6211\u975e\u5e38\u559c\u6b22\uff0c\u8fd9\u4e2a\u98ce\u683c\u5f88\u8f7b\u677e\uff0c\u4e5f\u975e\u5e38\u8bd9\u8c10\u3002\u8fd9\u4e48\u68d2\u7684\u4e00\u4e2a\u7535\u5f71\uff0c\u771f\u7684\u503c\u5f97\u670b\u53cb\u4eec\u770b\u4e00\u770b", "useful_count": "0"},
{"page_index": 0, "movie_id": "27597216", "title": "\u6781\u54c1\u5e08\u5f92", "username": "\u8c46\u9017", "user_id": "184419956", "rating": "\u529b\u8350", "date": "2018-09-23", "time": "16:21:33", "comment": "\u4e00\u4e2a\u4e0d\u53ef\u591a\u5f97\u7684\u597d\u7535\u5f71\uff0c\u559c\u5267\u4e0e\u52a8\u4f5c\u5e76\u5b58\uff0c\u5e76\u4e14\u6beb\u65e0\u8fdd\u548c\u611f\u3002", "useful_count": "0"},
{"page_index": 0, "movie_id": "27597216", "title": "\u6781\u54c1\u5e08\u5f92", "username": "\u5b59\u5929", "user_id": "153985654", "rating": "\u8fd8\u884c", "date": "2018-10-02", "time": "21:04:35", "comment": "\u503c\u5f97\u770b", "useful_count": "0"},
{"page_index": 0, "movie_id": "27597216", "title": "\u6781\u54c1\u5e08\u5f92", "username": "\u90a3\u4e2a\u4e16\u754c\u7684\u57ce\u5e02", "user_id": "184710426", "rating": "\u529b\u8350", "date": "2018-09-23", "time": "21:22:14", "comment": "   \u6df1\u66f4\u534a\u591c\u53bb\u90a3\u79cd\u5730\u65b9\u76d7\u5893\uff0c  \u6211\u4e5f\u662f\u602a\u6015\u7684\uff0c  \u770b\u4e86\u4e4b\u540e\uff0c  \u6211\u4e5f\u60f3\u53bb\u76d7\u5893\u4e86", "useful_count": "0"},
{"page_index": 0, "movie_id": "27597216", "title": "\u6781\u54c1\u5e08\u5f92", "username": "\u6843\u5b50", "user_id": "184178038", "rating": "\u8fd8\u884c", "date": "2018-09-22", "time": "22:41:39", "comment": "\u611f\u89c9\u597d\u4e00\u822c\uff0c\u8bf4\u662f\u559c\u5267\uff0c\u4f46\u662f\u7b11\u70b9\u4e0d\u591a\u3002\u5931\u671b\uff01", "useful_count": "0"},
{"page_index": 0, "movie_id": "27597216", "title": "\u6781\u54c1\u5e08\u5f92", "username": "\u96e8\u6cfd", "user_id": "115376857", "rating": "\u5f88\u5dee", "date": "2018-09-22", "time": "13:29:03", "comment": "\u5343\u4e07\u522b\u53bb\u770b\uff0c\u80fd\u70c2\u5230\u8fd9\u4e2a\u7a0b\u5ea6\u4e0d\u7b80\u5355\u5440\u3002\u5373\u4f7f\u662f\u9001\u7684\u7968\uff0c\u4e5f\u4f1a\u6d6a\u8d39\u4f60\u7684\u65f6\u95f4\u3002\u5343\u4e07\u522b\u53bb\uff0c\u542c\u6211\u4e00\u53e5\uff01\uff01", "useful_count": "1"},
{"page_index": 0, "movie_id": "27597216", "title": "\u6781\u54c1\u5e08\u5f92", "username": "burc\u3001", "user_id": "50812801", "rating": "\u5f88\u5dee", "date": "2022-11-15", "time": "09:31:10", "comment": "\u600e\u4e48\u6ca1\u6709\u534a\u661f\uff0c\u7b11\u70b9\u523b\u610f\u4e14\u5c34\u5c2c\uff0c\u7b11\u4e0d\u51fa\u6765\uff0c\u5c31\u89c9\u5f97\u90a3\u4e2a\u80d6\u5b50\u8111\u5b50\u4e0d\u597d\u4f7f\uff0c\u5bfc\u6f14\u8111\u5b50\u4e5f\u4e0d\u597d\u4f7f\u3002\u6709\u4eba\u8bf4\u7537\u4e3b\u6709\u5927\u5305\uff0c\u4f46\u5b9e\u5728\u770b\u4e0d\u4e0b\u53bb\u4e86\u3002", "useful_count": "0"},
{"page_index": 0, "movie_id": "27597216", "title": "\u6781\u54c1\u5e08\u5f92", "username": "\u9a6c\u4e0a", "user_id": "184179193", "rating": "\u529b\u8350", "date": "2018-09-23", "time": "14:00:33", "comment": "\u65e0\u610f\u4e2d\u53d1\u73b0\u4e86\u4e00\u90e8\u597d\u7535\u5f71\uff0c\u5927\u5bb6\u4e00\u8d77\u6765\u770b\u4e00\u4e0b\u3002", "useful_count": "1"},
{"page_index": 0, "movie_id": "27597216", "title": "\u6781\u54c1\u5e08\u5f92", "username": "\u590f\u96e8", "user_id": "184921055", "rating": "\u529b\u8350", "date": "2018-09-23", "time": "15:55:16", "comment": "\u8d85\u597d\u770b\u7684\u559c\u5267\u7535\u5f71\uff0c\u95fd\u5357\u98ce\u60c5\u5f88\u7f8e\uff0c\u5f88\u559c\u6b22\u3002", "useful_count": "0"},
{"page_index": 0, "movie_id": "27597216", "title": "\u6781\u54c1\u5e08\u5f92", "username": "\u4e39\u4e39", "user_id": "183650750", "rating": "\u63a8\u8350", "date": "2018-09-23", "time": "14:21:40", "comment": "\u8fd8\u53ef\u4ee5\u5427\uff0c\u4f11\u95f2\u7684\u65f6\u5019\u5f53\u505a\u4e00\u90e8\u8f7b\u677e\u7684\u559c\u5267\u7535\u5f71\u6765\u770b\u770b\u8fd8\u662f\u4e0d\u9519\u7684\u3002", "useful_count": "0"},
{"page_index": 0, "movie_id": "27597216", "title": "\u6781\u54c1\u5e08\u5f92", "username": "\u8c46\u53cb184925161", "user_id": "184925161", "rating": "\u529b\u8350", "date": "2018-09-23", "time": "16:15:45", "comment": "\u559c\u5267\uff0c\u5f88\u5e26\u611f\uff0c\u6709\u5f88\u5f3a\u7684\u79d1\u6280\u5143\u7d20", "useful_count": "0"},
{"page_index": 0, "movie_id": "27597216", "title": "\u6781\u54c1\u5e08\u5f92", "username": "\ud83d\uddff", "user_id": "183945955", "rating": "\u5f88\u5dee", "date": "2018-09-21", "time": "14:00:09", "comment": "\u597d\u770b", "useful_count": "0"},
{"page_index": 0, "movie_id": "27597216", "title": "\u6781\u54c1\u5e08\u5f92", "username": "\u963f\u75f4", "user_id": "183687167", "rating": "\u63a8\u8350", "date": "2018-09-23", "time": "14:47:43", "comment": "\u8fd9\u90e8\u7247\u5b50\u633a\u597d\uff0c\uff0c\u6f14\u5458\u6f14\u6280\u5728\u7ebf\uff0c\u7b11\u70b9\u4e0d\u65ad\uff0c\u80fd\u770b\u51fa\u4f5c\u8005\u7684\u7528\u5fc3\uff0c\u53ef\u4ee5\u8bf4\u662f\u9887\u4e3a\u8bda\u610f\u4e4b\u4f5c\uff01\u56db\u661f\u9f13\u52b1\u3002", "useful_count": "0"},
{"page_index": 0, "movie_id": "27597216", "title": "\u6781\u54c1\u5e08\u5f92", "username": "\u5218\u51ef", "user_id": "215573279", "rating": "\u5f88\u5dee", "date": "2021-02-14", "time": "20:06:34", "comment": "\u597d\u770b\u7684\u7535\u5f71\u4e0d\u80fd\u53ea\u6709\u6211\u81ea\u5df1\u4eab\u53d7\uff0c\u6211\u8981\u5b89\u5229\u7ed9\u5927\u5bb6\uff0c\u8c22\u8c22\u3002\u8fd9\u79cd\u4f20\u627f\u4e2d\u534e\u6587\u5316\u7ecf\u5178\u7684\u4f1f\u5927\u7535\u5f71\u771f\u662f\u770b\u4e00\u90e8\u5c11\u4e00\u90e8\uff0c\u5927\u5bb6\u5feb\u53bb\u770b\u554a", "useful_count": "0"},
{"page_index": 0, "movie_id": "27597216", "title": "\u6781\u54c1\u5e08\u5f92", "username": "\u55b5\u55b5", "user_id": "183687347", "rating": "\u63a8\u8350", "date": "2018-09-23", "time": "14:42:15", "comment": "\u5f88\u559c\u6b22\u8fd9\u79cd\u9898\u6750\u7684\u7535\u5f71\uff0c\u5bfc\u6f14\u5f88\u7528\u5fc3\uff0c\u5267\u60c5\u6e29\u6696\u641e\u7b11\uff0c\u7247\u4e2d\u968f\u5904\u53ef\u89c1\u7684\u95fd\u5357\u98ce\u60c5\u4e3a\u7535\u5f71\u589e\u8272\u4e0d\u5c11\u3002", "useful_count": "0"},
{"page_index": 0, "movie_id": "27597216", "title": "\u6781\u54c1\u5e08\u5f92", "username": "fyi", "user_id": "184999589", "rating": "\u529b\u8350", "date": "2018-09-25", "time": "08:58:13", "comment": "\u5e7d\u9ed8\u8bd9\u8c10\uff0c\u8f7b\u677e\u641e\u7b11\uff0c\u4f46\u5f71\u7247\u540e\u9762\u53c8\u5f88\u611f\u4eba\uff0c\u53d1\u4eba\u6df1\u7701\u3002\u4fdd\u62a4\u548c\u5f18\u626c\u4e2d\u534e\u4f20\u7edf\u6587\u5316\u662f\u4e2d\u534e\u513f\u5973\u4eec\u7684\u8d23\u4efb\u548c\u4e49\u52a1\uff01", "useful_count": "0"},
{"page_index": 0, "movie_id": "27597216", "title": "\u6781\u54c1\u5e08\u5f92", "username": "\u8c46\u53cb184834020", "user_id": "184834020", "rating": "\u63a8\u8350", "date": "2018-09-23", "time": "15:23:47", "comment": "\u770b\u540d\u5b57\u4ee5\u4e3a\u662f\u4ec0\u4e48\u6c34\u7247\uff0c\u4f46\u610f\u6599\u4e4b\u5916\u7684\u597d\u770b\uff0c\u633a\u641e\u7b11\u7684", "useful_count": "0"},
{"page_index": 0, "movie_id": "27597216", "title": "\u6781\u54c1\u5e08\u5f92", "username": "\u65e0\u788d", "user_id": "184889576", "rating": "\u63a8\u8350", "date": "2018-09-23", "time": "13:49:39", "comment": "\u76d7\u5893\u7684\u9898\u6750\uff0c\u6709\u70b9\u60ac\u7591\u60ca\u609a\uff0c\u6ca1\u6709\u5973\u4e3b\u53ef\u60dc\u4e86\u3002", "useful_count": "0"},
{"page_index": 0, "movie_id": "27597216", "title": "\u6781\u54c1\u5e08\u5f92", "username": "\u6d6a\u91cc\u767d\u6761", "user_id": "184857833", "rating": "\u63a8\u8350", "date": "2018-09-23", "time": "14:04:06", "comment": "\u86ee\u597d\u770b\u7684\u4e00\u90e8\u7535\u5f71\uff0c\u5f88\u559c\u6b22\u8fd9\u79cd\u7c7b\u578b\u7684", "useful_count": "0"}
]