[
{"page_index": 0, "movie_id": "26606774", "title": "\u5173\u5173\u96ce\u9e20", "username": "\u7384\u5929\u90aa\u5e1d", "user_id": "51264317", "rating": "\u8fd8\u884c", "date": "2018-12-27", "time": "00:21:57", "comment": "\u8fd8\u884c\u5427\uff0c\u5c45\u7136\u662f\u73b0\u4ee3\u7247", "useful_count": "0"},
{"page_index": 0, "movie_id": "26606774", "title": "\u5173\u5173\u96ce\u9e20", "username": "\u666e\u901a\u5973\u5b69\u79cb\u4e0d\u91ce", "user_id": "87599429", "rating": "\u8f83\u5dee", "date": "2019-07-05", "time": "19:11:57", "comment": "\u53e4\u4ee3\u7684\u5341\u51e0\u5206\u949f\u4e0d\u9519\uff0c\u53ef\u80fd\u4e3b\u8981\u662f\u7ea2\u8863\u670d\u6bd4\u8f83\u7f8e\u3002\u73b0\u4ee3\u90a3\u5bf9\u4e0d\u6562\u606d\u7ef4\u3002", "useful_count": "1"},
{"page_index": 0, "movie_id": "26606774", "title": "\u5173\u5173\u96ce\u9e20", "username": "coolfax", "user_id": "coolfax", "rating": "\u8f83\u5dee", "date": "2019-02-08", "time": "20:57:26", "comment": "\u8003\u53e4\u8fd9\u6761\u4e3b\u7ebf\u6211\u89c9\u5f97\u662f\u633a\u4e0d\u9519\u7684\uff0c\u4f46\u5982\u679c\u80fd\u53bb\u6389\u73b0\u4ee3\u7537\u5973\u7684\u72d7\u8840\u7231\u60c5\u6545\u4e8b\uff0c\u6211\u89c9\u5f97\u8fd9\u4e2a\u7535\u5f71\u4f1a\u66f4\u597d\u4e00\u4e9b\u3002", "useful_count": "0"},
{"page_index": 0, "movie_id": "26606774", "title": "\u5173\u5173\u96ce\u9e20", "username": "aisnowxue", "user_id": "178422593", "rating": "\u63a8\u8350", "date": "2019-11-03", "time": "12:26:09", "comment": "\u5176\u5b9e\u629b\u5374\u989c\u503c\u548c\u573a\u666f\u6765\u8bf4\uff0c\u8fd9\u4e2a\u7535\u5f71\u8fd8\u4e0d\u9519\u3002\u81f3\u5c11\u5b83\u5b8c\u6574\u7684\u523b\u753b\u4e86\u90a3\u51e0\u9996\u8bd7\u7ecf\u7684\u542b\u4e49\u3002\n\u6574\u4f53\u8282\u594f\u628a\u63e1\u7684\u4e5f\u597d\uff0c\u4e0d\u62d6\u62c9\uff0c\u65e0\u591a\u4f59\u60c5\u8282\u3002", "useful_count": "1"},
{"page_index": 0, "movie_id": "26606774", "title": "\u5173\u5173\u96ce\u9e20", "username": "\u6c5f\u8fb9\u84d1\u7b20\u7fc1", "user_id": "164635025", "rating": "\u8f83\u5dee", "date": "2018-10-28", "time": "04:34:43", "comment": "\u8fd9\u91cc\u9762\u7684\u7231\u60c5\u6709\u70b9\u5947\u602a\uff0c\u50cf\u786c\u5f80\u8bd7\u7ecf\u4e0a\u9760\u7684\u611f\u89c9\u3002", "useful_count": "0"},
{"page_index": 0, "movie_id": "26606774", "title": "\u5173\u5173\u96ce\u9e20", "username": "\u5f69\u620f\u5e08wala", "user_id": "caixishi", "rating": "\u5f88\u5dee", "date": "2018-11-01", "time": "20:57:13", "comment": "\u5927\u5976\u7d20\u63cf", "useful_count": "0"},
{"page_index": 0, "movie_id": "26606774", "title": "\u5173\u5173\u96ce\u9e20", "username": "\u5410\u69fd\u7684\u9171\u6cb9\u74f6", "user_id": "155214761", "rating": "\u529b\u8350", "date": "2018-10-22", "time": "22:41:43", "comment": "\u5f88\u5c11\u6709\u80fd\u770b\u5b8c\u7684\u56fd\u4ea7\u7535\u5f71\u4e86\u3002", "useful_count": "1"},
{"page_index": 0, "movie_id": "26606774", "title": "\u5173\u5173\u96ce\u9e20", "username": "\u5c71\u6e56", "user_id": "idiot.child", "rating": "\u8fd8\u884c", "date": "2019-09-25", "time": "00:19:29", "comment": "\u4ee5\u4e3a\u662f\u8001\u7247\uff0c\u9898\u6750\u4e0d\u9519", "useful_count": "0"},
{"page_index": 0, "movie_id": "26606774", "title": "\u5173\u5173\u96ce\u9e20", "username": "Somnus\u3002", "user_id": "2174160", "rating": "\u8fd8\u884c", "date": "2018-11-08", "time": "01:38:38", "comment": "\u8fd9\u4e2a\u6d77\u62a5\u7684p\u56fe\u8fd8\u6ca1\u6211p\u7684\u81ea\u7136\u3002\u3002\u770b\u5728\u5168\u7a0b\u770b\u5b8c\u7684\u4efd\u4e0a\u7ed9\u4e2a\u53ca\u683c\u5206", "useful_count": "0"},
{"page_index": 0, "movie_id": "26606774", "title": "\u5173\u5173\u96ce\u9e20", "username": "\u80e7\u6708\u591c", "user_id": "longyueye", "rating": "\u5f88\u5dee", "date": "2019-06-03", "time": "22:06:00", "comment": "\u8fd9\u4ec0\u4e48\u7834\u7535\u5f71\uff1f", "useful_count": "2"},
{"page_index": 0, "movie_id": "26606774", "title": "\u5173\u5173\u96ce\u9e20", "username": "\u7d2b\u90aa", "user_id": "Dandy_Space", "rating": "\u529b\u8350", "date": "2021-09-29", "time": "11:08:32", "comment": "\u301090\u3011\n\n\u975e\u5e38\u597d", "useful_count": "0"},
{"page_index": 0, "movie_id": "26606774", "title": "\u5173\u5173\u96ce\u9e20", "username": "ida", "user_id": "fancy-yu", "rating": "\u63a8\u8350", "date": "2020-04-02", "time": "21:31:41", "comment": "\u597d\u5de5\u6574", "useful_count": "0"},
{"page_index": 0, "movie_id": "26606774", "title": "\u5173\u5173\u96ce\u9e20", "username": "\u6d77\u5ca9", "user_id": "67125371", "rating": "\u8fd8\u884c", "date": "2018-10-29", "time": "21:39:36", "comment": "\u7c97\u7cd9\u4f46\u4e0d\u4e4f\u8bda\u610f\u7684\u4f5c\u54c1\uff0c\u5267\u672c\u6734\u5b9e\u65e0\u534e\u4f46\u4e0d\u5931\u52a8\u4eba\u7684\u529b\u91cf\uff0c\u65e0\u5948\u770b\u5f97\u51fa\u5236\u4f5c\u7ecf\u8d39\u7740\u5b9e\u6709\u9650\uff0c\u5728\u6280\u672f\u5c42\u9762\u6240\u8868\u9732\u51fa\u6765\u7684\u5f0a\u7aef\u62c9\u4f4e\u4e86\u7535\u5f71\u7684\u6c34\u5e73\u3002\u518d\u4e00\u6b21\u5411\u4e16\u4eba\u8868\u660e\uff0c\u4e2d\u534e\u6587\u5316\u7ed9\u4e88\u7535\u5f71\u4eba\u5b9e\u5728\u662f\u6709\u592a\u4e30\u5bcc\u7684\u521b\u4f5c\u7a7a\u95f4\u4e0e\u7075\u611f\u3002", "useful_count": "1"},
{"page_index": 0, "movie_id": "26606774", "title": "\u5173\u5173\u96ce\u9e20", "username": "\u897f\u5357\u5b63\u98ce", "user_id": "basin1997", "rating": "\u8f83\u5dee", "date": "2018-10-23", "time": "19:56:40", "comment": "\u60f3\u501f\u300a\u8bd7\u7ecf\u300b\u4e0e\u8003\u53e4\u8bb2\u53e4\u4ee3\u4e0e\u73b0\u4ee3\u7684\u7231\u60c5\uff0c\u7ed3\u679c\u6545\u4e8b\u7ebf\u6df7\u4e71\uff0c\u516b\u6210\u90fd\u5475\u5475\u6389\u4e86\u3002", "useful_count": "0"},
{"page_index": 0, "movie_id": "26606774", "title": "\u5173\u5173\u96ce\u9e20", "username": "\u82a5\u5b50\u4e66\u5c4b", "user_id": "47819631", "rating": "\u8fd8\u884c", "date": "2020-12-01", "time": "01:58:01", "comment": "\u5f88\u8ba9\u4eba\u60ca\u559c\u3002", "useful_count": "0"},
{"page_index": 0, "movie_id": "26606774", "title": "\u5173\u5173\u96ce\u9e20", "username": "\u50bb\u74dc\u5927\u4eba", "user_id": "163227180", "rating": "\u8f83\u5dee", "date": "2022-06-28", "time": "23:28:35", "comment": "\u771f\u7684\u4e00\u822c\ud83d\ude15", "useful_count": "0"},
{"page_index": 0, "movie_id": "26606774", "title": "\u5173\u5173\u96ce\u9e20", "username": "WildBloom", "user_id": "59618387", "rating": "\u63a8\u8350", "date": "2019-05-28", "time": "16:06:50", "comment": "\u8003\u53e4\u6316\u6398\u662f\u8bb2\u53e4\u4ee3\u6545\u4e8b\u7684\u597d\u8d77\u70b9 \u878d\u5408\u8bd7\u7ecf\u793c\u4e50\u8ba9\u6545\u4e8b\u6ca1\u6709\u90a3\u4e48\u5355\u8c03 \u5267\u60c5\u625b\u8d77\u4e86\u5927\u6881 \u540c\u610f\u6709\u8bc4\u8bba\u8bf4\u4e2d\u534e\u6587\u5316\u63d0\u4f9b\u4e86\u60f3\u8c61\u548c\u521b\u4f5c\u7684\u7a7a\u95f4\u548c\u571f\u58e4 \u9f13\u52b1\u4e00\u4e0b\u6ca1\u6709\u8457\u540d\u6f14\u5458\u5927\u5236\u4f5c\u5927\u573a\u666f\u7684\u6587\u827a\u7247", "useful_count": "1"},
{"page_index": 0, "movie_id": "26606774", "title": "\u5173\u5173\u96ce\u9e20", "username": "Edward", "user_id": "98470606", "rating": "\u8f83\u5dee", "date": "2019-10-02", "time": "22:04:32", "comment": "\u5267\u60c5\u5982\u767d\u6c34\uff08\u4eba\u7269\u989c\u503c\u4e5f\u4f4e\uff09", "useful_count": "0"},
{"page_index": 0, "movie_id": "26606774", "title": "\u5173\u5173\u96ce\u9e20", "username": "rocky", "user_id": "Grote", "rating": "\u63a8\u8350", "date": "2018-12-17", "time": "21:34:45", "comment": "\u8fd8\u53ef\u4ee5", "useful_count": "0"},
{"page_index": 0, "movie_id": "26606774", "title": "\u5173\u5173\u96ce\u9e20", "username": "\u5893\u5f52", "user_id": "shenhan33", "rating": "\u63a8\u8350", "date": "2018-10-26", "time": "21:11:07", "comment": "\u6b7b\u751f\u5951\u9614\uff0c\u4e0e\u5b50\u6210\u8bf4\u3002\u5c0f\u6210\u672c\u7535\u5f71\uff0c\u5f15\u8bd7\u7ecf\u8bb2\u7231\u60c5\u6545\u4e8b\u3002", "useful_count": "0"},
{"page_index": 0, "movie_id": "26606774", "title": "\u5173\u5173\u96ce\u9e20", "username": "\u52a0\u7f2a\u4f1a\u780d\u6811", "user_id": "211842727", "rating": "\u63a8\u8350", "date": "2021-08-09", "time": "09:54:55", "comment": "\u4e0d\u9519 \u5e0c\u671b\u5bfc\u6f14\u4eec\u62cd\u66f4\u591a\u4e2d\u56fd\u4f20\u7edf\u6587\u5316\u7684\u7535\u5f71", "useful_count": "0"},
{"page_index": 0, "movie_id": "26606774", "title": "\u5173\u5173\u96ce\u9e20", "username": "Heartbud", "user_id": "220155642", "rating": "\u63a8\u8350", "date": "2021-11-12", "time": "16:56:13", "comment": "\u9ad8\u4e2d\u65f6\u770b\u8fc7\u7684\u4e00\u90e8\u56fd\u4ea7\u6587\u827a\u7247\uff0c\u867d\u7136\u60c5\u8282\u6709\u4e9b\u5a9a\u4fd7\u4e14\u7ecf\u4e0d\u8d77\u63a8\u6572\uff0c\u4f46\u662f\u5bf9\u4e8e\u672c\u6c11\u65cf\u7684\u4f20\u7edf\u6587\u5316\u548c\u542b\u84c4\u7684\u6d6a\u6f2b\u60c5\u6000\uff0c\u5374\u8868\u73b0\u5f97\u8bda\u631a\u800c\u900f\u5f7b\uff0c\u56e0\u6b64\u80fd\u591f\u89e6\u52a8\u4eba\u5fc3\u3002", "useful_count": "0"},
{"page_index": 0, "movie_id": "26606774", "title": "\u5173\u5173\u96ce\u9e20", "username": "\u7cd6\u5462\u5462\u602a", "user_id": "147225778", "rating": "\u8fd8\u884c", "date": "2018-12-29", "time": "23:27:38", "comment": "\u611f\u89c9\u633a\u597d\u7684", "useful_count": "0"},
{"page_index": 0, "movie_id": "26606774", "title": "\u5173\u5173\u96ce\u9e20", "username": "\u63cf\u7720", "user_id": "164999477", "rating": "\u63a8\u8350", "date": "2018-10-22", "time": "19:52:28", "comment": "\u7535\u5f71\u91cc\u7684\u6b4c\u66f2\u90fd\u597d\u542c\u8bf6", "useful_count": "0"},
{"page_index": 0, "movie_id": "26606774", "title": "\u5173\u5173\u96ce\u9e20", "username": "\u9e7f\u89d2\u5e15\u5e15", "user_id": "adelaide0212", "rating": "\u8f83\u5dee", "date": "2021-04-22", "time": "23:39:47", "comment": "\u8fd8\u884c \u6ca1\u6709\u5f88\u5dee\u4f46\u4e5f\u6ca1\u6709\u5f88\u597d\u3002\u4e3a\u4e86\u5199\u4f5c\u4e1a\u770b\u7684\u4e24\u6761\u7ebf\uff0c\u5c31\u662f\u7537\u4e3b\u89d2\u597d\u6cb9\u817b\u554a\u2026\u2026\u5973\u4e3b\u8fd8\u884c\u3002\u867d\u7136\u662f18\u5e74\u7535\u5f71\uff0c\u4f46\u662f\u611f\u89c9\u662f08\u5e74\u62cd\u7684\u2026\u9020\u578b\u571f\u571f\u7684", "useful_count": "0"},
{"page_index": 0, "movie_id": "26606774", "title": "\u5173\u5173\u96ce\u9e20", "username": "\u868a\u5b50\u662f\u9e1f", "user_id": "49147152", "rating": "\u8fd8\u884c", "date": "2020-01-27", "time": "15:52:28", "comment": "\u7684\u786e\u662f\u5c0f\u5236\u4f5c\uff0c\u4f46\u8fd8\u633a\u611f\u4eba\u7684", "useful_count": "0"},
{"page_index": 0, "movie_id": "26606774", "title": "\u5173\u5173\u96ce\u9e20", "username": "\u53e4\u5b8b\u677e\u8c37", "user_id": "148192122", "rating": "\u8fd8\u884c", "date": "2020-03-22", "time": "20:29:35", "comment": "2018\u5e74\u7684\u7535\u5f71\uff0c\u5374\u62cd\u51fa\u4e86\u4e0a\u4e16\u7eaa\u4e5d\u5341\u5e74\u4ee3\u7684\u571f\u5473\uff0c\u88ab\u8fd9\u79cd\u590d\u53e4\u7684\u571f\u5473\u5ba1\u7f8e\u611f\u52a8\u4e86\u3002", "useful_count": "0"},
{"page_index": 0, "movie_id": "26606774", "title": "\u5173\u5173\u96ce\u9e20", "username": "\u98ce\u541b\u4faf", "user_id": "fengjunhou", "rating": "\u529b\u8350", "date": "2019-01-12", "time": "22:15:34", "comment": "\u8003\u53e4\u5de5\u4f5c\u8005\u7684\u7231\u60c5\u6545\u4e8b\uff0c\u63a8\u8350\u3002", "useful_count": "0"},
{"page_index": 0, "movie_id": "26606774", "title": "\u5173\u5173\u96ce\u9e20", "username": "\u7785\u5565\u7785", "user_id": "wsym9626", "rating": "\u63a8\u8350", "date": "2020-03-14", "time": "06:57:23", "comment": "\u6211\u89c9\u5f97\u662f\u8fd8\u4e0d\u9519\u7684\u7535\u5f71\uff0c\u4e0d\u8fc7\u4f30\u8ba1\u7535\u5f71\u7ecf\u8d39\u6709\u9650\uff0c\u611f\u89c9\u62cd\u7684\u6709\u70b9\u7b80\u964b", "useful_count": "0"},
{"page_index": 0, "movie_id": "26606774", "title": "\u5173\u5173\u96ce\u9e20", "username": "\u8d5b\u4f2f\u4e50", "user_id": "189449736", "rating": "\u529b\u8350", "date": "2020-12-12", "time": "21:20:51", "comment": "\u5982\u679c\u4ee5\u540e\u6bcf\u90e8\u7247\u90fd\u548c\u8fd9\u4e2a\u4e00\u6837\uff0c\u90a3\u6211\u5c31\u4e0d\u5de5\u4f5c\u4e86\u2026\u2026", "useful_count": "0"},
{"page_index": 0, "movie_id": "26606774", "title": "\u5173\u5173\u96ce\u9e20", "username": "\u5236\u7247\u4eba", "user_id": "agneslion", "rating": "\u5f88\u5dee", "date": "2018-10-24", "time": "22:02:30", "comment": "\u7cdf\u8e4b\u8bd7\u7ecf\u80cc\u666f\u3002\u82b1\u4e86\u51e0\u4e2a\u94b1\u8bf7\u7684\u5916\u884c\u73ed\u5e95\uff1f\u7537\u5973\u4e3b\u6beb\u65e0\u6f14\u5458\u57fa\u672c\u529f\u3002\u62cd\u6444\u6beb\u65e0\u4efb\u4f55\u6280\u672f\u4e0e\u955c\u5934\u53ef\u8a00\u3002\u8fd9\u4e0d\u53eb\u6734\u7d20\u53eb\u7b80\u964b\u3002", "useful_count": "0"},
{"page_index": 0, "movie_id": "26606774", "title": "\u5173\u5173\u96ce\u9e20", "username": "\u7edd\u4e16\u540d\u72d7\u72ac\u591c\u53c9", "user_id": "155893664", "rating": "\u8fd8\u884c", "date": "2019-08-03", "time": "12:53:49", "comment": "\u8fd9\u90e8\u7535\u5f71\u771f\u7684\u8fd8\u53ef\u4ee5\uff0c\u966a\u6211\u5988\u770b\u5230\uff0c\u8fd8\u4e0d\u9519", "useful_count": "0"},
{"page_index": 0, "movie_id": "26606774", "title": "\u5173\u5173\u96ce\u9e20", "username": "\u6708\u4eae", "user_id": "155054179", "rating": "\u63a8\u8350", "date": "2019-07-25", "time": "14:50:14", "comment": "\u8003\u53e4\uff0c\u7528\u51e0\u9996\u8bd7\u7ecf\u628a\u4e24\u4eba\u7684\u7231\u60c5\u8bf4\u4e86\u51fa\u6765\uff0c\u6574\u90e8\u7247\u7684\u6c1b\u56f4\u633a\u597d\u7684\uff0c\u9664\u4e86\u7537\u4e3b\u4e4b\u524d\u7684\u751f\u6d3b\uff0c\u592a\u5435\u4e86\uff0c\u906d\u4e0d\u4f4f", "useful_count": "0"},
{"page_index": 0, "movie_id": "26606774", "title": "\u5173\u5173\u96ce\u9e20", "username": "\u6c38\u8fdc", "user_id": "76040101", "rating": "\u8fd8\u884c", "date": "2018-10-26", "time": "00:52:41", "comment": "\u5bfc\u6f14\u60f3\u8868\u8fbe\u7684\u592a\u591a\uff0c\u4f46\u662f\u7f16\u5267\u6bd4\u8f83\u65e0\u8111", "useful_count": "0"},
{"page_index": 0, "movie_id": "26606774", "title": "\u5173\u5173\u96ce\u9e20", "username": "\u5c0f\u77f3momoka", "user_id": "57067831", "rating": "\u529b\u8350", "date": "2018-10-22", "time": "22:46:40", "comment": "\u611f\u89c9\u5f88\u4e13\u4e1a\uff0c\u63a5\u5730\u6c14\u3002\u56e0\u6b64\u611f\u5230\u795e\u5723\uff0c\u4ee5\u8003\u53e4\u4e3a\u5207\u5165\u70b9\u8bb2\u8ff0\u8fd9\u4e00\u7231\u60c5\u6545\u4e8b\u3002", "useful_count": "0"},
{"page_index": 0, "movie_id": "26606774", "title": "\u5173\u5173\u96ce\u9e20", "username": "SuE", "user_id": "eyrehuang", "rating": "\u8fd8\u884c", "date": "2019-01-17", "time": "15:24:26", "comment": "\u901a\u8fc7\u8003\u53e4\u53d1\u73b0 \u5c42\u5c42\u8fd8\u539f \u5f53\u65f6\u7684\u51c4\u7f8e\u7231\u60c5", "useful_count": "1"},
{"page_index": 0, "movie_id": "26606774", "title": "\u5173\u5173\u96ce\u9e20", "username": "FlyIn.C", "user_id": "215321878", "rating": "\u8fd8\u884c", "date": "2020-10-02", "time": "20:45:27", "comment": "\u662f\u770b\u5230\u5267\u540d\u70b9\u8fdb\u53bb\u770b\u7684\uff0c\u4ee5\u8bd7\u7ecf\u4e3a\u7ebf\u7d22\uff0c\u8fde\u4e86\u51e0\u9996\u8bd7\uff0c\u8bb2\u4e86\u4e00\u4e2a\u7231\u60c5\u6545\u4e8b\u3002\u53e4\u98ce\u7684\u611f\u89c9\u7279\u522b\u597d\uff0c\u7279\u522b\u6709\u5473\u9053\uff0c\u6709\u611f\u89c9\uff0c\u4f46\u5267\u60c5\u65b9\u9762\uff0c\u6709\u4e9b\u5730\u65b9\u8ba9\u6211\u6709\u70b9\u60f3\u7b11\u3002", "useful_count": "0"},
{"page_index": 0, "movie_id": "26606774", "title": "\u5173\u5173\u96ce\u9e20", "username": "\u8776\u53d8", "user_id": "195107718", "rating": "\u63a8\u8350", "date": "2019-10-26", "time": "19:00:15", "comment": "\u70c2\u7c89\u7ea2\u8272\u7684\u6d77\u62a5\u6bc1\u6389\u4e86\u6211\u5bf9\u8fd9\u90e8\u7535\u5f71\u7684\u7b2c\u4e00\u5370\u8c61\uff0c\u5176\u5b9e\u8fd8\u662f\u503c\u5f97\u4e00\u770b\u7684\u7535\u5f71\u3002\u6f14\u6280\u633a\u771f\u5b9e\u7684\uff0c\u4e0d\u77eb\u63c9\u9020\u4f5c\uff0c\u4e0d\u660e\u767d\u4e3a\u4f55\u4f1a\u6709\u4eba\u8bc4\u8bba\u4e3a\u7b80\u964b\u800c\u4e0d\u662f\u7b80\u6734\uff0c\u8fd9\u90e8\u7535\u5f71\u4e0d\u5e94\u8be5\u88ab\u9a82\u3002\u7ec6\u8282\u633a\u597d\u7684\uff0c\u6bd4\u5982\u4eba\u7269\u7684\u670d\u9970\u9053\u5177\u4ec0\u4e48\u7684\u90fd\u633a\u63a5\u8fd1\u73b0\u5b9e\u7684\uff0c\u6bd4\u5982\u6653\u9e25\u5076\u5f97\u7075\u611f\u98de\u5954\u56de\u5230\u4f4f\u6240\u627e\u5230\u8bd7\u7ecf\uff0c\u8c01\u6ce8\u610f\u5230\u5979\u90a3\u4ef6\u8377\u7eff\u8272\u7684\u4e0a\u8863\u80cc\u540e\u6e7f\u4e86\u4e00\u5c0f\u5757\uff1f\u771f\u7684\uff0c\u4eff\u4f5b\u5c31\u662f\u771f\u5b9e\u8bb0\u5f55\uff0c\u6bd4\u8d77\u90a3\u4e9b\u5927\u5236\u4f5c\uff0c\u5927\u724c\u660e\u661f\u51fa\u6f14\u7684\uff0c\u5403\u4e2a\u83dc\u8fd8\u8981\u501f\u4f4d\u5047\u5403\u7684\u597d\u591a\u4e86\u3002\u6bd5\u7adf\u770b\u8d77\u6765\u6ca1\u90a3\u4e48\u88c5\u3002", "useful_count": "0"},
{"page_index": 0, "movie_id": "26606774", "title": "\u5173\u5173\u96ce\u9e20", "username": "\u5343\u91cc\u52a8\u98ce\u8272", "user_id": "176376834", "rating": "\u63a8\u8350", "date": "2019-03-17", "time": "23:19:51", "comment": "\u795e\u5947\u7684\u662f\uff0c\u8fd8\u6709\u90a3\u4e48\u4e00\u4e9b\u552f\u7f8e\u548c\u6709\u8da3\uff0c\u6240\u4ee5\u770b\u5b8c\u4e86\u3002", "useful_count": "0"},
{"page_index": 0, "movie_id": "26606774", "title": "\u5173\u5173\u96ce\u9e20", "username": "\u70c8", "user_id": "182736387", "rating": "\u529b\u8350", "date": "2018-12-09", "time": "07:22:11", "comment": "\u817e\u8baf\u89c6\u9891\u6709", "useful_count": "0"},
{"page_index": 0, "movie_id": "26606774", "title": "\u5173\u5173\u96ce\u9e20", "username": "wenwen", "user_id": "hujiapapa", "rating": "\u5f88\u5dee", "date": "2018-11-17", "time": "14:25:14", "comment": "\u8fd9\u4e2a\u7535\u5f71\u7684\u821e\u7f8e\u662f\u8bf7\u4e1a\u4f59\u7684\u505a\u7684\uff1f\u6545\u4e8b\u7f16\u7684\u4e71\u4e03\u516b\u7cdf\u4e0d\u8981\u7d27\uff0c\u5173\u952e\u6574\u4e2a\u753b\u9762\u90fd\u6beb\u65e0\u7f8e\u611f\u2026\u2026", "useful_count": "0"},
{"page_index": 0, "movie_id": "26606774", "title": "\u5173\u5173\u96ce\u9e20", "username": "\u4e13\u4e1a\u975e\u8ba4\u771f\u5237\u7247", "user_id": "137555231", "rating": "\u5f88\u5dee", "date": "2018-10-24", "time": "21:51:23", "comment": "\u8fde\u6d77\u62a5\u90fdP\u5f97\u8fd9\u4e48\u91cd\u75d5\u8ff9\u2026\u2026", "useful_count": "0"},
{"page_index": 0, "movie_id": "26606774", "title": "\u5173\u5173\u96ce\u9e20", "username": "\u5c0f\u661f\u661f\u2b50", "user_id": "192631636", "rating": "\u529b\u8350", "date": "2019-04-10", "time": "21:42:45", "comment": "\u65e0\u610f\u4e2d\u770b\u5230\u7684\uff0c\u771f\u7684\u5f88\u4e0d\u9519\uff0c\u6f14\u6280\u5b9e\u666f\uff0c\u7ed9\u4eba\u611f\u89c9\u5f88\u771f\u5b9e\uff0c\u6d6a\u6f2b\u7684\u7231\u60c5\u6545\u4e8b\uff01", "useful_count": "0"},
{"page_index": 0, "movie_id": "26606774", "title": "\u5173\u5173\u96ce\u9e20", "username": "cai\u829d\u829d", "user_id": "75033037", "rating": "\u63a8\u8350", "date": "2018-10-31", "time": "15:06:55", "comment": "\u6709\u4ee5\u524d\u7535\u5f71\u98ce\u683c", "useful_count": "0"},
{"page_index": 0, "movie_id": "26606774", "title": "\u5173\u5173\u96ce\u9e20", "username": "\u6728\u6728\u8717\u725b", "user_id": "85254473", "rating": "\u8fd8\u884c", "date": "2020-10-17", "time": "01:03:52", "comment": "\u53e4\u4ee3\u7684\u6545\u4e8b\uff0c\u52a0\u5230\u4e09\u661f\n\u633a\u4e0d\u9519\u7684\u6545\u4e8b\u7d20\u6750\uff0c\u62cd\u6210\u8fd9\u6837\uff0c\u633a\u53ef\u60dc\u7684", "useful_count": "0"},
{"page_index": 0, "movie_id": "26606774", "title": "\u5173\u5173\u96ce\u9e20", "username": "\u8328", "user_id": "66580009", "rating": "\u8fd8\u884c", "date": "2018-10-25", "time": "13:37:31", "comment": "\u5c2c\u604b\u54c8\uff0c\u53e4\u4ee3\u7bc7\u770b\u7c97\u4e86\u57fa\u60c5", "useful_count": "0"},
{"page_index": 0, "movie_id": "26606774", "title": "\u5173\u5173\u96ce\u9e20", "username": "xixi", "user_id": "71102511", "rating": "\u63a8\u8350", "date": "2019-07-04", "time": "11:41:21", "comment": "\u60c5\u8282\u6709\u7684\u53ef\u4ee5\u6709\u7684\u53d7\u4e0d\u4e86\uff0c\u5c45\u7136\u770b\u5b8c\u4e86\u3002\u5c0f\u6210\u672c\u53ef\u80fd\uff0c\u770b\u7740\u6709\u70b9\u52a3\u8d28\u90e8\u5206\u753b\u9762\ud83d\ude02", "useful_count": "0"},
{"page_index": 0, "movie_id": "26606774", "title": "\u5173\u5173\u96ce\u9e20", "username": "\u522b\u8bf4\u591a\u60c5\u597d", "user_id": "34006126", "rating": "\u5f88\u5dee", "date": "2018-12-10", "time": "23:38:01", "comment": "\u592a\u8fc7\u5783\u573e\u7684\u7535\u5f71", "useful_count": "1"},
{"page_index": 0, "movie_id": "26606774", "title": "\u5173\u5173\u96ce\u9e20", "username": "harvey\u5c11\u6821", "user_id": "108693709", "rating": "\u5f88\u5dee", "date": "2020-08-03", "time": "16:24:19", "comment": "\u7537\u5973\u4e3b\u89d2\u53c8\u8001\u53c8\u4e11\uff0c\u8001\u6559\u6388\u5f62\u8c61\u50cf\u8001\u519c", "useful_count": "0"},
{"page_index": 0, "movie_id": "26606774", "title": "\u5173\u5173\u96ce\u9e20", "username": "\u7b80\u6c50", "user_id": "170038799", "rating": "\u529b\u8350", "date": "2018-11-07", "time": "23:38:48", "comment": "\u5267\u60c5\u86ee\u597d\u7684\uff0c\u4ee5\u4e24\u79cd\u7231\u60c5\u6545\u4e8b\u9610\u8ff0\u4e86\u8fd9\u90e8\u7535\u5f71\u3002", "useful_count": "0"},
{"page_index": 0, "movie_id": "26606774", "title": "\u5173\u5173\u96ce\u9e20", "username": "\u771f\u7684\u662f\u6c5f\u6e56\u9a97\u5b50", "user_id": "82561993", "rating": "\u5f88\u5dee", "date": "2018-10-23", "time": "23:32:15", "comment": "\u597d\u7c97\u7cd9", "useful_count": "0"},
{"page_index": 0, "movie_id": "26606774", "title": "\u5173\u5173\u96ce\u9e20", "username": "\u89c5\u7cd6", "user_id": "102414124", "rating": "\u8fd8\u884c", "date": "2019-07-16", "time": "19:23:27", "comment": "\u540d\u5b57\u5f88\u7f8e\u597d \u5185\u5bb9\u8ddf\u540d\u5b57\u642d\u4e0d\u4e0a \u89c9\u5f97\u6709\u70b9\u6050\u6016 \u4e00\u822c\u5427", "useful_count": "0"},
{"page_index": 0, "movie_id": "26606774", "title": "\u5173\u5173\u96ce\u9e20", "username": "\u6b4c\u7476", "user_id": "171289037", "rating": "\u63a8\u8350", "date": "2020-03-23", "time": "20:49:23", "comment": "\u633a\u4e0d\u9519\u7684\u7535\u5f71\uff0c\u5f88\u559c\u6b22\u91cc\u9762\u5e7d\u9759\u7684\u611f\u89c9\uff0c\u8fdc\u79bb\u55a7\u56a3\uff0c\u80fd\u4f7f\u4eba\u51b7\u9759\u4e0b\u6765\u7684\u6c1b\u56f4\u3002\u5728\u5927\u57ce\u5e02\u4e2d\u751f\u6d3b\uff0c\u5f88\u5bb9\u6613\u88ab\u6b32\u671b\u51b2\u660f\u4e86\u5934\u8111\u3002\u5176\u6b21\uff0c\u53e4\u65e7\u7684\u5efa\u7b51\uff0c\u5c11\u4e86\u57ce\u5e02\u7684\u4e94\u5149\u5341\u8272\uff0c\u6211\u4e0d\u77e5\u9053\uff0c\u8fd9\u90e8\u7535\u5f71\u5e26\u7ed9\u6211\u7684\u662f\u51b7\u9759\u4e0b\u6765\u4e86\uff0c\u8fd8\u662f\u6162\u4e0b\u6765\uff0c\u61d2\u60f0\u4e86\u3002\u4f46\u603b\u4e4b\uff0c\u6211\u770b\u8fd9\u90e8\u7535\u5f71\u7684\u8fc7\u7a0b\u662f\u6c89\u6d78\u5176\u4e2d\u7684\u3002", "useful_count": "0"},
{"page_index": 0, "movie_id": "26606774", "title": "\u5173\u5173\u96ce\u9e20", "username": "\u4ffa\u4e0d\u8f7b\u6613\u5199\u8bc4\u8bba", "user_id": "155973208", "rating": "\u8fd8\u884c", "date": "2018-11-09", "time": "12:35:16", "comment": "\u770b\u8fd9\u6d77\u62a5\u548c\u7535\u5f71\u540d\uff0c\u6211\u4ee5\u4e3a\u662f\u4e2a\u53e4\u88c5\u7231\u60c5\u7247\uff0c\u7ed3\u679c\u5168\u7a0b\u90fd\u662f\u73b0\u4ee3\u7684\uff0c\u90a3\u7537\u4e3b\u89d2\u7684\u957f\u50cf\u548c\u5f62\u8c61\u6c14\u8d28\u600e\u4e48\u770b\u90fd\u548c\u5927\u753b\u5bb6\u4e0d\u6cbe\u8fb9\uff0c\u633a\u65e0\u804a\u7684\u5267", "useful_count": "0"},
{"page_index": 0, "movie_id": "26606774", "title": "\u5173\u5173\u96ce\u9e20", "username": "d!ngx!aohang", "user_id": "3699417", "rating": "\u5f88\u5dee", "date": "2019-11-02", "time": "23:02:36", "comment": "\u90a3\u4f4d\u753b\u5bb6\u7684\u524d\u5973\u53cb\u5f88\u98d2", "useful_count": "0"},
{"page_index": 0, "movie_id": "26606774", "title": "\u5173\u5173\u96ce\u9e20", "username": "\u5609\u5b50", "user_id": "137169845", "rating": "\u5f88\u5dee", "date": "2019-02-27", "time": "20:51:04", "comment": "\u4e0d\u8981\u6076\u5fc3\u300a\u8bd7\u7ecf\u300b\u4e86", "useful_count": "0"},
{"page_index": 0, "movie_id": "26606774", "title": "\u5173\u5173\u96ce\u9e20", "username": "\uff1f", "user_id": "179387627", "rating": "\u5f88\u5dee", "date": "2019-08-01", "time": "22:28:25", "comment": "\u2026\u2026", "useful_count": "0"},
{"page_index": 0, "movie_id": "26606774", "title": "\u5173\u5173\u96ce\u9e20", "username": "\u837c\u7483\u65e0\u6b22", "user_id": "204531907", "rating": "\u63a8\u8350", "date": "2020-02-22", "time": "02:53:42", "comment": "\u771f\u7684\u6700\u540e\u5f88\u8d5e", "useful_count": "0"},
{"page_index": 0, "movie_id": "26606774", "title": "\u5173\u5173\u96ce\u9e20", "username": "\u5174\u56fd\u5112\u751f", "user_id": "74098287", "rating": "\u8fd8\u884c", "date": "2018-11-01", "time": "22:00:31", "comment": "\u8fd8\u884c\uff0c\u6bd4\u8f83\u6734\u5b9e\u3002", "useful_count": "0"},
{"page_index": 0, "movie_id": "26606774", "title": "\u5173\u5173\u96ce\u9e20", "username": "\u6c90\u82e5\u6893\u6e05", "user_id": "91064331", "rating": "\u8fd8\u884c", "date": "2020-05-14", "time": "22:30:37", "comment": "\u5173\u5173\u96ce\u9e20\uff0c\u5728\u6cb3\u4e4b\u6d32\u3002\n\u7a88\u7a95\u6dd1\u5973\uff0c\u541b\u5b50\u597d\u9011\u2026\u2026\n\u5f53\u6211\u4eec\u660e\u767d\u8fd9\u4e2a\u9053\u7406\u4e4b\u65f6\uff0c\u518d\u6b21\u541f\u8bf5\u300a\u8bd7\u7ecf\u300b\u91cc\u8fd9\u4e9b\u7f8e\u4e3d\u7684\u7231\u60c5\u8bd7\u7bc7\uff0c\u4f1a\u4e0d\u4f1a\u522b\u6709\u4e00\u756a\u6ecb\u5473\u5728\u5fc3\u5934\u5462?\n\u662f\u554a\uff0c\u4eba\u4eec\u90fd\u5411\u5f80\u7f8e\u597d\u7684\u7231\u60c5;\n\u800c\u4e2d\u56fd\u4eba\u7684\u7231\u60c5\uff0c\u90fd\u7f8e\u4e0d\u8fc7\u300a\u8bd7\u7ecf\u300b\u65f6\u4ee3\u3002", "useful_count": "0"},
{"page_index": 0, "movie_id": "26606774", "title": "\u5173\u5173\u96ce\u9e20", "username": "\u51ac\u5929\u8981\u51ac\u7720", "user_id": "142739900", "rating": "\u5f88\u5dee", "date": "2019-08-10", "time": "09:23:43", "comment": "\u7b80\u4ecb\u662f\u53e4\u4ee3\u5c06\u519b\u7684\u6545\u4e8b\uff0c\u770b\u5b8c\u539f\u6765\u662f\u4e2a\u73b0\u4ee3\u7684\u72d7\u8840\u5267\uff5e\uff5e\u4e0d\u8fc7\u662f\u4ee5\u8003\u53e4\u548c\u53e4\u4ee3\u7684\u6545\u4e8b\u4e3a\u5e4c\u5b50", "useful_count": "0"},
{"page_index": 0, "movie_id": "26606774", "title": "\u5173\u5173\u96ce\u9e20", "username": "\u53fd\u91cc\u5471\u5566\u963f\u8521", "user_id": "B612TESTBUTTON", "rating": "\u8fd8\u884c", "date": "2020-03-03", "time": "08:40:28", "comment": "\u516c\u5b50\u548c\u6843\u5973\u7684\u6545\u4e8b\u8fd8\u662f\u5f88\u4e0d\u9519\u6ef4\uff0c\u4e3b\u8981\u8fd8\u662f\u4e24\u4e2a\u7537\u5973\u4e3b\u5bf9\u8fc7\u53bb\u7684\u544a\u522b\uff0c\u5f00\u59cb\u4e86\u65b0\u7684\u751f\u6d3b\uff0c\u9171\u9171\u9171\u3002", "useful_count": "0"},
{"page_index": 0, "movie_id": "26606774", "title": "\u5173\u5173\u96ce\u9e20", "username": "\u7b11\u7b11", "user_id": "171162950", "rating": "\u5f88\u5dee", "date": "2019-12-15", "time": "22:26:24", "comment": "18\u5e74\u7684\u7247\u5b50\u770b\u7740\u50cf98\u5e74\u7684\uff0c\u6545\u4e8b\u8bb2\u7684\u4e71\uff0c\u8003\u53e4\u62cd\u7684\u66f4\u4e71\uff0c\u7537\u5973\u4e3b\u7231\u60c5\u597d\u5c2c", "useful_count": "0"},
{"page_index": 0, "movie_id": "26606774", "title": "\u5173\u5173\u96ce\u9e20", "username": "Naruto", "user_id": "144704426", "rating": "\u8fd8\u884c", "date": "2019-03-10", "time": "12:29:41", "comment": "\u7ed3\u8bba\uff1a\u4e00\u90e8\u6709\u8bda\u610f\u4f46\u662f\u6574\u4f53\u4e00\u822c\u7684\u7535\u5f71\u30021\uff0c\u4e3b\u9898\uff1a\u5bfc\u6f14\u901a\u8fc7\u8bb2\u8ff0\u4e24\u4e2a\u4e0d\u540c\u65f6\u7a7a\u5173\u8054\u7684\u7231\u60c5\u6545\u4e8b\u6b4c\u9882\u4e86\u4eba\u4eec\u5bf9\u7231\u60c5\u7684\u8ffd\u6c42\u3002\u4e3b\u9898\u4e2d\u89c4\u4e2d\u77e9\uff0c\u6ca1\u6709\u66f4\u6df1\u5730\u6316\u6398\u7231\u60c5\u8ffd\u6c42\u8fd9\u4e2a\u6bcd\u9898\u30022\uff0c\u53d9\u4e8b\uff1a\u6574\u4f53\u800c\u8a00\uff0c\u5f88\u5e73\u6de1\u7684\u53d9\u4e8b\u98ce\u683c\uff0c\u60c5\u8282\u57fa\u672c\u4e0a\u6ca1\u6709\u60ca\u559c\u3002\u4ece\u526a\u8f91\u7684\u89d2\u5ea6\u800c\u8a00\uff0c\u4e24\u4e2a\u7231\u60c5\u6545\u4e8b\u7684\u878d\u5408\u5ea6\u8fd8\u662f\u6709\u7684\uff0c\u8fd9\u4e5f\u7b97\u662f\u4f18\u70b9\u5427\u30023\uff0c\u6444\u5f71\uff1a\u867d\u8c08\u4e0d\u4e0a\u5f88\u4f18\u79c0\u7684\u6444\u5f71\uff0c\u4f46\u53e4\u4ee3\u90e8\u5206\u7684\u6444\u5f71\u8fd8\u662f\u86ee\u552f\u7f8e\u7684\uff0c\u8fd9\u7b97\u662f\u5bfc\u6f14\u7684\u8bda\u610f\u90e8\u5206\u4e86\u30024\uff0c\u914d\u4e50\uff1a\u53e4\u4e50\u7b97\u662f\u4eae\u70b9\uff0c\u4f46\u53ef\u4ee5\u8bf4\u662f\u6ca1\u80fd\u5145\u5206\u878d\u5408\u8fdb\u6545\u4e8b\u60c5\u8282\uff0c\u86ee\u53ef\u60dc\u7684\u30025\uff0c\u5916\u52a0\uff1a\u6750\u6599\u5f88\u597d\uff0c\u5173\u4e8e\u8bd7\u7ecf\u7684\u8fd9\u4e2a\u975e\u5e38\u8bd7\u610f\u7684\u6545\u4e8b\u539f\u6750\u6599\u53ef\u4ee5\u8bf4\u662f\u8fd9\u90e8\u4f5c\u54c1\u6700\u5927\u7684\u4f9d\u9760\uff0c\u53ef\u60dc\u5bfc\u6f14\u5e76\u6ca1\u80fd\u5145\u5206\u6316\u6398\u5176\u4e2d\u7684\u4ef7\u503c\u3002", "useful_count": "1"},
{"page_index": 0, "movie_id": "26606774", "title": "\u5173\u5173\u96ce\u9e20", "username": "\u5927\u6ce2 \u6d6a", "user_id": "60940772", "rating": null, "date": "2019-10-15", "time": "12:09:01", "comment": "\u771f\u662f\u6ca1\u60f3\u5230 \u6211\u4e00\u904d\u9ed1\u4eba\u95ee\u53f7\u8138 \u4e00\u8fb9\u770b\u5b8c\u4e86", "useful_count": "0"},
{"page_index": 0, "movie_id": "26606774", "title": "\u5173\u5173\u96ce\u9e20", "username": "momomomo", "user_id": "153366041", "rating": "\u5f88\u5dee", "date": "2020-08-21", "time": "22:06:05", "comment": "\u6210\u672c", "useful_count": "0"},
{"page_index": 0, "movie_id": "26606774", "title": "\u5173\u5173\u96ce\u9e20", "username": "\u706b\u8f66\u5e02\u96c6", "user_id": "199047162", "rating": "\u8fd8\u884c", "date": "2020-01-04", "time": "23:11:44", "comment": "\u662f\u56e0\u4e3a\u5f71\u7247\u7684\u540d\u5b57\u6253\u5f00\u7684\uff0c\u9898\u6750\u7279\u522b\u597d\uff0c\u5e94\u8be5\u591a\u62cd\u4e00\u4e9b\u8fd9\u6837\u9898\u6750\u7684\u7535\u5f71\u3002\u53ea\u4e0d\u8fc7\u4e3a\u4e86\u8fce\u5408\u5e02\u573a\u641e\u7684\u6709\u4e9b\u4e71\u4e03\u516b\u7cdf\uff0c\u5176\u5b9e\uff0c\u8bd7\u7ecf\u8fd9\u7c7b\u9898\u6750\u771f\u7684\u4e0d\u7528\u7f16\u8fd9\u4e9b\u7275\u5f3a\u7684\u73b0\u4ee3\u7231\u60c5\u548c\u827a\u672f\u4e71\u50cf\u6765\u5984\u56fe\u5f15\u6d41\uff0c\u597d\u597d\u62cd\u51fa\u8bd7\u7ecf\u7684\u7f8e\u4e00\u5b9a\u5f88\u597d\u7684\u3002", "useful_count": "0"},
{"page_index": 0, "movie_id": "26606774", "title": "\u5173\u5173\u96ce\u9e20", "username": "\u96e8 \u8096 .", "user_id": "158817397", "rating": "\u5f88\u5dee", "date": "2019-06-14", "time": "14:05:24", "comment": "\u8fd9\u4e2a\u526a\u8f91\u2026", "useful_count": "0"},
{"page_index": 0, "movie_id": "26606774", "title": "\u5173\u5173\u96ce\u9e20", "username": "Desperado", "user_id": "225358177", "rating": "\u5f88\u5dee", "date": "2021-06-03", "time": "09:59:14", "comment": "\u4ec0\u4e48\u8bf4\u5531\u7535\u5f71\uff0c\u5dee\u4e0d\u591a\u5f97\u4e86\uff0c\u8fd9\u4f20\u7edf\u6587\u5316\u5c31\u56e0\u4e3a\u4f60\u4eec\u8fd9\u5e2e\u4eba\u6574\u7684\u6076\u5fc3\uff0c\u5565\u6bd4\u3002", "useful_count": "0"},
{"page_index": 0, "movie_id": "26606774", "title": "\u5173\u5173\u96ce\u9e20", "username": "\u738b\u7389", "user_id": "xhlmss", "rating": "\u63a8\u8350", "date": "2018-11-07", "time": "13:33:29", "comment": "\u6545\u4e8b\u60c5\u8282\u6574\u4f53\u8fd8\u4e0d\u9519\uff0c\u53ef\u4ee5\u62cd\u7684\u66f4\u6587\u827a\uff01\u7ee7\u7eed\u52a0\u6cb9\uff0c\u8fd9\u6837\u7684\u7535\u5f71\u6211\u559c\u6b22\u770b\uff01", "useful_count": "0"},
{"page_index": 0, "movie_id": "26606774", "title": "\u5173\u5173\u96ce\u9e20", "username": "\u8bf7\ud83d\udc08\u53eb\ud83c\udf93\u6211\ud83d\ude07\u660f\ud83d\udd2b\u541b\ud83d\ude08", "user_id": "173585681", "rating": "\u8fd8\u884c", "date": "2019-06-28", "time": "06:32:52", "comment": "\u9e1f\u866b\u7bc6\u5f88\u7f8e", "useful_count": "0"},
{"page_index": 0, "movie_id": "26606774", "title": "\u5173\u5173\u96ce\u9e20", "username": "\u6d45\u6f3e\u00b0\ud83c\udf52 Suns", "user_id": "190843471", "rating": "\u529b\u8350", "date": "2019-03-15", "time": "20:38:40", "comment": "\u8003\u53e4\u9898\u6750\n\u5f88\u503c\u5f97\u4e00\u770b\n\u770b\u7684\u4eba\u8f83\u5c11\n\u4f46\u662f\u6709\u5171\u9e23\u7684point\u53ef\u4ee5\u6355\u83b7\n\u827a\u672f\u7231\u60c5\u5386\u53f2\u60ac\u7591", "useful_count": "0"},
{"page_index": 0, "movie_id": "26606774", "title": "\u5173\u5173\u96ce\u9e20", "username": "\u67ab\u6865\u591c\u6cca", "user_id": "207323295", "rating": "\u63a8\u8350", "date": "2020-01-18", "time": "10:03:08", "comment": "\u524d\u4e24\u5929\u5728\u7f51\u4e0a\u4e0d\u5c0f\u5fc3\u70b9\u8fdb\u53bb\u770b\u7684\uff0c\u5f00\u59cb\u51e0\u5206\u949f\u7684\u65f6\u5019\u89c9\u5f97\u5f88\u5783\u573e\uff0c\u4f46\u662f\u770b\u8fdb\u53bb\u5c31\u4f1a\u89c9\u5f97\u8fd8\u4e0d\u9519\u5462\uff0c\u7279\u522b\u662f\u5230\u4e2d\u95f4\u548c\u540e\u9762\u5c31\u4f1a\u771f\u9999\u4e86\uff0c\u6211\u559c\u6b22\u4e2d\u95f4\u7684\u6587\u5b57\u7834\u8bd1\u90e8\u5206\u548c\u540e\u9762\u516c\u5b50\u548c\u753b\u5e08\u5973\u7684\u7231\u60c5\u3002", "useful_count": "0"},
{"page_index": 0, "movie_id": "26606774", "title": "\u5173\u5173\u96ce\u9e20", "username": "\u9648\u53a6\u5927\uff01", "user_id": "177141962", "rating": "\u8fd8\u884c", "date": "2018-10-24", "time": "16:11:55", "comment": "\u5173\u4e8e\u53e4\u4ee3\u90e8\u5206\u7684\u7231\u60c5\u6545\u4e8b\u90e8\u5206\u786e\u5b9e\u633a\u611f\u4eba\u7684  \u58c1\u753b\u90e8\u5206\u4e5f\u633a\u597d\u770b\u7684 \u73b0\u4ee3\u90e8\u5206\u5f88\u591a\u5730\u65b9\u4e0d\u591f\u7cbe\u7ec6  \u753b\u8d28\u5305\u62ec\u7206\u70b8\u5f0f\u7684\u5feb\u8282\u594f\u7231\u60c5  \u91d1\u94b1  \u6b32\u671b  \u786e\u5b9e\u4ea7\u751f\u4e86\u5f3a\u70c8\u5bf9\u6bd4  \u5bf9\u4e8e\u8bd7\u7ecf\u7684\u552f\u7f8e  \u73b0\u4ee3\u4eba\u8bfb\u51fa\u7684\u751f\u6da9\u611f\u5b9e\u5728\u662f\u6709\u70b9\u6ca1\u597d\u611f   \u4e0d\u5f3a\u63a8   \u4f46\u6211\u89c9\u5f97\u8fd8\u884c", "useful_count": "0"},
{"page_index": 0, "movie_id": "26606774", "title": "\u5173\u5173\u96ce\u9e20", "username": "\u8be5\u7528\u6237\u5df2\u6ce8\u7b71", "user_id": "224294904", "rating": "\u5f88\u5dee", "date": "2021-01-27", "time": "21:24:35", "comment": "\u8fd9\u4e00\u661f\u7ed9\u53e4\u4ee3\u90a3\u5bf9\uff0c\u73b0\u4ee3\u90a3\u5bf9\u8fa3\u773c\u775b", "useful_count": "0"},
{"page_index": 0, "movie_id": "26606774", "title": "\u5173\u5173\u96ce\u9e20", "username": "Yvonne", "user_id": "155630356", "rating": "\u5f88\u5dee", "date": "2019-08-31", "time": "22:27:03", "comment": "\u6beb\u65e0\u903b\u8f91...\u73b0\u4ee3\u90a3\u6761\u7ebf\u6ca1\u6709\u4efb\u4f55\u94fa\u57ab \u83ab\u540d\u5176\u5999\u7684\u7231\u60c5\u6545\u4e8b", "useful_count": "0"},
{"page_index": 0, "movie_id": "26606774", "title": "\u5173\u5173\u96ce\u9e20", "username": "\u7075\u9999\u8349", "user_id": "181476795", "rating": "\u8fd8\u884c", "date": "2019-05-03", "time": "03:49:54", "comment": "\u5728\u7f51\u7edc\u7535\u5f71\u4e2d\u522b\u5177\u4e00\u683c\uff0c\u7535\u5f71\u8282\u594f\u7f13\u6162\uff0c\u62bd\u4e1d\u5265\u8327\u822c\u5448\u73b0\u9690\u85cf\u5728\u53e4\u5893\u58c1\u753b\u4e2d\u7684\u6545\u4e8b\u3002\u73b0\u4ee3\u4e0e\u53e4\u4ee3\u53cc\u7ebf\u5e76\u884c\uff0c\u7ed3\u5c3e\u624d\u51fa\u73b0\u7684\u53e4\u4ee3\u5267\u60c5\u662f\u7cbe\u534e\uff0c\u5f88\u552f\u7f8e\u3002\u524d\u9762\u5927\u534a\u7bc7\u5e45\u7684\u7537\u5973\u4e3b\u73b0\u4ee3\u6545\u4e8b\u9700\u8981\u9759\u4e0b\u5fc3\u6765\u770b\u3002", "useful_count": "0"},
{"page_index": 0, "movie_id": "26606774", "title": "\u5173\u5173\u96ce\u9e20", "username": "\u597d\u591a\u53c8\u53c8", "user_id": "69556929", "rating": "\u529b\u8350", "date": "2018-10-23", "time": "07:48:07", "comment": "\u7535\u5f71\u8fd8\u6ca1\u770b\u5b8c\uff0c\u4f46\u6bd4\u7f51\u7ea2\u8138\u6d6e\u5938\u6f14\u6280\u7684\u5927\u7535\u5f71\u611f\u89c9\u597d\u591a\u4e86\uff0c\u6709\u4e00\u79cd\u6734\u7d20\u7684\u7f8e\u611f\u3002", "useful_count": "0"},
{"page_index": 0, "movie_id": "26606774", "title": "\u5173\u5173\u96ce\u9e20", "username": "holly", "user_id": "177915832", "rating": "\u529b\u8350", "date": "2020-02-19", "time": "00:02:01", "comment": "\u770b\u7535\u89c6\u91cc\u5934\u7684\u514d\u8d39\u7535\u5f71\u968f\u610f\u7ffb\u5230\u7684\uff0c\u672c\u6253\u7b97\u505a\u5bb6\u52a1\u987a\u4fbf\u542c\u542c\u3002\u7adf\u610f\u5916\u89c9\u5f97\u4e0d\u9519\uff0c\u5c0f\u6210\u672c\u7684\u5236\u4f5c\uff0c\u753b\u8d28\u53ef\u80fd\u8fd8\u6bd4\u4e0d\u4e0a\u666e\u901a\u7684\u8fde\u7eed\u5267\uff0c\u80dc\u5728\u8fd4\u749e\u5f52\u771f\u5427\u3002\u7537\u5973\u4e3b\u90fd\u662f\u80fd\u6c89\u7684\u4e0b\u5fc3\u7684\u4eba\uff0c\u624d\u4f1a\u5f7c\u6b64\u5438\u5f15\u3002\u8fd9\u6837\u5f62\u6210\u7684\u7231\u60c5\u5f88\u5c11\u80fd\u5728\u56fd\u4ea7\u5f71\u7247\u91cc\u770b\u5230\u4e86\u3002\u633a\u88ab\u6253\u52a8\u7684\u3002", "useful_count": "0"},
{"page_index": 0, "movie_id": "26606774", "title": "\u5173\u5173\u96ce\u9e20", "username": "\u5f88\u4e45\u4ee5\u524d", "user_id": "165210061", "rating": "\u529b\u8350", "date": "2018-12-16", "time": "17:01:59", "comment": "\u5173\u5173\u96ce\u9e20\u8fd9\u90e8\u5f71\u7247\u8bb2\u8ff0\u4e86\u56e0\u4e3a\u8003\u53e4\u53d1\u73b0\u800c\u9010\u6e10\u88ab\u7834\u8bd1\u7684\u6218\u56fd\u65f6\u4ee3\u7684\u7231\u60c5\u6545\u4e8b\u3002\n\n\u201c\u6211\u963f\u5a46\u66fe\u7ecf\u8bf4\u8fc7\uff0c\u6709\u90a3\u4e48\u4e00\u79cd\u9e1f\uff0c\u53ea\u6709\u6c34\u624d\u80fd\u8ba9\u5b83\u73b0\u8eab\uff0c\u96ce\u9e20\u662f\u6c34\u9e1f\u3002\u201d\n\n\u5f71\u7247\u6700\u540e\u56e0\u4e3a\u5de7\u9047\u66b4\u96e8\uff0c\u5893\u5ba4\u5730\u9762\u88ab\u6c34\u6d78\u6e7f\uff0c\u300a\u5173\u96ce\u300b\u8fd9\u5e45\u753b\uff08\u9e1f\u866b\u7bc6\uff09\u624d\u5f97\u4ee5\u663e\u73b0\u3002\u521a\u770b\u5230\u90a3\u4e0b\u8fd8\u662f\u5f88\u9707\u64bc\u7684 \u771f\u662f\u6f02\u4eae~\n \u7535\u5f71\u91cc\u7684\u6b4c\u513f\u4e5f\u597d\u542c\uff0c\u5b9b\u8f6c\u60a0\u626c\u7684\u66f2\u8c03\u771f\u662f\u8d85\u6709\u9b45\u529b\uff0c\u4e0d\u8bf4\u4e86\uff0c\u6211\u53bb\u627e\u6b4c\u4e86\uff0c\u627e\u4e0d\u7740\u6211\u5c31\u8981\u4ece\u7535\u5f71\u91cc\u622a\u51fa\u6765\n(\u2022\u0300\u3142\u2022\u0301)\u0648\u2727", "useful_count": "0"},
{"page_index": 0, "movie_id": "26606774", "title": "\u5173\u5173\u96ce\u9e20", "username": "\u53cb", "user_id": "196134907", "rating": "\u529b\u8350", "date": "2019-05-07", "time": "23:00:44", "comment": "\u6bd4\u8d77\u90a3\u4e9b\u9a97\u6d41\u91cf\u7684\u7535\u5f71\u597d\u770b", "useful_count": "0"},
{"page_index": 0, "movie_id": "26606774", "title": "\u5173\u5173\u96ce\u9e20", "username": "\u7eef\u8354\u69ad", "user_id": "186348581", "rating": "\u8f83\u5dee", "date": "2018-10-24", "time": "15:17:16", "comment": "\u5f88\u4e00\u822c..\u672c\u8eab\u4e2a\u4eba\u5f88\u559c\u6b22\u8fd9\u79cd\u4e2d\u56fd\u53e4\u4ee3\u7231\u60c5\u7684\u7535\u5f71 \u7eaf\u7cb9\u53c8\u8f70\u70c8 \u53ef\u662f\u5f53\u6211\u70b9\u5f00\u7535\u5f71\u770b\u4e86\u4e00\u534a\u7684\u65f6\u5019\u6211\u5fc3\u91cc\u5b8c\u5168\u90fd\u662f\u201c\u6211tm\u5230\u5e95\u770b\u7684\u662f\u4ec0\u4e48..\u201d", "useful_count": "0"}
]