[
{"page_index": 0, "movie_id": "30313579", "title": "\u820c\u5c16\u4e0a\u7684\u6597\u4e89", "username": "\u5b89\u9759", "user_id": "22911916", "rating": "\u5f88\u5dee", "date": "2018-09-25", "time": "15:56:24", "comment": "\u5927\u90e8\u5206\u6f14\u5458\u6f14\u6280\u5938\u5f20\u505a\u4f5c\uff0c\u5973\u4e3b\u4e00\u5929\u5230\u665a\u561f\u5634\u6324\u773c\uff0c\u6881\u9707\u6210\u5929\u4e00\u526f\u5c34\u5c2c\u6a21\u6837\uff0c\u6881\u9707\u548c\u5927\u773c\u955c\u51b3\u88c2\u90a3\u573a\u620f\uff0c\u60c5\u7eea\u8fd8\u6ca1\u915d\u917f\u8d77\u6765\u5462\u5927\u773c\u955c\u5c31\u5df2\u6c14\u5f97\u53d1\u6296\u6454\u8fd9\u6254\u90a3\u7684\uff0c\u6f14\u592a\u8fc7\u4e86\u5427\u3002\u3002\u8fd8\u6709\u5267\u60c5\u8df3\u8dc3\u4e0d\u8fde\u8d2f\uff0c\u60c5\u8282\u53d1\u5c55\u592a\u751f\u786c\u4e86\u770b\u5230\u5c34\u5c2c\u764c\u90fd\u8981\u53d1\u4f5c\u4e86\u3002", "useful_count": "1"},
{"page_index": 0, "movie_id": "30313579", "title": "\u820c\u5c16\u4e0a\u7684\u6597\u4e89", "username": "\u7e41\u82b1\u5c06\u5c3d", "user_id": "nancyrither", "rating": "\u8f83\u5dee", "date": "2022-05-19", "time": "11:44:00", "comment": "\u6f14\u6280\u5c34\u5c2c\uff0c\u60c5\u611f\u751f\u786c\u3002", "useful_count": "0"},
{"page_index": 0, "movie_id": "30313579", "title": "\u820c\u5c16\u4e0a\u7684\u6597\u4e89", "username": "\u5495\u54d2", "user_id": "163819865", "rating": "\u5f88\u5dee", "date": "2022-03-17", "time": "13:12:42", "comment": "\u8fd9\u7535\u5f71\u5c31\u900f\u7740\u4e00\u80a1\u5ec9\u4ef7\uff0c\u7537\u5973\u4e3b\u4e5f\u5947\u5947\u602a\u602a", "useful_count": "0"},
{"page_index": 0, "movie_id": "30313579", "title": "\u820c\u5c16\u4e0a\u7684\u6597\u4e89", "username": "\u5de6\u6216\u53f3", "user_id": "181588167", "rating": "\u8f83\u5dee", "date": "2019-04-12", "time": "17:30:06", "comment": "\u54c8\u54c8\u54c8\u4e3a\u4ec0\u4e48\u6211\u60f3\u770b\u7237\u7237\u548c\u9ec4\u6bdb\u7684\u611f\u60c5\u620f\uff1f", "useful_count": "0"},
{"page_index": 0, "movie_id": "30313579", "title": "\u820c\u5c16\u4e0a\u7684\u6597\u4e89", "username": "\u8def\u6613\u65af\u80af\u6cf0\u7f57", "user_id": "182745280", "rating": "\u529b\u8350", "date": "2018-11-06", "time": "16:40:31", "comment": "\u4e3a\u4e86\u4e00\u4e2a\u4eba\uff0c\u770b\u4e86\u5341\u51e0\u904d.", "useful_count": "0"},
{"page_index": 0, "movie_id": "30313579", "title": "\u820c\u5c16\u4e0a\u7684\u6597\u4e89", "username": "kobe5111", "user_id": "14908102", "rating": null, "date": "2018-09-21", "time": "21:44:00", "comment": "\u8fd8\u662f\u820c\u5c16\u4e0a\u7684\u8db3\u7597\u66f4\u6709\u5473\u9053\uff01\uff01", "useful_count": "7"},
{"page_index": 0, "movie_id": "30313579", "title": "\u820c\u5c16\u4e0a\u7684\u6597\u4e89", "username": "\u4f60\u8bf4\u4f60\u6709\u4e9b\u9c7f\u9c7c", "user_id": "120407049", "rating": null, "date": "2018-09-01", "time": "09:43:22", "comment": "\u771f\u5389\u5bb3\uff0c\u82f1\u6587\u7ffb\u8bd1\u8bed\u6cd5\u90fd\u9519\u4e86", "useful_count": "0"},
{"page_index": 0, "movie_id": "30313579", "title": "\u820c\u5c16\u4e0a\u7684\u6597\u4e89", "username": "teon\u6c64", "user_id": "4155443", "rating": null, "date": "2018-11-21", "time": "19:10:45", "comment": "\u5728\u54ea\u627e\u7684\u5a18\u5a18\u8154\uff0c\u505a\u7537\u4e00\u6491\u4e0d\u4f4f\u573a\u9762\u3002", "useful_count": "0"}
]