[
{"page_index": 0, "movie_id": "26548048", "title": "\u9ea6\u5175\u5175", "username": "\u56e7\u5c0f\u59d0", "user_id": "57394446", "rating": "\u8f83\u5dee", "date": "2018-01-27", "time": "18:39:15", "comment": "emmm\uff0c\u771f\u7684\u86ee\u96be\u770b\u7684\uff0c\u53ef\u60dc\u4e86\u8fd9\u4e48\u53ef\u7231\u7684\u732a\u3002\u672c\u6765\u60f3\u4e00\u661f\u7684\uff0c\u4f46\u770b\u5230\u732a\u7684\u4efd\u4e0a\u52a0\u591a\u4e00\u661f\u5427...", "useful_count": "43"},
{"page_index": 0, "movie_id": "26548048", "title": "\u9ea6\u5175\u5175", "username": "\u83ca\u90e8\u5730\u533a\u6709\u8840", "user_id": "pigordog1644444", "rating": "\u5f88\u5dee", "date": "2018-01-27", "time": "20:21:50", "comment": "\u670b\u53cb\u9001\u7684\u7968\uff0c\u5e269\u5c81\u7684\u4f84\u5973\u53bb\u770b\u7684\u3002\u5168\u7a0b\u6211\u7684\u8111\u5b50\u91cc\u5c31\u4e00\u4e2a\u5b57\uff0c\u50bb\u903c\uff01\u5973\u4e3b\u89d2\u80a5\u7684\u4e0d\u50cf\u6837\uff0c\u6839\u672c\u6ca1\u8eab\u6750\u6ca1\u80f8\u8fd8\u603b\u7279\u4e48\u60f3\u79c0\u3002\u90a3\u51e0\u4e2a\u94c1\u76ae\u4eba\uff1f\u4e00\u4e2a\u50bb\u903c\u4e00\u6837\u7684\u80d6\u5b50\uff0c\u4e00\u4e2a\u9762\u762b\u4e00\u6837\u7684\u7537\u4eba\u5a46\uff0c\u4e00\u4e2a\u667a\u969c\u4e00\u6837\u7684\u603b\u9760jb\u88ab\u54ac\u6765\u535a\u7b11\u70b9\u7684\u5730\u75de\uff0c\u4e00\u4e2a\u4e8c\u903c\u4e00\u6837\u7684\u8001\u5916\u3002\u5927\u5bb6\u5076\u5c14\u88ab\u52a8\u7269\u9017\u7b11\u51e0\u6b21\u3002\u6240\u4ee5\u8fd9\u4e00\u661f\u9001\u7ed9\u51e0\u53ea\u5c0f\u52a8\u7269\uff01", "useful_count": "21"},
{"page_index": 0, "movie_id": "26548048", "title": "\u9ea6\u5175\u5175", "username": "valen\u7684\u4e91", "user_id": "29375888", "rating": "\u529b\u8350", "date": "2018-02-09", "time": "16:15:37", "comment": "\u53ef\u7231\u7684\u732a\u732a\u5404\u79cd\u7ecf\u5386\u66f2\u6298\u9669\u60c5\u554a\uff0c\u6700\u7231\u5927\u9e45\uff0c\u6ee1\u53e3\u6cb3\u5357\u8bdd\u7b11\u54ed\u4e86\u3002", "useful_count": "0"},
{"page_index": 0, "movie_id": "26548048", "title": "\u9ea6\u5175\u5175", "username": "\u7231\u5403\u5b89\u5229\u7684\u8717\u725b", "user_id": "clarattttt", "rating": "\u5f88\u5dee", "date": "2018-01-29", "time": "11:23:54", "comment": "\u4e0b\u6b21\u770b\u7535\u5f71\u4e4b\u524d\u8981\u770b\u4e0b\u7b80\u4ecb\ud83d\ude43", "useful_count": "3"},
{"page_index": 0, "movie_id": "26548048", "title": "\u9ea6\u5175\u5175", "username": "\u83f2\u8bd7..\u4e2b\u5934", "user_id": "170155580", "rating": "\u529b\u8350", "date": "2018-01-29", "time": "22:18:39", "comment": "\u5b69\u5b50\u4ece\u5c0f\u5c31\u5f88\u72ec\uff0c\u4e0d\u61c2\u5f97\u4ea4\u670b\u53cb\uff0c\u5e0c\u671b\u9ea6\u5175\u5175\u548c\u5e03\u98de\u7684\u611f\u60c5\u80fd\u4ee4\u4ed6\u6709\u6240\u89e6\u52a8", "useful_count": "0"},
{"page_index": 0, "movie_id": "26548048", "title": "\u9ea6\u5175\u5175", "username": "\u6f58\u5e03\u65af", "user_id": "133157953", "rating": "\u5f88\u5dee", "date": "2018-01-27", "time": "03:39:39", "comment": "\u592a\u5dee\u4e86\u54c7", "useful_count": "12"},
{"page_index": 0, "movie_id": "26548048", "title": "\u9ea6\u5175\u5175", "username": "\u5218\u5c0f\u9752", "user_id": "liuqing2009", "rating": null, "date": "2018-01-28", "time": "23:33:27", "comment": "\u5973\u4e00\u50cf\u4e2a\u75af\u5a46\u5b50\u4e00\u6837\u6ca1\u5934\u6ca1\u8111\u75af\u75af\u766b\u766b\u884c\u4e3a\u6beb\u65e0\u903b\u8f91\uff0c\u7136\u540e\u7247\u5c3e\u770b\u8be5\u89d2\u8272\u540d\u5b57\u5c31\u53eb\u75af\uff01\u5a46\uff01\u5b50\uff01", "useful_count": "3"},
{"page_index": 0, "movie_id": "26548048", "title": "\u9ea6\u5175\u5175", "username": "\u65f6\u5149\u51c9\u4eba\u5fc3", "user_id": "170155487", "rating": "\u529b\u8350", "date": "2018-01-29", "time": "16:21:07", "comment": "\u7535\u5f71\u5f88\u597d\u770b\uff0c\u4e0d\u4ec5\u513f\u7ae5\u559c\u6b22\uff0c\u6211\u8fd9\u628a\u5e74\u7eaa\u7684\u4e5f\u88ab\u5438\u5f15\u4f4f\u4e86\uff0c\u771f\u7684\u633a\u9017", "useful_count": "0"},
{"page_index": 0, "movie_id": "26548048", "title": "\u9ea6\u5175\u5175", "username": "YOYO0518", "user_id": "172499407", "rating": "\u8f83\u5dee", "date": "2018-01-27", "time": "23:40:13", "comment": "\u770b\u7684\u513f\u7ae5\u90fd\u5c34\u5c2c\u4e86\uff0c\u9002\u5408\u4e00\u5e74\u7ea7\u4ee5\u4e0b\u89c2\u770b\uff0c\u4f46\u662f\uff0c\u5927\u9e45\u7528\u7684\u65b9\u8a00\uff0c\u4e00\u5e74\u7ea7\u4ee5\u4e0b\u5374\u542c\u4e0d\u61c2\uff0c\u6574\u573a\u6c89\u95f7\uff0c\u591a\u5e74\u672a\u89c1\u7684\u8d85\u4f4e\u5206\u7535\u5f71\u3002", "useful_count": "9"},
{"page_index": 0, "movie_id": "26548048", "title": "\u9ea6\u5175\u5175", "username": "sunshine", "user_id": "37889281", "rating": "\u8f83\u5dee", "date": "2018-01-31", "time": "17:41:41", "comment": "\u611f\u89c9\u662f90\u5e74\u4ee3\u7684\u753b\u98ce", "useful_count": "1"},
{"page_index": 0, "movie_id": "26548048", "title": "\u9ea6\u5175\u5175", "username": "\u80cc\u5305\u4e0a\u5b66\u4e0a\u6210\u9a74", "user_id": "25795086", "rating": "\u8fd8\u884c", "date": "2018-01-27", "time": "19:39:31", "comment": "\u6545\u4e8b\u5373\u4f7f\u5bf9\u4e8e\u5c0f\u670b\u53cb\u6765\u8bf4 \u4e5f\u662f\u5f31\u667a\u65e0\u8da3\u7684 \u6240\u6709\u7684\u771f\u4eba\u90fd\u8111\u6b8b\u5230\u65e0\u836f\u53ef\u6551 \u4f46\u597d\u5728\u4e09\u5927\u4e3b\u89d2\u732a \u9e45 \u732b\u90fd\u53ef\u7231\u6709\u8da3 \u5b83\u4eec\u4ee8\u7684\u914d\u97f3\u529f\u4e0d\u53ef\u6ca1", "useful_count": "9"},
{"page_index": 0, "movie_id": "26548048", "title": "\u9ea6\u5175\u5175", "username": "\u33d2\u60c5\u6218\u521b\u59cb\u8a00\u754c\u603b\u521b\u5f66\u5e1d", "user_id": "169874066", "rating": "\u529b\u8350", "date": "2018-01-27", "time": "15:41:37", "comment": "\u6de1\u6de1\u7684\u611f\u52a8\u8fd8\u6709\u65e0\u8fb9\u7684\u5ff5\u60f3\uff0c\u73b0\u5728\u68a6\u91cc\u90fd\u662f\u4e09\u53ea\u840c\u5ba0\u53ef\u7231\u7684\u8eab\u5f71\uff0cOh\uff0cmygod", "useful_count": "0"},
{"page_index": 0, "movie_id": "26548048", "title": "\u9ea6\u5175\u5175", "username": "\u8fdf\u6d77", "user_id": "173154267", "rating": "\u5f88\u5dee", "date": "2018-01-27", "time": "12:04:44", "comment": "\u6781\u5176\u6076\u52a3\u7684\u54c1\u8d28  \u5c31\u662f\u501f\u52a9\u56fd\u5185\u7535\u5f71\u5e02\u573a\u5927\u597d\u7684\u52bf\u5934\u9a97\u94b1   \u5185\u5bb9\u5355\u8c03\u65e0\u804a  \u4e00\u90e8\u65e0\u826f\u5f71\u7247", "useful_count": "2"},
{"page_index": 0, "movie_id": "26548048", "title": "\u9ea6\u5175\u5175", "username": "\u5927\u6cb3\u5411\u4e1c\u6d41", "user_id": "172774755", "rating": "\u8fd8\u884c", "date": "2018-01-27", "time": "23:21:59", "comment": "\u5e26\u5916\u7525\u770b\u7684\uff0c\u4e00\u822c\u822c\u5427\uff0c\u4e00\u8d2f\u7684\u6b63\u4e49\u5fc5\u80dc\uff0c\u91cd\u70b9\u4ed6\u770b\u7684\u5f00\u5fc3\u5c31\u597d", "useful_count": "68"},
{"page_index": 0, "movie_id": "26548048", "title": "\u9ea6\u5175\u5175", "username": "\u9ed1\u72d7\u6210", "user_id": "44457357", "rating": "\u5f88\u5dee", "date": "2018-07-22", "time": "02:00:36", "comment": "\u4e1c\u822a\u91c7\u8d2d\u5c0f\u7ec4\u70b8\u5929\u4e4b\u9009", "useful_count": "2"},
{"page_index": 0, "movie_id": "26548048", "title": "\u9ea6\u5175\u5175", "username": "\u9a74\u9a74", "user_id": "49599539", "rating": "\u8f83\u5dee", "date": "2018-02-03", "time": "09:58:45", "comment": "\u62cd\u7535\u5f71\u597d\u50cf\u771f\u7684\u4e0d\u96be\u2026\u2026\u4e24\u9897\u661f\u662f\u56e0\u4e3a\u7b2c\u4e00\u6b21\u5305\u573a\u770b\u7535\u5f71\u2026\u2026", "useful_count": "1"},
{"page_index": 0, "movie_id": "26548048", "title": "\u9ea6\u5175\u5175", "username": "\u739b\u4e3d\u76ae\u8036\u7f57", "user_id": "2743603", "rating": "\u8f83\u5dee", "date": "2018-07-31", "time": "17:58:14", "comment": "\u98de\u673a\u4e0a\u770b\u7684\uff0c\u592a\u6050\u6016\u9b54\u5e7b\u4e86\uff01\u6211\u4e0d\u76f8\u4fe1\u662f\u6211\u56fd\u62cd\u7684\u3002\u3002\u3002", "useful_count": "0"},
{"page_index": 0, "movie_id": "26548048", "title": "\u9ea6\u5175\u5175", "username": "\u5386\u53f2\u98ce\u4e91", "user_id": "157490268", "rating": "\u529b\u8350", "date": "2018-02-04", "time": "20:24:50", "comment": "\u4e3a\u4e86\u5207\u5207\u5b9e\u5b9e\u7ed9\u89c2\u4f17\u5448\u73b0\u4f18\u79c0\u7684\u4f5c\u54c1\uff0c\u9ea6\u5175\u5175\u7535\u5f71\u5236\u4f5c\u65b9\u4e3a\u6b64\u6574\u6574\u7b79\u59074.5\u5e74\u7684\u65f6\u95f4\uff0c\u5982\u6b64\u7cbe\u5fc3\u96d5\u7422\uff0c\u76f8\u4fe1\u8d70\u8fdb\u5f71\u9662\u7684\u89c2\u4f17\uff0c\u4f1a\u611f\u53d7\u5230\u5236\u4f5c\u56e2\u961f\u7684\u7528\u5fc3\u548c\u8bda\u610f", "useful_count": "0"},
{"page_index": 0, "movie_id": "26548048", "title": "\u9ea6\u5175\u5175", "username": "Push", "user_id": "143260257", "rating": "\u5f88\u5dee", "date": "2018-02-01", "time": "15:05:10", "comment": "\u771f\u4ed6\u4e48\u9189\u4e86\u3002\u3002\u3002\u8fd9\u79cd\u4e5f\u53eb\u7535\u5f71\uff1f\uff1f", "useful_count": "1"},
{"page_index": 0, "movie_id": "26548048", "title": "\u9ea6\u5175\u5175", "username": "-Delf\u00edne-", "user_id": "133922612", "rating": null, "date": "2018-01-28", "time": "12:47:29", "comment": "\u53c8\u7761\u7740\u4e86\u2026=-=\u732a\u732a\u548c\u732b\u90fd\u5f88\u53ef\u7231", "useful_count": "15"},
{"page_index": 0, "movie_id": "26548048", "title": "\u9ea6\u5175\u5175", "username": "\u4e1d\u8def\u6f47\u96ea", "user_id": "snowonpath", "rating": "\u8fd8\u884c", "date": "2018-02-01", "time": "21:25:31", "comment": "\u5a03\u73ed\u7ea7\u96c6\u4f53\u7ec4\u7ec7\u770b\u7684\u7247\u5b50\u3002\u770b\u6d77\u62a5\u8fd8\u4ee5\u4e3a\u662f\u52a8\u753b\uff0c\u539f\u6765\u662f\u52a8\u7269\u505a\u4e3b\u89d2\u7684\u771f\u4eba\u5f71\u7247\u3002\u52a8\u7269\u4eec\u7684\u8868\u73b0\u90fd\u4e0d\u9519\uff0c\u914d\u97f3\u4e5f\u633a\u641e\u7b11\uff0c\u9053\u5177\u5e03\u666f\u662f\u771f\u7c97\u7cd9\uff0c\u771f\u4eba\u6f14\u6280\u7684\u786e\u6d6e\u5938\uff08\u611f\u89c9\u5973\u4e3b\u5e94\u8be5\u662f\u5e26\u8d44\u8fdb\u7ec4\u5427\uff09\u2026\u2026\u62b1\u6b49\u6211\u5927\u6982\u7761\u4e86\u6709\u4e94\u516d\u89c9\uff0c\u4f46\u770b\u6ee1\u573a\u5b69\u5b50\u4eec\u90fd\u633a\u4e50\u5475\u7684\uff5e\u4e09\u661f\uff0c\u6bcf\u53ea\u5c0f\u52a8\u7269\u4e00\u661f\u3002", "useful_count": "1"},
{"page_index": 0, "movie_id": "26548048", "title": "\u9ea6\u5175\u5175", "username": "Ruby_\u7dba", "user_id": "61754132", "rating": "\u8f83\u5dee", "date": "2020-04-04", "time": "01:07:15", "comment": "\u54c8\u54c8\u54c8\u54c8\u54c8\u54c8\u54c8\u6211\u8fd9\u5c45\u7136\u770b\u8fc7\u8fd9\u4e2a\u54c8\u54c8\u54c8\u54c8\u54c8\u54c8\u54c8", "useful_count": "0"},
{"page_index": 0, "movie_id": "26548048", "title": "\u9ea6\u5175\u5175", "username": "\u6de1\u8584", "user_id": "172543414", "rating": "\u529b\u8350", "date": "2018-02-05", "time": "18:51:13", "comment": "\u7535\u5f71\u6f14\u5b8c\u4e86\uff0c\u5b69\u5b50\u8fd8\u6c89\u6d78\u5728\u5f71\u7247\u4e2d......\u5b69\u5b50\u4ece\u6765\u6ca1\u89c1\u8fc7\u8fd9\u79cd\u52a8\u7269\u62df\u4eba\u7535\u5f71\uff0c\u6240\u4ee5\u559c\u6b22\u7684\u4e0d\u5f97\u4e86\u5462", "useful_count": "0"},
{"page_index": 0, "movie_id": "26548048", "title": "\u9ea6\u5175\u5175", "username": "\u5bc6\u5ba4\u6e38\u9c7c", "user_id": "1032722", "rating": "\u63a8\u8350", "date": "2018-01-30", "time": "18:44:14", "comment": "\u5e26\u5ab3\u5987\u53bb\u7684\uff0c\u7ed9\u5c0f\u52a8\u7269\u4e00\u4eba\u4e00\u5206\u5427\uff0c\u5267\u672c\u4e0d\u8bc4\u4ef7\u4e86\u3002", "useful_count": "20"},
{"page_index": 0, "movie_id": "26548048", "title": "\u9ea6\u5175\u5175", "username": "\u6708\u4eae\u5473\u7684\u7c73\u7ebf", "user_id": "159777932", "rating": "\u8f83\u5dee", "date": "2018-01-31", "time": "08:55:42", "comment": "\u52a8\u753b\u6548\u679c\u505a\u7684\u4e0d\u662f\u5f88\u597d", "useful_count": "0"},
{"page_index": 0, "movie_id": "26548048", "title": "\u9ea6\u5175\u5175", "username": "W", "user_id": "161401353", "rating": "\u63a8\u8350", "date": "2018-02-02", "time": "19:26:00", "comment": "\u5b9e\u5728\u60f3\u8c61\u4e0d\u51fa\u6765\u90a3\u4e9b\u7fa4\u732b\u4e71\u821e\u7684\u573a\u666f\u662f\u600e\u4e48\u62cd\u6444\u51fa\u6765\u7684\uff0c\u5bfc\u6f14\u771f\u662f\u8d39\u5fc3\u4e86\u732b\u54aa\u4e0d\u53ef\u80fd\u542c\u61c2\u4eba\u8bdd\u5427", "useful_count": "0"},
{"page_index": 0, "movie_id": "26548048", "title": "\u9ea6\u5175\u5175", "username": "aina220913", "user_id": "169218042", "rating": "\u63a8\u8350", "date": "2018-02-03", "time": "15:25:16", "comment": "\u9a6f\u517d\u5e08\u4eec\u4e5f\u4e0d\u5bb9\u6613\u554a\uff0c\u4ee5\u524d\u7684\u52a8\u7269\u7535\u5f71\uff0c\u53ea\u6709\u51e0\u4e2a\u5c0f\u52a8\u7269\uff0c\u8fd9\u6b21\u771f\u771f\u662f\u4e00\u7fa4\u554a\uff0c\u4e5f\u4e0d\u77e5\u9053\u662f\u600e\u4e48\u505a\u5230\u7684\uff0c\u80af\u5b9a\u4e0d\u5bb9\u6613\u5427\uff01", "useful_count": "0"},
{"page_index": 0, "movie_id": "26548048", "title": "\u9ea6\u5175\u5175", "username": "shang123", "user_id": "170075690", "rating": "\u63a8\u8350", "date": "2018-02-02", "time": "19:15:57", "comment": "\u5f71\u7247\u4e2d\u7684\u5c0f\u732a\u3001\u5927\u9e45\u3001\u732b\u54aa\uff0c\u5446\u840c\u53ef\u7231\uff0c\u81ea\u5e26\u559c\u611f\uff0c\u8fd9\u4e00\u5207\u65e2\u8981\u5f52\u529f\u4e8e\u5316\u5986\u5e08\u9020\u578b\u5e08\u548c\u9a6f\u517d\u5458\uff0c\u4e5f\u5f97\u5f52\u529f\u4e8e\u7279\u6548\u5236\u4f5c\u4eba\u5458\uff0c\u56fd\u4ea7\u7535\u5f71\u6709\u5e0c\u671b\u3002", "useful_count": "0"},
{"page_index": 0, "movie_id": "26548048", "title": "\u9ea6\u5175\u5175", "username": "\u7cd6\u7eb8", "user_id": "gzcats", "rating": "\u8f83\u5dee", "date": "2018-02-02", "time": "23:47:43", "comment": "\u30102018.02.02/\u54c8\u827a\u5408\u751f\u9a8f\u666f/No.19\u3011\u5c2c.... \u4eba\u5bb6\u56fd\u591620\u5e74\u524d\u7684\u300a\u5c0f\u732a\u5b9d\u8d1d\u300b\u6bd4\u8fd9\u4e2a\u5f3a\u592a\u591a\u4e86....", "useful_count": "0"},
{"page_index": 0, "movie_id": "26548048", "title": "\u9ea6\u5175\u5175", "username": "\u7092\u996d\u81ea\u52a9\u4fa0", "user_id": "88721937", "rating": null, "date": "2018-01-29", "time": "00:32:10", "comment": "\u6700\u96be\u4ee5\u7f6e\u4fe1\u7684\u4e0d\u662f\u8fd9\u7535\u5f71\u7684\u8d28\u91cf\u5982\u4f55\uff0c\u800c\u4e14\u6211\u7ffb\u770b\u6211\u8fd9\u5c0f\u53bf\u57ce\u7684\u5f71\u9662\u573a\u6b21\uff0c\u8fd9\u90e8\u7535\u5f71\u7684\u573a\u6b21\u7adf\u7136\u6bd4\u5176\u4ed6\u51e0\u90e8\u52a0\u8d77\u6765\u90fd\u591a(\u5305\u62ec\u79fb\u52a8\u8ff7\u5bab\uff0c\u624d\u4e09\u573a)\uff0c\u5b8c\u5168\u60f3\u8c61\u4e0d\u5230\u662f\u600e\u4e48\u56de\u4e8b", "useful_count": "2"},
{"page_index": 0, "movie_id": "26548048", "title": "\u9ea6\u5175\u5175", "username": "\u8fc8\u51ef\u4e50", "user_id": "153875691", "rating": "\u5f88\u5dee", "date": "2018-01-28", "time": "14:02:30", "comment": "\u5c0f\u5b69\u770b\u6ca1\u610f\u601d \u5927\u4eba\u770b\u66f4\u6ca1\u610f\u601d \u63d0\u524d\u79bb\u573a", "useful_count": "21"},
{"page_index": 0, "movie_id": "26548048", "title": "\u9ea6\u5175\u5175", "username": "leafduo", "user_id": "leafduo", "rating": "\u5f88\u5dee", "date": "2018-01-28", "time": "03:28:50", "comment": "\u770b\u9884\u544a\u7247\u8fd8\u53ef\u4ee5\u5c31\u53bb\u4e86\uff0c\u7ed3\u679c\u5267\u60c5\u3001\u8282\u594f\u3001\u753b\u9762\u90fd\u4e00\u584c\u7cca\u6d82", "useful_count": "4"},
{"page_index": 0, "movie_id": "26548048", "title": "\u9ea6\u5175\u5175", "username": "\u8c46\u8c46", "user_id": "171781390", "rating": "\u63a8\u8350", "date": "2018-02-05", "time": "19:52:07", "comment": "\u5728\u7279\u6548\u6280\u672f\u4e0a\uff0c\u8fd9\u90e8\u5f71\u7247\u5e94\u8be5\u53ef\u4ee5\u4e0e\u56fd\u5916\u5927\u7247\u6bd4\u80a9\u4e86\u5427\u3002\n", "useful_count": "0"},
{"page_index": 0, "movie_id": "26548048", "title": "\u9ea6\u5175\u5175", "username": "\u5c0f\u82b1\u4ed9", "user_id": "173206895", "rating": "\u529b\u8350", "date": "2018-02-05", "time": "18:12:45", "comment": "\u5b69\u5b50\u8bf4\u4ed6\u975e\u5e38\u559c\u6b22\uff0c\u8ba9\u6211\u4e00\u5b9a\u4e0a\u6765\u6253\u4e94\u9897\u661f\u661f", "useful_count": "0"},
{"page_index": 0, "movie_id": "26548048", "title": "\u9ea6\u5175\u5175", "username": "\u610f\u4e2d\u4eba", "user_id": "173505581", "rating": "\u63a8\u8350", "date": "2018-02-06", "time": "10:34:32", "comment": "\u62cd\u6444\u7684\u7cbe\u5f69\uff0c\u540e\u671f\u5236\u4f5c\u4e5f\u5f88\u7cbe\u5f69\uff0c\u6240\u4ee5\u5f71\u7247\u6574\u4f53\u6765\u770b\u8fd8\u662f\u975e\u5e38\u4e0d\u9519\u7684\uff0c\u9ad8\u54c1\u8d28\u51fa\u54c1\uff0c\u503c\u5f97\u4e00\u770b", "useful_count": "0"},
{"page_index": 0, "movie_id": "26548048", "title": "\u9ea6\u5175\u5175", "username": "TIM", "user_id": "190844336", "rating": "\u8fd8\u884c", "date": "2022-05-21", "time": "20:11:16", "comment": "18\u5e74\u770b\u7684\uff0c\u90a3\u65f6\u5019\u8fd8\u6ca1\u6709\u75ab\u60c5\n\u56de\u5fc6\u633a\u597d\n\u4e0d\u89c9\u5f97\u662f\u70c2\u7247", "useful_count": "0"},
{"page_index": 0, "movie_id": "26548048", "title": "\u9ea6\u5175\u5175", "username": "\u61d2\u4eba", "user_id": "173153270", "rating": "\u63a8\u8350", "date": "2018-02-05", "time": "18:15:36", "comment": "\u5982\u679c\u6709100\u9897\u661f\uff0c\u6211\u60f3\u6211\u4e00\u5b9a\u4f1a\u5168\u90e8\u6253\u5b8c\uff01\u56e0\u4e3a\u771f\u7684\u5f88\u68d2\u7684\u8bf4\uff0c\u4e0d\u77e5\u9053\u5bfc\u6f14\u4e3a\u4e86\u628a\u7535\u5f71\u62cd\u597d\uff0c\u7ecf\u5386\u4e86\u591a\u5c11\u56f0\u96be\uff0c\u4f46\u662f\u60f3\u8c61\u9e21\u540c\u9e2d\u8bb2\u7684\u573a\u666f\uff0c\u5c31\u611f\u89c9\u5f88\u597d\u7b11\n", "useful_count": "0"},
{"page_index": 0, "movie_id": "26548048", "title": "\u9ea6\u5175\u5175", "username": "\u5289\u8096\u5bd2", "user_id": "154099873", "rating": "\u63a8\u8350", "date": "2018-02-02", "time": "19:35:41", "comment": "\u4ece\u8fd9\u90e8\u7247\u5b50\u4e2d\u770b\u5230\u4e86\u4e2d\u56fd\u65b0\u751f\u5f71\u89c6\u5236\u4f5c\u4eba\u7684\u6210\u957f\uff0c\u6709\u62c5\u5f53\uff0c\u6562\u521b\u65b0\uff0c\u6709\u9b44\u529b\uff01\u671f\u5f85\u770b\u5230\u66f4\u591a\u4f18\u8d28\u7684\u56fd\u4ea7\u5f71\u7247\u3002", "useful_count": "0"},
{"page_index": 0, "movie_id": "26548048", "title": "\u9ea6\u5175\u5175", "username": "\u83ab\u8a00", "user_id": "173311089", "rating": "\u529b\u8350", "date": "2018-02-05", "time": "19:53:48", "comment": "\u8fd9\u90e8\u5f71\u7247\u76ee\u524d\u7684\u70ed\u5ea6\uff0c\u6709\u70b9\u8981\u8d76\u8d85\u75af\u72c2\u52a8\u7269\u57ce\u7684\u52b2\u5934\uff0c\u5f88\u6b23\u6170\uff0c\u56fd\u4ea7\u7247\u4e5f\u80fd\u6709\u5982\u6b64\u51fa\u8272\u7684\u8868\u73b0\u3002\n", "useful_count": "0"},
{"page_index": 0, "movie_id": "26548048", "title": "\u9ea6\u5175\u5175", "username": "Shallwetalk", "user_id": "97379610", "rating": "\u5f88\u5dee", "date": "2018-01-28", "time": "00:12:45", "comment": "\u975e\u5e38\u5c2c\n\u4ece\u5973\u4e3b\u7684\u8868\u6f14\u5230\u573a\u666f\u90fd\u900f\u7740\u4e00\u79cd\u571f\u6c14\n\u65b9\u8a00\u6897\u548c\u8001\u6d41\u884c\u8bed\u6700\u5c2c\n\u767d\u778e\u4e86\u8fd8\u633a\u53ef\u7231\u7684\u5c0f\u52a8\u7269\n\u7968\u662f\u8d60\u7684 \u5168\u573a\u5c31\u6211\u4eec\u4e24\u4e2a\u4eba \u6ca1\u770b\u5b8c\u5c31\u79bb\u573a\u5403\u996d\u53bb\u4e86", "useful_count": "4"},
{"page_index": 0, "movie_id": "26548048", "title": "\u9ea6\u5175\u5175", "username": "\u6240\u4ee5\u5462", "user_id": "173463526", "rating": "\u63a8\u8350", "date": "2018-02-05", "time": "18:52:34", "comment": "\u5f71\u7247\u5f88\u7cbe\u5f69\uff0c\u8fd9\u6b21\u5bf9\u4e8e\u52a8\u7269\u62df\u4eba\u7535\u5f71\u7684\u5c1d\u8bd5\u5e94\u8be5\u7b97\u662f\u6210\u529f\u7684\u5427\uff01\u5e0c\u671b\u4ee5\u540e\u80fd\u591f\u6709\u66f4\u591a\u7c7b\u4f3c\u9898\u6750\u51fa\u73b0\u3002", "useful_count": "0"},
{"page_index": 0, "movie_id": "26548048", "title": "\u9ea6\u5175\u5175", "username": "\u8fc7\u53bb\u4e86", "user_id": "173373793", "rating": "\u529b\u8350", "date": "2018-02-05", "time": "19:25:41", "comment": "\u79d1\u6280\u7684\u53d1\u5c55\u4f7f\u5f97\u52a8\u7269\u53ef\u4ee5\u5728\u7535\u5f71\u4e2d\u8ddf\u4eba\u4e00\u6837\u4e0a\u7a9c\u4e0b\u8df3\uff0c\u65e0\u6240\u4e0d\u80fd\uff0c\u770b\u591a\u4e86\u8d85\u7ea7\u82f1\u96c4\u7684\u82f1\u52c7\uff0c\u770b\u770b\u4e09\u53ea\u840c\u5ba0\u5982\u4f55\u62ab\u5dfe\u65a9\u6d6a\uff0c\u514b\u670d\u56f0\u96be\uff0c\u5f88\u6709\u65b0\u610f\n", "useful_count": "0"},
{"page_index": 0, "movie_id": "26548048", "title": "\u9ea6\u5175\u5175", "username": "\u9006\u65c5\u4e36\u521d\u89c1", "user_id": "173621129", "rating": "\u529b\u8350", "date": "2018-02-06", "time": "12:01:31", "comment": "\u867d\u7136\u4e0e\u6b27\u7f8e\u7684\u7247\u5b50\u76f8\u6bd4\u8fd8\u6709\u4e00\u5b9a\u7684\u5dee\u8ddd\uff0c\u4e0d\u8fc7\u5df2\u7ecf\u662f\u56fd\u4ea7\u7247\u7684\u4e00\u4e2a\u5f88\u5927\u7684\u98de\u8dc3\u4e86\uff0c\u5e0c\u671b\u5728\u6b63\u786e\u7684\u9053\u8def\u4e0a\u7ee7\u7eed\u52aa\u529b\n", "useful_count": "0"},
{"page_index": 0, "movie_id": "26548048", "title": "\u9ea6\u5175\u5175", "username": "\u7403\u7403\u54e5", "user_id": "160911168", "rating": "\u5f88\u5dee", "date": "2018-02-01", "time": "13:45:23", "comment": "\u5c0f\u670b\u53cb\u8868\u793a\u4e0d\u597d\u770b", "useful_count": "1"},
{"page_index": 0, "movie_id": "26548048", "title": "\u9ea6\u5175\u5175", "username": "\u7f8e\u98df\u642c\u8fd0\u5de5", "user_id": "173392575", "rating": "\u529b\u8350", "date": "2018-02-05", "time": "19:33:08", "comment": "\u8fd9\u90e8\u7247\u5b50\u91cc\u8fb9\u90a3\u4e48\u591a\u7684\u573a\u666f\uff0c\u8fd9\u4e9b\u5c0f\u52a8\u7269\u4eec\u4e5f\u4ed8\u51fa\u4e86\u5f88\u591a\u7684\u5fc3\u8840\u548c\u52aa\u529b\uff0c\u4f46\u7535\u5f71\u7684\u56e2\u961f\u6700\u8d77\u7801\u8fd8\u80fd\u770b\u5230\u5f71\u7247\u4e0a\u6620\u540e\u89c2\u4f17\u7684\u638c\u58f0\u548c\u7b11\u58f0\uff0c\u5c0f\u52a8\u7269\u4eec\u5c31\u53ea\u80fd\u9ed8\u9ed8\u6d41\u6cea\uff0c\u5b9e\u529b\u5fc3\u75bc\u4e00\u6ce2\u5440", "useful_count": "0"},
{"page_index": 0, "movie_id": "26548048", "title": "\u9ea6\u5175\u5175", "username": "\u7e41\u8363\u7684", "user_id": "173019218", "rating": "\u529b\u8350", "date": "2018-02-06", "time": "11:12:57", "comment": "\u559c\u6b22\u8fd9\u79cd\u8bb2\u6545\u4e8b\u7684\u65b9\u5f0f\uff0c\u6ca1\u6709\u523b\u610f\u7684\u8bf4\u6559\u6210\u5206\uff0c\u5374\u662f\u901a\u8fc7\u7cbe\u5f69\u5267\u60c5\u6765\u8ba9\u89c2\u4f17\u81ea\u5df1\u54c1\u5473\u5176\u4e2d\u9053\u7406\uff0c\u559c\u6b22", "useful_count": "0"},
{"page_index": 0, "movie_id": "26548048", "title": "\u9ea6\u5175\u5175", "username": "\u4e48\u4e48\u54d2\uff0c", "user_id": "173473441", "rating": "\u529b\u8350", "date": "2018-02-05", "time": "18:31:44", "comment": "\u975e\u5e38\u52b1\u5fd7\uff0c\u5c24\u5176\u559c\u6b22\u5927\u9e45\u5e03\u98de\u90a3\u79cd\u50bb\u91cc\u50bb\u6c14\u7684\u6027\u683c\uff0c\u5e0c\u671b\u4ee5\u540e\u80fd\u6709\u66f4\u591a\u7cbe\u5f69\u7684\u56fd\u4ea7\u7247\u51fa\u7089\uff01\n", "useful_count": "0"},
{"page_index": 0, "movie_id": "26548048", "title": "\u9ea6\u5175\u5175", "username": "\u5143\u6625", "user_id": "bimuer", "rating": "\u8fd8\u884c", "date": "2018-02-04", "time": "10:27:29", "comment": "\u5f88\u795e\u5947\u7684\u7247\u5b50\uff0c\u5973\u4e3b\u7eaf\u7d20\u4eba\u7684\u6a21\u6837\u3002\u7537\u4e3b\u5168\u7247\u6ca1\u8bf4\u8fc7\u4e00\u53e5\u4eba\u8bdd\uff0c\u4e5f\u6ca1\u6d17\u5e72\u51c0\u8fc7\u8138\u3002\u52a8\u7269\u5e38\u5e38\u5206\u4e0d\u6e05\u662f\u771f\u5b9e\u7684\u8fd8\u662f\u52a8\u753b\uff0c\u96f7\u7535\u840c\u70b9\u50bb\u50bb\u5206\u4e0d\u6e05\u695a\u3002\u53e6\u5916\uff0c\u4e3a\u5206\u955c\u5e08\u540c\u5b66\u52a0\u4e00\u661f\u3002", "useful_count": "0"},
{"page_index": 0, "movie_id": "26548048", "title": "\u9ea6\u5175\u5175", "username": "Dizzy", "user_id": "imshuilan", "rating": "\u8fd8\u884c", "date": "2018-02-02", "time": "14:31:10", "comment": "\u591a\u4e00\u661f\u7ed9\u9e45", "useful_count": "0"},
{"page_index": 0, "movie_id": "26548048", "title": "\u9ea6\u5175\u5175", "username": "\u5c0f\u5e0c\u5c0f\u5e0c", "user_id": "173583415", "rating": "\u63a8\u8350", "date": "2018-02-05", "time": "18:33:57", "comment": "\u5236\u4f5c\u975e\u5e38\u7ec6\u817b\uff0c\u5bf9\u52a8\u7269\u7684\u8868\u60c5\u90fd\u505a\u4e86\u975e\u5e38\u7cbe\u7ec6\u7684\u5904\u7406,\u56fd\u4ea7\u5f71\u7247\u771f\u7684\u662f\u8d8a\u6765\u8d8a\u68d2\u4e86\u3002\n", "useful_count": "0"},
{"page_index": 0, "movie_id": "26548048", "title": "\u9ea6\u5175\u5175", "username": "\u963f\u4e5d", "user_id": "173588454", "rating": "\u63a8\u8350", "date": "2018-02-06", "time": "10:25:05", "comment": "\u5728\u6d6e\u8e81\u7684\u5e02\u573a\u80cc\u666f\u4e0b\uff0c\u8fd8\u6709\u4eba\u80fd\u575a\u6301\u505a\u56fd\u4ea7\u771f\u4eba\u52a8\u7269\u62df\u4eba\u7535\u5f71\u771f\u7684\u5f88\u6709\u52c7\u6c14\uff0c\u600e\u4e48\u4e5f\u8981\u7ed9\u70b9\u652f\u6301\n", "useful_count": "0"},
{"page_index": 0, "movie_id": "26548048", "title": "\u9ea6\u5175\u5175", "username": "\u6843", "user_id": "Sybilla93", "rating": null, "date": "2018-02-07", "time": "08:54:15", "comment": "\u539f\u6765\u8fd9\u53ea\u732a\u53eb\u4e52\u4e52\uff0c\u6211\u4e00\u76f4\u542c\u6210\u51b0\u51b0\u3002@\u4e0a\u6d77\u5e86\u6625\u7535\u5f71\u57ce", "useful_count": "0"},
{"page_index": 0, "movie_id": "26548048", "title": "\u9ea6\u5175\u5175", "username": "\u7f13\u7f13", "user_id": "173244745", "rating": "\u529b\u8350", "date": "2018-02-05", "time": "18:32:22", "comment": "\u770b\u7684\u65f6\u5019\uff0c\u611f\u89c9\u81ea\u5df1\u4e5f\u5b8c\u5168\u878d\u5165\u4ed6\u4eec\u4e86\uff0c\u611f\u89c9\u81ea\u5df1\u4e5f\u662f\u4e2a\u4e0a\u8e7f\u4e0b\u8df3\u7684\u5c0f\u52a8\u7269\uff0c\u8fd9\u53ef\u80fd\u5c31\u662f\u5f71\u7247\u7684\u6210\u529f\u4e4b\u5904\u5427\uff01", "useful_count": "0"},
{"page_index": 0, "movie_id": "26548048", "title": "\u9ea6\u5175\u5175", "username": "\u5353\u8d8a", "user_id": "172361123", "rating": "\u529b\u8350", "date": "2018-02-05", "time": "19:32:08", "comment": "\u7279\u6548\u6c38\u8fdc\u90fd\u53ea\u662f\u7279\u6548\uff0c\u7279\u6548\u518d\u597d\u771f\u6b63\u80fd\u6253\u52a8\u89c2\u4f17\u7684\u8fd8\u662f\u5728\u4e8e\u5f71\u7247\u7684\u6838\u5fc3\u5185\u6db5\uff0c\u9ea6\u5175\u5175\u8fd9\u90e8\u7535\u5f71\u5bd3\u6559\u4e8e\u4e50\uff0c\u8ba9\u5b69\u5b50\u89c2\u770b\u4e4b\u4f59\u80fd\u5b66\u5230\u5b66\u6821\u91cc\u5b66\u4e0d\u5230\u7684\u4e1c\u897f\uff0c\u5f88\u68d2\n\n", "useful_count": "0"},
{"page_index": 0, "movie_id": "26548048", "title": "\u9ea6\u5175\u5175", "username": "\u51ef\u5b50", "user_id": "157250584", "rating": "\u8fd8\u884c", "date": "2021-09-01", "time": "17:49:49", "comment": "\u54c8\u54c8\u54c8\u54c8\u54c8\u54c8\u54c8\u604d\u604d\u60da\u60da\u592a\u840c\u5566", "useful_count": "0"},
{"page_index": 0, "movie_id": "26548048", "title": "\u9ea6\u5175\u5175", "username": "\u6211\u624d\u662f\u5b9d\u5b9d\u54c8\u54c8", "user_id": "173270682", "rating": "\u529b\u8350", "date": "2018-02-05", "time": "19:37:23", "comment": "\"\u62cd\u6444\u8fd9\u6837\u7684\u4e00\u90e8\u7535\u5f71\uff0c\u5bfc\u6f14\u6700\u4e3b\u8981\u8fd8\u662f\u60f3\u5b69\u5b50\u901a\u8fc7\u5c0f\u52a8\u7269\uff0c\u5b66\u4f1a\u81ea\u5df1\u7684\u52c7\u6562\u575a\u6301\u5427\uff0c\u4e09\u89c2\u5f88\u6b63\u7684\u5f71\u7247\n\"\n", "useful_count": "0"},
{"page_index": 0, "movie_id": "26548048", "title": "\u9ea6\u5175\u5175", "username": "\u5475\u5475", "user_id": "172689351", "rating": "\u529b\u8350", "date": "2018-02-05", "time": "19:50:50", "comment": "\u4e00\u7fa4\u53c8\u53ef\u7231\u53c8\u9177\u52b2\u513f\u5341\u8db3\u7684\u840c\u5ba0\uff0c\u540e\u671f\u5236\u4f5c\u7684\u5f88\u4e0d\u9519\uff0c\u5c06\u5c0f\u52a8\u7269\u7684\u52a8\u4f5c\u975e\u5e38\u7075\u6d3b\uff0c\u975e\u5e38\u903c\u771f\uff0c\u5c06\u5c0f\u52a8\u7269\u7684\u5446\u840c\u5b8c\u5168\u5c55\u73b0\u5728\u89c2\u4f17\u773c\u91cc\u554a\n", "useful_count": "0"},
{"page_index": 0, "movie_id": "26548048", "title": "\u9ea6\u5175\u5175", "username": "\u5927\u5e08\u5085", "user_id": "172944359", "rating": "\u63a8\u8350", "date": "2018-02-06", "time": "11:15:17", "comment": "\u559c\u6b22\uff0c\u65e0\u8bba\u662f\u52a8\u7269\u4eec\u7684\u5446\u840c\u8868\u60c5\u3001\u8fd8\u662f\u641e\u7b11\u5267\u60c5\u3001\u8fd8\u662f\u60ca\u559c\u5236\u4f5c\uff0c\u90fd\u975e\u5e38\u559c\u6b22\uff0c\u56fd\u4ea7\u7535\u5f71\u6709\u5e0c\u671b\u4e86", "useful_count": "0"},
{"page_index": 0, "movie_id": "26548048", "title": "\u9ea6\u5175\u5175", "username": "\u4ed9\u5ea6\u745e\u62c9", "user_id": "173376567", "rating": "\u63a8\u8350", "date": "2018-02-06", "time": "09:32:52", "comment": "3D\u6548\u679c\u5f88\u4e0d\u9519\uff0c\u5236\u4f5c\u5f97\u5f88\u534e\u4e3d\uff0c\u5f71\u7247\u521b\u610f\u5927\u80c6\u6709\u65b0\u610f\uff0c\u6ca1\u60f3\u5230\u56fd\u4ea7\u7535\u5f71\u73b0\u5728\u62cd\u6444\u7684\u8d8a\u6765\u8d8a\u6210\u719f\u4e86\n", "useful_count": "0"},
{"page_index": 0, "movie_id": "26548048", "title": "\u9ea6\u5175\u5175", "username": "Gip3", "user_id": "78352623", "rating": "\u8f83\u5dee", "date": "2018-03-05", "time": "09:19:10", "comment": "\u732a\u771f\u7684\u633a\u840c\u7684\u2026", "useful_count": "0"},
{"page_index": 0, "movie_id": "26548048", "title": "\u9ea6\u5175\u5175", "username": "\u96fe\u91cc\u770b\u82b1", "user_id": "170163158", "rating": "\u8fd8\u884c", "date": "2018-02-02", "time": "20:30:15", "comment": "\u8ba9\u52a8\u7269\u62cd\u7535\u5f71\u8fd9\u79cd\u9ad8\u96be\u5ea6\u7684\u4e8b\u60c5\u653e\u5230\u4ee5\u524d\u6211\u662f\u4ece\u6765\u4e0d\u6562\u60f3\u7684\uff0c\u611f\u89c9\u592a\u75af\u72c2\u4e86\uff01", "useful_count": "0"},
{"page_index": 0, "movie_id": "26548048", "title": "\u9ea6\u5175\u5175", "username": "\u4eba\u751f\u4e00\u77ac \u73cd\u60dc\u5f53", "user_id": "171912577", "rating": "\u5f88\u5dee", "date": "2018-01-28", "time": "04:51:45", "comment": "\u5f88\u591a\u5e73\u53f0\u5c06\u6b64\u7247\u5b9a\u4e49\u4e3a\u52a8\u753b\u7247\uff0c\u8fd9\u90e8\u5267\u4e0d\u540c\u4e8e\u4f20\u7edf\u610f\u4e49\u4e0a\u7684\u52a8\u753b\u7247\u7531\u771f\u4eba\u548c\u771f\u5b9e\u7684\u52a8\u7269\u6240\u62cd\u6444\u5b8c\u6210\u3002\u4f5c\u4e3a\u5408\u5bb6\u6b22\u7684\u4f5c\u54c1\u653e\u5728\u5047\u671f\u6863\u65e0\u975e\u662f\u7ed9\u5c0f\u5b69\u4e0d\u4e00\u6837\u7684\u4f53\u9a8c\uff0c\u5982\u679c\u5c0f\u5b69\u5b50\u559c\u6b22\u5c31\u4f53\u73b0\u51fa\u5b83\u6210\u529f\u7684\u4ef7\u503c\uff0c\u4f5c\u4e3a\u6210\u5e74\u4eba\u770b\u4f1a\u662f\u4e00\u90e8\u70c2\u7247", "useful_count": "2"},
{"page_index": 0, "movie_id": "26548048", "title": "\u9ea6\u5175\u5175", "username": "1235NIHAO.", "user_id": "173127435", "rating": "\u529b\u8350", "date": "2018-02-06", "time": "12:25:24", "comment": "\u6211\u4eec\u5f53\u4e0b\u7684\u793e\u4f1a\u5f88\u7f3a\u5c11\u8fd9\u79cd\u6b63\u80fd\u91cf\u7684\u4f20\u9012\uff0c\u8fd9\u90e8\u7247\u5b50\u8ba9\u6211\u770b\u5230\u4e86\u6211\u4eec\u56fd\u4ea7\u7535\u5f71\u7684\u672a\u6765\uff0c\u575a\u6301\u505a\u4e0b\u53bb\u793e\u4f1a\u98ce\u6c14\u5c06\u4f1a\u66f4\u597d\n", "useful_count": "0"},
{"page_index": 0, "movie_id": "26548048", "title": "\u9ea6\u5175\u5175", "username": "\u6697\u591c\u7cbe\u7075", "user_id": "4415314", "rating": "\u5f88\u5dee", "date": "2018-02-06", "time": "23:58:54", "comment": "\u5c1a\u672a\u8fbe\u5230\u88ab\u79f0\u4f5c\u201c\u7535\u5f71\u201d\u7684\u8d77\u59cb\u7ebf\u3002", "useful_count": "0"},
{"page_index": 0, "movie_id": "26548048", "title": "\u9ea6\u5175\u5175", "username": "\u996d\u516b\u6876", "user_id": "173158217", "rating": "\u63a8\u8350", "date": "2018-02-05", "time": "18:29:43", "comment": "\u4e0d\u9519\uff01\u8fd9\u5e74\u5934\u80fd\u591f\u6807\u65b0\u7acb\u5f02\uff0c\u5728\u9898\u6750\u4e0a\u505a\u51fa\u8fd9\u6837\u91cd\u5927\u7a81\u7834\u7684\u7535\u5f71\uff0c\u771f\u7684\u4e0d\u591a\u4e86\uff0c\u6240\u4ee5\u4e3a\u8fd9\u79cd\u7cbe\u795e\uff0c\u4e5f\u4e00\u5b9a\u8981\u652f\u6301\uff01\n", "useful_count": "0"},
{"page_index": 0, "movie_id": "26548048", "title": "\u9ea6\u5175\u5175", "username": "\u9646\u96ea\u5f81\u7684\u5c0f\u7070\u7070", "user_id": "173433996", "rating": "\u529b\u8350", "date": "2018-02-05", "time": "19:58:31", "comment": "\u8fd9\u4e48\u7cbe\u81f4\u7684\u7535\u5f71\uff0c\u540e\u671f\u5de5\u4f5c\u4e00\u5b9a\u7279\u522b\u7684\u9ebb\u70e6\uff0c\u4efb\u4f55\u4e00\u4e2a\u5c0f\u7ec6\u8282\u90fd\u8981\u5904\u7406\u5f88\u4e45\uff0c\u8981\u662f\u6211\u7684\u8bdd\u53ef\u80fd\u65e9\u5c31\u653e\u5f03\u4e86\uff0c\u8fd8\u597d\u4ed6\u4eec\u6ca1\u6709\u653e\u5f03\n", "useful_count": "0"},
{"page_index": 0, "movie_id": "26548048", "title": "\u9ea6\u5175\u5175", "username": "uhh", "user_id": "173476303", "rating": "\u8fd8\u884c", "date": "2018-02-04", "time": "20:21:50", "comment": "\u9ea6\u5175\u5175\u8fd9\u90e8\u7535\u5f71\u6ee1\u6ee1\u7684\u90fd\u662f\u4e2d\u56fd\u6587\u5316\u7684\u6807\u7b7e\uff0c\u770b\u5f97\u6ee1\u6ee1\u7684\u611f\u52a8\uff0c\u8fd9\u79cd\u7c7b\u578b\u7684\u7535\u5f71\u5c31\u5e94\u8be5\u88ab\u66f4\u591a\u7684\u4eba\u6240\u770b\u5230", "useful_count": "0"},
{"page_index": 0, "movie_id": "26548048", "title": "\u9ea6\u5175\u5175", "username": "\u5468\u661f\u661f", "user_id": "173392186", "rating": "\u63a8\u8350", "date": "2018-02-05", "time": "18:27:10", "comment": "\u9ea6\u5175\u5175\u7684\u5446\u840c\u548c\u52b1\u5fd7\u6b63\u80fd\u91cf\u7ed9\u6211\u7559\u4e0b\u4e86\u6df1\u523b\u7684\u5370\u8c61\uff0c\u5e0c\u671b\u5b69\u5b50\u770b\u5b8c\u4e5f\u80fd\u591f\u5b66\u4e60\u4e00\u4e0b\u9ea6\u5175\u5175\u7684\u7cbe\u795e\u3002\n", "useful_count": "0"},
{"page_index": 0, "movie_id": "26548048", "title": "\u9ea6\u5175\u5175", "username": "\u79d1\u6bd4\u5e03\u83b1\u6069", "user_id": "172924837", "rating": "\u63a8\u8350", "date": "2018-02-05", "time": "19:49:36", "comment": "\u62cd\u6444\u8fd9\u6837\u4e00\u90e8\u7535\u5f71\uff0c\u5176\u4e2d\u4ed8\u51fa\u7684\u8f9b\u82e6\u81ea\u662f\u4e0d\u5fc5\u7ec6\u8bf4\u7684\uff0c\u5e86\u5e78\u7684\u662f\uff0c\u5f71\u7247\u5f97\u5230\u4e86\u5927\u91cf\u5f71\u8ff7\u7684\u8ba4\u53ef\uff0c\u6211\u76845\u661f\u9001\u7ed9\u4f60\n", "useful_count": "0"},
{"page_index": 0, "movie_id": "26548048", "title": "\u9ea6\u5175\u5175", "username": "\u674e\u51ef\u661f", "user_id": "172528062", "rating": "\u529b\u8350", "date": "2018-01-27", "time": "14:42:46", "comment": "\u867d\u7136\u5267\u60c5\u5bf9\u5927\u4eba\u6765\u8bf4\u4e00\u822c\uff0c\u4f46\u5b69\u5b50\u770b\u7684\u4e50\u5475\u5475\u7684\uff0c\u8fd8\u6709\u4ec0\u4e48\u6bd4\u8fd9\u91cd\u8981\u7684\u5462", "useful_count": "0"},
{"page_index": 0, "movie_id": "26548048", "title": "\u9ea6\u5175\u5175", "username": "\u4e07\u91d1", "user_id": "173520295", "rating": "\u529b\u8350", "date": "2018-02-05", "time": "18:22:03", "comment": "\u4f5c\u4e3a\u4e2d\u56fd\u9996\u90e8\u52a8\u7269\u62df\u4eba\u7535\u5f71\uff0c\u65e0\u8bba\u662f\u5267\u60c5\u3001\u62cd\u6444\u3001\u5236\u4f5c\u3001\u914d\u97f3\uff0c\u90fd\u53ea\u80fd\u7528\u201c\u5b8c\u7f8e\u201d\u6765\u5f62\u5bb9\u4e86\uff01\n", "useful_count": "0"},
{"page_index": 0, "movie_id": "26548048", "title": "\u9ea6\u5175\u5175", "username": "\u53ea\u77e5\u9053", "user_id": "173244161", "rating": "\u63a8\u8350", "date": "2018-02-06", "time": "09:28:58", "comment": "\u5f88\u6709\u6559\u80b2\u610f\u4e49\u7684\u5f71\u7247\uff0c\u7b26\u5408\u4e2d\u56fd\u7684\u56fd\u60c5\uff0c\u8fd9\u6837\u7684\u56fd\u4ea7\u7247\u5e94\u8be5\u591a\u51fa\u4e00\u4e9b\n", "useful_count": "0"},
{"page_index": 0, "movie_id": "26548048", "title": "\u9ea6\u5175\u5175", "username": "Jono", "user_id": "173590908", "rating": "\u529b\u8350", "date": "2018-02-05", "time": "19:58:43", "comment": "\u5c0f\u52a8\u7269\u53c8\u542c\u4e0d\u61c2\u4eba\u8bdd\uff0c\u6240\u4ee5\u771f\u7684\u60f3\u77e5\u9053\uff0c\u8fd9\u90e8\u7535\u5f71\u662f\u600e\u6837\u62cd\u6444\u7684\uff0c\u592a\u532a\u5937\u6240\u601d\u4e86\n", "useful_count": "0"},
{"page_index": 0, "movie_id": "26548048", "title": "\u9ea6\u5175\u5175", "username": "who's \u52b3\u4eba?", "user_id": "lauren0115", "rating": "\u5f88\u5dee", "date": "2018-03-13", "time": "17:14:14", "comment": "\u8bf7\u4e0d\u8981\u518d\u8bf4\u7ed9\u5e7c\u513f\u56ed\u5c0f\u670b\u53cb\u770b\u7684\uff0c\u5e7c\u513f\u56ed\u5c0f\u670b\u53cb\u8bf4\uff1a\u5f88\uff01\u96be\uff01\u770b\uff01", "useful_count": "0"},
{"page_index": 0, "movie_id": "26548048", "title": "\u9ea6\u5175\u5175", "username": "\u53eb\u5b50\u5b89\u7684\u90a3\u68f5\u6811", "user_id": "50755551", "rating": "\u5f88\u5dee", "date": "2018-10-30", "time": "19:29:58", "comment": "\u822a\u73ed\u4e0a\u770b\u5230\u611f\u89c9\u8fde\u65f6\u95f4\u90fd\u6253\u53d1\u4e0d\u4e86\u7684\u7535\u5f71", "useful_count": "0"},
{"page_index": 0, "movie_id": "26548048", "title": "\u9ea6\u5175\u5175", "username": "Minami29", "user_id": "66020926", "rating": "\u5f88\u5dee", "date": "2018-03-30", "time": "09:40:52", "comment": "\u592a\u6076\u5fc3 \u5973\u4e3b\u6bd4\u732a\u8fd8\u4e11", "useful_count": "0"},
{"page_index": 0, "movie_id": "26548048", "title": "\u9ea6\u5175\u5175", "username": "\u5bfb\u5bfb\u89c5\u89c5", "user_id": "173370186", "rating": "\u529b\u8350", "date": "2018-02-06", "time": "11:18:49", "comment": "\u5f88\u8d34\u5730\u6c14\u7684\u4e00\u90e8\u7535\u5f71\uff0c\u6211\u548c\u5b69\u5b50\u90fd\u770b\u7684\u5f88\u9ad8\u5174\uff0c\u6536\u83b7\u4e86\u975e\u5e38\u5feb\u4e50\u7684\u4e00\u4e2a\u5468\u672b\u3002\n", "useful_count": "0"},
{"page_index": 0, "movie_id": "26548048", "title": "\u9ea6\u5175\u5175", "username": "\u5c4b\u91cc\u584c\u584c", "user_id": "138857924", "rating": "\u5f88\u5dee", "date": "2018-03-19", "time": "17:11:37", "comment": "\u8fd9\u7247\u5b50\u6211\u4e00\u5e27\u4e00\u5e27\u7684\u770b\uff0c\u770b\u4e86\u597d\u51e0\u904d\ud83d\ude43", "useful_count": "0"},
{"page_index": 0, "movie_id": "26548048", "title": "\u9ea6\u5175\u5175", "username": "lkk118118", "user_id": "173525356", "rating": "\u63a8\u8350", "date": "2018-02-05", "time": "18:14:53", "comment": "\u8fd9\u90e8\u7535\u5f71\u4e00\u5b9a\u8d39\u52b2\u4e86\u5468\u6298\uff0c\u60f3\u60f3\u8ba9\u8fd9\u4e48\u591a\u98de\u79bd\u8d70\u517d\u5728\u7247\u573a\u91cc\u6309\u90e8\u5c31\u73ed\u7684\u6f14\u620f\uff0c\u90a3\u7b80\u76f4\u662f\u4e0d\u53ef\u80fd\u7684\u554a\uff01\n", "useful_count": "0"},
{"page_index": 0, "movie_id": "26548048", "title": "\u9ea6\u5175\u5175", "username": "\u591c\u592a\u9ed1", "user_id": "4430908", "rating": "\u5f88\u5dee", "date": "2018-07-02", "time": "10:16:31", "comment": "\u88ab\u8feb\u5728\u4e1c\u822a\u4e0a\u770b\u4e86\u8fd9\u90e8\u5c2c\u5230\u6781\u70b9\u7684\u7247 \u90a3\u53f0\u8bcd\u7b80\u76f4\u4e86 \u51b7\u7b11\u8bdd\u62fc\u6210\u7684\u6bb5\u5b50 \u5bfc\u6f14\u662f\u4e0d\u662f\u89c9\u5f97\u5f88\u641e\u7b11\uff1f", "useful_count": "0"},
{"page_index": 0, "movie_id": "26548048", "title": "\u9ea6\u5175\u5175", "username": "\u5c0f\u7ea2\u4e66\u79cd\u8349", "user_id": "131001136", "rating": "\u529b\u8350", "date": "2018-02-05", "time": "11:06:32", "comment": "\u771f\u5b9e\u7684\u52a8\u7269\u5f62\u8c61\u600e\u4e48\u80fd\u548c\u73b0\u5b9e\u7ed3\u5408\u597d\u5462\uff0c\u4e8e\u662f\u5e26\u7740\u7591\u95ee\u8d70\u8fdb\u4e86\u7535\u5f71\u9662\uff0c\u770b\u5b8c\u540e\u60c5\u4e0d\u81ea\u7981\u7ed9\u4e2d\u56fd\u7535\u5f71\u6811\u5927\u62c7\u6307\uff0c\u62cd\u7684\u592a\u68d2\u4e86", "useful_count": "0"},
{"page_index": 0, "movie_id": "26548048", "title": "\u9ea6\u5175\u5175", "username": "\u5916\u661f\u7403\u7684\u5c0f\u4e38\u5b50", "user_id": "123456420", "rating": "\u8f83\u5dee", "date": "2018-02-02", "time": "10:21:43", "comment": "\u7ed9\u4e24\u9897\u661f\u661f\u5b8c\u5168\u662f\u56e0\u4e3a\u7231\u732a\u800c\u5df2\uff0c\u5267\u60c5\u548c\u62cd\u6444\u624b\u6cd5\u771f\u7684\u6ca1\u6709\u4ec0\u4e48\u53ef\u4ee5\u8bf4\u7684\u4e86", "useful_count": "0"},
{"page_index": 0, "movie_id": "26548048", "title": "\u9ea6\u5175\u5175", "username": "\u676f\u9152\u6d12\u94f6\u6cb3", "user_id": "Boy-zenki", "rating": null, "date": "2018-02-01", "time": "16:50:22", "comment": "\u786e\u5b9a\u4e0d\u662f\u6284\u88ad20\u5e74\u524d\u7684\u5c0f\u732a\u5b9d\u8d1d\uff1f", "useful_count": "0"},
{"page_index": 0, "movie_id": "26548048", "title": "\u9ea6\u5175\u5175", "username": "\u6240\u6709\u4eba\u95f4\u559c\u5267", "user_id": "173459343", "rating": "\u529b\u8350", "date": "2018-02-05", "time": "18:09:01", "comment": "\u975e\u5e38\u4f69\u670d\u5bfc\u6f14\u7684\u9b44\u529b\uff0c\u4e3a\u4e86\u628a\u6545\u4e8b\u8bb2\u597d\uff0c\u7adf\u7136\u9009\u62e9\u7528\u5c0f\u52a8\u7269\u6765\u6f14\u620f\uff0c\u5b9e\u5728\u662f\u9ad8\uff01\u8fd9\u4e5f\u6b63\u662f\u7535\u5f71\u6700\u5927\u7684\u770b\u70b9\n", "useful_count": "0"},
{"page_index": 0, "movie_id": "26548048", "title": "\u9ea6\u5175\u5175", "username": "\u87ba\u86f3\u7c89\u7231\u597d\u8005", "user_id": "182565064", "rating": "\u5f88\u5dee", "date": "2019-08-25", "time": "17:03:05", "comment": "\u5e26\u5b69\u5b50\u53bb\u770b\u7684\uff0c\u975e\u5e38\u65e0\u804a\uff0c\u770b\u5f97\u56f0\u6b7b\u4e86", "useful_count": "0"},
{"page_index": 0, "movie_id": "26548048", "title": "\u9ea6\u5175\u5175", "username": "\u6211\u4ee5\u4e3a", "user_id": "173595500", "rating": "\u63a8\u8350", "date": "2018-02-06", "time": "11:37:55", "comment": "\u5370\u8c61\u6700\u6df1\u523b\u7684\u5c31\u662f\u5c0f\u732a\u9ea6\u5175\u5175\u7684\u5446\u840c\u8868\u60c5\u4e86\uff0c\u5f88\u4e30\u5bcc\uff0c\u559c\u6012\u54c0\u4e50\u90fd\u6f14\u7ece\u7684\u6dcb\u6f13\u5c3d\u81f4\uff0c\u771f\u662f\u592a\u559c\u6b22\u4e86\n", "useful_count": "0"},
{"page_index": 0, "movie_id": "26548048", "title": "\u9ea6\u5175\u5175", "username": "\u54e6\u5440", "user_id": "173374554", "rating": "\u529b\u8350", "date": "2018-02-05", "time": "18:22:58", "comment": "\u6211\u5c31\u662f\u4e3a\u4e86\u201c\u9996\u90e8\u56fd\u4ea7\u52a8\u7269\u62df\u4eba\u7535\u5f71\u201d\u7684\u5671\u5934\u53bb\u7684\uff0c\u770b\u5b8c\u4e4b\u540e\u611f\u89c9\u4e0d\u9519\uff0c\u5f88\u641e\u7b11\u5f88\u52b1\u5fd7\uff0c\u559c\u6b22\uff01\n", "useful_count": "0"},
{"page_index": 0, "movie_id": "26548048", "title": "\u9ea6\u5175\u5175", "username": "\u8001\u5cb3\u7684\u5c0f\u7ea2\u5e3d", "user_id": "173267412", "rating": "\u529b\u8350", "date": "2018-02-05", "time": "19:59:44", "comment": "\u6298\u670d\u4e8e\u8fd9\u51e0\u53ea\u5c0f\u840c\u5ba0\u7684\u7cbe\u6e5b\u6f14\u6280\uff0c\u867d\u7136\u77e5\u9053\u4ed6\u4eec\u662f\u914d\u5408\u4e86\u7279\u6548\uff0c\u4f46\u662f\u8fd8\u662f\u5fcd\u4e0d\u4f4f\u8981\u5938\u8000\u4e00\u4e0b\uff01\n", "useful_count": "0"},
{"page_index": 0, "movie_id": "26548048", "title": "\u9ea6\u5175\u5175", "username": "IO", "user_id": "173531213", "rating": "\u63a8\u8350", "date": "2018-02-05", "time": "18:11:06", "comment": "\u8fd9\u662f\u6211\u6700\u8fd1\u51e0\u5e74\u770b\u8fc7\u7684\u6700\u597d\u7684\u513f\u7ae5\u7535\u5f71\uff01\u6211\u5bb6\u5b69\u5b50\u770b\u5b8c\u4e4b\u540e\u7279\u522b\u5f00\u5fc3\uff0c\u5c0f\u52a8\u7269\u4eec\u771f\u7684\u592a\u53ef\u7231\u4e86\uff01\n", "useful_count": "0"},
{"page_index": 0, "movie_id": "26548048", "title": "\u9ea6\u5175\u5175", "username": "\u5927\u4f79\u53f3", "user_id": "172997157", "rating": "\u63a8\u8350", "date": "2018-02-05", "time": "19:46:21", "comment": "\u8fd9\u4e48\u597d\u7684\u56fd\u4ea7\u7247\u8ba9\u6211\u611f\u52a8\uff0c\u770b\u5230\u4e86\u56fd\u4ea7\u7247\u7684\u5e0c\u671b\uff0c\u575a\u6301\uff0c\u7ee7\u7eed\u505a\u56fd\u4ea7\u7247\uff01\n", "useful_count": "0"},
{"page_index": 0, "movie_id": "26548048", "title": "\u9ea6\u5175\u5175", "username": "\u6768\u5c0f\u55b5", "user_id": "63574650", "rating": "\u5f88\u5dee", "date": "2018-06-19", "time": "11:39:59", "comment": "\u5728\u98de\u673a\u4e0a\u88ab\u8feb\u770b\u7684\u2026\u2026\u771f\u7684\u662f\u5c2c\u51fa\u5929\u9645", "useful_count": "0"},
{"page_index": 0, "movie_id": "26548048", "title": "\u9ea6\u5175\u5175", "username": "\u732a\u732a", "user_id": "172682666", "rating": "\u529b\u8350", "date": "2018-02-05", "time": "19:41:51", "comment": "\u9ea6\u5175\u5175\u8fd9\u90e8\u7535\u5f71\u5c06\u63a5\u5730\u6c14\u7684\u5267\u672c\u878d\u5408\u5728\u5148\u8fdb\u7684\u7535\u5f71\u5de5\u4e1a\u6280\u672f\u4e2d\uff0c\u81f4\u529b\u4e8e\u7535\u5f71\u6545\u4e8b\u4ee5\u53ca\u89d2\u8272\u7684\u5851\u9020\u4e0a\uff0c\u6ca1\u6709\u6d6e\u5938\u7684\u8868\u8c61\uff0c\u66f4\u591a\u7684\u662f\u7cbe\u795e\u5c42\u9762\u7684\u4e30\u5bcc\n", "useful_count": "0"},
{"page_index": 0, "movie_id": "26548048", "title": "\u9ea6\u5175\u5175", "username": "\u661f\u8fb0vitti", "user_id": "157680350", "rating": "\u5f88\u5dee", "date": "2018-02-03", "time": "17:00:34", "comment": "\u6211\u53ea\u80fd\u7ed9\u4e00\u5206\uff0c\u60c5\u8282\u771f\u7684\u5f88\u7cdf\u7cd5\uff0c\u4e0d\u77e5\u9053\uff0c\u8bb2\u4e86\u4e00\u4e2a\u5565\uff1f\uff1f\u753b\u9762\u5f88\u7c97\u7cd9\uff0c\u7279\u6548\u5f88\u5dee\u3002", "useful_count": "0"},
{"page_index": 0, "movie_id": "26548048", "title": "\u9ea6\u5175\u5175", "username": "\u6989\u6728", "user_id": "173503047", "rating": "\u529b\u8350", "date": "2018-02-05", "time": "18:24:36", "comment": "\u5e0c\u671b\u56fd\u4ea7\u7247\u518d\u63a5\u518d\u5389\uff0c\u80fd\u591f\u7ee7\u7eed\u505a\u51fa\u8fd9\u6837\u7684\u7cbe\u54c1\uff01\n", "useful_count": "0"},
{"page_index": 0, "movie_id": "26548048", "title": "\u9ea6\u5175\u5175", "username": "\u7528\u82f1\u6587", "user_id": "173620812", "rating": "\u63a8\u8350", "date": "2018-02-06", "time": "11:34:39", "comment": "\u4ee5\u524d\u603b\u89c9\u5f97\u8fea\u58eb\u5c3c\u52a8\u753b\u662f\u6807\u6746\uff0c\u73b0\u5728\u770b\u6765\uff0c\u6211\u4eec\u8d85\u8d8a\u8fea\u58eb\u5c3c\u4e5f\u4e0d\u662f\u8bf4\u8bf4\u800c\u5df2\uff0c\u597d\u50cf\u5c31\u662f\u5206\u5206\u949f\u7684\u4e8b\u60c5\u554a\n", "useful_count": "0"},
{"page_index": 0, "movie_id": "26548048", "title": "\u9ea6\u5175\u5175", "username": "\u8c37\u9aa8\u4fa0", "user_id": "173507584", "rating": "\u63a8\u8350", "date": "2018-02-06", "time": "10:51:21", "comment": "\u5f88\u9ad8\u5174\u9ea6\u5175\u5175\u4e4b\u593a\u5b9d\u8054\u76df\u7ed9\u4e2d\u56fd\u89c2\u4f17\u9012\u4ea4\u4e00\u5f20\u6ee1\u610f\u7684\u7b54\u5377\uff0c\u5c31\u50cf\u51ac\u65e5\u91cc\u7684\u9633\u5149\u4e00\u6837\uff0c\u7ed9\u56fd\u4ea7\u7535\u5f71\u6811\u7acb\u7684\u699c\u6837\n", "useful_count": "0"},
{"page_index": 0, "movie_id": "26548048", "title": "\u9ea6\u5175\u5175", "username": "\u653e\u6d6a\u4e0d\u7f81", "user_id": "172757697", "rating": "\u63a8\u8350", "date": "2018-02-06", "time": "09:32:09", "comment": "\u62b1\u6b49\uff0c\u6211\u7684\u89c1\u8bc6\u4e0d\u8db3\u4ee5\u8ba9\u6211\u7406\u89e3\u8fd9\u90e8\u7535\u5f71\u662f\u600e\u6837\u62cd\u6444\u51fa\u6765\u7684\uff0c\u5c0f\u52a8\u7269\u505a\u6f14\u5458\uff0c\u8fd9\u7a76\u7adf\u662f\u5982\u4f55\u505a\u5230\u7684\uff1f\uff01", "useful_count": "0"},
{"page_index": 0, "movie_id": "26548048", "title": "\u9ea6\u5175\u5175", "username": "\u9ad8\u6570", "user_id": "173361169", "rating": "\u529b\u8350", "date": "2018-02-06", "time": "09:37:27", "comment": "\u51b2\u7740\u9898\u6750\u6765\u7684\uff0c\u6bd5\u7adf\u73b0\u5728\u52a8\u7269\u62df\u4eba\u7535\u5f71\u8fd8\u7b97\u662f\u7a00\u6709\u54c1\uff0c\u6240\u4ee5\u4e00\u65e6\u6709\u4e86\uff0c\u5fc5\u7136\u4f1a\u652f\u6301\n", "useful_count": "0"},
{"page_index": 0, "movie_id": "26548048", "title": "\u9ea6\u5175\u5175", "username": "\u6728\u6797\u68ee", "user_id": "173303261", "rating": "\u529b\u8350", "date": "2018-02-06", "time": "11:04:41", "comment": "\u62cd\u6444\u8fd9\u6837\u4e00\u90e8\u7535\u5f71\uff0c\u4eba\u4e0e\u5c0f\u52a8\u7269\u4e4b\u95f4\u7684\u914d\u5408\u662f\u6700\u96be\u8de8\u8d8a\u7684\u9e3f\u6c9f\uff0c\u800c\u4ed6\u7adf\u7136\u505a\u5230\u4e86\u8036\uff01\n", "useful_count": "0"},
{"page_index": 0, "movie_id": "26548048", "title": "\u9ea6\u5175\u5175", "username": "spencer", "user_id": "170352430", "rating": "\u5f88\u5dee", "date": "2018-02-03", "time": "14:56:39", "comment": "\u4ec0\u4e48\u70c2\u7247\uff0c\u6beb\u65e0\u6545\u4e8b\u60c5\u8282\uff0c\u5c31\u770b\u5230\u4e2a\u732a\u548c\u9e2d\u5b50\u8dd1\u6765\u8dd1\u53bb\uff0c\u738b\u5b50\u8bb2\u571f\u8457\u8bed\uff0c\u4e0d\u4f1a\u4e2d\u56fd\u8bdd\uff0c\u5927\u6bb5\u7684\u571f\u8457\u8bed\u5bf9\u767d\uff0c\u9e45\u662f\u8bf4\u6cb3\u5357\u8bdd\u7684\uff0c\u732b\u597d\u70b9\u4e1c\u5317\u8bdd\uff0c\u5b69\u5b50\u5927\u90e8\u5206\u542c\u4e0d\u61c2\uff0c\u738b\u5b50\u5c45\u7136\u4e0d\u4f1a\u8bf4\u4e2d\u56fd\u8bdd\uff0c\u5b69\u5b50\u548b\u770b\uff0c\u770b\u4e0d\u61c2\uff0c\u4e00\u4f1a\u513f\u5c31\u5750\u4e0d\u4f4f\u4e86\uff0c\u5c31\u7b97\u6253\u7740\u4eb2\u81ea\u5267\u6765\u9a97\u94b1\uff0c\u4e5f\u8981\u8ba9\u5b69\u5b50\u770b\u5f97\u61c2\u554a\uff0c\n", "useful_count": "0"},
{"page_index": 0, "movie_id": "26548048", "title": "\u9ea6\u5175\u5175", "username": "\u6e05", "user_id": "173828295", "rating": "\u5f88\u5dee", "date": "2018-02-10", "time": "17:52:08", "comment": "\u7279\u522b\u4e0d\u597d\u770b\uff0c\u5168\u573a\u53ea\u6709\u6211\u4eec\u4e00\u5bb6\u4eba\uff0c\u770b\u4e00\u534a\u5c31\u8d70\u4e86\uff0c\u5b9e\u5728\u4e0d\u5fcd\u76f4\u89c6", "useful_count": "0"},
{"page_index": 0, "movie_id": "26548048", "title": "\u9ea6\u5175\u5175", "username": "ji\u53ef\u8c13", "user_id": "172922889", "rating": "\u63a8\u8350", "date": "2018-02-05", "time": "19:48:36", "comment": "\n\u4e4b\u524d\u628a\u5927\u628a\u7684\u7968\u623f\u90fd\u8d21\u732e\u7ed9\u4e86\u56fd\u5916\u7535\u5f71\uff0c\u73b0\u5728\u7ec8\u4e8e\u4e5f\u770b\u5230\u4e86\u56fd\u4ea7\u7247\u7684\u5e0c\u671b\uff0c\u4ee5\u540e\u4f1a\u5c3d\u91cf\u652f\u6301\u56fd\u4ea7\u5f71\u7247\uff0c\u5e0c\u671b\u7cbe\u54c1\u8d8a\u6765\u8d8a\u591a\n\n", "useful_count": "0"},
{"page_index": 0, "movie_id": "26548048", "title": "\u9ea6\u5175\u5175", "username": "\u6d1b\u4e3d\u5854", "user_id": "173620206", "rating": "\u63a8\u8350", "date": "2018-02-06", "time": "11:23:56", "comment": "\u6ca1\u6709\u4efb\u4f55\u7ecf\u9a8c\u548c\u501f\u9274\uff0c\u5168\u51ed\u81ea\u5df1\u7684\u4e00\u8154\u70ed\u60c5\u548c\u8fdc\u5927\u62b1\u8d1f\uff0c\u624d\u80fd\u505a\u51fa\u5982\u6b64\u7cbe\u5f69\u7684\u52a8\u7269\u7535\u5f71\u5427\n", "useful_count": "0"},
{"page_index": 0, "movie_id": "26548048", "title": "\u9ea6\u5175\u5175", "username": "\u4ed9\u5973007", "user_id": "173421025", "rating": "\u529b\u8350", "date": "2018-02-06", "time": "10:54:57", "comment": "\u4e00\u90e8\u9ad8\u6c34\u51c6\u5236\u4f5c\u7684\u52a8\u7269\u62df\u4eba\u7535\u5f71\u79bb\u4e0d\u5f00\u6240\u6709\u5de5\u4f5c\u4eba\u5458\u7684\u8f9b\u82e6\u4ed8\u51fa\uff0c\u800c\u5f71\u7247\u91cc\u7684\u5c0f\u52a8\u7269\u4eec\u4e5f\u6ca1\u8f9c\u8d1f\u6240\u6709\u4eba\u7684\u671f\u671b\uff0c\u840c\u840c\u54d2\u5b9e\u5728\u5708\u7c89\uff0c\u7968\u623f\u6760\u6760\u7684\n", "useful_count": "0"},
{"page_index": 0, "movie_id": "26548048", "title": "\u9ea6\u5175\u5175", "username": "\u53ef\u53ef", "user_id": "173470805", "rating": "\u63a8\u8350", "date": "2018-02-05", "time": "18:50:41", "comment": "\u7a00\u996d\uff01\u8fd9\u79cd\u9898\u6750\u7684\u7535\u5f71\uff0c\u62cd\u6444\u96be\u5ea6\u4e00\u5b9a\u662f\u975e\u5e38\u5de8\u5927\uff0c\u60f3\u8c61\u4e0d\u51fa\u5bfc\u6f14\u662f\u600e\u6837\u514b\u670d\u82e6\u96be\u7684\u3002\n", "useful_count": "0"},
{"page_index": 0, "movie_id": "26548048", "title": "\u9ea6\u5175\u5175", "username": "\u5e73\u563b\u738b", "user_id": "173287921", "rating": "\u63a8\u8350", "date": "2018-02-06", "time": "11:04:11", "comment": "\u770b\u5b8c\u5fc3\u60c5\u5f88\u7f8e\u597d\uff0c\u4e3a\u8fd9\u90e8\u7535\u5f71\u7cbe\u5f69\u7684\u5267\u60c5\uff0c\u4e5f\u4e3a\u4e2d\u56fd\u7535\u5f71\u7f8e\u597d\u7684\u672a\u6765\n", "useful_count": "0"},
{"page_index": 0, "movie_id": "26548048", "title": "\u9ea6\u5175\u5175", "username": "\u8bee\u80e1", "user_id": "172920791", "rating": "\u63a8\u8350", "date": "2018-02-05", "time": "19:44:42", "comment": "\u4e2d\u56fd\u7684\u539f\u521b\u52a8\u753b\u7535\u5f71\u592a\u5c11\uff0c\u4eb2\u5b50\u7c7b\u578b\u7684\u7535\u5f71\u5c31\u66f4\u5c11\u4e86\uff0c\u6709\u4e86\u8fd9\u90e8\u7cbe\u5f69\u7684\u4e0d\u80fd\u518d\u7cbe\u5f69\u7684\u9ea6\u5175\u5175\u4e4b\u593a\u5b9d\u8054\u201c\u840c\u201d\uff0c\u6709\u5565\u7406\u7531\u4e0d\u53bb\u652f\u6301\u4e00\u4e0b\u56fd\u4ea7\u7535\u5f71\u5462\n", "useful_count": "0"},
{"page_index": 0, "movie_id": "26548048", "title": "\u9ea6\u5175\u5175", "username": "\u6ce8\u5c04\u5668", "user_id": "173212379", "rating": "\u529b\u8350", "date": "2018-02-06", "time": "12:00:03", "comment": "\u8fd9\u4e48\u597d\u7684\u7247\u5b50\u592a\u7b26\u5408\u6211\u5bf9\u56fd\u4ea7\u7247\u7684\u7406\u89e3\u4e86\uff0c\u5f88\u6709\u81ea\u5df1\u7684\u7279\u8272\u4e1c\u897f\u5728\u91cc\u8fb9\uff0c\u5e0c\u671b\u80fd\u575a\u6301\u505a\u6709\u81ea\u5df1\u7279\u8272\u7684\u56fd\u4ea7\u7247\uff01\n", "useful_count": "0"},
{"page_index": 0, "movie_id": "26548048", "title": "\u9ea6\u5175\u5175", "username": "\u6469\u7eb3\u54e5", "user_id": "173459258", "rating": "\u63a8\u8350", "date": "2018-02-05", "time": "19:48:46", "comment": "\u54c8\u54c8\uff0c\u901a\u8fc7\u7cbe\u5f69\u7684\u5f71\u7247\uff0c\u6211\u597d\u50cf\u9690\u7ea6\u770b\u5230\u4e86\u62cd\u6444\u73b0\u573a\u4e2d\uff0c\u90a3\u4e9b\u5162\u5162\u4e1a\u4e1a\u3001\u52aa\u529b\u62fc\u640f\u7684\u5c0f\u840c\u5ba0\u4eec\uff0c\u5b9e\u5728\u6709\u70b9\u5fc3\u75bc\n", "useful_count": "0"},
{"page_index": 0, "movie_id": "26548048", "title": "\u9ea6\u5175\u5175", "username": "\u4f73\u4f73", "user_id": "173256302", "rating": "\u63a8\u8350", "date": "2018-02-06", "time": "11:33:18", "comment": "\u5f88\u6b22\u5feb\uff0c\u5f88\u641e\u7b11\uff0c\u5f88\u52b1\u5fd7\u7684\u4e00\u90e8\u7535\u5f71\uff0c\u5e26\u5168\u5bb6\u8001\u5c0f\u4e00\u8d77\u6765\u7684\uff0c\u6ca1\u6709\u5931\u671b\n", "useful_count": "0"},
{"page_index": 0, "movie_id": "26548048", "title": "\u9ea6\u5175\u5175", "username": "\u52ff\u5fd8\u62112018", "user_id": "173379207", "rating": "\u63a8\u8350", "date": "2018-02-06", "time": "11:04:17", "comment": "\u9ea6\u5175\u5175\u8fd9\u90e8\u7535\u5f71\u5c06\u771f\u5b9e\u52a8\u7269\u8868\u6f14\u4e0e\u7279\u6548\u5236\u4f5c\u8fdb\u884c\u4e86\u5b8c\u7f8e\u7684\u914d\u5408\uff0c\u5f88\u4e0d\u9519\uff0c\u5f71\u7247\u8d28\u91cf\u4e0a\u4e58\u3002", "useful_count": "0"},
{"page_index": 0, "movie_id": "26548048", "title": "\u9ea6\u5175\u5175", "username": "\u5bf9\u4e0d\u8d77\u6211\u7231\u4f60", "user_id": "173464990", "rating": "\u529b\u8350", "date": "2018-02-06", "time": "12:03:10", "comment": "\u8fd9\u90e8\u7247\u5b50\u4e5f\u662f\u6211\u4eec\u56fd\u4ea7\u7535\u5f71\u7684\u4e00\u4e2a\u5de8\u5927\u7a81\u7834\u554a\uff0c\u5e0c\u671b\u56fd\u4ea7\u7247\u80fd\u643a\u9ea6\u5175\u5175\u4e00\u8d77\u8d8a\u8d70\u8d8a\u8fdc\n", "useful_count": "0"},
{"page_index": 0, "movie_id": "26548048", "title": "\u9ea6\u5175\u5175", "username": "\u7535\u5f71\u72c2\u4eba", "user_id": "172122099", "rating": "\u529b\u8350", "date": "2018-04-04", "time": "11:08:25", "comment": "6666666666", "useful_count": "0"},
{"page_index": 0, "movie_id": "26548048", "title": "\u9ea6\u5175\u5175", "username": "\u7edd\u5bf9\u9ad8\u5ea6", "user_id": "130641863", "rating": "\u63a8\u8350", "date": "2018-02-03", "time": "20:15:54", "comment": "\u914d\u97f3\u5b9e\u5728\u662f\u96be\u5f97\u554a\uff0c\u73b0\u5728\u914d\u97f3\u6f14\u5458\u7ed9\u771f\u4eba\u914d\u97f3\u65f6\u90fd\u4f1a\u51fa\u73b0\u53e3\u578b\u4e0d\u7b26\uff0c\u770b\u5f97\u89c2\u4f17\u90a3\u662f\u4e00\u4e2a\u51fa\u620f\uff0c\u9ea6\u5175\u5175\u8fd9\u90e8\u7535\u5f71\u53e3\u578b\u4e0a\u7adf\u7136\u80fd\u5982\u6b64\u5207\u5408\u3002\u8fd9\u4e00\u70b9\u96be\u80fd\u53ef\u8d35\u554a", "useful_count": "0"},
{"page_index": 0, "movie_id": "26548048", "title": "\u9ea6\u5175\u5175", "username": "\u8fc8&", "user_id": "173471407", "rating": "\u529b\u8350", "date": "2018-02-05", "time": "18:25:41", "comment": "\u52a8\u7269\u62df\u4eba\u7535\u5f71\u7684\u62cd\u6444\u96be\u5ea6\u81ea\u7136\u662f\u65e0\u9700\u591a\u8a00\u7684\uff0c\u4e0d\u7528\u8bf4\u522b\u7684\uff0c\u5149\u662f\u4e0e\u5c0f\u52a8\u7269\u4e4b\u95f4\u7684\u8bed\u8a00\u6c9f\u901a\uff0c\u5c31\u662f\u4e2a\u65e0\u6cd5\u8de8\u8d8a\u7684\u9e3f\u6c9f\uff01\n", "useful_count": "0"},
{"page_index": 0, "movie_id": "26548048", "title": "\u9ea6\u5175\u5175", "username": "\u5566\u5566", "user_id": "173385760", "rating": "\u63a8\u8350", "date": "2018-02-06", "time": "12:24:36", "comment": "\u8fd9\u90e8\u7247\u5b50\u6781\u5177\u6211\u4eec\u4e2d\u56fd\u7279\u8272\uff0c\u5e76\u4e14\u9898\u6750\u5f88\u65b0\u9896\uff0c\u53ef\u4ee5\u8bf4\u662f\u4e00\u4e2a\u4e86\u4e0d\u5f97\u7684\u7a81\u7834\u3002\u5e0c\u671b\u80fd\u7ee7\u7eed\u575a\u6301\u4e0b\u53bb\uff0c\u62cd\u51fa\u66f4\u597d\u7684\u56fd\u4ea7\u7247\n", "useful_count": "0"},
{"page_index": 0, "movie_id": "26548048", "title": "\u9ea6\u5175\u5175", "username": "\u5a1f\u5a1f", "user_id": "172679412", "rating": "\u63a8\u8350", "date": "2018-02-06", "time": "10:41:59", "comment": "\u56fd\u4ea7\u7535\u5f71\u62cd\u6444\u6280\u672f\u5df2\u7ecf\u5f88\u6210\u719f\u4e86\uff0c\u9ea6\u5175\u5175\u8fd9\u90e8\u7535\u5f71\u5f88\u591a\u7ec6\u8282\u5904\u7406\u7684\u6bd4\u597d\u83b1\u575e\u8fd8\u8981\u68d2\uff0c\u5e0c\u671b\u7ee7\u7eed\u52a0\u6cb9\uff0c\u4e3a\u4e2d\u56fd\u62cd\u6444\u66f4\u4f18\u79c0\u7684\u4f5c\u54c1", "useful_count": "0"},
{"page_index": 0, "movie_id": "26548048", "title": "\u9ea6\u5175\u5175", "username": "YUANY", "user_id": "152303281", "rating": "\u63a8\u8350", "date": "2018-02-05", "time": "18:09:39", "comment": "\u975e\u5e38\u68d2\uff01\u524d\u671f\u62cd\u6444\uff0c\u534f\u8c03\u8fd9\u4e48\u591a\u5c0f\u52a8\u7269\u6765\u6f14\uff0c\u771f\u662f\u8d39\u4e86\u5468\u6298\u4e86\n", "useful_count": "0"},
{"page_index": 0, "movie_id": "26548048", "title": "\u9ea6\u5175\u5175", "username": "\u5357\u65b9\u7684\u8273\u9633", "user_id": "173584284", "rating": "\u63a8\u8350", "date": "2018-02-05", "time": "18:38:57", "comment": "\u4eca\u5929\u5448\u73b0\u5728\u6211\u4eec\u9762\u524d\u7684\u89c6\u89c9\u76db\u5bb4\uff0c\u662f\u5267\u7ec4\u6210\u5458\u65e0\u6570\u65e5\u65e5\u591c\u591c\u7684\u8f9b\u82e6\u4ed8\u51fa\u624d\u6362\u6765\u7684\u3002\u6574\u4f53\u611f\u89c9\u4e0d\u9519\uff0c\u4e3a\u4ed6\u4eec\u70b9\u8d5e\uff01\n", "useful_count": "0"},
{"page_index": 0, "movie_id": "26548048", "title": "\u9ea6\u5175\u5175", "username": "\u5434\u6587", "user_id": "173266117", "rating": "\u63a8\u8350", "date": "2018-02-05", "time": "20:02:25", "comment": "\u4e0d\u662f\u6bcf\u4e00\u90e8\u7535\u5f71\u90fd\u80fd\u591f\u6709\u6b64\u51fa\u54c1\uff0c\u60f3\u60f3\u73b0\u5728\u6d6e\u8e81\u7684\u793e\u4f1a\u5927\u73af\u5883\uff0c\u5f88\u5c11\u6709\u5236\u4f5c\u4eba\u613f\u610f\u82b14\u30015\u5e74\u65f6\u95f4\u6765\u7528\u5fc3\u6253\u78e8\u4e00\u90e8\u5f71\u7247\u7684\u3002\n", "useful_count": "0"}
]