[
{"page_index": 0, "movie_id": "26958765", "title": "\u5821\u85cf", "username": "\u4e03\u5343", "user_id": "XYRyao", "rating": "\u8f83\u5dee", "date": "2019-10-03", "time": "13:34:33", "comment": "\u56de\u5230\u5bb6\u5bb6\u91cc\u7535\u89c6\u4e0a\u64ad\u653e\u7684\uff0c\u4e5f\u770b\u4e0d\u61c2\u5565\u610f\u601d\uff0c\u4e5f\u4e0d\u6562\u6362\uff0c\u5c31\u786c\u7740\u5934\u76ae\u770b\u5b8c\u4e86", "useful_count": "0"},
{"page_index": 0, "movie_id": "26958765", "title": "\u5821\u85cf", "username": "\u5b59\u609f\u7a7a", "user_id": "71648483", "rating": "\u529b\u8350", "date": "2018-12-15", "time": "15:36:42", "comment": "\u592a\u9707\u64bc\u4e86\uff0c\u592a\u611f\u4eba\u4e86\uff0c\u5149\u662f\u770b\u56fe\u7247\u5c31\u88ab\u6df1\u6df1\u5438\u5f15\uff01", "useful_count": "2"},
{"page_index": 0, "movie_id": "26958765", "title": "\u5821\u85cf", "username": "\ud83c\udf49\u9022\u539f", "user_id": "Free-Mason", "rating": "\u5f88\u5dee", "date": "2018-12-18", "time": "17:53:52", "comment": "\u54c8\u54c8", "useful_count": "1"},
{"page_index": 0, "movie_id": "26958765", "title": "\u5821\u85cf", "username": "\u57ce\u5357\u9152\u8086\u00b0", "user_id": "174311324", "rating": "\u5f88\u5dee", "date": "2018-12-12", "time": "22:01:55", "comment": "\u770b\u5b8c\u6d77\u62a5\u5148\u7ed91\u5206\u5427", "useful_count": "3"},
{"page_index": 0, "movie_id": "26958765", "title": "\u5821\u85cf", "username": "\u8305\u5934\u8001\u7238", "user_id": "141681664", "rating": "\u529b\u8350", "date": "2019-02-08", "time": "22:36:34", "comment": "\u975e\u5e38\u597d\u770b\u5f3a\u70c8\u63a8\u8350\n", "useful_count": "0"}
]