[
{"page_index": 0, "movie_id": "30279917", "title": "\u7231\u5728\u5f52\u6765\u90a3\u4e00\u5929", "username": "\u52a0\u52d2\u6bd4\u6d77\u8c79", "user_id": "50944908", "rating": "\u5f88\u5dee", "date": "2018-11-22", "time": "12:37:35", "comment": "\u4e2a\u4eba\u611f\u89c9\u8fd9\u79cd\u5783\u573e\u60c5\u6000\u7247\u5c31\u662f\u5bf9\u6211\u4eec\u7559\u5b66\u751f\u7684\u7f9e\u8fb1", "useful_count": "12"},
{"page_index": 0, "movie_id": "30279917", "title": "\u7231\u5728\u5f52\u6765\u90a3\u4e00\u5929", "username": "\u5173\u502a\u353b\u6c0f", "user_id": "48369698", "rating": "\u5f88\u5dee", "date": "2018-11-22", "time": "10:50:13", "comment": "\u4ea4\u9645\u82b1\u70ed\u8877\u4e8e\u81ea\u6211\u7092\u4f5c\u7136\u800c\u8fd9\u4e48\u591a\u5e74\u8fc7\u53bb\u4e86\u8fd8\u662f\u4e00\u4e01\u70b9\u706b\u661f\u4e5f\u64a9\u4e0d\u8d77\u6765", "useful_count": "8"},
{"page_index": 0, "movie_id": "30279917", "title": "\u7231\u5728\u5f52\u6765\u90a3\u4e00\u5929", "username": "\u6728\u5140\u51e0", "user_id": "185643360", "rating": "\u5f88\u5dee", "date": "2018-11-22", "time": "18:25:27", "comment": "\u4e0d\u559c\u6b22\uff0c\uff0c\uff0c", "useful_count": "2"},
{"page_index": 0, "movie_id": "30279917", "title": "\u7231\u5728\u5f52\u6765\u90a3\u4e00\u5929", "username": "\u4e00\u8def\u5411\u5317", "user_id": "182964753", "rating": "\u5f88\u5dee", "date": "2018-11-22", "time": "22:38:13", "comment": "\u786c\u62d7\u51fa\u6765\u7684\u4e1c\u897f\u6700\u540e\u90fd\u4f1a\u88ab\u6253\u8138\u7684\uff0c\u8fd9\u5267\u6211\u770b\u7684\u8d3c\u5c34\u5c2c\u3002", "useful_count": "2"},
{"page_index": 0, "movie_id": "30279917", "title": "\u7231\u5728\u5f52\u6765\u90a3\u4e00\u5929", "username": "94\u5e74\u751f\u4e8e\u5357\u65b9", "user_id": "120481393", "rating": "\u5f88\u5dee", "date": "2018-11-23", "time": "00:27:49", "comment": "\u65e0\u654c\u70c2", "useful_count": "2"},
{"page_index": 0, "movie_id": "30279917", "title": "\u7231\u5728\u5f52\u6765\u90a3\u4e00\u5929", "username": "\u5faa\u89c4\u8e48\u77e9\u7684\u732b", "user_id": "154476684", "rating": "\u5f88\u5dee", "date": "2018-11-22", "time": "22:26:53", "comment": "\u4e0d\u597d\u770b", "useful_count": "1"},
{"page_index": 0, "movie_id": "30279917", "title": "\u7231\u5728\u5f52\u6765\u90a3\u4e00\u5929", "username": "\u8c46\u53cb1686162", "user_id": "yeking86", "rating": "\u8fd8\u884c", "date": "2018-11-22", "time": "09:22:05", "comment": "\u4e3b\u6d77\u62a5\u662f\u771f\u7684\u6b20\u7f3a\u5ba1\u7f8e\u3002\u9065\u60f3\u5f53\u5e74\u6ee1\u6000\u671f\u5f85\u53bb\u770b\u300a\u767e\u9e1f\u671d\u51e4\u300b\uff0c\u7247\u5b50\u867d\u8c08\u4e0d\u4e0a\u597d\uff0c\u751a\u81f3\u5404\u9879\u6280\u672f\u6307\u6807\u90fd\u548c\u73b0\u6709\u6c34\u5e73\u76f8\u5dee\u751a\u8fdc\uff0c\u4f46\u4f20\u7edf\u6587\u5316\u5c31\u8be5\u5f18\u626c\uff0c\u6743\u5f53\u770b\u4e86\u4e00\u671f\u300a\u7126\u70b9\u8bbf\u8c08\u300b\u3002\u4f46\u8fd9\u6b21\u7559\u5b66\u751f\u4e3b\u9898\uff0c\u7559\u5b66\u751f\u65e9\u5c31\u4e0d\u662f\u8fd9\u4e2a\u9648\u65e7\u4e14\u8001\u5957\u7684\u5473\u513f\u4e86\u3002", "useful_count": "6"},
{"page_index": 0, "movie_id": "30279917", "title": "\u7231\u5728\u5f52\u6765\u90a3\u4e00\u5929", "username": "\u4eba\u95f4\u6e05\u9192", "user_id": "162530860", "rating": "\u5f88\u5dee", "date": "2018-11-22", "time": "19:57:39", "comment": "\u60c5\u6000\u9519\u4f4d", "useful_count": "2"},
{"page_index": 0, "movie_id": "30279917", "title": "\u7231\u5728\u5f52\u6765\u90a3\u4e00\u5929", "username": "Irony200911", "user_id": "175765942", "rating": "\u63a8\u8350", "date": "2018-11-22", "time": "19:20:45", "comment": "\u60f3\u95ee\u8fd9\u662f\u4ec0\u4e48\u6709\u8da3\u7684\u7559\u5b66\u751f\u60c5\u6000\uff1f\uff1f\uff1f", "useful_count": "1"},
{"page_index": 0, "movie_id": "30279917", "title": "\u7231\u5728\u5f52\u6765\u90a3\u4e00\u5929", "username": "\u4ee4\u72d0\u51b2\u7684\u7537\u670b\u53cb", "user_id": "165398396", "rating": "\u63a8\u8350", "date": "2018-11-26", "time": "12:02:07", "comment": "\u8fd9\u4e2a\u9898\u6750\u771f\u96be\u4e3a\u5bfc\u6f14\uff0c\u592a\u5c0f\u4f17\uff0c\u62cd\u7559\u5b66\u5c31\u80af\u5b9a\u6d0b\u6c14\uff0c\u6700\u540e\u53c8\u8981\u62c9\u56de\u603b\u5c40\u559c\u6b22\u7684\u793e\u4f1a\u5143\u7d20\u4f8b\u5982\u5f03\u5a74\u5b64\u513f\u8fd9\u4e9b\uff0c\u5176\u5b9e\u6539\u4e3a\u5355\u7eaf\u9752\u6625\u7247\uff0c\u62cd\u62cd\u7ebd\u7ea6\u6821\u56ed\u4e5f\u86ee\u597d\u3002\u5173\u952e\u6f14\u91d1\u7acb\u7684\u8fd9\u4e2a\u5c0f\u53ef\u7231\uff0c\u771f\u662f\u6211\u7684\u83dc\uff01", "useful_count": "3"},
{"page_index": 0, "movie_id": "30279917", "title": "\u7231\u5728\u5f52\u6765\u90a3\u4e00\u5929", "username": "\u4e00\u9897\u5c0f\u8349\u8393", "user_id": "175702525", "rating": "\u8fd8\u884c", "date": "2018-11-22", "time": "23:31:51", "comment": "\u597d\u65e0\u804a\u554a\uff0c\u4e0d\u5efa\u8bae\u89c2\u770b\uff0c\u771f\u7684\u6ca1\u4ec0\u4e48\u610f\u601d\u3002", "useful_count": "2"},
{"page_index": 0, "movie_id": "30279917", "title": "\u7231\u5728\u5f52\u6765\u90a3\u4e00\u5929", "username": "\u7ed9\u4f60\u575f\u5934\u79cd\u6735\u82b1", "user_id": "177727663", "rating": "\u63a8\u8350", "date": "2018-11-28", "time": "06:38:47", "comment": "\u5176\u5b9e\u4e5f\u5c31\u8fd8\u884c", "useful_count": "1"},
{"page_index": 0, "movie_id": "30279917", "title": "\u7231\u5728\u5f52\u6765\u90a3\u4e00\u5929", "username": "\u83ba\u6b4c\u71d5\u821e", "user_id": "187697158", "rating": "\u8fd8\u884c", "date": "2018-11-23", "time": "07:29:21", "comment": "\u4ec0\u4e48\u9b3c\u91cej\uff1f\uff1f\uff1f", "useful_count": "1"},
{"page_index": 0, "movie_id": "30279917", "title": "\u7231\u5728\u5f52\u6765\u90a3\u4e00\u5929", "username": "\u54e6\u54e6\u54e6", "user_id": "187692050", "rating": "\u529b\u8350", "date": "2018-11-22", "time": "21:01:14", "comment": "\u5982\u679c\u4e00\u4e2a\u4eba\u79d2\u56de\u4e86\u4f60\uff0c\u4e5f\u53ea\u80fd\u8bf4\u660e\u8fd9\u4e2a\u4eba\u5728\u73a9\u624b\u673a\u800c\u5df2\u3002\u3002\u3002", "useful_count": "0"},
{"page_index": 0, "movie_id": "30279917", "title": "\u7231\u5728\u5f52\u6765\u90a3\u4e00\u5929", "username": "Chance", "user_id": "182558316", "rating": "\u8fd8\u884c", "date": "2018-11-22", "time": "08:18:05", "comment": "\u51fa\u6f14\u7684\u7b2c\u4e8c\u90e8\u5267\u60c5\u7535\u5f71\u300a\u7231\u5728\u5f52\u6765\u90a3\u4e00\u5929\u300b\uff0c\u7531\u674e\u5cb7\u57ce\u3001\u8463\u6668\u3001\u5218\u827a\u9886\u8854\u4e3b\u6f14\uff0c\u6768\u5927\u7530\u6267\u5bfc\uff0c\u897f\u90e8\u7535\u5f71\u96c6\u56e2\u3001\u897f\u5b89\u5c71\u7f8a\u5f71\u89c6\u51fa\u54c1\uff0c\u534e\u590f\u7535\u5f71\u53d1\u884c\u6709\u9650\u8d23\u4efb\u516c\u53f8\u53d1\u884c\u3002\u662f\u201c\u4e2d\u56fd\u5f71\u53f2\u9996\u90e8", "useful_count": "0"},
{"page_index": 0, "movie_id": "30279917", "title": "\u7231\u5728\u5f52\u6765\u90a3\u4e00\u5929", "username": "Four-", "user_id": "138555807", "rating": "\u8f83\u5dee", "date": "2018-11-22", "time": "23:52:12", "comment": "\u4ec0\u4e48\u9b3c\u91cej\uff1f\uff1f\uff1f", "useful_count": "2"},
{"page_index": 0, "movie_id": "30279917", "title": "\u7231\u5728\u5f52\u6765\u90a3\u4e00\u5929", "username": "\u56db\u706b", "user_id": "136864592", "rating": "\u8f83\u5dee", "date": "2018-11-22", "time": "23:46:40", "comment": "\u592a\u5c34\u5c2c\u4e86\uff01", "useful_count": "2"}
]