[
{"page_index": 0, "movie_id": "27125000", "title": "\u8d85\u840c\u7279\u653b", "username": "\u56db\u56db", "user_id": "96216535", "rating": "\u5f88\u5dee", "date": "2018-11-24", "time": "09:41:12", "comment": "\u6ca1\u6709\u4eba\u8bf4\u8fd9\u4e2a\u7535\u5f71\u7684\u6d77\u62a5\u80cc\u666f\u6284\u88ad\u4f60\u7684\u540d\u5b57\u5417\uff1f\uff1f", "useful_count": "40"},
{"page_index": 0, "movie_id": "27125000", "title": "\u8d85\u840c\u7279\u653b", "username": "\u9b54\u9ed9", "user_id": "88178277", "rating": "\u5f88\u5dee", "date": "2018-11-24", "time": "19:50:45", "comment": "\u8fd9\u8ddf\u9694\u58c1\u8fea\u58eb\u5c3c\u7684\u65e0\u654c\u7834\u574f\u738b\u4e8c\u6709\u7684\u6bd4\u5417\uff0c\u90fd\u662f\u52a8\u753b\u3002\u4f60\u8fd9\u6d77\u62a5\u90fd\u662f\u6284\u88ad\u7684", "useful_count": "1"},
{"page_index": 0, "movie_id": "27125000", "title": "\u8d85\u840c\u7279\u653b", "username": "\u843d\u800c", "user_id": "122693818", "rating": "\u5f88\u5dee", "date": "2018-11-24", "time": "10:31:51", "comment": "\u592a\u53ef\u6015\u4e86 \u8c1c\u4e00\u822c\u7684\u5c34\u5c2c \u8981\u4e0d\u8981\u966a\u5b69\u5b50\u770b \u6253\u6b7b\u4e5f\u4e0d\u4f1a\u770b \u4f20\u8bf4\u4e2d\u7684\u4e00\u661f\u7ec8\u4e8e\u4f53\u4f1a\u5230\u4e86 \u5bf9\u4e86 \u5f71\u5385\u5305\u573a \u56db\u4e2a\u4eba \u90fd\u662f\u5927\u4eba\u966a\u5b69\u5b50\u6765\u770b\u3002\u6574\u5bb9\u7f51\u7ea2 \u871c\u6c41\u5c34\u5c2c\u5634\u5507\u4e0a\u7684\u53e3\u7ea2  \u53f0\u8bcd\u90fd\u6ca1\u80cc\u8fc7\u5427 \u4fdd\u5b89\u5012\u662f\u6f14\u6280\u4e0d\u9519", "useful_count": "5"},
{"page_index": 0, "movie_id": "27125000", "title": "\u8d85\u840c\u7279\u653b", "username": "\u6bd4\u90a3\u540d\u5c45\u6d77\u5b50", "user_id": "143692939", "rating": "\u5f88\u5dee", "date": "2018-11-25", "time": "22:03:01", "comment": "\u6211\u4f5b\u4e86\u6d77\u62a5\u4e00\u4e2a\u4eba\u4e00\u4e2a\u753b\u98ce\u3002\u8fd8\u6709\u53f3\u8fb9\u8fd9\u4e2a\u662f\u6c99\u54ed\u9e2d\u561b\uff0c\u4e5f\u4e0d\u6015\u8ffd\u5c3e\u9ed1\u8272\u9ad8\u7ea7\u8f66\uff61", "useful_count": "3"},
{"page_index": 0, "movie_id": "27125000", "title": "\u8d85\u840c\u7279\u653b", "username": "\u7406\u6027\u89c2\u5f71", "user_id": "146856081", "rating": "\u5f88\u5dee", "date": "2018-11-24", "time": "22:53:48", "comment": "\u4f60\u4eec\u8fd9\u6837\u6d17\u94b1\u826f\u5fc3\u8fc7\u5f97\u53bb\u4e48", "useful_count": "4"},
{"page_index": 0, "movie_id": "27125000", "title": "\u8d85\u840c\u7279\u653b", "username": "\u4e0d\u7f81\u7684\u98a8", "user_id": "walqx5754559391", "rating": "\u5f88\u5dee", "date": "2018-12-02", "time": "15:59:42", "comment": "\u4f5c\u4e3a\u513f\u7ae5\u7247\uff0c\u786e\u5b9e\u5f88\u4f4e\u80fd\u3002", "useful_count": "1"},
{"page_index": 0, "movie_id": "27125000", "title": "\u8d85\u840c\u7279\u653b", "username": "HJWBT", "user_id": "88452602", "rating": "\u5f88\u5dee", "date": "2019-01-28", "time": "09:17:48", "comment": "\u770b\u7740\u771f\u7684\u662f\u62d9\u52a3\u7248\u7684\u5c0f\u9b3c\u5f53\u5bb6\uff0c\u6328\u4e0d\u7740\u8fb9\u9645\u2026\u2026", "useful_count": "0"},
{"page_index": 0, "movie_id": "27125000", "title": "\u8d85\u840c\u7279\u653b", "username": "All is well\ud83d\ude0a", "user_id": "171238734", "rating": "\u5f88\u5dee", "date": "2018-11-24", "time": "20:32:29", "comment": "\u6d77\u62a5\u90fd\u6284\u88ad\u3002\u4e2d\u56fd\u5c31\u662f\u56e0\u4e3a\u591a\u4e86\u4f60\u4eec\u8fd9\u4e9b\u98de\u821e\uff0c\u624d\u5f88\u96be\u8fdb\u6b65", "useful_count": "0"},
{"page_index": 0, "movie_id": "27125000", "title": "\u8d85\u840c\u7279\u653b", "username": "\u5c0f\u810f\u9e2d", "user_id": "153122149", "rating": "\u5f88\u5dee", "date": "2018-11-24", "time": "18:52:00", "comment": "\u516d\u5c0f\u9f84\u7ae5\uff1a\u201c\u8c22\u7f6a\uff01\u201d", "useful_count": "2"},
{"page_index": 0, "movie_id": "27125000", "title": "\u8d85\u840c\u7279\u653b", "username": "\u70ac\u71f5\u866b", "user_id": "85453613", "rating": "\u5f88\u5dee", "date": "2018-11-24", "time": "19:19:40", "comment": "\u8fd9\u4e2a\u6d77\u62a5\u6bcf\u4e2a\u4eba\u753b\u98ce\u90fd\u4e0d\u540c\u2026\u2026\u5c31\u7b97\u60f3\u5708\u94b1\u4e5f\u8d70\u5fc3\u4e00\u70b9\u597d\u5427\uff1f\uff1f", "useful_count": "0"},
{"page_index": 0, "movie_id": "27125000", "title": "\u8d85\u840c\u7279\u653b", "username": "\u662f\u52b3\u745e\u963f", "user_id": "62714866", "rating": "\u5f88\u5dee", "date": "2020-01-29", "time": "22:45:03", "comment": "\u4ec0\u4e48\u7834\u70c2 \u778e\u4e86\u6211\u7684\u773c \u6d6a\u8d39\u65f6\u95f4 \u4e00\u661f\u90fd\u4e0d\u60f3\u7ed9", "useful_count": "1"},
{"page_index": 0, "movie_id": "27125000", "title": "\u8d85\u840c\u7279\u653b", "username": "\u70c2\u756a\u8304", "user_id": "89479193", "rating": "\u5f88\u5dee", "date": "2018-11-24", "time": "23:52:44", "comment": "\u672c\u6765\u5c31\u548b\u5730\uff0c\u6863\u671f\u8fd8\u649e\u67aa\u53e3\u4e0a\u4e86\uff0c\u79d2\u53d8\u70ae\u7070", "useful_count": "2"},
{"page_index": 0, "movie_id": "27125000", "title": "\u8d85\u840c\u7279\u653b", "username": "\u8ba4\u771f\u4f60\u5c31\u8f93\u4e86", "user_id": "147987994", "rating": "\u5f88\u5dee", "date": "2018-12-03", "time": "13:17:32", "comment": "\u6211\u770b\u5230\u6d77\u62a5\u4ee5\u4e3a\u662f\u52a8\u753b\u7247\uff0c\u70b9\u8fdb\u53bb\u4e00\u770b\u662f\u513f\u7ae5\u7247\uff0c\u91cc\u9762\u7684\u5267\u60c5\u7b80\u76f4\u662f\u65e0\u8111\uff0c\u5c0f\u6f14\u5458\u548c\u5927\u6f14\u5458\u7684\u8868\u6f14\u5c2c\u5230\u4e0d\u884c\uff01\u770b\u8fd9\u90e8\u7247\u5b50\u7b80\u76f4\u6709\u8fb1\u667a\u5546\uff0c\u8fd8\u6562\u8ddf\u8fea\u58eb\u5c3c\u300a\u7834\u574f\u738b2\u300b\u649e\u6863\uff0c\u8c01\u7ed9\u4f60\u7684\u52c7\u6c14\uff1f\u6881\u9759\u8339\u5417\uff1f", "useful_count": "1"},
{"page_index": 0, "movie_id": "27125000", "title": "\u8d85\u840c\u7279\u653b", "username": "\u6f47\u8299", "user_id": "139595415", "rating": "\u5f88\u5dee", "date": "2019-10-03", "time": "22:44:01", "comment": "\u4ec0\u4e48\u5783\u573e\u4e1c\u897f", "useful_count": "0"},
{"page_index": 0, "movie_id": "27125000", "title": "\u8d85\u840c\u7279\u653b", "username": "\u8c46\u74e3\u9001\u7ec8\u9e21", "user_id": "153149568", "rating": "\u5f88\u5dee", "date": "2018-11-24", "time": "17:40:20", "comment": "\u8fd9\u6d77\u62a5\u725b\u903c", "useful_count": "2"},
{"page_index": 0, "movie_id": "27125000", "title": "\u8d85\u840c\u7279\u653b", "username": "\ud83d\ude44", "user_id": "171531940", "rating": "\u5f88\u5dee", "date": "2019-11-02", "time": "11:05:23", "comment": "\u771f\u7684\u5783\u573e\u4e1c\u897f", "useful_count": "0"},
{"page_index": 0, "movie_id": "27125000", "title": "\u8d85\u840c\u7279\u653b", "username": "JIN XIAO", "user_id": "169050267", "rating": "\u5f88\u5dee", "date": "2018-11-24", "time": "18:46:41", "comment": "\u54e6\u5475\u5475", "useful_count": "0"},
{"page_index": 0, "movie_id": "27125000", "title": "\u8d85\u840c\u7279\u653b", "username": "\u5f39\u4e86\u4e2a\u7c27\u7684\u5154", "user_id": "182569001", "rating": "\u5f88\u5dee", "date": "2018-11-24", "time": "19:26:17", "comment": "md,\u628a\u6211\u7684Love Live \u62ff\u6765\u6284\u88ad\u6d77\u62a5\uff0c\u6709\u610f\u601d\u5417\uff1f", "useful_count": "1"},
{"page_index": 0, "movie_id": "27125000", "title": "\u8d85\u840c\u7279\u653b", "username": "\u8c46\u53cbqkQfrj6Yx8", "user_id": "249390648", "rating": "\u5f88\u5dee", "date": "2021-12-18", "time": "19:26:33", "comment": "\u6f14\u5458\u6f14\u7684\u65f6\u5019\u4e0d\u5c34\u5c2c\u561b\u2026", "useful_count": "0"},
{"page_index": 0, "movie_id": "27125000", "title": "\u8d85\u840c\u7279\u653b", "username": "\u8449S\u665f", "user_id": "175632269", "rating": "\u5f88\u5dee", "date": "2018-11-24", "time": "22:01:27", "comment": "\u5783\u573e", "useful_count": "0"},
{"page_index": 0, "movie_id": "27125000", "title": "\u8d85\u840c\u7279\u653b", "username": "\ue32e\u65e7\u4eba\u4e0d\u590d\ue32e", "user_id": "159600501", "rating": "\u529b\u8350", "date": "2019-02-15", "time": "14:56:17", "comment": "\u9664\u4e86\u5973\u4ec6\u88c5\u4ee5\u5916\uff0c\u5168\u7a0b\u65e0\u770b\u70b9", "useful_count": "0"},
{"page_index": 0, "movie_id": "27125000", "title": "\u8d85\u840c\u7279\u653b", "username": "\u9f9a\u5bb6\u9759", "user_id": "188146452", "rating": "\u5f88\u5dee", "date": "2018-12-02", "time": "16:55:34", "comment": "\u770b\u561b\u770b\u561b\u3002", "useful_count": "0"},
{"page_index": 0, "movie_id": "27125000", "title": "\u8d85\u840c\u7279\u653b", "username": "\u52a8\u7269\u51f6\u731b", "user_id": "89080895", "rating": "\u5f88\u5dee", "date": "2018-11-29", "time": "10:34:48", "comment": "\u8822\u903c\uff01", "useful_count": "0"}
]