[
{"page_index": 0, "movie_id": "30291126", "title": "\u5929\u6e20", "username": "\u590d\u5408\u679c\u6c41", "user_id": "54150178", "rating": "\u5f88\u5dee", "date": "2018-12-26", "time": "15:44:31", "comment": "\u6d6a\u8d39\u7535", "useful_count": "10"},
{"page_index": 0, "movie_id": "30291126", "title": "\u5929\u6e20", "username": "eddy", "user_id": "55512479", "rating": "\u8f83\u5dee", "date": "2019-03-22", "time": "21:57:55", "comment": "\u626d\u66f2\u7684\u5ba3\u626c\uff01\u6211\u76f8\u4fe1\u9ec4\u5927\u53d1\u906d\u9047\u4e86\u5f88\u591a\u5e38\u4eba\u65e0\u6cd5\u60f3\u8c61\u7684\u8270\u8f9b\uff0c\u4f46\u5728\u4ed6\u4e0d\u7ba1\u4e0d\u987e\u81ea\u5df1\u5973\u513f\u7684\u75c5\u60c5\uff0c\u800c\u5bfc\u81f4\u5973\u513f\u8eab\u4ea1\u7684\u90a3\u4e00\u523b\uff0c\u8fd9\u4e2a\u4eba\u771f\u7684\u8ba9\u6211\u5f88\u538c\u6076\uff0c36\u5e74\u7684\u6c34\u6e20\u771f\u7684\u8981\u9760\u4f60\u4e00\u4eba\u53bb\u4fee\u5417\uff1f\u4f60\u4e0d\u5e26\u5b69\u5b50\u770b\u75c5\u4e5f\u4e0d\u80fd\u5b89\u6392\u522b\u4eba\u53bb\u5417\uff1f\u6ca1\u6709\u4eba\u6027\uff0c\u4e0d\u53ef\u539f\u8c05\u3002", "useful_count": "16"},
{"page_index": 0, "movie_id": "30291126", "title": "\u5929\u6e20", "username": "dayday", "user_id": "daydaygo", "rating": "\u63a8\u8350", "date": "2022-02-03", "time": "18:56:32", "comment": "- \u611a\u516c\u79fb\u5c71: 2\u4e2a\u5927\u529b\u58eb, \u4e00\u4e2a\u662f\u653f\u5e9c, \u4e00\u4e2a\u662f\u7fa4\u4f17\n- \u9ec4\u5927\u53d1", "useful_count": "0"},
{"page_index": 0, "movie_id": "30291126", "title": "\u5929\u6e20", "username": "\u70c2\u756a\u8304", "user_id": "89479193", "rating": null, "date": "2018-12-05", "time": "13:55:07", "comment": "\u9664\u4e86\u5317\u4eac\uff0c\u5176\u4ed6\u5730\u65b9\u90fd\u5356\u4e0d\u5230\u7968\uff0c\u8fde\u4e0a\u6d77\u6df1\u5733\u90fd\u6ca1\u6709\u3002", "useful_count": "9"},
{"page_index": 0, "movie_id": "30291126", "title": "\u5929\u6e20", "username": "\u68b5\u9ad8\u7684\u8033\u6735", "user_id": "52762105", "rating": "\u8fd8\u884c", "date": "2019-02-27", "time": "10:11:08", "comment": "\u770b\u7535\u5f71\u7684\u65f6\u5019\u662f\u61f5\u7684\uff0c\u4e0d\u77e5\u9053\u8fd9\u7a76\u7adf\u662f\u54ea\u4e2a\u5e74\u4ee3\u53d1\u751f\u7684\u6545\u4e8b\u3002\u53e6\u4e00\u70b9\uff0c\u4e3a\u4ec0\u4e48\u5973\u513f\u75c5\u5f97\u90a3\u4e48\u4e25\u91cd\u4e0d\u53bb\u770b\u533b\u751f\uff0c\u53ea\u662f\u8ba9\u5403\u70b9\u8349\u836f\u3002\u8fd9\u79cd\u7247\u5b50\u561b\uff0c\u5927\u5bb6\u90fd\u61c2\u3002", "useful_count": "6"},
{"page_index": 0, "movie_id": "30291126", "title": "\u5929\u6e20", "username": "\u98ce\u597d\u5927\u6211\u597d\u614c", "user_id": "170174878", "rating": "\u8f83\u5dee", "date": "2019-02-10", "time": "19:03:45", "comment": "\u6211\u4e0d\u8ba4\u53ef\u8fd9\u4e2a\u9075\u4e49\u4eba", "useful_count": "2"},
{"page_index": 0, "movie_id": "30291126", "title": "\u5929\u6e20", "username": "\u5393\u5c71\u6816\u971e", "user_id": "159102867", "rating": "\u5f88\u5dee", "date": "2019-04-15", "time": "13:07:55", "comment": "\u6240\u6709\u7684\u4eba\u6027\u90fd\u5efa\u7acb\u5728\u975e\u4eba\u6027\u4e4b\u4e0a\u3002", "useful_count": "7"},
{"page_index": 0, "movie_id": "30291126", "title": "\u5929\u6e20", "username": "\u6d6a\u8361\u6c5f\u6e56\u8001\u6886\u5b50", "user_id": "176733683", "rating": "\u529b\u8350", "date": "2019-02-10", "time": "19:11:00", "comment": "95\u5e74\u7684\u6211\u5c45\u7136\u5728CCTV6\u770b\u8fd9\u4e48\u4e3b\u65cb\u5f8b\u7684\u7535\u5f71\u3002\u5c71\u9ad8\u77f3\u5934\u591a\uff0c\u51fa\u95e8\u5c31\u722c\u5761\uff0c\u4e00\u5e74\u56db\u5b63\u6c99\u5305\u996d\uff0c\u8fc7\u5e74\u624d\u6709\u7c73\u6c64\u559d\u3002\u8fd9\u4e00\u6bb5\u771f\u7684\u773c\u775b\u6e7f\u4e86\uff0c\u8001\u7238\u4e5f\u770b\u7684\u773c\u7ea2\u4e86\u3002\u4e3a\u6570\u4e0d\u591a\u8001\u7238\u613f\u610f\u8ddf\u6211\u4e00\u8d77\u770b\u7684\u7535\u5f71\uff0c3\u5206\u7ed9\u7535\u5f71\uff0c2\u5206\u7ed9\u8001\u7238", "useful_count": "12"},
{"page_index": 0, "movie_id": "30291126", "title": "\u5929\u6e20", "username": "Lurgee", "user_id": "canlvshaonian", "rating": "\u5f88\u5dee", "date": "2019-02-10", "time": "19:49:01", "comment": "\u73b0\u5728\u8d70\u5728\u8d35\u5dde\u7684\u5c71\u8def\u4e0a\u8fd8\u80fd\u770b\u5230\u8fd9\u79cd\u6e20\u9053 \u53ea\u4e0d\u8fc7\u6ca1\u6c34\u4e86\u5df2\u7ecf @2019-02-10 19:49:01", "useful_count": "3"},
{"page_index": 0, "movie_id": "30291126", "title": "\u5929\u6e20", "username": "\u4e91\u4e2d\u96e8\u9633", "user_id": "K110", "rating": "\u63a8\u8350", "date": "2020-03-16", "time": "23:54:35", "comment": "\u6ca1\u6e20\u53c8\u4e0d\u662f\u4e00\u5929\u4e24\u5929\u4e86\uff0c\u5148\u7ed9\u5973\u513f\u770b\u75c5\u518d\u4fee\u6e20\u505c\u5de5\u51e0\u5929\u53c8\u5f71\u54cd\u4e0d\u4e86\u4ec0\u4e48\uff0c\u7adf\u7136\u5c31\u8fd9\u4e48\u75c5\u901d\u4e86\uff0c\u4e0d\u77e5\u9053\u9ec4\u5927\u53d1\u5973\u513f\u73b0\u5b9e\u4e2d\u662f\u4e0d\u662f\u8fd9\u6837\u75c5\u901d\uff0c\u6751\u6c11\u9505\u88ab\u7838\u70c2\u5c31\u8981\u6253\u4eba\uff0c\u7ec4\u7ec7\u7ba1\u7406\u4eba\u5458\u641e\u4e8b\u60c5\u4e0d\u6613\u554a\uff0c\u6700\u540e\u5973\u513f\u9970\u6f14\u8005\u738b\u827a\u751c\u957f\u7684\u8fd8\u4e0d\u9519\u3002", "useful_count": "1"},
{"page_index": 0, "movie_id": "30291126", "title": "\u5929\u6e20", "username": "\u5bd2\u72d0\u4f20\u5a92", "user_id": "Smeagol", "rating": "\u8fd8\u884c", "date": "2019-09-09", "time": "20:59:44", "comment": "\u7ec4\u7ec7\u89c2\u770b\u3002", "useful_count": "1"},
{"page_index": 0, "movie_id": "30291126", "title": "\u5929\u6e20", "username": "\u7a7a\u7fbd", "user_id": "sikongyu", "rating": "\u5f88\u5dee", "date": "2019-03-24", "time": "22:10:11", "comment": "\u591a\u597d\u7684\u9898\u6750\uff0c\u7adf\u62cd\u51fa\u5982\u6b64\u70c2\u7684\u7247\uff0c\u53ef\u60dc\u4e86\u3002", "useful_count": "1"},
{"page_index": 0, "movie_id": "30291126", "title": "\u5929\u6e20", "username": "A Head Full Of", "user_id": "154252996", "rating": "\u5f88\u5dee", "date": "2019-04-26", "time": "14:49:14", "comment": "\u5355\u4f4d\u903c\u7740\u770b \u6211\u4e5f\u5f88\u7edd\u671b", "useful_count": "2"},
{"page_index": 0, "movie_id": "30291126", "title": "\u5929\u6e20", "username": "\u66dc\u4e16", "user_id": "48854353", "rating": "\u63a8\u8350", "date": "2019-04-05", "time": "15:44:18", "comment": "\u7ed3\u5c40\uff1a\u5973\u513f\u75c5\u6b7b\u540e\uff0c\u9ec4\u5927\u53d1\u5e26\u9886\u6751\u6c11\u4fee\u901a\u4e86\u6c34\u6e20\uff0c\u89e3\u51b3\u4e86\u6751\u6c11\u751f\u6d3b\u95ee\u9898\u3002", "useful_count": "1"},
{"page_index": 0, "movie_id": "30291126", "title": "\u5929\u6e20", "username": "\u5f20\u4e16\u666f", "user_id": "149445932", "rating": "\u63a8\u8350", "date": "2019-03-16", "time": "06:35:46", "comment": "\u8981\u51d1\u4e00\u4e07\uff0c\u6bcf\u6237200\uff0c\u6211\u8ba4\u771f\u7684\u7b97\u4e86\u4e00\u4e0b\uff0c\u4e00\u517150\u6237\uff0c\u4fee\u4e8630\u5e74\u7684\u6c34\u6e20\u3002\u611a\u516c\u7cbe\u795e\u6ca1\u4ec0\u4e48\u4e0d\u597d\uff0c\u6700\u5c11\u8bf4\u660e\u6211\u4eec\u4e0d\u8ba4\u547d\uff0c\u4f46\u662f\u2026\u2026\u642c\u51fa\u53bb\u4e0d\u597d\u5417\uff1f\u6682\u65f6\u51fa\u53bb\uff0c\u80fd\u6709\u80fd\u529b\u89e3\u51b3\u8fd9\u4e2a\u95ee\u9898\u518d\u56de\u6765\u3002\u73b0\u5728\u4e0d\u5c31\u597d\u4e86\uff0c\u522b\u8bf4\u4fee\u6e20\uff0c\u5c31\u662f\u6765\u6761\u9ad8\u901f\u516c\u8def\u95ee\u9898\u4e5f\u4e0d\u5927\u2026\u2026\n\u5411\u90a3\u4e9b\u4e3a\u4e86\u5927\u6211\u727a\u7272\u5c0f\u6211\u7684\u4eba\u81f4\u656c\uff0c\u4e3a\u90a3\u4e9b\u4e00\u5fc3\u4e00\u610f\u4e3a\u767e\u59d3\u7684\u4eba\u81f4\u656c\u3002", "useful_count": "2"},
{"page_index": 0, "movie_id": "30291126", "title": "\u5929\u6e20", "username": "\u5929\u5929", "user_id": "26539835", "rating": "\u8f83\u5dee", "date": "2019-06-09", "time": "21:46:20", "comment": "\u4eba\u662f\u4f69\u670d\u7684\uff0c\u4f46\u4e3b\u65cb\u5f8b\u53ea\u80fd\u62cd\u6210\u8fd9\u6c34\u5e73\u5417\uff1f", "useful_count": "2"},
{"page_index": 0, "movie_id": "30291126", "title": "\u5929\u6e20", "username": "\u9648\u829d\u9f99", "user_id": "180558836", "rating": "\u8f83\u5dee", "date": "2019-10-28", "time": "17:37:41", "comment": "\u9ad8\u5927\u5c1a\uff0c\u5047\u5927\u7a7a", "useful_count": "0"},
{"page_index": 0, "movie_id": "30291126", "title": "\u5929\u6e20", "username": "\u53eb\u5b50\u5b89\u7684\u90a3\u68f5\u6811", "user_id": "50755551", "rating": "\u8fd8\u884c", "date": "2019-03-03", "time": "21:30:07", "comment": "\u8fd9\u79cd\u4e8b\u672c\u4e0d\u8be5\u4ed6\u6765\u505a\u3002\u6709\u8840\u6709\u8089\u4e5f\u65e0\u8840\u65e0\u8089\u3002", "useful_count": "3"},
{"page_index": 0, "movie_id": "30291126", "title": "\u5929\u6e20", "username": "\u7279\u857e\u838e\u838e", "user_id": "128123715", "rating": "\u5f88\u5dee", "date": "2019-02-10", "time": "19:50:10", "comment": "\u9ec4\u5927\u53d1\uff01\uff01\uff01\u4f60\u70b8\u5c71\u628a\u6211\u5bb6\u9505\u7838\u4e86\uff01\uff01\uff01\u4f60\u628a\u6211\u4eec\u5bb6\u90fd\u997f\u6b7b\u4e86\u600e\u4e48\u529e\uff1f\uff1f\uff1f\u6211\u8981\u4f60\u507f\u547d\uff01\uff01\uff01\uff01\uff01\n\n\ud83e\udd19\ud83e\udd19\ud83e\udd19\ud83e\udd19\ud83e\udd19", "useful_count": "1"},
{"page_index": 0, "movie_id": "30291126", "title": "\u5929\u6e20", "username": "\u5fbd\u67d4Orchid", "user_id": "32131802", "rating": "\u529b\u8350", "date": "2019-11-19", "time": "18:57:35", "comment": "\u4e94\u661f\u7ed9\u9ec4\u5927\u53d1\u540c\u5fd7\uff0c\u751f\u6d3b\u672c\u8eab\u5c31\u662f\u827a\u672f\u3002\u50cf\u6211\u8fd9\u6837\u7684\u843d\u540e\u5206\u5b50\uff0c\u9700\u8981\u51c0\u5316\u5fc3\u7075\uff0c\u611f\u8c22\u4e0d\u5fd8\u521d\u5fc3\uff0c\u7262\u8bb0\u4f7f\u547d\u4e3b\u9898\u6559\u80b2", "useful_count": "3"},
{"page_index": 0, "movie_id": "30291126", "title": "\u5929\u6e20", "username": "\u6211\u662f\u5c0f\u72d7", "user_id": "56680567", "rating": "\u8fd8\u884c", "date": "2019-05-17", "time": "20:03:11", "comment": "\u6211\u6ca1\u54ed\u3002you own me.", "useful_count": "0"},
{"page_index": 0, "movie_id": "30291126", "title": "\u5929\u6e20", "username": "\u7a7a\u8c03\u5916\u673a", "user_id": "soloman13", "rating": "\u529b\u8350", "date": "2020-01-15", "time": "18:36:56", "comment": "\u6b63\u80fd\u91cf\u6ee1\u6ee1\u7684", "useful_count": "0"},
{"page_index": 0, "movie_id": "30291126", "title": "\u5929\u6e20", "username": "\u5f20\u6770", "user_id": "153767209", "rating": "\u529b\u8350", "date": "2019-04-14", "time": "10:55:57", "comment": "\u81ea\u5f3a\u4e0d\u606f", "useful_count": "0"},
{"page_index": 0, "movie_id": "30291126", "title": "\u5929\u6e20", "username": "\u5170\u5c3c\u565c\u5b50", "user_id": "90321364", "rating": "\u63a8\u8350", "date": "2019-09-02", "time": "14:12:06", "comment": "\u6545\u4e8b\u662f\u597d\u6545\u4e8b\uff0c\u53ef\u60dc\u62cd\u7684\u8fc7\u4e8e\u8138\u8c31\u5316\u4e86\u3002\u9ec4\u5927\u53d1\u4ece\u5c0f\u751f\u6d3b\u5728\u4e00\u4e2a\u5f88\u7a77\u82e6\u7684\u73af\u5883\uff0c\u4f4f\u8fc7\u725b\u68da\uff0c\u5403\u8fc7\u767e\u5bb6\u996d\uff0c\u56e0\u4e3a\u5f53\u5730\u53ea\u80fd\u5403\u96be\u4ee5\u4e0b\u54bd\u7684\u5305\u6c99\u996d\uff0c\u5403\u4e0d\u5230\u5927\u7c73\u996d\uff0c\u6240\u4ee5\u4ed6\u51b3\u5b9a\u4fee\u6e20\uff0c\u7b2c\u4e00\u6b21\u4fee\u6e20\u4e5f\u5341\u5206\u56f0\u96be\uff0c\u4fee\u4e86\u5f88\u591a\u5e74\u5931\u8d25\u4e86\u3002\u7535\u5f71\u91cc\u8981\u5f88\u591a\u8981\u8868\u73b0\u7684\u7ec6\u8282\u5374\u6ca1\u6709\u653e\u5927\uff0c\u6709\u70b9\u9057\u61be\u3002\u6709\u4e9b\u6f14\u5458\u7684\u8868\u6f14\u770b\u8d77\u6765\u4e5f\u5f88\u5047\u3002\u4ed6\u672c\u4eba\u7684\u6545\u4e8b\u4e8b\u8ff9\u5f88\u611f\u4eba\uff0c\u5014\u5f3a\uff0c\u575a\u6301\uff0c\u6240\u4ee5\u7535\u5f71\u5f20\u529b\u8fd8\u663e\u5f97\u4e0d\u592a\u591f\u5427\u3002\u4e3a\u672c\u4eba\u591a\u6253\u4e00\u661f\u3002", "useful_count": "0"},
{"page_index": 0, "movie_id": "30291126", "title": "\u5929\u6e20", "username": "O\u578b\u8840", "user_id": "UloveWo", "rating": null, "date": "2020-02-19", "time": "10:01:08", "comment": "https://www.iqiyi.com/v_19rqrgyp68.html", "useful_count": "0"},
{"page_index": 0, "movie_id": "30291126", "title": "\u5929\u6e20", "username": "\u62c2\u7eff", "user_id": "161407652", "rating": "\u8fd8\u884c", "date": "2022-02-08", "time": "21:33:30", "comment": "\u516c\u53f8\u7ec4\u7ec7\u770b\u7684\u3002\u8fc7\u7a0b\u4e2d\u53cd\u590d\u95ee\u81ea\u5df1\uff0c\u503c\u5f97\u5417\uff1f\u518d\u4f1f\u5927\u7684\u5de5\u7a0b\uff0c\u727a\u7272\u5973\u513f\u7684\u751f\u547d\uff0c\u8ba9\u513f\u5b50\u5192\u9669\uff0c\u503c\u5f97\u5417\uff1f\u770b\u5230\u9ad8\u9ad8\u5728\u4e0a\u7684\u7236\u6743\u51cc\u9a7e\u4e00\u5207\u3002", "useful_count": "0"},
{"page_index": 0, "movie_id": "30291126", "title": "\u5929\u6e20", "username": "\u957f\u817f\u53d4\u53d4", "user_id": "69137072", "rating": null, "date": "2019-09-12", "time": "15:21:46", "comment": "\u6709\u8fd9\u79cd\u7236\u4eb2\uff0c\u4f5c\u4e3a\u513f\u5973\u6765\u8bf4\uff0c\u5927\u6982\u662f\u4e0d\u5e78\u7684\u5427\u3002\n\u4e3a\u4ec0\u4e48\u662f\u6211\u53bb\uff0c\n\u56e0\u4e3a\u4f60\u662f\u6211\u513f\u5b50\uff0c\u522b\u4eba\u6211\u8d54\u4e0d\u8d77\u3002", "useful_count": "2"},
{"page_index": 0, "movie_id": "30291126", "title": "\u5929\u6e20", "username": "ccc", "user_id": "190883440", "rating": "\u63a8\u8350", "date": "2023-01-02", "time": "08:18:15", "comment": "\u7247\u5c3e\u6b4c\u597d\u542c", "useful_count": "0"},
{"page_index": 0, "movie_id": "30291126", "title": "\u5929\u6e20", "username": "\u6000\u65e7\u7684\u52a0\u83f2", "user_id": "jewelshao", "rating": "\u63a8\u8350", "date": "2019-02-11", "time": "21:02:16", "comment": "\u6700\u540e\u770b\u5230\u539f\u578b\u8fd8\u662f\u5f88\u611f\u52a8\u7684\u3002", "useful_count": "0"},
{"page_index": 0, "movie_id": "30291126", "title": "\u5929\u6e20", "username": "\u6c89\u9ed8\u7684\u5c0f\u76ae", "user_id": "77186305", "rating": "\u8fd8\u884c", "date": "2019-10-05", "time": "00:56:07", "comment": "No.1879 \u4e8b\u8ff9\u662f\u597d\uff0c\u53ef\u60dc\u8fd9\u4e2a\u62cd\u6444\u624b\u6cd5\u548c\u6f14\u5458\u6f14\u6280\u6709\u70b9\u548c\u5e74\u4ee3\u8131\u8282\u554a", "useful_count": "0"},
{"page_index": 0, "movie_id": "30291126", "title": "\u5929\u6e20", "username": "\u6765\u81ea\u897f\u65b9\u7684\u98ce", "user_id": "126561237", "rating": "\u63a8\u8350", "date": "2019-10-03", "time": "15:57:40", "comment": "\u5982\u4eca\u7684\u7956\u56fd\u4e0d\u80fd\u5fd8\u8bb0\u90a3\u4e9b\u727a\u7272\u8005", "useful_count": "0"},
{"page_index": 0, "movie_id": "30291126", "title": "\u5929\u6e20", "username": "\u54d4\u54df\u54d4", "user_id": "61150890", "rating": "\u8fd8\u884c", "date": "2020-01-30", "time": "08:51:24", "comment": "\u534e\u590f\u6c11\u65cf\u5728\u521b\u9020\u4eba\u7c7b\u5947\u8ff9\u8fd9\u4ef6\u4e8b\u6301\u7eed\u505a\u4e86\u4e94\u5343\u5e74\uff08\u8fd9\u4e48\u597d\u7684\u6545\u4e8b\u62cd\u7684\u5982\u6b64\u5e73\u5eb8\u90fd\u611f\u4eba\uff09", "useful_count": "0"},
{"page_index": 0, "movie_id": "30291126", "title": "\u5929\u6e20", "username": "\u6c90\u96e8\u8f69", "user_id": "174629289", "rating": "\u63a8\u8350", "date": "2021-12-29", "time": "19:02:00", "comment": "\u5165\u515a\u79ef\u6781\u5206\u5b50\u57f9\u8bad\u8001\u5e08\u5728\u8bfe\u4e0a\u653e\u7684\u7535\u5f71\uff0c\u9ec4\u652f\u4e66\u5973\u513f\u53bb\u4e16\u542c\u5230\u6709\u540c\u5b66\u5c0f\u58f0\u62bd\u564e\uff0c\u827a\u672f\u6765\u6e90\u4e8e\u751f\u6d3b\uff0c\u4e0d\u8fc7\u6211\u89c9\u5f97\u73b0\u5b9e\u4e5f\u8bb8\u66f4\u9707\u64bc", "useful_count": "0"},
{"page_index": 0, "movie_id": "30291126", "title": "\u5929\u6e20", "username": "\u5be5\u4e86", "user_id": "xuanlar", "rating": "\u529b\u8350", "date": "2019-01-04", "time": "19:20:27", "comment": "\u5f88\u771f\u5b9e\uff0c\u5f88\u611f\u52a8\u3002\u65b0\u65f6\u4ee3\u7684\u82f1\u96c4\uff0c\u5c31\u662f\u80fd\u4e3a\u4eba\u4e4b\u4e0d\u613f\u4e3a\uff0c\u80fd\u5728\u5145\u6ee1\u8d28\u7591\u7684\u6b63\u786e\u9053\u8def\u4e0a\u575a\u6301\u4e0b\u53bb\u3002\u656c\u4f69\u8001\u652f\u4e66\uff0c\u795d\u8eab\u4f53\u5065\u5eb7\u3002", "useful_count": "1"},
{"page_index": 0, "movie_id": "30291126", "title": "\u5929\u6e20", "username": "\u79e6\u5bcc\u8d35\u513f", "user_id": "asupertramp", "rating": "\u63a8\u8350", "date": "2021-02-01", "time": "00:18:39", "comment": "\u867d\u7136\u8bf4\uff0c\u6545\u4e8b\u5b58\u5728\u5f88\u591a\u7684\u903b\u8f91\u6f0f\u6d1e\u3002\u52a0\u4e0a\u65f6\u95f4\u7a7a\u95f4\u80cc\u666f\u7684\u4ecb\u7ecd\uff0c\u821e\u7f8e\u8fd9\u4e00\u5757\u786e\u5b9e\u6709\u70b9\u4e0d\u7b26\u5408\u90a3\u4e2a\u5e74\u4ee3\u3002\u4f46\u662f\uff0c\u73b0\u5728\u7684\u5546\u4e1a\u7535\u5f71\u6216\u8005\u8bf4\u662fZheng\u6cbb\u4efb\u52a1\u5f71\u7247\uff0c\u4e5f\u662f\u503c\u5f97\u4e00\u770b\u7684\u3002\u5b58\u5728\u5373\u662f\u5408\u7406\u3002\u4e2d\u56fd\u7535\u5f71\u9700\u8981\u767e\u5bb6\u4e89\u9e23\u3002", "useful_count": "0"},
{"page_index": 0, "movie_id": "30291126", "title": "\u5929\u6e20", "username": "\u6e05\u6b22", "user_id": "157820868", "rating": "\u63a8\u8350", "date": "2019-02-10", "time": "19:57:12", "comment": "\u79c1\u5fc3\u6253\u5206\uff0c\u8cb4\u5dde\u7684\u5c71\u4e0a\u8981\u958b\u8def\uff0c\u771f\u7684\u4e0d\u5bb9\u6613\u3002", "useful_count": "0"},
{"page_index": 0, "movie_id": "30291126", "title": "\u5929\u6e20", "username": "\u8c46\u90ae(99+)", "user_id": "51842518", "rating": "\u8fd8\u884c", "date": "2019-06-18", "time": "13:04:41", "comment": "\u5355\u4f4d\u7ec4\u7ec7\u89c2\u770b\uff0c\u771f\u4eba\u771f\u4e8b\uff0c\u65b0\u65f6\u4ee3\u7684\u611a\u516c", "useful_count": "0"},
{"page_index": 0, "movie_id": "30291126", "title": "\u5929\u6e20", "username": "\u9a6c\u80cc\u4e0a\u7684\u6c34\u624b", "user_id": "178325304", "rating": "\u8fd8\u884c", "date": "2019-04-27", "time": "00:35:45", "comment": "\u867d\u7136\u662f\u5b98\u65b9\u7684\u4e3b\u65cb\u5f8b\u9898\u6750\uff0c\u4f46\u57fa\u4e8e\u771f\u4eba\u771f\u4e8b\uff0c\u5e76\u4e0d\u8ba9\u4eba\u6392\u65a5\uff0c\u53cd\u800c\u5145\u6ee1\u671f\u5f85\u3002\n\u4f46\u7535\u5f71\u6ca1\u5904\u7406\u597d\uff0c\u53d9\u4e8b\u624b\u6cd5\u5355\u8c03\uff0c\u60c5\u8282\u5e73\u94fa\u76f4\u53d9\uff0c\u53ea\u6709\u4e24\u4e09\u5904\u5c0f\u9ad8\u6f6e\u3002\n\u6700\u8981\u547d\u7684\u662f\u51e0\u4e4e\u6240\u6709\u6f14\u5458\u7684\u8868\u6f14\u90fd\u5f88\u4e0d\u81ea\u7136\uff0c\u4e0d\u5165\u620f\uff0c\u96be\u4ee5\u6253\u52a8\u4eba\u5fc3\u3002\n\u52c9\u5f3a\u7ed9\u4e2a\u4e09\u661f\u3002", "useful_count": "0"},
{"page_index": 0, "movie_id": "30291126", "title": "\u5929\u6e20", "username": "\u5c0f\u767d\u718a\u2acd\u20e2\u20e2\ud83d\udc41\u2501\ud83d\udc41\u20e2\u2ace", "user_id": "169906455", "rating": "\u8fd8\u884c", "date": "2019-09-28", "time": "00:09:07", "comment": "\u59b9\u59b9\u6b7b\u771f\u7684\u592a\u53ef\u60dc\u4e86\uff0c\u4e09\u8fc7\u5bb6\u95e8\u800c\u4e0d\u5165\u4e5f\u4e0d\u5fc5\u5982\u6b64\uff0c\u770b\u75c5\u548c\u4fee\u6c9f\u6e20\u4e0d\u51b2\u7a81", "useful_count": "0"},
{"page_index": 0, "movie_id": "30291126", "title": "\u5929\u6e20", "username": "\u91ce\u5ba2", "user_id": "132292462", "rating": "\u8fd8\u884c", "date": "2019-08-28", "time": "14:20:23", "comment": "\u66f4\u591a\u7684\u4f53\u73b0\u7740\u4e0a\u4e00\u4e2a\u65f6\u4ee3\u7684\u7cbe\u795e\u70d9\u5370\u3002", "useful_count": "0"},
{"page_index": 0, "movie_id": "30291126", "title": "\u5929\u6e20", "username": "\u5fae\u96e8\u71d5\u53cc\u98de", "user_id": "174844269", "rating": "\u63a8\u8350", "date": "2019-02-10", "time": "20:56:34", "comment": "\u8fd9\u90e8\u7247\u5b50\u63cf\u8ff0\u4e86\u8001\u515a\u5458\u9ec4\u5927\u53d1\u7684\u90a3\u79cd\u611a\u516c\u7cbe\u795e\uff0c36\u5e74\u7ec8\u4e8e\u4fee\u6210\u4e86\u5927\u6e20\uff0c\u89e3\u51b3\u4e86\u5f53\u5730\u7684\u7528\u6c34\u96be\u7684\u95ee\u9898\u3002\u6545\u4e8b\u91cc\u5584\u826f\u7f8e\u4e3d\u7684\u5f6c\u5f69\u4e5f\u5f88\u8ba9\u4eba\u611f\u52a8\uff0c\u4e3a\u4e86\u652f\u6301\u7236\u4eb2\u4fee\u6c34\u6e20\u628a\u81ea\u5df1\u7684\u5f69\u793c\u94b1\u62ff\u51fa\u4e86\uff0c\u81ea\u5df1\u5374\u56e0\u4e3a\u6ca1\u94b1\u770b\u75c5\u4e00\u62d6\u518d\u62d6\u800c\u75c5\u6545\u3002", "useful_count": "1"},
{"page_index": 0, "movie_id": "30291126", "title": "\u5929\u6e20", "username": "owen9999", "user_id": "143806016", "rating": "\u8f83\u5dee", "date": "2019-12-04", "time": "17:26:27", "comment": "\u6ee1\u6ee1\u7684\u6b63\u80fd\u91cf\u3002", "useful_count": "0"},
{"page_index": 0, "movie_id": "30291126", "title": "\u5929\u6e20", "username": "anita198888", "user_id": "anita198888", "rating": "\u63a8\u8350", "date": "2019-04-05", "time": "13:40:14", "comment": "\u6211\u6ca1\u770b\uff0c\u521a\u6211\u8001\u516c\u5728\u7535\u5f71\u9891\u9053\u770b\u5b8c\u770b\u54ed\u4e86\uff0c\u6240\u4ee5\u6211\u6765\u770b\u4e0b\u5f71\u8bc4\ud83e\udd2a", "useful_count": "0"},
{"page_index": 0, "movie_id": "30291126", "title": "\u5929\u6e20", "username": "faye", "user_id": "75715196", "rating": "\u8fd8\u884c", "date": "2019-05-17", "time": "17:01:15", "comment": "\u6545\u4e8b\u7684\u539f\u578b\u5e94\u8be5\u662f\u5f88\u611f\u4eba\u7684\u6545\u4e8b \u53ef\u60dc\u5927\u90e8\u5206\u6f14\u5458\u7684\u6f14\u6280\u90fd\u8ba9\u4eba\u6709\u70b9\u51fa\u620f", "useful_count": "1"},
{"page_index": 0, "movie_id": "30291126", "title": "\u5929\u6e20", "username": "\u9759\u4e0b\u5fc3\u6765", "user_id": "197192754", "rating": "\u63a8\u8350", "date": "2020-05-27", "time": "23:00:43", "comment": "\u5ba3\u4f20\u6b63\u80fd\u91cf\u7684\u4e3b\u65cb\u5f8b\u7535\u5f71\uff0c\u4e3a\u4e86\u4fee\u6e20\u771f\u662f\u820d\u547d\u53c8\u820d\u5bb6\uff0c\u5973\u513f\u53bb\u4e16\u65f6\u8fd8\u6709\u4e00\u70b9\u6e29\u60c5\uff0c\u6700\u540e\u4e3b\u89d2\u539f\u578b\u51fa\u73b0\u65f6\u771f\u8fd8\u662f\u633a\u611f\u52a8\u7684\uff0c\u4e2a\u5934\u4e0d\u9ad8\u4f46\u8fd8\u771f\u633a\u7cbe\u5e72\u7684\u3002", "useful_count": "0"},
{"page_index": 0, "movie_id": "30291126", "title": "\u5929\u6e20", "username": "heyl007", "user_id": "heyl007", "rating": "\u8fd8\u884c", "date": "2022-02-03", "time": "08:06:49", "comment": "\u65f6\u4ee3\u7279\u8272\uff0c\u8270\u82e6\u5e74\u4ee3\uff01", "useful_count": "0"},
{"page_index": 0, "movie_id": "30291126", "title": "\u5929\u6e20", "username": "\u4eba\u751f\u5982\u620f", "user_id": "204249702", "rating": "\u8fd8\u884c", "date": "2022-11-04", "time": "10:04:35", "comment": "\u67f4\u8fdb\u8001\u5e08\u4e3b\u6f14\u7684\u7535\u5f71\uff01\n\u652f\u6301\u4e00\u4e0b\uff01", "useful_count": "0"},
{"page_index": 0, "movie_id": "30291126", "title": "\u5929\u6e20", "username": "\u54c8\u59c6\u96f7\u7279\u5fc3\u52a8", "user_id": "wotaomei", "rating": "\u8fd8\u884c", "date": "2022-02-15", "time": "22:40:20", "comment": "\u4e00\u4e1d\u4e0d\u82df\u770b\u5b8c\u4e86\uff0c\u867d\u7136\u7a77\uff0c\u53ef\u6709\u9aa8\u6c14\uff0c\u5bb6\u4e61\u6c38\u8fdc\u5728\u7b2c\u4e00\u4f4d", "useful_count": "0"},
{"page_index": 0, "movie_id": "30291126", "title": "\u5929\u6e20", "username": "\u674e\u5c0f\u56de", "user_id": "137966809", "rating": "\u8fd8\u884c", "date": "2019-01-11", "time": "15:17:11", "comment": "\u8fd9\u7535\u5f71\u8282\u594f\u771f\u7684\u6709\u70b9\u5947\u602a \u5168\u7a0b\u5f88\u591a\u717d\u60c5\u70b9 \u4f46\u662f\u90fd\u5b89\u6392\u5728\u5f88\u5947\u602a\u7684\u5730\u65b9 \u6ca1\u6709\u60c5\u7eea\u5411\u4e0a\u722c\u5347\u7684\u8fc7\u7a0b \u7206\u53d1\u5f97\u4e5f\u5f88\u5947\u602a \u771f\u4eba\u6539\u7f16\u7acb\u610f\u662f\u4e0d\u9519\u7684 \u53ea\u662f\u4f5c\u4e3a\u4e00\u90e8\u7535\u5f71 \u786e\u5b9e\u4e0d\u591f\u4e94\u661f", "useful_count": "0"},
{"page_index": 0, "movie_id": "30291126", "title": "\u5929\u6e20", "username": "\u7eff\u5c71\u5899\u7684\u5b89\u59ae", "user_id": "143149323", "rating": "\u63a8\u8350", "date": "2019-03-03", "time": "23:33:14", "comment": "\u5f88\u597d\u7684\u6545\u4e8b\uff0c\u5176\u5b9e\u53ef\u4ee5\u62cd\u7684\u66f4\u597d\u3002\u50cf\u5341\u516b\u6d1e\u6751\u90a3\u6837\u3002", "useful_count": "0"},
{"page_index": 0, "movie_id": "30291126", "title": "\u5929\u6e20", "username": "\u770b\u4f3c\u5929\u597d\u79cb\u51c9", "user_id": "171326027", "rating": "\u529b\u8350", "date": "2019-07-14", "time": "20:38:38", "comment": "\u98de\u673a\u4e0a\u770b\u7684\uff0c\u771f\u5b9e\uff0c\u633a\u6253\u52a8\u6211\u7684", "useful_count": "0"},
{"page_index": 0, "movie_id": "30291126", "title": "\u5929\u6e20", "username": "\u4f0a\u5fc3", "user_id": "187677892", "rating": "\u8fd8\u884c", "date": "2021-04-19", "time": "16:48:53", "comment": "\u56e0\u4e3a\u6709\u9ec4\u4e66\u8bb0\u7684\u575a\u6301\u3001\u575a\u5fcd\u3001\u575a\u97e7\u3001\u575a\u6bc5\u624d\u6709\u4e86\u5929\u6e20", "useful_count": "0"},
{"page_index": 0, "movie_id": "30291126", "title": "\u5929\u6e20", "username": "\u5f20\u51fa\u53d1", "user_id": "141440752", "rating": "\u8fd8\u884c", "date": "2018-12-17", "time": "22:50:28", "comment": "\u516c\u53f8\u7ec4\u7ec7\u770b\u7684\uff0c\u6b63\u80fd\u91cf\u7684\u7535\u5f71\uff0c\u6709\u4e9b\u60c5\u8282\u5f88\u611f\u4eba\uff0c\u6545\u4e8b\u5f88\u6807\u51c6\u5316\u7684\u5957\u8def", "useful_count": "2"},
{"page_index": 0, "movie_id": "30291126", "title": "\u5929\u6e20", "username": "Lucus", "user_id": "59567345", "rating": "\u8fd8\u884c", "date": "2020-11-21", "time": "17:10:10", "comment": "\u8fd8\u884c", "useful_count": "0"},
{"page_index": 0, "movie_id": "30291126", "title": "\u5929\u6e20", "username": "\u4e00\u664c\u8d2a\u6b22", "user_id": "57121277", "rating": "\u8fd8\u884c", "date": "2019-03-03", "time": "21:50:50", "comment": "\u770b\u4ed6\u5973\u513f\u6b7b\u524d\u8bf4\u60f3\u7238\u7238\u7684\u65f6\u5019\u8fd8\u662f\u54ed\u4e86", "useful_count": "0"},
{"page_index": 0, "movie_id": "30291126", "title": "\u5929\u6e20", "username": "Eddy", "user_id": "35958897", "rating": "\u529b\u8350", "date": "2019-10-23", "time": "21:27:05", "comment": "\u96be\u80fd\u53ef\u8d35\uff0c\u575a\u6301\u5230\u5e95", "useful_count": "0"},
{"page_index": 0, "movie_id": "30291126", "title": "\u5929\u6e20", "username": "momo", "user_id": "182021683", "rating": "\u8fd8\u884c", "date": "2019-02-10", "time": "19:31:32", "comment": "\u5f88\u597d\u7684\u6545\u4e8b\u2026\u2026", "useful_count": "0"},
{"page_index": 0, "movie_id": "30291126", "title": "\u5929\u6e20", "username": "\u623f\u8f66\u95ef\u5929\u6daf", "user_id": "137019497", "rating": "\u63a8\u8350", "date": "2020-09-15", "time": "15:49:33", "comment": "\u5148\u5929\u4e0b\u4e4b\u5fe7", "useful_count": "0"},
{"page_index": 0, "movie_id": "30291126", "title": "\u5929\u6e20", "username": "\u67f3\u6839\u513f", "user_id": "55956827", "rating": "\u529b\u8350", "date": "2019-02-10", "time": "19:50:43", "comment": "\u50ac\u4eba\u594b\u8fdb\uff01", "useful_count": "0"},
{"page_index": 0, "movie_id": "30291126", "title": "\u5929\u6e20", "username": "\u9ea6\u5b50", "user_id": "btone0808", "rating": "\u5f88\u5dee", "date": "2019-03-24", "time": "08:23:03", "comment": "\u955c\u5934\u7528\u7684\u8fd8\u53ef\u4ee5\uff0c\u679c\u7136\u7535\u89c6\u53f0\u6709\u70b9\u80fd\u4eba\uff0c\u6f14\u6280\u8fd8\u662f\u6b7b\u677f", "useful_count": "0"},
{"page_index": 0, "movie_id": "30291126", "title": "\u5929\u6e20", "username": "\u9c9c\u85d5\u5927\u738b", "user_id": "150462964", "rating": "\u5f88\u5dee", "date": "2019-04-05", "time": "13:56:10", "comment": "cctv-6\u5728\u653e \u6b63\u597d\u4ece\u5934\u770b\u8d77\n\u4e0a\u534a\u96c6\u76f4\u63a5\u7761\u8fc7\u53bb \u9192\u6765\u8fd8\u6ca1\u8bf4\u6b63\u9898 \u4e0b\u534a\u96c6\u8bf4\u4e86\u4e2a\u611a\u516c\u79fb\u5c71\u7684\u6545\u4e8b \u6765\u4e86\u53e5\"\u642c\u8d70\u5927\u5c71\u7684\u4e24\u4e2a\u662f\u653f\u5e9c\u548c\u7fa4\u4f17\" \uff1f\uff1f\uff1f\u4ec0\u4e48\u90fd\u8981\u5f3a\u884c\u5f80\u6b63\u80fd\u91cf\u4e0a\u9760\n\u8fd9\u4e48\u597d\u4e2a\u9898\u6750\u62cd\u6210\u8fd9\u4e2a\u9b3c\u6837\u5b50\u2026\n\u62cd\u51e0\u5341\u5206\u949f\u4e0d\u5982\u6700\u540e\u4e00\u4e0b\u7684\u771f\u4eba\u4e8b\u8ff9\u4ecb\u7ecd", "useful_count": "0"},
{"page_index": 0, "movie_id": "30291126", "title": "\u5929\u6e20", "username": "\u7231\u7231\u7231\u7231\u9752\u5cf0", "user_id": "59708668", "rating": "\u8fd8\u884c", "date": "2021-06-02", "time": "18:10:02", "comment": "\u4e3b\u65cb\u5f8b\u5f71\u7247\uff0c\u770b\u5f00\u5934\u5c31\u80fd\u731c\u5230\u7ed3\u5c3e\u7684\u6545\u4e8b\u3002", "useful_count": "1"},
{"page_index": 0, "movie_id": "30291126", "title": "\u5929\u6e20", "username": "\u5927\u57ce\u5c0f\u5df7", "user_id": "157301316", "rating": "\u529b\u8350", "date": "2019-03-03", "time": "21:35:30", "comment": "\u5728\u4e2d\u592e\u516d\u53f0\u770b\u7684\uff0c\u5982\u679c\u73b0\u5b9e\u4e2d\u56fd\u5bb6\u5e72\u90e8\u90fd\u80fd\u50cf\u7535\u5f71\u4e2d\u7684\u90a3\u6837\u4e00\u5fc3\u4e3a\u4eba\u6c11\uff0c\u6211\u76f8\u4fe1\u6211\u4eec\u7684\u56fd\u5bb6\u5728\u672a\u6765\u4e00\u5b9a\u662f\u91d1\u9e21\u72ec\u7acb", "useful_count": "0"},
{"page_index": 0, "movie_id": "30291126", "title": "\u5929\u6e20", "username": "\u90a3\u5c31\u8fd9\u6837\u5427", "user_id": "81076916", "rating": "\u8fd8\u884c", "date": "2019-07-24", "time": "23:04:37", "comment": "\u4f5c\u4e3a\u7236\u4eb2\u771f\u7684\u81ea\u79c1", "useful_count": "0"},
{"page_index": 0, "movie_id": "30291126", "title": "\u5929\u6e20", "username": "\u56001\u55d21", "user_id": "48725322", "rating": "\u5f88\u5dee", "date": "2022-07-31", "time": "23:06:29", "comment": "\u7236\u6743\u9ad8\u4e8e\u4e00\u5207 \u4e3a\u4e86\u81ea\u5df1\u7684\u6267\u5ff5 \u8001\u5a46\u5b69\u5b50\u4e00\u5207\u90fd\u662f\u5de5\u5177\u548c\u57ab\u811a\u77f3", "useful_count": "1"},
{"page_index": 0, "movie_id": "30291126", "title": "\u5929\u6e20", "username": "\u8d85\u5f88\u591a", "user_id": "172591409", "rating": "\u529b\u8350", "date": "2020-11-29", "time": "23:54:16", "comment": "\u4ece\u5934\u54ed\u5230\u5c3e\u3002\n\u770b\u89c1\u6709\u4eba\u89c9\u5f97\u9ec4\u5927\u53d1\u6ca1\u4eba\u6027\uff0c\u4f46\u662f\u6211\u60f3\u8bf4\u5728\u6211\u4eec\u4e0d\u77e5\u9053\u7684\u5730\u65b9\uff0c\u6709\u5f88\u591a\u8fd9\u6837\u4e3a\u6c11\u7740\u60f3\u594b\u6597\u4e00\u751f\u7684\u82f1\u96c4\uff0c\u662f\u4ed6\u4eec\u5728\u8d1f\u91cd\u524d\u884c\u3002\u5bb6\u548c\u56fd\uff0c\u592a\u96be\u517c\u987e\u4e86\u3002\n\u4f4d\u5351\u672a\u6562\u5fd8\u5fe7\u56fd\u3002", "useful_count": "0"},
{"page_index": 0, "movie_id": "30291126", "title": "\u5929\u6e20", "username": "\u90ed\u51a5", "user_id": "82875644", "rating": "\u63a8\u8350", "date": "2019-05-18", "time": "11:32:31", "comment": "\u6545\u4e8b\u8bb2\u8ff0\u771f\u5b9e\uff01\u5e73\u51e1\u4e2d\u900f\u9732\u4e0d\u5e73\u51e1\uff01\u62cd\u6444\u624b\u6cd5\u53ef\u4ee5\u5ffd\u7565\u4e0d\u8ba1\uff01", "useful_count": "0"},
{"page_index": 0, "movie_id": "30291126", "title": "\u5929\u6e20", "username": "zalef", "user_id": "29042957", "rating": "\u8fd8\u884c", "date": "2020-08-15", "time": "21:06:32", "comment": "\u597d\u9898\u6750\uff0c\u597d\u4eba\u7269\u3002\u4f46\u7535\u5f71\u62cd\u6444\u7684\u89d2\u5ea6\u6709\u70b9\u626d\u66f2\uff0c\u628a\u4fee\u6e20\u548c\u4ed6\u5973\u513f\u7684\u751f\u547d\u4f5c\u4e3a\u77db\u76fe\u70b9\u3002\u4e00\u76f4\u4ee5\u6765\u6700\u6076\u5fc3\u7684\u89c2\u70b9\uff0c\u597d\u50cf\u5ba3\u4f20\u6b63\u80fd\u91cf\u7684\u4eba\u7269\uff0c\u603b\u8981\u7a81\u51fa\u5e26\u75c5\u5de5\u4f5c\uff0c\u4e0d\u987e\u5bb6\u4eba\u751f\u6b7b\u5de5\u4f5c\uff0c\u75c5\u6001\u7684\u5fc3\u7406\u548c\u5ba3\u4f20\uff0c\u53cd\u4eba\u6027\u3002", "useful_count": "1"},
{"page_index": 0, "movie_id": "30291126", "title": "\u5929\u6e20", "username": "UGLYAPPLE", "user_id": "165652172", "rating": "\u8f83\u5dee", "date": "2020-10-20", "time": "14:03:05", "comment": "\u51e0\u4e2a\u77db\u76fe\u51b2\u7a81\u70b9\u5316\u89e3\u7684\u83ab\u540d\u5176\u5999\u2026\u4e00\u4e2a\u633a\u4e0d\u9519\u7684\u539f\u578b\u6545\u4e8b \u548b\u62cd\u6210\u8fd9\u6837\u2026", "useful_count": "0"},
{"page_index": 0, "movie_id": "30291126", "title": "\u5929\u6e20", "username": "\u4e00\u500b\u554f\u865f", "user_id": "alexvisx", "rating": null, "date": "2019-04-19", "time": "09:29:09", "comment": "\u96c6\u4f53\u5b66\u4e60 :)", "useful_count": "0"},
{"page_index": 0, "movie_id": "30291126", "title": "\u5929\u6e20", "username": "HAKUNA MATATA", "user_id": "141304519", "rating": "\u63a8\u8350", "date": "2019-02-10", "time": "18:58:11", "comment": "\u5f88\u96be\u8fc7", "useful_count": "1"},
{"page_index": 0, "movie_id": "30291126", "title": "\u5929\u6e20", "username": "\u771f\u7406\u6d12\u843d", "user_id": "mmmsunny", "rating": "\u8fd8\u884c", "date": "2020-05-26", "time": "16:10:34", "comment": "\u966a\u5916\u5a46\u4e00\u8d77\u57286\u53f0\u770b\u7684", "useful_count": "0"},
{"page_index": 0, "movie_id": "30291126", "title": "\u5929\u6e20", "username": "\u7231\u5403\u67da\u5b50\u7684\u4f01\u9e45", "user_id": "141325588", "rating": "\u63a8\u8350", "date": "2019-04-07", "time": "13:54:59", "comment": "\u4e00\u4e2a\u4eba\u7684\u529b\u91cf\u5c0f\uff0c\u4f46\u662f\u610f\u5fd7\u575a\u5b9a\u3002\u4e00\u7fa4\u4eba\u7684\u529b\u91cf\u4e5f\u5927\uff0c\u4f46\u662f\u987e\u8651\u592a\u591a\u3002", "useful_count": "0"},
{"page_index": 0, "movie_id": "30291126", "title": "\u5929\u6e20", "username": "xiaozheng", "user_id": "3620590", "rating": null, "date": "2020-08-25", "time": "10:41:22", "comment": "\u539f\u6765\u662f2018\u5e74\u62cd\u6444\u7684\uff0c\u6211\u8bf4\u600e\u4e48\u611f\u89c9\u5f88\u73b0\u4ee3\u5462\u3002\u3002\u987f\u65f6\u89c9\u5f97\u300a\u7acb\u6625\u300b\u597d\u725b\u554a\u3002\u3002", "useful_count": "0"},
{"page_index": 0, "movie_id": "30291126", "title": "\u5929\u6e20", "username": "\u5c0f\u798f\u661f\ud83c\udf1f", "user_id": "Howru7777777", "rating": "\u8fd8\u884c", "date": "2019-02-10", "time": "19:58:34", "comment": "\u4e3b\u65cb\u5f8b\u6b63\u80fd\u91cf\u548c\u7247\u5b50\u8d28\u91cf\u597d\u574f\u6ca1\u6709\u76f8\u5173\u6027\u3002\u611a\u516c\u7cbe\u795e\u662f\u771f\u7684\u503c\u5f97\u8d5e\u626c\u3002", "useful_count": "0"},
{"page_index": 0, "movie_id": "30291126", "title": "\u5929\u6e20", "username": "Ashes of Time", "user_id": "90271752", "rating": "\u8f83\u5dee", "date": "2018-12-09", "time": "18:53:38", "comment": "\u6709\u5f88\u597d\u7684\u7d20\u6750\uff0c\u4f46\u56e0\u4e3a\u662f\u4e3b\u65cb\u5f8b\uff0c\u5c31\u4e0d\u6562\u8d70\u51fa\u6846\u67b6\uff0c\u786c\u751f\u751f\u62cd\u6210\u4e86\u6837\u677f\u620f", "useful_count": "2"},
{"page_index": 0, "movie_id": "30291126", "title": "\u5929\u6e20", "username": "\u5b89", "user_id": "145965789", "rating": "\u8fd8\u884c", "date": "2019-02-13", "time": "10:00:35", "comment": "CCTV-6 2019.2.13.\u2028\u5e73\u51e1\u5730\u8bb0\u8ff0\u7a77\u56f0\u53ea\u77e5\u5e72\u7684\u4e00\u751f\u3002", "useful_count": "0"},
{"page_index": 0, "movie_id": "30291126", "title": "\u5929\u6e20", "username": "\u82f1\u683c\u739b", "user_id": "129741879", "rating": "\u8f83\u5dee", "date": "2019-02-10", "time": "19:12:21", "comment": "\u8001\u5e72\u90e8\u7684\u653f\u6cbb\u610f\u8bc6\u771f\u5f3a\uff0c\u7406\u60f3\u4e3b\u4e49\u8d5b\u9ad8\u3002", "useful_count": "0"},
{"page_index": 0, "movie_id": "30291126", "title": "\u5929\u6e20", "username": "\u965b\u4e0b", "user_id": "102164745", "rating": "\u8fd8\u884c", "date": "2019-05-10", "time": "17:40:25", "comment": "\u52a0\u534a\u661f", "useful_count": "0"},
{"page_index": 0, "movie_id": "30291126", "title": "\u5929\u6e20", "username": "\u67fb", "user_id": "184758076", "rating": "\u5f88\u5dee", "date": "2019-03-14", "time": "11:12:01", "comment": "...", "useful_count": "0"},
{"page_index": 0, "movie_id": "30291126", "title": "\u5929\u6e20", "username": "\u6653\u9e21\u98de\u5440\u98de", "user_id": "183795767", "rating": "\u8fd8\u884c", "date": "2023-02-12", "time": "20:19:58", "comment": "\u5b66\u6821\u7ec4\u7ec7\u7684\u96c6\u4f53\u89c2\u5f71\u3002\u6162\u955c\u5934\u3001\u914d\u4e50\u3001\u6162\u955c\u5934\u3001\u914d\u4e50\u2026\u7247\u5b50\u771f\u662f\u7528\u5c3d\u4e00\u5207\u5168\u529b\u8c03\u52a8\u89c2\u4f17\u60c5\u611f\u3002\u6709\u4e2a\u955c\u5934\u8fd8\u4e0d\u9519\uff1a\u9ec4\u5927\u53d1\u72ec\u81ea\u540a\u5728\u9661\u5d16\u4e0a\uff0c\u7a81\u7136\u5531\u8d77\u4e61\u8c23\uff0c\u4e00\u65f6\u4e4b\u95f4\u6574\u4e2a\u5de8\u5927\u5c71\u8c37\u56de\u8361\u7740\u4ed6\u5145\u6ee1\u52c7\u6c14\u7684\u6b4c\u8c23\u3002", "useful_count": "0"},
{"page_index": 0, "movie_id": "30291126", "title": "\u5929\u6e20", "username": "\u78a7\u6708\u6e05\u98ce", "user_id": "137510235", "rating": "\u63a8\u8350", "date": "2019-09-14", "time": "13:36:41", "comment": "\u4e0d\u53bb\u7ba1\u62cd\u7684\u5982\u4f55\uff0c\u8d77\u7801\u6709\u4e00\u6837\u611f\u52a8\u4e86\u6211\u3002\u4eba\u662f\u8981\u6709\u70b9\u7cbe\u795e\u7684\u3002", "useful_count": "0"},
{"page_index": 0, "movie_id": "30291126", "title": "\u5929\u6e20", "username": "1\u5440", "user_id": "142130142", "rating": "\u529b\u8350", "date": "2019-02-11", "time": "20:32:04", "comment": "\u6ca1\u4ec0\u4e48\u53ef\u8bf4\u7684 \u6211\u5c31\u662f\u54ed\u4e86 \u8001\u4eba\u7684\u52aa\u529b\u8ba9\u6211\u94a6\u4f69", "useful_count": "0"},
{"page_index": 0, "movie_id": "30291126", "title": "\u5929\u6e20", "username": "\u661f\u661f\ud83d\udcab", "user_id": "187766107", "rating": "\u63a8\u8350", "date": "2019-09-11", "time": "05:00:55", "comment": "\u7ec4\u7ec7\u89c2\u770b\u3002\u6545\u4e8b\u8ba9\u4eba\u611f\u52a8\u7684\uff0c\u8fd8\u53ef\u4ee5\u62cd\u7684\u66f4\u597d\u3002", "useful_count": "0"},
{"page_index": 0, "movie_id": "30291126", "title": "\u5929\u6e20", "username": "lijinmiao", "user_id": "198083291", "rating": "\u8fd8\u884c", "date": "2022-11-04", "time": "09:45:57", "comment": "\u9ec4\u5927\u53d1\u7ec4\u7ec7\u5927\u5bb6\u4fee\u6c34\u6e20", "useful_count": "0"},
{"page_index": 0, "movie_id": "30291126", "title": "\u5929\u6e20", "username": "\u7f57\u9a6c\u590d\u5174", "user_id": "119901876", "rating": "\u5f88\u5dee", "date": "2019-02-26", "time": "13:35:03", "comment": "\u641e\u7b11\u7535\u5f71\uff0c\u770b\u4e2a\u4e50", "useful_count": "0"},
{"page_index": 0, "movie_id": "30291126", "title": "\u5929\u6e20", "username": "#\u6211\u4ee5\u4e3a", "user_id": "160958424", "rating": "\u8fd8\u884c", "date": "2019-09-21", "time": "18:34:20", "comment": "\u8bf4\u5b9e\u8bdd \u8fd9\u6837\u7684\u4eba\u7684\u786e\u8ba9\u4eba\u656c\u4f69 \u8fd9\u79cd\u820d\u5c0f\u5bb6\u4e3a\u5927\u5bb6\u7684\u5949\u732e\u4e0e\u62c5\u5f53 \u53ea\u6709\u82f1\u96c4\u624d\u6709", "useful_count": "0"},
{"page_index": 0, "movie_id": "30291126", "title": "\u5929\u6e20", "username": "echo", "user_id": "178515292", "rating": "\u63a8\u8350", "date": "2019-05-08", "time": "21:19:43", "comment": "\u770b\u5230\u662f\u539f\u578b\u771f\u7684\u633a\u9707\u64bc\u7684", "useful_count": "0"},
{"page_index": 0, "movie_id": "30291126", "title": "\u5929\u6e20", "username": "\u7941\u5927\u5185", "user_id": "beck723", "rating": null, "date": "2019-02-10", "time": "19:00:02", "comment": "\u5f88\u559c\u6b22\u770b\u8fd9\u79cd\u597d\u5e72\u90e8\u7535\u5f71\uff0c\u8ba9\u4eba\u5bf9\u672a\u6765\u5145\u6ee1\u5e0c\u671b\uff0c\u9ec4\u5927\u53d1\u548c\u6768\u5584\u6d32\u7684\u4e8b\u8ff9\u662f\u6700\u8fd1\u51e0\u5e74\u6700\u611f\u52a8\u6211\u7684\uff0c\u57fa\u5c42\u597d\u5e72\u90e8\u662f\u5e94\u8be5\u597d\u597d\u4f20\u64ad\u4f20\u64ad\uff0c\u591a\u60ca\u9192\u4e00\u4e2a\u57fa\u5c42\u5e72\u90e8\u4e5f\u662f\u597d\u7684\u3002", "useful_count": "0"},
{"page_index": 0, "movie_id": "30291126", "title": "\u5929\u6e20", "username": "\u9a6c\u9e7f\u4e0d\u5446", "user_id": "62698726", "rating": "\u63a8\u8350", "date": "2018-12-18", "time": "17:22:36", "comment": "\u773c\u6cea\u5168\u7ed9\u4e86\u5584\u826f\u6df3\u6734\u7684\u5f6c\u5f69\uff0c\u5728\u5979\u628a\u5f69\u793c\u94b1\u7ed9\u7238\u7238\u7684\u65f6\u5019\u5e94\u8be5\u5c31\u5df2\u7ecf\u77e5\u9053\u81ea\u5df1\u7684\u8eab\u4f53\u633a\u4e0d\u4e86\u591a\u4e45\u4e86\u5427", "useful_count": "2"},
{"page_index": 0, "movie_id": "30291126", "title": "\u5929\u6e20", "username": "\u5341\u4e00", "user_id": "164051010", "rating": "\u529b\u8350", "date": "2019-02-10", "time": "19:40:17", "comment": "\u770b\u7684\u54ed\u4e86", "useful_count": "1"},
{"page_index": 0, "movie_id": "30291126", "title": "\u5929\u6e20", "username": "66\u6d77\u5cb8", "user_id": "139230275", "rating": "\u63a8\u8350", "date": "2020-02-05", "time": "00:07:56", "comment": "\u5176\u5b9e\u8fd8\u662f\u4e0d\u9519\u7684\uff0c\u53ef\u4ee5\u4ee5\u6b64\u6765\u8bb2\u89e3\u201c\u9ed1\u9f99\u6ee9\u201d\u4fee\u5efa\uff01", "useful_count": "0"},
{"page_index": 0, "movie_id": "30291126", "title": "\u5929\u6e20", "username": "Kevin", "user_id": "40514220", "rating": "\u5f88\u5dee", "date": "2019-03-03", "time": "21:37:09", "comment": "\u65e0\u610f\u4e2d\u5728CCTV6\u770b\u4e86\u4e94\u5206\u949f\uff0c\u5242\u91cf\u592a\u5927\uff0c\u627f\u53d7\u4e0d\u4e86", "useful_count": "0"},
{"page_index": 0, "movie_id": "30291126", "title": "\u5929\u6e20", "username": "\u95ea\u95ea\u53d1\u5149", "user_id": "sh1san", "rating": "\u8fd8\u884c", "date": "2019-02-11", "time": "00:09:54", "comment": "\u771f\u6b63\u7684\u4eba\u6c11\u516c\u4ec6", "useful_count": "1"},
{"page_index": 0, "movie_id": "30291126", "title": "\u5929\u6e20", "username": "reason", "user_id": "156171792", "rating": "\u8f83\u5dee", "date": "2019-09-16", "time": "21:53:00", "comment": "\u597d\u5c31\u597d\u5728\uff0c\u8fd9\u662f\u4e00\u4e2a\u9065\u8fdc\u7684\u6545\u4e8b\u3002", "useful_count": "0"},
{"page_index": 0, "movie_id": "30291126", "title": "\u5929\u6e20", "username": "\u5df2\u6ce8\u9500", "user_id": "205008245", "rating": "\u8fd8\u884c", "date": "2020-05-26", "time": "23:06:52", "comment": "\u592a\u96be\u4e86\uff0c\u771f\u7684\u592a\u96be\u4e86\uff0c\u4e66\u8bb0\u8fd9\u79cd\u7cbe\u795e\u5f88\u503c\u5f97\u9f13\u52b1\uff0c\u4f46\u5982\u679c\u6362\u4f5c\u662f\u6211\uff0c\u90a3\u6211\u771f\u7684\u505a\u4e0d\u5230\u3002\u4e0d\u8fc7\u60f3\u4e86\u60f3\uff0c\u5f53\u5e74\u5e94\u8be5\u5c31\u662f\u8fd9\u4e9b\u5949\u732e\u81ea\u5df1\u7684\u4eba\u6210\u5c31\u4e86\u4e2d\u56fd\u3002", "useful_count": "0"},
{"page_index": 0, "movie_id": "30291126", "title": "\u5929\u6e20", "username": "\u6ee4\u4e4b", "user_id": "small-happiness", "rating": "\u529b\u8350", "date": "2019-04-04", "time": "15:44:01", "comment": "\u611f\u4eba\uff0c\u5176\u5b9e\u62cd\u5f97\u8fd8\u662f\u5f88\u6709\u8bda\u610f\u7684\uff01\u867d\u7136\u77e5\u9053\u8fd9\u79cd\u9898\u6750\u4e0d\u50cf\u5546\u4e1a\u7535\u5f71\u90a3\u822c\u4f1a\u6709\u4eba\u6ce8\u610f\uff0c\u4e5f\u51e0\u4e4e\u4e0d\u4f1a\u6709\u7535\u5f71\u9662\u4f1a\u653e\u6620\u3002", "useful_count": "0"},
{"page_index": 0, "movie_id": "30291126", "title": "\u5929\u6e20", "username": "\u8fd4\u8001\u8fd8\u7ae5", "user_id": "180176745", "rating": "\u8fd8\u884c", "date": "2019-02-10", "time": "19:55:15", "comment": "\u591a\u770b\u4e00\u70b9\u4e0d\u90a3\u4e48\u597d\u7684\u7247\u5b50\uff0c\u624d\u4f1a\u77e5\u9053\u597d\u7247\u597d\u5728\u54ea\u3002\u966a\u7236\u6bcd\u770b\u7684\u7535\u5f71\u9891\u9053\u3002", "useful_count": "1"},
{"page_index": 0, "movie_id": "30291126", "title": "\u5929\u6e20", "username": "\u8096\u79b9\u540d", "user_id": "180685761", "rating": "\u529b\u8350", "date": "2020-05-29", "time": "20:28:40", "comment": "\u4f18\u79c0\u7684\u5171\u4ea7\u515a\u5458\u5c31\u8be5\u8fd9\u6837", "useful_count": "0"},
{"page_index": 0, "movie_id": "30291126", "title": "\u5929\u6e20", "username": "\u5c71\u8c46\u5c82\u6765", "user_id": "96718128", "rating": "\u5f88\u5dee", "date": "2019-01-21", "time": "09:57:22", "comment": "\u5475\u5475\uff0c\u4e0d\u6127\u662f\u5439\u8d35\u5dde\u7684\uff0c\u770b\u5230\u8fd9\u8fb9\u5f71\u9662\u573a\u6b21\u90fd\u4ed6\u5988\u6bcf\u5929\u63926\u573a\u4ee5\u4e0a\u2026\u2026", "useful_count": "1"},
{"page_index": 0, "movie_id": "30291126", "title": "\u5929\u6e20", "username": "\u53ef\u4e50\u55b5\ud83d\udc52", "user_id": "49506660", "rating": "\u8fd8\u884c", "date": "2020-05-30", "time": "01:59:52", "comment": "\u524d\u51e0\u5929CCTV6\u64ad\u7684\u3002\u96be\u4ee5\u60f3\u8c61\u8fd8\u6709\u8fd9\u4e48\u8d2b\u7620\u7684\u5730\u65b9\uff0c\u6bcf\u4e2a\u4eba\u7684\u5bb6\u91cc\u90fd\u80fd\u7528\u5bb6\u5f92\u56db\u58c1\u6765\u5f62\u5bb9\uff0c\u592a\u82e6\u4e86\u3002\u8270\u96be\u7684\u51d1\u4e86\u4e00\u4e07\u5757\u94b1\u8865\u6b3e\uff0c\u4eb2\u81ea\u4e0b\u60ac\u5d16\u7edd\u58c1\u6253\u77f3\uff0c\u5973\u513f\u5f6c\u5f69\u75c5\u6b7b\u4e86\u4ed6\u90fd\u6ca1\u80fd\u770b\u6700\u540e\u4e00\u773c\u3002\u3002\u3002\u592a\u82e6\u4e86", "useful_count": "0"},
{"page_index": 0, "movie_id": "30291126", "title": "\u5929\u6e20", "username": "\u4e94\u5341\u5e02", "user_id": "194156551", "rating": "\u529b\u8350", "date": "2019-12-29", "time": "21:16:54", "comment": "\u300a\u5929\u6e20\u300b\u53ea\u8981\u6709\u4e86\u653f\u5e9c\u548c\u7fa4\u4f17\u8fd9\u4e24\u4e2a\u5927\u529b\u58eb\u505a\u575a\u5f3a\u7684\u540e\u76fe\uff0c\u611a\u516c\u79fb\u5c71\u4e5f\u4e0d\u8fc7\u662f\u4e2a\u65f6\u95f4\u7684\u95ee\u9898\u7f62\u4e86\u3002\u8c46\u74e3\u8bc4\u52066\u5206\uff0c\u4e0d\u77e5\u9053\u54ea\u4e9b\u50bb\u5b50\u7ed9\u8bc4\u7684\u3002\u5c31\u51b2\u7740\u8fd9\u4e2a\u7cbe\u795e\u5c31\u5f97\u7ed910\u5206\u3002", "useful_count": "0"},
{"page_index": 0, "movie_id": "30291126", "title": "\u5929\u6e20", "username": "\u4e5d\u98ce", "user_id": "140000966", "rating": "\u63a8\u8350", "date": "2019-03-13", "time": "22:44:56", "comment": "\u771f\u5b9e\u7684\u6545\u4e8b\uff0c\u4e09\u5341\u516d\u8f7d\u7684\u575a\u6301\uff0c\u9700\u8981\u8fd9\u6837\u6b63\u80fd\u91cf\u7684\u7535\u5f71\u6fc0\u52b1\u66f4\u591a\u4eba\u8ffd\u6c42\u7f8e\u597d\u751f\u6d3b\u3002\u66f4\u60f3\u53bb\u4e86\u89e3\u5f53\u5e74\u961f\u91cc\u4fee\u8def\u7684\u4e8b\u3002", "useful_count": "0"},
{"page_index": 0, "movie_id": "30291126", "title": "\u5929\u6e20", "username": "momo", "user_id": "125725742", "rating": "\u5f88\u5dee", "date": "2021-07-19", "time": "20:05:38", "comment": "\u4e3a\u4e86\u8bb2\u6c11\u65cf\u5927\u4e49\u800c\u8fc7\u4e8e\u8138\u8c31\u7684\u82f1\u96c4\u4e3b\u4e49\u6545\u4e8b\u3002\u5728\u8fd9\u6837\u7684\u6545\u4e8b\u91cc\uff0c\u7528\u5a36\u4e0d\u5230\u8001\u5a46\u6765\u8bba\u8bc1\u8d2b\u7a77\uff0c\u5973\u513f\u548c\u59bb\u5b50\u50cf\u6446\u4ef6\u3002\u4e00\u9762\u4e3a\u9ec4\u5927\u53d1\u7684\u575a\u6301\u611f\u52a8\uff0c\u4e00\u9762\u4e3a\u5973\u6027\u611f\u5230\u7edd\u671b", "useful_count": "0"},
{"page_index": 0, "movie_id": "30291126", "title": "\u5929\u6e20", "username": "wow", "user_id": "149684686", "rating": "\u8fd8\u884c", "date": "2019-04-05", "time": "13:40:21", "comment": "\u83ab\u540d\u5176\u5999\u7684\u717d\u60c5\uff0c\u4eba\u7269\u5f62\u8c61\u5851\u9020\u7684\u592a\u5355\u4e00\u592a\u7a81\u51fa\u4e86\uff0c\u51e0\u5341\u5e74\u7684\u575a\u6301\u663e\u5f97\u6709\u4e9b\u4e00\u610f\u5b64\u884c\u3002\u5f53\u7136\u771f\u4eba\u771f\u4e8b\u662f\u4ee4\u4eba\u5c0a\u91cd\u548c\u656c\u4f69\u7684\u3002", "useful_count": "0"},
{"page_index": 0, "movie_id": "30291126", "title": "\u5929\u6e20", "username": "\u8292\u679c\u7ef5\u7ef5\u51b0", "user_id": "63686665", "rating": "\u8fd8\u884c", "date": "2019-02-10", "time": "21:51:12", "comment": "\u5728cctv6\u770b\u5b8c\u4e86 \u4e09\u661f\u6253\u7ed9\u5f6c\u5f69 \u515a\u5458\u5e72\u90e8\u7684\u529f\u52b3\u56fa\u7136\u9ad8 \u4f46\u662f\u4eba\u6c11\u7fa4\u4f17\u7684\u56e2\u7ed3\u548c\u529b\u91cf\u66f4\u503c\u5f97\u5173\u6ce8", "useful_count": "0"},
{"page_index": 0, "movie_id": "30291126", "title": "\u5929\u6e20", "username": "3m", "user_id": "57607160", "rating": "\u8fd8\u884c", "date": "2019-10-03", "time": "12:27:56", "comment": "\u8bb2\u7684\u8fd8\u884c\u2026", "useful_count": "0"},
{"page_index": 0, "movie_id": "30291126", "title": "\u5929\u6e20", "username": "\u68a6\u5f18", "user_id": "kelsenchang", "rating": "\u8fd8\u884c", "date": "2019-04-26", "time": "16:11:24", "comment": "\u5f6c\u6743\u592a\u80d6\u5566\u5427\uff0c\u4e0d\u50cf\u5bb6\u91cc\u7a77\u7684\u90a3\u79cd", "useful_count": "0"},
{"page_index": 0, "movie_id": "30291126", "title": "\u5929\u6e20", "username": "\u65b0\u719f\u5973\u7948\u7977", "user_id": "lisahwang", "rating": "\u8fd8\u884c", "date": "2020-05-23", "time": "13:02:15", "comment": "\u53ef\u80fd\u6211\u6bd4\u8f83\u61d2\u5427\u4e0d\u559c\u6b22\u52c7\u800c\u65e0\u8c0b\u7684\u4eba\uff0c\u611a\u516c\u7684\u611a\u4e0d\u503c\u5f97\u4fe1\u5949\u3002", "useful_count": "0"},
{"page_index": 0, "movie_id": "30291126", "title": "\u5929\u6e20", "username": "\u6bdb\u6bdb\u96e8", "user_id": "154977515", "rating": "\u8fd8\u884c", "date": "2021-07-31", "time": "20:57:53", "comment": "\u53ea\u80fd\u8bf4\u827a\u672f\u867d\u6765\u6e90\u4e8e\u751f\u6d3b\uff0c\u4f46\u672a\u5fc5\u9ad8\u4e8e\u751f\u6d3b\u3002\u771f\u5b9e\u6545\u4e8b\u771f\u7684\u611f\u4eba\u5462\uff0c\u5f71\u7247\u611f\u89c9\u53ea\u662f\u751f\u642c\u786c\u5957\u6545\u4e8b\u60c5\u8282\uff0c\u6ca1\u4f53\u73b0\u8270\u96be\u9669\u963b\u7684\u611f\u89c9\u3002\u6700\u540e\u5411\u4f1f\u5927\u7684\u9ec4\u5927\u53d1\u81f4\u656c\uff01", "useful_count": "0"},
{"page_index": 0, "movie_id": "30291126", "title": "\u5929\u6e20", "username": "ALOHAKO", "user_id": "quminghao", "rating": "\u8fd8\u884c", "date": "2020-01-20", "time": "22:06:22", "comment": "\u7f16\u5267\u6280\u672f\u4e0d\u884c\uff0c\u864e\u5934\u86c7\u5c3e\uff0c\u6ca1\u5565\u7ec6\u8282\u3002", "useful_count": "0"},
{"page_index": 0, "movie_id": "30291126", "title": "\u5929\u6e20", "username": "Antigone", "user_id": "178780720", "rating": null, "date": "2019-02-10", "time": "19:44:57", "comment": "\u770b\u4ed6\u5973\u513f\u53bb\u4e16\u90a3\u6bb5\u770b\u5f97\u5f88\u96be\u53d7\u3002\u53ef\u80fd\u5f88\u591a\u8fd9\u6837\u7684\u4eba\u90fd\u6709\u7c7b\u4f3c\u7684\u4e0d\u5e78\u5427\u3002", "useful_count": "0"},
{"page_index": 0, "movie_id": "30291126", "title": "\u5929\u6e20", "username": "\u7396\u73d1\u5802\u68a6\u6e38\u4eba", "user_id": "203237348", "rating": "\u8fd8\u884c", "date": "2020-01-20", "time": "15:55:19", "comment": "\u81e5\u69fd \u57ce\u88e1\u6253\u5de5\u7684\u5e74\u8f15\u4eba\u5011\u56de\u5230\u6751\u88e1 \u5f9e\u7236\u8f29\u5011\u624b\u88e1\u63a5\u904e\u91cd\u64d4 \u5927\u5bb6\u9f4a\u5fc3\u6316\u6e9d\u7684\u90a3\u4e00\u5e55 \u771f\u7684\u4ee4\u4eba\u52d5\u5bb9 \uff08\u4e3b\u65cb\u5f8b\u5f71\u7247\u771f\u662f\u9a19\u4eba\u6dda\u6c34\uff09", "useful_count": "0"},
{"page_index": 0, "movie_id": "30291126", "title": "\u5929\u6e20", "username": "why'fun", "user_id": "154992743", "rating": "\u8fd8\u884c", "date": "2020-05-25", "time": "14:14:44", "comment": "3.5\u3002\u6444\u5f71\u4e14\u624e\u5b9e\uff0c\u6545\u4e8b\u4e3b\u65cb\u5f8b\u6709\u4e9b\u523b\u610f\uff0c\u4e3b\u89d2\u4eff\u4f5b\u5931\u53bb\u4e86\u672c\u6211\u3002", "useful_count": "0"},
{"page_index": 0, "movie_id": "30291126", "title": "\u5929\u6e20", "username": "\u963fQ", "user_id": "163184368", "rating": "\u8f83\u5dee", "date": "2019-06-24", "time": "23:04:55", "comment": "\u4eba\u7269\u5851\u9020\u4e0d\u591f\u9971\u6ee1", "useful_count": "0"},
{"page_index": 0, "movie_id": "30291126", "title": "\u5929\u6e20", "username": "\u4f4f\u5728\u697c\u4e0a\u7684\u5c0fYU", "user_id": "61712492", "rating": "\u529b\u8350", "date": "2020-08-18", "time": "23:02:55", "comment": "\u4e00\u90e8\u51c0\u5316\u5fc3\u7075\u7684\u7247\u5b50", "useful_count": "0"},
{"page_index": 0, "movie_id": "30291126", "title": "\u5929\u6e20", "username": "\u795e\u662f\u4f60\u7684\u6700\u7231", "user_id": "194707603", "rating": "\u529b\u8350", "date": "2021-08-07", "time": "10:29:24", "comment": "\u7ea2\u65d7\u6e20\u7cbe\u795e\u3002\u867d\u7136\u7535\u5f71\u62cd\u51fa\u6765\u662f\u90a3\u4e48\u7684\u620f\u5267\uff0c\u4f46\u662f\u53d1\u751f\u5728\u73b0\u5b9e\u4e16\u754c\u4e2d\u8fd8\u662f\u5f88\u8ba9\u4eba\u9707\u64bc\u3002", "useful_count": "0"},
{"page_index": 0, "movie_id": "30291126", "title": "\u5929\u6e20", "username": "\u7c26", "user_id": "Promse", "rating": "\u8fd8\u884c", "date": "2019-10-05", "time": "14:23:46", "comment": "\u8fd9\u79cd\u5f53\u4ee3\u611a\u516c\u7cbe\u795e\u503c\u5f97\u5b66\u4e60\uff0c\u8d44\u91d1\uff0c\u77e5\u8bc6\uff0c\u6280\u672f\u4e5f\u662f\u4e0d\u53ef\u6216\u7f3a\u3002\u5f71\u7247\u867d\u7136\u6709\u5f88\u591a\u5730\u65b9\u8ba9\u4eba\u611f\u89c9\u4e0d\u8fd1\u4eba\u60c5\uff0c\u4f46\u662f\u5728\u4e2d\u56fd\u5171\u4ea7\u515a\u7684\u6b63\u786e\u9886\u5bfc\u4e0b\uff0c\u4e2d\u56fd\u5171\u4ea7\u515a\u5458\u65e0\u79c1\u7684\u5949\u732e\uff0c\u6211\u4eec\u7684\u56fd\u5bb6\u548c\u624d\u80fd\u5bcc\u88d5\u8d77\u6765\u5f3a\u5927\u8d77\u6765\u3002", "useful_count": "0"},
{"page_index": 0, "movie_id": "30291126", "title": "\u5929\u6e20", "username": "\u5f71\u6f2b\u6e38", "user_id": "123709356", "rating": "\u8fd8\u884c", "date": "2020-06-23", "time": "10:18:58", "comment": "\u6309\u7167\u771f\u5b9e\u4e8b\u4ef6\u6765\u8bb2\u4fee\u6e20\u4e5f\u5c31\u4e24\u5e74\u65f6\u95f4\uff0c\u90a3\u4e48\u5973\u513f\u75c5\u901d\u7684\u4e3b\u8981\u539f\u56e0\u5e94\u8be5\u662f\u6ca1\u94b1\u770b\u75c5\u5427", "useful_count": "0"},
{"page_index": 0, "movie_id": "30291126", "title": "\u5929\u6e20", "username": "\u50b2\u6885\u5bd2\u96ea", "user_id": "60963332", "rating": "\u8f83\u5dee", "date": "2019-06-28", "time": "15:58:19", "comment": "\u6276\u8d2b\u4fee\u6e20\uff0c\u5374\u8fd8\u8981\u8001\u767e\u59d3\u51fa\u94b1\uff0c\u8fd9\u662f\u771f\u6276\u8d2b\u8fd8\u662f\u5047\u6276\u8d2b\uff1f", "useful_count": "0"},
{"page_index": 1, "movie_id": "30291126", "title": "\u5929\u6e20", "username": "\u8c46\u53cb189666056", "user_id": "189666056", "rating": "\u529b\u8350", "date": "2019-01-05", "time": "21:08:08", "comment": "\u5f71\u7247\u770b\u5f97\u6211\u70ed\u6cea\u76c8\u7736\uff0c\u90a3\u4e48\u771f\u5b9e\u90a3\u4e48\u611f\u4eba\uff01", "useful_count": "0"},
{"page_index": 1, "movie_id": "30291126", "title": "\u5929\u6e20", "username": "\u738b\u96eawx07", "user_id": "189688957", "rating": "\u529b\u8350", "date": "2019-01-06", "time": "10:40:31", "comment": "\u5f71\u7247\u771f\u5b9e\u6f14\u7ece\u4e86 \u201c\u5f53\u4ee3\u611a\u516c\u201d\u9ec4\u5927\u53d1\u7edd\u58c1\u51ff\u5929\u6e20\u7684\u611f\u4eba\u6545\u4e8b\u3002\u770b\u5b8c\u5f71\u7247\uff0c\u6df1\u6df1\u5730\u88ab\u9ec4\u5927\u53d1\u4f5c\u4e3a\u5171\u4ea7\u515a\u5458\u4e0d\u5fd8\u521d\u5fc3\u3001\u7262\u8bb0\u4f7f\u547d\u3001\u5bf9\u515a\u5fe0\u5fc3\u7684\u5d07\u9ad8\u54c1\u8d28\u6240\u611f\u52a8\u7740\u3002", "useful_count": "0"},
{"page_index": 1, "movie_id": "30291126", "title": "\u5929\u6e20", "username": "\u9a8f\u60e0\u632f\u9e6d", "user_id": "189657400", "rating": "\u529b\u8350", "date": "2019-01-05", "time": "17:42:41", "comment": "\u770b\u54ed\u4e24\u6b21\uff0c\u4ed6\u5973\u513f\u53bb\u4e16\u7684\u65f6\u5019\u54ed\u4e86\u4e00\u6b21\uff0c\u4ed6\u53bb\u770b\u4ed6\u5973\u513f\u7684\u65f6\u5019\u54ed\u4e86\u4e00\u6b21\u300238\u5e74\u4fee\u5b8c\u4e00\u6761\u6e20\uff0c\u662f\u9700\u8981\u591a\u5927\u7684\u6bc5\u529b\u5440\uff0c\u5f88\u53d7\u9f13\u821e\uff0c\u5982\u679c\u5728\u4eca\u540e\u7684\u5de5\u4f5c\u548c\u751f\u6d3b\u4e2d\uff0c\u6211\u4eec\u90fd\u6709\u8fd9\u6837\u7684\u6bc5\u529b\uff0c\u90a3\u6ca1\u6709\u4ec0\u4e48\u4e8b\u60c5\u662f\u5e72\u4e0d\u597d\u7684\u3002", "useful_count": "0"},
{"page_index": 1, "movie_id": "30291126", "title": "\u5929\u6e20", "username": "   \u4f50", "user_id": "189694532", "rating": "\u529b\u8350", "date": "2019-01-06", "time": "12:58:00", "comment": "\u65f6\u4ee3\u6977\u6a21\uff0c\u503c\u5f97\u6211\u4eec\u6bcf\u4e00\u4e2a\u4eba\u5b66\u4e60", "useful_count": "0"},
{"page_index": 1, "movie_id": "30291126", "title": "\u5929\u6e20", "username": "\u9759\u5f7c\u5cb8\u4e4b\u6749", "user_id": "172669626", "rating": "\u63a8\u8350", "date": "2019-02-10", "time": "19:47:26", "comment": "\u975e\u5e38\u68d2\uff0c\u6211\u770b\u5927\u5bb6\u90fd\u662f\u5728cctv6\u770b\u7684\uff0c\u73b0\u5728\u6b63\u662f\u50ac\u6cea\u65f6\u523b\u3002\u5f88\u68d2\u7684\u6b63\u80fd\u91cf\u4e3b\u65cb\u5f8b\u7535\u5f71\uff0c\u4e3a\u65b0\u65f6\u4ee3\u611a\u516c\u7cbe\u795e\u6b4c\u9882\u70b9\u8d5e\uff01", "useful_count": "0"},
{"page_index": 1, "movie_id": "30291126", "title": "\u5929\u6e20", "username": "BL", "user_id": "179046979", "rating": "\u529b\u8350", "date": "2019-01-06", "time": "14:32:52", "comment": "\u65f6\u4ee3\u6977\u6a21\u9ec4\u5927\u53d1\uff0c\u611a\u516c\u7cbe\u795e\u8c31\u65b0\u66f2\u3002\u9ec4\u5927\u53d1\u8001\u652f\u4e66\u82b1\u4e86\u6574\u657436\u5e74\u7684\u65f6\u95f4\u53ea\u4e3a\u4fee\u597d\u8fd9\u4e00\u6761\u6e20\u3002\u6ca1\u6709\u6280\u672f\uff0c\u53bb\u5b66\uff1b\u6ca1\u6709\u8d44\u91d1\uff0c\u53bb\u7b79\uff1b\u6ca1\u6709\u8fd0\u8f93\u8f66\uff0c\u53bb\u627e\uff1b\u60ac\u5d16\u8fb9\u4e0a\u6ca1\u6709\u4eba\u6562\u4e0b\uff0c\u4ed6\u7b2c\u4e00\u4e2a\u4e0a.......\u8fd9\u5c31\u662f\u9ec4\u5927\u53d1\u8001\u652f\u4e66\uff0c\u9876\u5929\u7acb\u5730\u3002\u201c\u6d3b\u4e00\u5929\u5c31\u5e72\u4e00\u5929\u201d\uff0c\u94ee\u94ee\u8a93\u8a00\uff0c\u54cd\u5f7b\u4e91\u9704\uff1b\u6b64\u60c5\u6b64\u666f\uff0c\u65e0\u6bd4\u52a8\u5bb9\u3002\u6211\u611f\u52a8\u4e8e\u8fd9\u4e00\u4efd\u6267\u7740\u3002", "useful_count": "0"}
]