[
{"page_index": 0, "movie_id": "30317053", "title": "\u8d85\u65f6\u7a7a\u5927\u5192\u9669", "username": "aibao98", "user_id": "181562067", "rating": "\u8fd8\u884c", "date": "2018-11-30", "time": "20:29:57", "comment": "\u786e\u5b9a\u534e\u7eb3\u4e0d\u544a\u4f60\u4eec\uff1f", "useful_count": "15"},
{"page_index": 0, "movie_id": "30317053", "title": "\u8d85\u65f6\u7a7a\u5927\u5192\u9669", "username": "\u5bf9\u4f60\u7231\u4e0d\u5b8c", "user_id": "140638723", "rating": "\u5f88\u5dee", "date": "2018-12-01", "time": "12:51:35", "comment": "\u5783\u573e\u56fd\u4ea7\u52a8\u753b\u3002", "useful_count": "8"},
{"page_index": 0, "movie_id": "30317053", "title": "\u8d85\u65f6\u7a7a\u5927\u5192\u9669", "username": "\u9694\u5cb8\u89c2\u706b", "user_id": "150433272", "rating": "\u5f88\u5dee", "date": "2018-12-01", "time": "20:17:47", "comment": "\u5404\u79cd\u83ab\u540d\u5176\u5999\u7684\u753b\u98ce\u4e71\u5165\uff0c\u4ee5\u53ca\u90a3\u4e2a\u5c3e\u7acb\u662f\u4ece\u53e3\u888b\u5996\u602a\u90a3\u91cc\u8dd1\u51fa\u6765\u7684\u5417\uff1f\uff1f", "useful_count": "3"},
{"page_index": 0, "movie_id": "30317053", "title": "\u8d85\u65f6\u7a7a\u5927\u5192\u9669", "username": "weakish", "user_id": "WeakishJiang", "rating": "\u8f83\u5dee", "date": "2019-01-28", "time": "21:55:53", "comment": "\u753b\u98ce\u8be1\u5f02\u9a73\u6742", "useful_count": "1"},
{"page_index": 0, "movie_id": "30317053", "title": "\u8d85\u65f6\u7a7a\u5927\u5192\u9669", "username": "\u964d\u9b54\u7bc7", "user_id": "149034125", "rating": "\u8f83\u5dee", "date": "2018-12-03", "time": "17:08:57", "comment": "\u8fd8\u80fd\u8bf4\u4ec0\u4e48\u5462\uff0c\u6211\u5feb\u5410\u4e86", "useful_count": "1"},
{"page_index": 0, "movie_id": "30317053", "title": "\u8d85\u65f6\u7a7a\u5927\u5192\u9669", "username": "\u51b0", "user_id": "5479281", "rating": "\u8f83\u5dee", "date": "2019-02-24", "time": "16:04:35", "comment": "\u513f\u7ae5\u7247", "useful_count": "0"},
{"page_index": 0, "movie_id": "30317053", "title": "\u8d85\u65f6\u7a7a\u5927\u5192\u9669", "username": "\u9e20\u6469\u667a", "user_id": "170929108", "rating": "\u5f88\u5dee", "date": "2018-12-08", "time": "07:58:40", "comment": "\u5783\u573e", "useful_count": "2"},
{"page_index": 0, "movie_id": "30317053", "title": "\u8d85\u65f6\u7a7a\u5927\u5192\u9669", "username": "\u8c46\u53cb204539537", "user_id": "204539537", "rating": "\u8f83\u5dee", "date": "2020-10-20", "time": "22:05:37", "comment": "\u8d85\u7ea7\u5e7c\u7a1a\uff01\u9002\u5408\u5341\u5c81\u4ee5\u4e0b\u7684\u4f4e\u5e7c\u513f\u89c2\u770b\uff01\u65e2\u76d7\u7528\u4e86\u795e\u7b14\u9a6c\u826f\u7684\u6897\u2014\u2014\u795e\u5668\uff0c\u8fd8\u76d7\u7528\u4e86\u9f99\u73e0\u7684\u5927\u9b54\u738b\u4e4b\u540d\u2014\u2014\u9f99\u73e0\u4e3a\u6bd4\u514b\u5927\u9b54\u738b\uff0c\u8fd9\u91cc\u662f\u7d22\u514b\u5927\u9b54\u738b\uff0c\u800c\u4e14\u5427\uff0c\u8fd9\u5927\u9b54\u738b\u4e5f\u6ca1\u5565\u672c\u4e8b\uff0c\u4ed6\u6700\u5927\u7684\u672c\u4e8b\u5c31\u662f\u4ece\u522b\u4eba\u5634\u91cc\u8bf4\u51fa\u6765\u7684\uff01\u800c\u4e14\u8fd8\u9ed1\u5316\u674e\u65af\uff0c\u628a\u4ed6\u53d8\u6210\u4e86\u4e0d\u4f26\u4e0d\u7c7b\u7684\u5e26\u82b1\u75af\u766b\u8001\u5934\uff01\u4e0d\u6015\u674e\u65af\u534a\u591c\u5165\u4f60\u68a6\u6390\u4f60\u8116\u5b50\u5417\uff1f\uff01", "useful_count": "1"},
{"page_index": 0, "movie_id": "30317053", "title": "\u8d85\u65f6\u7a7a\u5927\u5192\u9669", "username": "\u6d6a\u5473\u4ed9", "user_id": "dijianglin", "rating": null, "date": "2022-06-29", "time": "10:46:47", "comment": "\u5783\u573e \u9999\u5df4\u62c9\u7684\u5f62\u8c61 \u8ddf\u72d7\u5934\u519b\u5e08\u4f3c\u7684", "useful_count": "0"},
{"page_index": 0, "movie_id": "30317053", "title": "\u8d85\u65f6\u7a7a\u5927\u5192\u9669", "username": "DREAM DIE", "user_id": "51476835", "rating": null, "date": "2022-07-17", "time": "14:21:43", "comment": "miaa-661 \u871c\u7f8e\u674f 01:58:47 \u4e09\u661f\u534a", "useful_count": "0"},
{"page_index": 0, "movie_id": "30317053", "title": "\u8d85\u65f6\u7a7a\u5927\u5192\u9669", "username": "kazuma", "user_id": "51715999", "rating": "\u5f88\u5dee", "date": "2019-01-22", "time": "19:16:53", "comment": "\u667a\u969c\uff0c\u90a3\u4e2a\u5927\u738b\u4e0d\u5c31\u662f\u602a\u9e2d\u4f2f\u7235\u5417", "useful_count": "1"},
{"page_index": 0, "movie_id": "30317053", "title": "\u8d85\u65f6\u7a7a\u5927\u5192\u9669", "username": "\u2751\ud83d\udc9e\u4e4b\u5b88\u62a4\u2750", "user_id": "sh132913", "rating": "\u5f88\u5dee", "date": "2022-07-24", "time": "13:17:49", "comment": "\u5207 \ud83e\udd2e", "useful_count": "0"},
{"page_index": 0, "movie_id": "30317053", "title": "\u8d85\u65f6\u7a7a\u5927\u5192\u9669", "username": "\u9ed1\u5c71\u8001\u8170", "user_id": "175319545", "rating": "\u8f83\u5dee", "date": "2018-12-09", "time": "03:45:45", "comment": "\u5404\u79cd\u83ab\u540d\u5176\u5999\u7684\u753b\u98ce\u4e71\u5165\uff0c\u4ee5\u53ca\u90a3\u4e2a\u5c3e\u7acb\u662f\u4ece\u53e3\u888b\u5996\u602a\u90a3\u91cc\u8dd1\u51fa\u6765\u7684\u5417\uff1f\uff1f", "useful_count": "1"},
{"page_index": 0, "movie_id": "30317053", "title": "\u8d85\u65f6\u7a7a\u5927\u5192\u9669", "username": "\u4e0d\u5403\u70b8\u9e21\u7684\u9e21", "user_id": "75540082", "rating": "\u8fd8\u884c", "date": "2021-11-01", "time": "17:46:41", "comment": "\u6b20\u7f3a\u592a\u591a \u4f46\u56fd\u6f2b\u6709\u8fd9\u6837\u7684\u5267\u60c5\u4e5f\u8fd8\u7b97\u53ef\u4ee5\u4e86\u3002", "useful_count": "0"},
{"page_index": 0, "movie_id": "30317053", "title": "\u8d85\u65f6\u7a7a\u5927\u5192\u9669", "username": "\u5929\u9df9\u5ea7\ud83c\udf0c\u98a8\u66b4", "user_id": "183472598", "rating": "\u5f88\u5dee", "date": "2022-07-24", "time": "16:00:21", "comment": "copycat", "useful_count": "0"},
{"page_index": 0, "movie_id": "30317053", "title": "\u8d85\u65f6\u7a7a\u5927\u5192\u9669", "username": "\u6f47\u8299", "user_id": "139595415", "rating": "\u5f88\u5dee", "date": "2020-02-16", "time": "04:32:07", "comment": "\u5455", "useful_count": "0"},
{"page_index": 0, "movie_id": "30317053", "title": "\u8d85\u65f6\u7a7a\u5927\u5192\u9669", "username": "\u5c0f\u667a\u54e5\u54e5", "user_id": "59238505", "rating": "\u5f88\u5dee", "date": "2022-10-19", "time": "15:25:35", "comment": "\u4ec0\u4e48\u9b3c\uff0c\u4ec0\u4e48\u4e1c\u897f\u90fd\u4e71\u5165\u4e86", "useful_count": "0"},
{"page_index": 0, "movie_id": "30317053", "title": "\u8d85\u65f6\u7a7a\u5927\u5192\u9669", "username": "\ud835\ude48\ud835\ude64\ud835\ude64\ud835\ude63\ud835\ude61\ud835\ude5e\ud835\ude5c\ud835\ude5d\ud835\ude69 \u2604", "user_id": "177621473", "rating": "\u5f88\u5dee", "date": "2020-02-03", "time": "13:42:26", "comment": "\u6073\u8bf7\u8c46\u74e3\u8bbe\u7f6e0\u5206\uff01", "useful_count": "0"},
{"page_index": 0, "movie_id": "30317053", "title": "\u8d85\u65f6\u7a7a\u5927\u5192\u9669", "username": "Cat without Fis", "user_id": "171406974", "rating": "\u5f88\u5dee", "date": "2018-12-13", "time": "17:47:23", "comment": "\u6284\u88ad", "useful_count": "0"},
{"page_index": 0, "movie_id": "30317053", "title": "\u8d85\u65f6\u7a7a\u5927\u5192\u9669", "username": "\u73fa\u4e34\u5929\u4e0bLJ", "user_id": "170371770", "rating": "\u5f88\u5dee", "date": "2020-08-01", "time": "22:24:17", "comment": "#\u8d85\u65f6\u7a7a\u5927\u5192\u9669# \u5927\u9b54\u738b\u5728\u4e94\u767e\u5e74\u524d\u88ab\u795e\u79d8\u795e\u5668\u6253\u8d25\uff0c\u4e94\u767e\u5e74\u540e\u91cd\u56de\u5730\u7403\uff0c\u4f01\u56fe\u5236\u9020\u5206\u88c2\uff0c\u7a7f\u8d8a\u800c\u6765\u7684\u4f17\u591a\u4e71\u4e03\u516b\u7cdf\u7684\u5c0f\u4f19\u4f34\u4e00\u8d77\uff0c\u627e\u5230\u795e\u5668\u6218\u80dc\u5927\u9b54\u738b\u7684\u6545\u4e8b\u3002\u7ecf\u9274\u5b9a\uff0c\u6b64\u7247\u4e3a\u4e0d\u77e5\u540d\u76ee\u7684\u5f71\u7247\uff0c\u5c0f\u5b69\u90fd\u9a97\u4e0d\u4e86\uff0c\u4e1d\u6beb\u65e0\u53ef\u53d6\u4e4b\u5904\uff0c\u8fd8\u786c\u76d6\u4e0a\u7edf\u4e00\u6c49\u5b50\u7684\u5927\u5e3d\u5b50\uff0c\u6284\u88ad\u878d\u6897\uff0c\u4ece\u5f62\u8c61\u5230\u6545\u4e8b\u5230\u7acb\u610f\uff0c\u6ca1\u6709\u4f18\u70b9\uff0c\u6d6a\u8d39\u65f6\u95f4[\u5fc3] ", "useful_count": "0"},
{"page_index": 0, "movie_id": "30317053", "title": "\u8d85\u65f6\u7a7a\u5927\u5192\u9669", "username": "\u6253\u4e0d\u5012\u7684\u5c0f\u9ebb\u82b1", "user_id": "188756959", "rating": "\u529b\u8350", "date": "2018-12-16", "time": "16:01:38", "comment": "\u548c\u5c0f\u670b\u53cb\u4e00\u8d77\u770b\u7684\uff0c\u8fd8\u53ef\u4ee5\u5427", "useful_count": "0"},
{"page_index": 0, "movie_id": "30317053", "title": "\u8d85\u65f6\u7a7a\u5927\u5192\u9669", "username": "3107582", "user_id": "188433874", "rating": "\u5f88\u5dee", "date": "2018-12-08", "time": "19:54:26", "comment": "\u80fd\u8bc4\u8d1f\u5206\u5417\uff1f\u6211\u513f\u5b50\u516b\u5c81\u90fd\u6ca1\u7b11\u3002\u96be\u9053\u4e03\u5c81\u4ee5\u4e0b\u624d\u53ef\u4ee5\uff1f\u628a\u89c2\u5f71\u5e74\u9f84\u5199\u4e0a\u597d\u4e0d\uff1f\u6d6a\u8d39\u6211\u7684\u7535\u5f71\u7968", "useful_count": "1"},
{"page_index": 0, "movie_id": "30317053", "title": "\u8d85\u65f6\u7a7a\u5927\u5192\u9669", "username": "\u8fa3\u9e21\u56fd\u4ea7\u52a8\u753b", "user_id": "188144981", "rating": "\u5f88\u5dee", "date": "2018-12-02", "time": "16:22:18", "comment": "\u5efa\u8bae\u5b66\u9f84\u540e\u513f\u7ae5\u4e0d\u8981\u770b", "useful_count": "2"},
{"page_index": 0, "movie_id": "30317053", "title": "\u8d85\u65f6\u7a7a\u5927\u5192\u9669", "username": "Z\u2295DIAC", "user_id": "tousokou", "rating": "\u5f88\u5dee", "date": "2018-12-05", "time": "19:40:53", "comment": "\u534e\u7eb3\u62cd\u6b63\u8054\u8d54\u4e86 \u6b63\u7f3a\u94b1\u5462", "useful_count": "1"},
{"page_index": 0, "movie_id": "30317053", "title": "\u8d85\u65f6\u7a7a\u5927\u5192\u9669", "username": "\u85af\u6761\u4ed9", "user_id": "179206341", "rating": "\u5f88\u5dee", "date": "2018-12-08", "time": "09:51:58", "comment": " \u4e16\u754c\u7ea7\u5783\u573e\u52a8\u753b\u5956", "useful_count": "1"},
{"page_index": 0, "movie_id": "30317053", "title": "\u8d85\u65f6\u7a7a\u5927\u5192\u9669", "username": "Grace Z", "user_id": "181565065", "rating": "\u5f88\u5dee", "date": "2018-11-21", "time": "14:15:54", "comment": "\u7b80\u76f4\u592a\u5931\u671b\u4e86\uff0c\u4e2d\u95f4\u4e00\u8def\u7761\u8fc7\u6765\u7684\u3002\u5267\u60c5\u6ca1\u5267\u60c5\uff0c\u5236\u4f5c\u6ca1\u5236\u4f5c\uff0c\u8fde\u4eba\u7269\u90fd\u662f\u62fc\u51d1\u7684", "useful_count": "0"},
{"page_index": 0, "movie_id": "30317053", "title": "\u8d85\u65f6\u7a7a\u5927\u5192\u9669", "username": "\u8c46\u53cb188367141", "user_id": "188367141", "rating": "\u529b\u8350", "date": "2018-12-07", "time": "12:42:34", "comment": "\u592a\u597d\u770b\u4e86", "useful_count": "0"},
{"page_index": 0, "movie_id": "30317053", "title": "\u8d85\u65f6\u7a7a\u5927\u5192\u9669", "username": "\u5c31\u8fd9\u6837\u5427", "user_id": "1309781", "rating": "\u8fd8\u884c", "date": "2019-02-18", "time": "08:14:46", "comment": "\u5b69\u5b50\u633a\u559c\u6b22\u770b\u7684", "useful_count": "0"},
{"page_index": 0, "movie_id": "30317053", "title": "\u8d85\u65f6\u7a7a\u5927\u5192\u9669", "username": "\u5357", "user_id": "209343345", "rating": "\u5f88\u5dee", "date": "2020-01-17", "time": "08:30:29", "comment": "\u4e0d\u60f3\u8bf4\u4ec0\u4e48\u3002\u4ee5\u53ca\u8fd9\u4e2a\u7247\u5b50\u7adf\u7136\u5728\u7535\u5f71\u9662\u4e0a\u6620\u4e86???\u4f60\u5728\u9017\u6211???", "useful_count": "0"},
{"page_index": 0, "movie_id": "30317053", "title": "\u8d85\u65f6\u7a7a\u5927\u5192\u9669", "username": "\u5317\u96c1\u5f52", "user_id": "190129888", "rating": "\u5f88\u5dee", "date": "2019-01-16", "time": "10:56:46", "comment": "\u56fd\u4ea7\u52a8\u753b\u7684\u53bb\u4ea7\u80fd\u8fdb\u5ea6\u5e0c\u671b\u6709\u5173\u90e8\u95e8\u80fd\u591f\u5c3d\u5feb\u63a8\u8fdb\u843d\u5b9e\uff0c\u6709\u4e00\u4e9b\u6beb\u65e0\u8d28\u91cf\u53ef\u8a00\uff0c\u62ff\u7740\u56fd\u5bb6\u8865\u8d34\u5236\u9020\u5783\u573e\u7684\u52a8\u753b\u516c\u53f8\u4e0d\u5e94\u8be5\u5b58\u5728\u3002", "useful_count": "1"},
{"page_index": 0, "movie_id": "30317053", "title": "\u8d85\u65f6\u7a7a\u5927\u5192\u9669", "username": "\u7ea2\u5cb8\u4e07\u5c81", "user_id": "225797476", "rating": "\u5f88\u5dee", "date": "2020-11-28", "time": "12:31:49", "comment": "\u4e0d\u61c2\u5c31\u95ee\uff0c\u8fd9\u73a9\u610f\u548c\u6559\u79d1\u4e66\u7684\u63d2\u56fe\u6709\u4ec0\u4e48\u533a\u522b", "useful_count": "0"},
{"page_index": 0, "movie_id": "30317053", "title": "\u8d85\u65f6\u7a7a\u5927\u5192\u9669", "username": "\u5200\u98ce\u7bad\u96e8", "user_id": "177193292", "rating": null, "date": "2019-10-21", "time": "21:41:03", "comment": "\u5783\u573e", "useful_count": "0"},
{"page_index": 0, "movie_id": "30317053", "title": "\u8d85\u65f6\u7a7a\u5927\u5192\u9669", "username": "\u8748\u8748\u4e36", "user_id": "181369344", "rating": "\u8fd8\u884c", "date": "2020-03-07", "time": "18:29:15", "comment": "\u8bb2\u8ff0\u4e86\u5f88\u4e45\u5f88\u4e45\u4ee5\u524d\uff0c\u6709\u4e2a\u5927\u9b54\u738b\u88ab\u795e\u5668\u6253\u8d25\uff0c500\u5e74\u540e\u91cd\u56de\u4e16\u95f4\uff0c\u5916\u661f\u4eba\u5361\u5361\u5e26\u7740\u670b\u53cb\u6765\u5f00\u59cb\u5bfb\u627e\u795e\u5668\u62ef\u6551\u56fd\u5bb6\u7684\u5192\u9669\u4e4b\u65c5\u3002", "useful_count": "0"}
]