[
{"page_index": 0, "movie_id": "27611675", "title": "\u8f7b\u8f7b\u63e1\u4f4f\u4f60\u7684\u624b", "username": "-\u975e\u8bda\u52ff\u6270*~", "user_id": "57438093", "rating": null, "date": "2018-12-11", "time": "11:15:36", "comment": "\u8fd9\u4e2a\u662f\u7535\u89c6\u5267\u5bfc\u6f14\u62cd\u7684\u7535\u5f71\u5427", "useful_count": "2"},
{"page_index": 0, "movie_id": "27611675", "title": "\u8f7b\u8f7b\u63e1\u4f4f\u4f60\u7684\u624b", "username": "\u6211\u4e0d\u53eb\u5582", "user_id": "133139056", "rating": "\u8f83\u5dee", "date": "2018-12-17", "time": "13:55:44", "comment": "\u7537\u4e3b\u4e0d\u770b\u8138\u8fd8\u80fd\u4e0b\u54bd", "useful_count": "0"}
]