[
{"page_index": 0, "movie_id": "27661976", "title": "\u65e0\u8ff9\u53ef\u5bfb", "username": "\u79e6\u5c0f\u7687\u5f71\u97f3\u75af\u520a", "user_id": "dongxuanlan", "rating": "\u5f88\u5dee", "date": "2018-02-14", "time": "09:51:30", "comment": "\u53ef\u60dc\u4e86\u5b8b\u6d0b\u8fd9\u4e2a\u597d\u6f14\u5458\uff0c\u8fd8\u662f\u522b\u9009\u60ac\u7591\u6545\u4e8b\u7247\u6f14\u4e86\uff0c\u597d\u597d\u56de\u53bb\u8ddf\u5f90\u7693\u5cf0\u62cd\u6b66\u4fa0\u52a8\u4f5c\u7247\u591a\u597d\uff01", "useful_count": "20"},
{"page_index": 0, "movie_id": "27661976", "title": "\u65e0\u8ff9\u53ef\u5bfb", "username": "\u53e8\u53e8\u6012\u63b7\u72d7\u5934\u91d1", "user_id": "zhywith", "rating": null, "date": "2018-11-03", "time": "22:22:51", "comment": "\u7535\u89c6\u732b\u663e\u793a\u8c46\u74e3\u8bc4\u52068.3\u662f\u600e\u4e48\u56de\u4e8b\u2026\u6d6a\u8d39\u65f6\u95f4", "useful_count": "5"},
{"page_index": 0, "movie_id": "27661976", "title": "\u65e0\u8ff9\u53ef\u5bfb", "username": "\u5bf9\u4f60\u7231\u4e0d\u5b8c", "user_id": "140638723", "rating": "\u5f88\u5dee", "date": "2018-02-10", "time": "15:33:22", "comment": "\u65e0\u903b\u8f91\u53ef\u5bfb\u3002", "useful_count": "9"},
{"page_index": 0, "movie_id": "27661976", "title": "\u65e0\u8ff9\u53ef\u5bfb", "username": "\u043e\u0431\u043b\u043e\u043c\u043e\u0432", "user_id": "glim", "rating": "\u5f88\u5dee", "date": "2018-04-20", "time": "21:42:21", "comment": "\u8fd9\u4e2a\u6545\u4e8b\u8bf4\u660e\u5728\u4f60\u56f6\u9a97\u4fdd\u5f88\u96be\uff1f", "useful_count": "4"},
{"page_index": 0, "movie_id": "27661976", "title": "\u65e0\u8ff9\u53ef\u5bfb", "username": "\u9ea6\u515c\u515c", "user_id": "140218517", "rating": "\u5f88\u5dee", "date": "2018-11-03", "time": "22:38:49", "comment": "\u54ea\u4e2a\u72d7\u65e5\u7684\u5728\u7535\u89c6\u732b\u4e0a\u6807\u7684\u8c46\u74e3\u8bc4\u52068.3\u5206\uff0c\u6d6a\u8d39\u52b3\u8d44\u90a3\u4e48\u957f\u65f6\u95f4\uff0c\u8349\u6ce5\u9a6c\uff01", "useful_count": "5"},
{"page_index": 0, "movie_id": "27661976", "title": "\u65e0\u8ff9\u53ef\u5bfb", "username": "\u98d9\u96ea\u74a8\u9633", "user_id": "50667944", "rating": "\u5f88\u5dee", "date": "2018-05-15", "time": "17:12:22", "comment": "\u4e00\u4e2a\u505a\u8b66\u5bdf\u5931\u8d25\u7684\u4fdd\u9669\u8c03\u67e5\u5458\u5728\u8c03\u67e5\u4e00\u5b97\u6740\u592b\u9a97\u4fdd\u6848\u540e\u81ea\u6740\u9a97\u4fdd\u5e76\u6210\u529f\u5c06\u53d7\u76ca\u7ed9\u4e86\u6740\u4eba\u72af\u7684\u6545\u4e8b\u3002\u662f\u4e0d\u662f\u5f88\u5947\u8469\uff1f\u66f4\u5947\u8469\u7684\u662f\u8fd9\u8fd8\u662f\u5e26\u7740\u60ac\u7591\u611f\u62cd\u6210\u7684\u4e00\u70b9\u4e5f\u4e0d\u6050\u6016\u7684\u6050\u6016\u7247\uff0c\u800c\u4e14\u5168\u7247\u6ca1\u6709\u4e00\u4e2a\u597d\u770b\u7684\u955c\u5934\uff0c\u6ca1\u6709\u4e00\u53e5\u503c\u5f97\u8bb0\u4f4f\u7684\u53f0\u8bcd\uff0c\u81f3\u4e8e\u5f71\u7247\u8bb2\u4e86\u4ec0\u4e48\uff0c\u65e0\u8bba\u6211\u600e\u4e48\u8111\u8865\uff0c\u4ecd\u7136\u65e0\u8ff9\u53ef\u5bfb\u5440\uff01\u96be\u9053\u662f\u4e00\u7fa4\u795e\u7ecf\u75c5\u7684\u6545\u4e8b\uff1f", "useful_count": "3"},
{"page_index": 0, "movie_id": "27661976", "title": "\u65e0\u8ff9\u53ef\u5bfb", "username": "\u5c0f\u667a", "user_id": "72136793", "rating": "\u5f88\u5dee", "date": "2018-02-13", "time": "01:00:35", "comment": "\u697c\u4e0a\u4e94\u4f4d\u53bb\u5f71\u9662\u89c2\u770b\u7684\u670b\u53cb\uff0c\u8f9b\u82e6\u4f60\u4eec\u5566", "useful_count": "6"},
{"page_index": 0, "movie_id": "27661976", "title": "\u65e0\u8ff9\u53ef\u5bfb", "username": "\u98ce\u95f4\u85e4", "user_id": "ateng1018", "rating": "\u5f88\u5dee", "date": "2018-02-10", "time": "12:48:20", "comment": "\u4eca\u5e74\u770b\u7684\u7b2c\u4e00\u90e8\u70c2\u7247\u3002\u97f3\u753b\u4e0d\u540c\u6b65\uff0c\u5168\u7a0b\u65e0\u611f\uff0c\u5267\u60c5\u5c34\u5c2c\uff0c\u6beb\u65e0\u4eae\u70b9\u3002", "useful_count": "5"},
{"page_index": 0, "movie_id": "27661976", "title": "\u65e0\u8ff9\u53ef\u5bfb", "username": "\u5f69\u620f\u5e08wala", "user_id": "caixishi", "rating": "\u5f88\u5dee", "date": "2018-04-23", "time": "22:14:08", "comment": "\u795e\u7ecf\u70c2", "useful_count": "2"},
{"page_index": 0, "movie_id": "27661976", "title": "\u65e0\u8ff9\u53ef\u5bfb", "username": "\u5047\u7b11girl", "user_id": "2161666", "rating": "\u8f83\u5dee", "date": "2018-02-10", "time": "20:27:55", "comment": "\u70b9\u5728\u54ea\uff1f", "useful_count": "0"},
{"page_index": 0, "movie_id": "27661976", "title": "\u65e0\u8ff9\u53ef\u5bfb", "username": "Oak", "user_id": "ygyoak", "rating": "\u5f88\u5dee", "date": "2018-05-13", "time": "21:37:38", "comment": "\u6c34\u519b\u80fd\u4e0d\u80fd\u4e13\u4e1a\u70b9\uff1f\u8fd8\u6ca1\u4e0a\u6620\u5c31\u8bf4\u559c\u6b22\u770b\uff1f", "useful_count": "1"},
{"page_index": 0, "movie_id": "27661976", "title": "\u65e0\u8ff9\u53ef\u5bfb", "username": "Stboo", "user_id": "beattywell", "rating": "\u5f88\u5dee", "date": "2020-03-04", "time": "15:40:19", "comment": "\u6ca1\u5962\u671b\u662f\u4e2d\u56fd\u7248\u7684\u5e7b\u5f71\u51f6\u95f4\uff0c\u4f46\u4e5f\u4e0d\u60f3\u770b\u4e00\u4e2a\u8fde\u6545\u5f04\u7384\u865a\u90fd\u4e0d\u52aa\u529b\u7684\u9a97\u4fdd\u6545\u4e8b\u3002", "useful_count": "1"},
{"page_index": 0, "movie_id": "27661976", "title": "\u65e0\u8ff9\u53ef\u5bfb", "username": "\u897f\u95e8\u5927\u5b98\u4eba", "user_id": "ANPANG", "rating": "\u5f88\u5dee", "date": "2018-12-04", "time": "10:07:12", "comment": "\u5c45\u7136\u662f\u4e0a\u6620\u7684\uff0c\u4ee5\u4e3a\u662f\u7f51\u7edc\u7535\u5f71", "useful_count": "2"},
{"page_index": 0, "movie_id": "27661976", "title": "\u65e0\u8ff9\u53ef\u5bfb", "username": "\u68e0", "user_id": "51264332", "rating": "\u8fd8\u884c", "date": "2019-02-06", "time": "14:14:03", "comment": "\u6291\u90c1\u75c7\u81ea\u6740\u4e5f\u6b63\u5e38\uff0c\u5426\u5219\u5c31\u4e3a\u4e86\u5199\u53d7\u76ca\u4eba\u662f\u738b\u533b\u751f\u800c\u81ea\u6740\uff0c\u5c31\u7275\u5f3a\u4e86\u3002\u7537\u4e3b\u597d\u50cf\u4e0d\u53ea\u6709\u6291\u90c1\u75c7\uff0c\u8fd8\u6709\u72c2\u8e81\u75c7\u3002\u4eb2\u621a\u5c0f\u5b69\u770b\u7684\u65f6\u5019\u53ea\u6709\u4e00\u4e2a\u95ee\u9898\uff0c\u5c31\u662f\u7537\u4e3b\u4e3a\u4ec0\u4e48\u8981\u88f8\u4f53\uff1f\u5c0f\u5b69\u7684\u89d2\u5ea6\u679c\u7136\u4e0d\u540c", "useful_count": "2"},
{"page_index": 0, "movie_id": "27661976", "title": "\u65e0\u8ff9\u53ef\u5bfb", "username": "SuE", "user_id": "eyrehuang", "rating": "\u5f88\u5dee", "date": "2019-01-17", "time": "16:00:26", "comment": "\u5e78\u4e8f\u6ca1\u53bb\u7535\u5f71\u9662\u770b\uff0c\u6211\u6015\u6211\u4f1a\u54ed\u6655\u5728\u7535\u5f71\u9662", "useful_count": "2"},
{"page_index": 0, "movie_id": "27661976", "title": "\u65e0\u8ff9\u53ef\u5bfb", "username": "\u662flily\u5440", "user_id": "Lily_D", "rating": "\u8fd8\u884c", "date": "2019-05-03", "time": "16:57:10", "comment": "\u633a\u597d\u7684\u4e3b\u9898\u62cd\u5f97\u548b\u548b\u547c\u547c\u7684", "useful_count": "0"},
{"page_index": 0, "movie_id": "27661976", "title": "\u65e0\u8ff9\u53ef\u5bfb", "username": "\u6d77\u76df\u6d0b\u6ea2", "user_id": "haiyangLi", "rating": "\u5f88\u5dee", "date": "2018-08-24", "time": "12:00:20", "comment": "\u7b80\u76f4\u65e0\u903b\u8f91\u53ef\u5bfb\uff0c\u53ef\u80fd\u8fde\u5bfc\u6f14\u81ea\u5df1\u90fd\u62cd\u8ff7\u7cca\u4e86\u5427\uff0c\u6545\u4e8b\u8bb2\u4e0d\u597d\u8fd8\u4e71\u52a0\u611f\u60c5\u7ebf\uff0c\u6700\u540e\u7a00\u91cc\u7cca\u6d82\u6536\u573a", "useful_count": "1"},
{"page_index": 0, "movie_id": "27661976", "title": "\u65e0\u8ff9\u53ef\u5bfb", "username": "elwing", "user_id": "snowchong1984", "rating": "\u5f88\u5dee", "date": "2018-09-08", "time": "19:57:02", "comment": "\u770b\u4e86\u300a\u66b4\u88c2\u65e0\u58f0\u300b\uff0c\u817e\u8baf\u89c6\u9891\u8054\u60f3\u63a8\u8350\uff0c\u770b\u4e8610\u5206\u949f\u5f03\uff0c\u4e71\u4e03\u516b\u7cdf\u4e0d\u77e5\u6240\u4e91\u3002\u817e\u8baf\u89c6\u9891\u7684\u8054\u60f3\u7b97\u6cd5\u771f\u591f\u70c2\u7684\u3002", "useful_count": "1"},
{"page_index": 0, "movie_id": "27661976", "title": "\u65e0\u8ff9\u53ef\u5bfb", "username": "\u5fd7", "user_id": "151281852", "rating": "\u5f88\u5dee", "date": "2018-11-11", "time": "23:18:53", "comment": "\u6d6a\u8d39\u65f6\u95f4\uff0c\u7535\u89c6\u732b\u4e0a\u7adf\u7136\u7ed9\u5230\u4e868\u5206\uff0c\u9ed1", "useful_count": "1"},
{"page_index": 0, "movie_id": "27661976", "title": "\u65e0\u8ff9\u53ef\u5bfb", "username": "\u7edd\u5bf9\u96f6\u5ea60o", "user_id": "abso0ozero", "rating": "\u8fd8\u884c", "date": "2018-06-24", "time": "18:27:56", "comment": "\u53ea\u6709\u53d1\u751f\u5728\u81ea\u5df1\u8eab\u8fb9\u7684\u65f6\u5019\uff0c\u624d\u4f1a\u89c9\u5f97\u771f\u76f8\u7684\u91cd\u8981\u3002", "useful_count": "0"},
{"page_index": 0, "movie_id": "27661976", "title": "\u65e0\u8ff9\u53ef\u5bfb", "username": "\u5ded\u5b6c\u5ad1\u95f9\u5ad1\u6023\u5626", "user_id": "qq369535660", "rating": "\u5f88\u5dee", "date": "2018-02-10", "time": "10:51:19", "comment": "\u4e00\u4e2a\u5356\u4fdd\u9669\u6ca1\u7d20\u8d28\u7cbe\u795e\u7684\u7cbe\u795e\u75c5\u548c\u4e00\u4e2a\u9a97\u4fdd\u5927\u59d0\u7684\u6545\u4e8b\uff01\u5192\u5145\u8b66\u5bdf\u548c\u8b66\u5bdf\u533b\u9662\u5927\u558a\u5927\u53eb\u7684\u6ca1\u7d20\u8d28\u7535\u5f71\uff01", "useful_count": "2"},
{"page_index": 0, "movie_id": "27661976", "title": "\u65e0\u8ff9\u53ef\u5bfb", "username": "Dong", "user_id": "4626538", "rating": "\u5f88\u5dee", "date": "2018-02-14", "time": "22:12:14", "comment": "\u6211\u7684\u5b8b\u6d0b\u554a\u2026\u2026\u2026", "useful_count": "3"},
{"page_index": 0, "movie_id": "27661976", "title": "\u65e0\u8ff9\u53ef\u5bfb", "username": "\u873b\u8713\u961f\u957f", "user_id": "44159787", "rating": "\u5f88\u5dee", "date": "2018-02-09", "time": "10:03:59", "comment": "\u6709\u4eba\u9ed1\u8fc7\u6211\u8d26\u53f7\u5417\uff1f\u8fd9\u79cd\u5783\u573e\u7535\u5f71\u6211\u600e\u4e48\u80fd\u770b", "useful_count": "1"},
{"page_index": 0, "movie_id": "27661976", "title": "\u65e0\u8ff9\u53ef\u5bfb", "username": "33\u59d7\u59d7\u541b", "user_id": "151992854", "rating": "\u529b\u8350", "date": "2019-05-02", "time": "23:06:23", "comment": "\u4e00\u5982\u65e2\u5f80\u7231\u5b8b\u9633", "useful_count": "0"},
{"page_index": 0, "movie_id": "27661976", "title": "\u65e0\u8ff9\u53ef\u5bfb", "username": "\u5b50\u90fd", "user_id": "61329392", "rating": "\u5f88\u5dee", "date": "2019-01-11", "time": "16:55:46", "comment": "\u9996\u5148\uff0c\u56e0\u70ba\u96fb\u8996\u8c93\u4f86\u7684\u9ebb\u7169\u9ede\u4e00\u4e0b\u6709\u7528\u3002\u8b1d\u8b1d\u3002\n\u672c\u7247\u662f\u795e\u7247\uff01\u771f\u7684\uff01\uff01\u5168\u7a0b\u53c8\u5c37\u5c2c\u53c8\u774f\uff0c\u9019\u9178\u723d\u6211\u90fd\u4e0d\u77e5\u9053\u6211\u662f\u600e\u9ebc\u6490\u904e\u4f86\u770b\u5b8c\u6ef4\uff01\uff01\u771f\u68d2\uff0c\u6211\u5fc3\u4e2d\u6c38\u9060\u7684\u7b2c\u4e00\uff0c\u61c9\u8a72\u5f8c\u7121\u4f86\u8005\u4e86(\u7247\u540d\u8ddf\u985e\u578b\u4e5f\u662f\u4e00\u7d55\uff01)\u3002", "useful_count": "1"},
{"page_index": 0, "movie_id": "27661976", "title": "\u65e0\u8ff9\u53ef\u5bfb", "username": "\u65af\u5766\u5229\u2022\u8d75", "user_id": "1001195", "rating": "\u5f88\u5dee", "date": "2018-04-21", "time": "11:11:02", "comment": "\u662f\u4e0d\u662f\u540e\u671f\u914d\u97f3\u7684\u7f18\u6545\uff0c\u5f88\u591a\u5730\u65b9\u7684\u97f3\u753b\u90fd\u4e0d\u540c\u6b65\u3002\u5267\u60c5\u4e5f\u662f\u591f\u7cdf\u7684\uff0c\u53ef\u60dc\u4e86\u5b8b\u6d0b\u3002", "useful_count": "0"},
{"page_index": 0, "movie_id": "27661976", "title": "\u65e0\u8ff9\u53ef\u5bfb", "username": "\u680b\u6210\u6eaa\u5c31", "user_id": "70338323", "rating": "\u5f88\u5dee", "date": "2021-07-07", "time": "11:54:09", "comment": "\u6beb\u65e0\u903b\u8f91\u3002", "useful_count": "0"},
{"page_index": 0, "movie_id": "27661976", "title": "\u65e0\u8ff9\u53ef\u5bfb", "username": "\u563b\u563b\u5f17\u65af", "user_id": "Zero0919", "rating": "\u5f88\u5dee", "date": "2018-05-06", "time": "15:25:51", "comment": "\u5783\u573e", "useful_count": "0"},
{"page_index": 0, "movie_id": "27661976", "title": "\u65e0\u8ff9\u53ef\u5bfb", "username": "\u7af9\u4e50\u5586", "user_id": "37412559", "rating": "\u5f88\u5dee", "date": "2018-05-30", "time": "10:05:08", "comment": "\u5783\u573e", "useful_count": "1"},
{"page_index": 0, "movie_id": "27661976", "title": "\u65e0\u8ff9\u53ef\u5bfb", "username": "\u5317\u4eba\u5b57", "user_id": "127899402", "rating": "\u8f83\u5dee", "date": "2018-05-29", "time": "18:15:35", "comment": "\u6211\u8fd9\u662f\u770b\u4e86\u4ec0\u4e48\u3002\u3002\u3002", "useful_count": "0"},
{"page_index": 0, "movie_id": "27661976", "title": "\u65e0\u8ff9\u53ef\u5bfb", "username": "\u900d\u9065\u53f9", "user_id": "dkingm", "rating": "\u63a8\u8350", "date": "2019-10-10", "time": "15:16:36", "comment": "\u7b97\u4e0d\u4e0a\u6050\u6016\u60ca\u609a\uff0c\u4e5f\u7b97\u4e0d\u4e0a\u70e7\u8111\uff0c\u5355\u7eaf\u4ece\u5267\u60c5\u6765\u8bf4 \u5176\u5b9e\u4e5f\u4e0d\u7b97\u590d\u6742\uff0c\u4f46\u662f\u5374\u53ef\u4ee5\u7ed9\u6211\u4eec\u4e00\u4e9b\u63d0\u793a\uff0c\u674e\u90c1\u7684\u81ea\u6740\u6709\u5176\u6291\u90c1\u7684\u56e0\u7d20 \u5374\u4e5f\u5931\u53bb\u4e86\u4ed6\u81ea\u6740\u7684\u610f\u4e49\u3002", "useful_count": "0"},
{"page_index": 0, "movie_id": "27661976", "title": "\u65e0\u8ff9\u53ef\u5bfb", "username": "\u5e73\u662d", "user_id": "153199964", "rating": "\u5f88\u5dee", "date": "2019-11-15", "time": "01:15:11", "comment": "\u70c2\u6210\u8fd9\u6837\u771f\u7684\u65e0\u6cd5\u5bb9\u5fcd \u6545\u4e8b\u90fd\u6ca1\u8bb2\u660e\u767d \u4e00\u60ca\u4e00\u4e4d\u6545\u5f04\u7384\u865a \u6211\u4e3a\u4e86\u5b8b\u6d0b\u751f\u751f\u71ac\u4e86\u516b\u5341\u4e94\u5206\u949f \u6211\u592a\u96be\u4e86", "useful_count": "1"},
{"page_index": 0, "movie_id": "27661976", "title": "\u65e0\u8ff9\u53ef\u5bfb", "username": "\u9ea6\u5b50", "user_id": "btone0808", "rating": "\u5f88\u5dee", "date": "2018-04-24", "time": "13:43:26", "comment": "\u867a\u6587\u5fe0\u5927\u6218\u5c39\u5fd7\u5e73\uff0c\u54c8\u54c8\uff0c\u51e0\u4e2a\u5370\u8c61\u633a\u6df1\u4f46\u53c8\u4e0d\u5e38\u89c1\u7684\u6f14\u5458\uff0c\u5f88\u671f\u5f85\u4ed6\u4eec\u5728\u60ac\u7591\u5267\u91cc\u7684\u65b0\u53f0\u8bcd\u3001\u65b0\u8868\u60c5\u5305\uff0c\u8fd9\u4e5f\u7b97\u65b0\u6536\u83b7\u3002", "useful_count": "0"},
{"page_index": 0, "movie_id": "27661976", "title": "\u65e0\u8ff9\u53ef\u5bfb", "username": "lpu9", "user_id": "3526210", "rating": "\u5f88\u5dee", "date": "2018-02-10", "time": "16:11:35", "comment": "\u4e00\u4e2a\u9a97\u4fdd\u7684\u7834\u4e8b\u51d1\u4e00\u4e2a\u534a\u5c0f\u65f6\u771f\u96be\u4e3a\u5bfc\u6f14\u4e86", "useful_count": "1"},
{"page_index": 0, "movie_id": "27661976", "title": "\u65e0\u8ff9\u53ef\u5bfb", "username": "\u9999\u706b\u5144\u5f1f", "user_id": "gw150080", "rating": "\u8f83\u5dee", "date": "2019-01-21", "time": "21:51:43", "comment": "\u770b\u4e0d\u4e0b\u53bb\u554a\u2026\u2026", "useful_count": "0"},
{"page_index": 0, "movie_id": "27661976", "title": "\u65e0\u8ff9\u53ef\u5bfb", "username": "Strangerant", "user_id": "155138041", "rating": "\u8f83\u5dee", "date": "2018-04-21", "time": "08:34:22", "comment": "\u6d6e\u5938\u3002\u6700\u540e\u7684\u4e27\u547d\u5b8c\u5168\u6ca1\u6709\u5fc5\u8981\u3002\u674e\u90c1\u554a\u674e\u90c1\uff0c\u4f60\u7528\u6027\u547d\u5524\u9192\u4e86\u5979\u7684\u826f\u77e5\uff0c\u4f60\u53c8\u5c06\u6cd5\u5f8b\u7f6e\u4e8e\u4f55\u5730\u3002", "useful_count": "0"},
{"page_index": 0, "movie_id": "27661976", "title": "\u65e0\u8ff9\u53ef\u5bfb", "username": "\u9752\u94dc\u722c\u4e0d\u51fa\u6765", "user_id": "162560019", "rating": "\u5f88\u5dee", "date": "2019-04-09", "time": "01:53:06", "comment": "\u5728\u56fd\u822a\u7684\u822a\u73ed\u4e0a\u770b\u7684\uff0c\u4e00\u5934\u96fe\u6c34\uff01\u5b9e\u5728\u662f\u5dee\uff0c\u90fd\u4e0d\u77e5\u9053\u5728\u8bf4\u5565\u3002", "useful_count": "0"},
{"page_index": 0, "movie_id": "27661976", "title": "\u65e0\u8ff9\u53ef\u5bfb", "username": "\u8f68\u8ff9", "user_id": "3135431", "rating": "\u5f88\u5dee", "date": "2018-12-09", "time": "15:22:48", "comment": "\u5783\u573e", "useful_count": "0"},
{"page_index": 0, "movie_id": "27661976", "title": "\u65e0\u8ff9\u53ef\u5bfb", "username": "EvilGoblin", "user_id": "64996012", "rating": "\u5f88\u5dee", "date": "2018-08-05", "time": "16:30:27", "comment": "\u6211\u8ffd\u6c42\u7684\u771f\u76f8\u652f\u79bb\u7834\u788e\uff0c\u63a9\u85cf\u5728\u4eba\u4eec\u7684\u5fc3\u91cc\uff0c\u5f53\u4f60\u7aed\u5c3d\u5168\u529b\u628a\u5b83\u4eec\u91cd\u65b0\u627e\u5230\uff0c\u62fc\u5728\u4e00\u8d77\uff0c\u5374\u53d1\u73b0\u5b83\u6c89\u91cd\u4e0d\u5df2\uff0c\u6210\u4e3a\u4f60\uff0c\u65e0\u6cd5\u627f\u53d7\u7684\u75db\u3002", "useful_count": "0"},
{"page_index": 0, "movie_id": "27661976", "title": "\u65e0\u8ff9\u53ef\u5bfb", "username": "\u8611\u83c7\u5c0f\u59d0", "user_id": "37210878", "rating": "\u5f88\u5dee", "date": "2019-04-09", "time": "18:53:51", "comment": "\u5e78\u597d\u770b\u4e86\u5f00\u5934\u89c9\u5f97\u592a\u5dee\u4e86\uff0c\u6765\u770b\u4e86\u4e0b\u8c46\u74e3", "useful_count": "0"},
{"page_index": 0, "movie_id": "27661976", "title": "\u65e0\u8ff9\u53ef\u5bfb", "username": "\u738b\u6728\u5ddd", "user_id": "jielunxiaoxin", "rating": "\u8f83\u5dee", "date": "2018-06-25", "time": "17:18:17", "comment": "\u786e\u5b9e\u65e0\u8ff9\u53ef\u5bfb\uff0c\u6beb\u65e0\u903b\u8f91\u3002\u6ca1\u8ba4\u51fa\u7537\u4e3b\u662f\u300a\u66b4\u70c8\u65e0\u58f0\u300b\u91cc\u7684\uff0c\u770b\u7740\u597d\u5e74\u8f7b\u3002", "useful_count": "1"},
{"page_index": 0, "movie_id": "27661976", "title": "\u65e0\u8ff9\u53ef\u5bfb", "username": "\u8001\u53f8\u673a\u963f\u98de", "user_id": "142216129", "rating": "\u8f83\u5dee", "date": "2018-04-26", "time": "20:34:43", "comment": "\u8fd8\u884c\u554a\u5728\u770b", "useful_count": "0"},
{"page_index": 0, "movie_id": "27661976", "title": "\u65e0\u8ff9\u53ef\u5bfb", "username": "\u6211\u662f\u8fde\u957f", "user_id": "140311454", "rating": "\u5f88\u5dee", "date": "2019-11-01", "time": "16:46:28", "comment": "\u966a\u6211\u5988\u770b\u7684", "useful_count": "0"},
{"page_index": 0, "movie_id": "27661976", "title": "\u65e0\u8ff9\u53ef\u5bfb", "username": "\u7231\u6bd4\u6b7b\u66f4\u51b7", "user_id": "70421764", "rating": "\u8f83\u5dee", "date": "2018-04-26", "time": "23:24:37", "comment": "\u5bfc\u6f14: \u5f20\u5e06\n\u7f16\u5267: \u8bb8\u690d\u5764\n\u4e3b\u6f14: \u5b8b\u6d0b / \u6df3\u4e8e\u73ca\u73ca / \u8fde\u51ef / \u674e\u6653\u7ea2 / \u848b\u4e00\u94ed / \u6797\u742a / \u6b66\u632f\u7d20\n\u7c7b\u578b: \u60ac\u7591 / \u60ca\u609a\n\u5236\u7247\u56fd\u5bb6/\u5730\u533a: \u4e2d\u56fd\u5927\u9646", "useful_count": "0"},
{"page_index": 0, "movie_id": "27661976", "title": "\u65e0\u8ff9\u53ef\u5bfb", "username": "\u9633\u5149\u6563\u843d\u5728\u8138\u4e0a", "user_id": "65044455", "rating": "\u8f83\u5dee", "date": "2018-06-15", "time": "22:17:55", "comment": "\u5267\u672c\u6709\u5f88\u5927\u7684\u95ee\u9898\uff0c\u62cd\u6444\u7684\u5341\u5206\u5272\u88c2\uff0c\u524d\u534a\u6bb5\u60ca\u609a\u4e0d\u8db3\uff0c\u540e\u534a\u6bb5\u65e0\u804a\u6709\u4f59\uff0c\u903b\u8f91\u6027\u8f83\u5dee\u3002\u4e3a\u5b8b\u6d0b\u591a\u52a0\u4e00\u9897\u661f\u3002", "useful_count": "2"},
{"page_index": 0, "movie_id": "27661976", "title": "\u65e0\u8ff9\u53ef\u5bfb", "username": "_\u4e0d\u624d", "user_id": "56156366", "rating": "\u5f88\u5dee", "date": "2018-05-03", "time": "13:42:09", "comment": "\u4fdd\u5355\u53d7\u76ca\u4eba\u4ec0\u4e48\u65f6\u5019\u53ef\u4ee5\u586b\u5199\u975e\u4eb2\u5c5e\u4e86\u2026", "useful_count": "1"},
{"page_index": 0, "movie_id": "27661976", "title": "\u65e0\u8ff9\u53ef\u5bfb", "username": "\u4e0e\u98de\u4e4b\u4e03", "user_id": "152858299", "rating": "\u5f88\u5dee", "date": "2019-01-21", "time": "13:36:20", "comment": "\u70c2\u7684\u7ec6\u788e", "useful_count": "1"},
{"page_index": 0, "movie_id": "27661976", "title": "\u65e0\u8ff9\u53ef\u5bfb", "username": "\u5343\u751f\u8bd7", "user_id": "92875885", "rating": "\u8f83\u5dee", "date": "2018-11-28", "time": "19:15:57", "comment": "\u6d6a\u8d39\u6211\u65f6\u95f4\u4ed6\u4e70\u7684", "useful_count": "1"},
{"page_index": 0, "movie_id": "27661976", "title": "\u65e0\u8ff9\u53ef\u5bfb", "username": "\u86cb\u58f3", "user_id": "53159773", "rating": "\u5f88\u5dee", "date": "2019-04-15", "time": "12:18:34", "comment": "\u6709\u8d1f\u5206\u5417\uff1f\u53c8\u4e00\u6b21\u5237\u65b0\u4e86\u6211\u5bf9\u4e8e\u70c2\u7247\u7684\u8ba4\u77e5\uff0c\u53ea\u6709\u66f4\u70c2\u6ca1\u6709\u6700\u70c2\uff0c\u6211\u662f\u591a\u65e0\u804a\u5728\u98de\u673a\u4e0a\u770b\u5b8c\u4e86\u7adf\u7136", "useful_count": "0"},
{"page_index": 0, "movie_id": "27661976", "title": "\u65e0\u8ff9\u53ef\u5bfb", "username": "\u5f53\u5e74\u60c5", "user_id": "135462080", "rating": "\u5f88\u5dee", "date": "2018-05-19", "time": "17:23:33", "comment": "\u901a\u8fc7\u67d0\u516c\u4f17\u53f7\u63a8\u8350\u7684\u4e86\u770b\u5b8c\u4e00\u8138\u56f0\u610f \u6253\u7740\u60ac\u7591\u7684\u5671\u5934 \u5f3a\u884c\u6545\u4f5c\u5f25\u5f70\u95f9\u9b3c\u6e32\u67d3\u6050\u6016\u6c14\u6c1b \u7136\u800c\u6574\u90e8\u7535\u5f71\u770b\u5b8c\u660f\u660f\u6b32\u7761\uff0c\u5b8c\u5168\u4e0d\u77e5\u6240\u4e91\u3002\u7537\u4e3b\u5e94\u8be5\u662f\uff0c\u9aa8\u8d28\u9165\u677e\uff0c\u4e00\u90e8\u7535\u5f71\u6454\u5012\u4e86\u4e09\u6b21\u3002\u526a\u5207\u5f88\u4e0d\u5230\u4f4d\uff0c\u6709\u4e9b\u4eba\u7269\u51fa\u73b0\u7684\uff0c\u83ab\u540d\u5176\u5999\uff0c\u6ca1\u6765\u7531\u7684\u81ea\u884c\u53bb\u6316\u6398\u6240\u8c13\u7684\u771f\u76f8 \u6700\u540e\u6b7b\u7684\u4e5f\u83ab\u540d\u5176\u5999\uff0c\u70c2\u7247\u3002", "useful_count": "0"},
{"page_index": 0, "movie_id": "27661976", "title": "\u65e0\u8ff9\u53ef\u5bfb", "username": "Halo", "user_id": "81093499", "rating": "\u8f83\u5dee", "date": "2018-10-31", "time": "22:13:48", "comment": "\u6545\u5f04\u7384\u865a\uff0c\u4f60\u4e5f\u5f97\u628a\u6545\u4e8b\u753b\u5706\u4e86\u3002\n\u7a81\u5982\u5176\u6765\u7684\u7ed3\u5c40\uff0c\u4ee4\u4eba\u63aa\u624b\u4e0d\u53ca\u3002\n\u4e92\u65e0\u5173\u8054\u7684\u4eba\u7269\u60c5\u8282\uff0c\u4e3b\u8981\u662f\u4e3a\u4e86\u6545\u5f04\u7384\u865a\u6765\u8f85\u52a9\u7684\uff1f\u8fd8\u662f\u5bfc\u6f14\u7684\u8868\u8ff0\u592a\u8df3\u8dc3\uff1f", "useful_count": "1"},
{"page_index": 0, "movie_id": "27661976", "title": "\u65e0\u8ff9\u53ef\u5bfb", "username": "\u5931\u7720\u8005\u7684\u68a6", "user_id": "113046611", "rating": "\u5f88\u5dee", "date": "2022-01-30", "time": "20:45:34", "comment": "\u4e0d\u597d\u770b\uff0c\u5e0c\u671b\u5b8b\u6d0b\u80fd\u6f14\u597d\u7684\u4f5c\u54c1\uff0c\u4ed6\u7684\u6f14\u6280\u662f\u53ef\u4ee5", "useful_count": "0"},
{"page_index": 0, "movie_id": "27661976", "title": "\u65e0\u8ff9\u53ef\u5bfb", "username": "JeromeLoo", "user_id": "jeromeloo", "rating": "\u5f88\u5dee", "date": "2018-10-24", "time": "00:24:02", "comment": "\u6f14\u6280\u592a\u70c2", "useful_count": "0"},
{"page_index": 0, "movie_id": "27661976", "title": "\u65e0\u8ff9\u53ef\u5bfb", "username": "\u5438\u8840\u5c0f\u7334\u5b50", "user_id": "36700724", "rating": "\u5f88\u5dee", "date": "2020-05-29", "time": "02:07:22", "comment": "\u4e0d\u77e5\u9053\u5bfc\u6f14\u8981\u8bb2\u4ec0\u4e48\uff01", "useful_count": "0"},
{"page_index": 0, "movie_id": "27661976", "title": "\u65e0\u8ff9\u53ef\u5bfb", "username": "z", "user_id": "153903690", "rating": "\u5f88\u5dee", "date": "2018-04-27", "time": "12:47:58", "comment": "\u4eff\u7167\u5bcc\u6625\u5c71\u5c45\u56fe\u7684\u5ba3\u4f20\u7247\uff1f\u53ef\u4ee5\u653e\u51fa\u6765\u7684\u65f6\u5019\u5b89\u90a6\u90fd\u6302\u4e86", "useful_count": "0"},
{"page_index": 0, "movie_id": "27661976", "title": "\u65e0\u8ff9\u53ef\u5bfb", "username": "\u6843\u7136", "user_id": "171616363", "rating": "\u5f88\u5dee", "date": "2019-06-27", "time": "20:35:53", "comment": "\u8fde\u51ef\u662f\u7f3a\u94b1\u4e86\u5417\uff0c\u867d\u8bf4\u662f\u914d\u89d2\uff0c\u53ef\u4e5f\u4e0d\u80fd\u4e0d\u770b\u5267\u672c\u554a\uff0c\u8fd9\u4ec0\u4e48\u73a9\u610f", "useful_count": "0"},
{"page_index": 0, "movie_id": "27661976", "title": "\u65e0\u8ff9\u53ef\u5bfb", "username": "\u8d85\u7231\u767d\u8272\u8fde\u8863\u88d9", "user_id": "180234481", "rating": "\u5f88\u5dee", "date": "2020-05-22", "time": "12:51:39", "comment": "\u8282\u594f\u6162\uff0c\u5267\u4e2d\u4eba\u7269\u8111\u56de\u8def\u5f88\u5947\u602a\uff0c\u62cd\u5f97\u592a\u788e\uff0c\u4ee5\u81f3\u4e8e\u5230\u6700\u540e\u90fd\u5f62\u4e0d\u6210\u4e00\u4e2a\u5f88\u5b8c\u6574\u7684\u56e0\u679c\u5173\u7cfb\u548c\u4eba\u7269\u5173\u7cfb\u94fe\uff0c\u53ea\u80fd\u7406\u89e3\u4e2a\u5927\u6982\u3002\u7537\u4e3b\u8868\u6f14\u8fd8\u4e0d\u9519\uff0c\u8fde\u51ef\u600e\u4e48\u8001\u6f14\u70c2\u7247\uff1f", "useful_count": "0"},
{"page_index": 0, "movie_id": "27661976", "title": "\u65e0\u8ff9\u53ef\u5bfb", "username": "\u5200\u75a4\u96efyoyo", "user_id": "61144979", "rating": "\u5f88\u5dee", "date": "2019-07-26", "time": "21:02:28", "comment": "\u7535\u89c6\u732b\u4e3a\u4f55\u8bc4\u52068\u70b93\u5206\uff1f\uff1f\u771f\u7684\u6d6a\u8d39\u65f6\u95f4\u3002\u3002", "useful_count": "0"},
{"page_index": 0, "movie_id": "27661976", "title": "\u65e0\u8ff9\u53ef\u5bfb", "username": "\u557e\u557e", "user_id": "140138015", "rating": "\u5f88\u5dee", "date": "2018-04-20", "time": "12:53:09", "comment": "\u96be\u770b", "useful_count": "0"},
{"page_index": 0, "movie_id": "27661976", "title": "\u65e0\u8ff9\u53ef\u5bfb", "username": "\u9009\u62e9\u6050\u60e7\u632f", "user_id": "138637409", "rating": null, "date": "2018-04-18", "time": "13:47:23", "comment": "\u5b8b\u6d0b\u8fd8\u62cd\u8fc7\u8fd9\u79cd\u70c2\u7247\u554a", "useful_count": "1"},
{"page_index": 0, "movie_id": "27661976", "title": "\u65e0\u8ff9\u53ef\u5bfb", "username": "nicklaw_mcfly", "user_id": "127692895", "rating": "\u5f88\u5dee", "date": "2018-11-15", "time": "23:47:59", "comment": "\uff1f\uff1f\uff1f\uff1f\uff1f", "useful_count": "1"},
{"page_index": 0, "movie_id": "27661976", "title": "\u65e0\u8ff9\u53ef\u5bfb", "username": "mikeknight", "user_id": "115485157", "rating": "\u5f88\u5dee", "date": "2020-08-07", "time": "03:55:14", "comment": "\u4f69\u670d\u90a3156\u4eba\u70b9\u201c\u60f3\u770b\u201d\u7684", "useful_count": "0"},
{"page_index": 0, "movie_id": "27661976", "title": "\u65e0\u8ff9\u53ef\u5bfb", "username": "Rt", "user_id": "159135566", "rating": "\u5f88\u5dee", "date": "2019-06-29", "time": "01:56:47", "comment": "\u771f\u7684\u592a\u70c2\u4e86", "useful_count": "0"},
{"page_index": 0, "movie_id": "27661976", "title": "\u65e0\u8ff9\u53ef\u5bfb", "username": "\u98de\u626c\u7ae5\u8bdd", "user_id": "59345957", "rating": "\u5f88\u5dee", "date": "2020-02-14", "time": "16:11:29", "comment": "\u597d\u5c2c\u3002", "useful_count": "0"},
{"page_index": 0, "movie_id": "27661976", "title": "\u65e0\u8ff9\u53ef\u5bfb", "username": "\u6c6a\u5efa\u6ce2", "user_id": "149642151", "rating": "\u8f83\u5dee", "date": "2018-11-28", "time": "21:38:55", "comment": "\u5f88\u4e00\u822c\u7684\u7247\u5b50\uff0c\u5267\u60c5\u4e0d\u8fde\u8d2f\uff0c\u6709\u786c\u4f24", "useful_count": "1"},
{"page_index": 0, "movie_id": "27661976", "title": "\u65e0\u8ff9\u53ef\u5bfb", "username": "\u5c81\u5c81\u5408\u6b22", "user_id": "62696029", "rating": "\u5f88\u5dee", "date": "2019-03-04", "time": "12:26:16", "comment": "\u88ab\u67d0\u4e2aAPP8.3\u7684\u8bc4\u5206\u6b3a\u9a97\u770b\u4e86\u90e8\u6f0f\u6d1e\u767e\u51fa\u7684\u5267= =", "useful_count": "0"},
{"page_index": 0, "movie_id": "27661976", "title": "\u65e0\u8ff9\u53ef\u5bfb", "username": "\u542b\u83b2", "user_id": "Layzyx", "rating": "\u5f88\u5dee", "date": "2020-10-13", "time": "22:42:21", "comment": " \u6700\u540e\u8fd8\u81ea\u6740\u4e86  \u7537\u4e3b\u8111\u58f3\u6709\u5751\u5427   \u6211\u53bb    \u3002\u3002\u3002\u4ec0\u4e48\u9b3c  \u8fd8\u7ed9\u51f6\u624b\u8d54\u4ed8   \u725b\u903c", "useful_count": "0"},
{"page_index": 0, "movie_id": "27661976", "title": "\u65e0\u8ff9\u53ef\u5bfb", "username": "\u4e0d\u5bb3\u4e0d\u6211", "user_id": "200065935", "rating": "\u5f88\u5dee", "date": "2022-09-19", "time": "22:32:10", "comment": "\u592a\u5dee\u52b2\u4e86", "useful_count": "1"},
{"page_index": 0, "movie_id": "27661976", "title": "\u65e0\u8ff9\u53ef\u5bfb", "username": "\u5c0f\u6c38\u8fdc", "user_id": "82812036", "rating": "\u8f83\u5dee", "date": "2018-10-25", "time": "22:40:26", "comment": "\u4e0d\u597d\u770b", "useful_count": "1"},
{"page_index": 0, "movie_id": "27661976", "title": "\u65e0\u8ff9\u53ef\u5bfb", "username": "\u540e\u7a97", "user_id": "148854453", "rating": "\u5f88\u5dee", "date": "2018-04-26", "time": "17:19:24", "comment": "\u672c\u7247\u7684\u4eae\u70b9\u5c31\u662f\u65e0\u8ff9\u53ef\u5bfb\uff0c\u9664\u4e86\u5899\u4e0a\u7684\u753b\u53c8\u51e0\u5206\u8be1\u5f02\uff0c\u5176\u4ed6\u5267\u60c5\u8ddf\u60ca\u609a\u548c\u60ac\u5ff5\u6beb\u4e0d\u642d\u8fb9\uff0c\u7537\u4e3b\u534a\u88f8\u753b\u9762\u51e0\u4e2a\u610f\u601d\uff1f\u6ca1\u6709\u808c\u8089\uff0c\u8fd8\u5e72\u5427\u7626\uff0c\u5bfc\u6f14\u662f\u60f3\u5438\u5f15\u4e9b\u5973\u89c2\u4f17\u5417\uff1f\u672c\u6765\u89c9\u5f97\u7247\u540d\u6bd4\u8f83\u6b63\u5e38\uff0c\u4e07\u4e00\u8fd8\u770b\u5f97\u8fc7\u5462\uff0c\u6211\u5c31\u770b\u4e86\uff0c\u7ed3\u679c\u2026\u2026", "useful_count": "1"},
{"page_index": 0, "movie_id": "27661976", "title": "\u65e0\u8ff9\u53ef\u5bfb", "username": "\u675c\u5c11\u537f", "user_id": "159530972", "rating": "\u5f88\u5dee", "date": "2018-07-18", "time": "11:51:52", "comment": "\u5fc3\u75bc\u5b8b\u6d0b", "useful_count": "0"},
{"page_index": 0, "movie_id": "27661976", "title": "\u65e0\u8ff9\u53ef\u5bfb", "username": "\u5728\u65b0\u7684\u79e9\u5e8f\u91cc\u9762", "user_id": "70069606", "rating": "\u8f83\u5dee", "date": "2019-06-09", "time": "14:28:47", "comment": "\u545c\u545c\u545c\u6211\u518d\u4e5f\u4e0d\u60f3\u770b\u5c0f\u803f\u6f14\u70c2\u7247\u4e86", "useful_count": "0"},
{"page_index": 0, "movie_id": "27661976", "title": "\u65e0\u8ff9\u53ef\u5bfb", "username": "\u5076\u5c14\u7b11\u51fa\u58f0", "user_id": "255551168", "rating": "\u5f88\u5dee", "date": "2022-04-04", "time": "15:29:05", "comment": "\u656c\u4e1a\u7684\u559c\u6b22\u88f8\u9732\u4e0a\u8eab\u7684\u4fdd\u9669\u8c03\u67e5\u5458\u795e\u7ecf\u9519\u4e71\u7684\u6545\u4e8b\u3002\u6545\u5e03\u8ff7\u9635\uff0c\u6545\u5f04\u7384\u865a\uff0c\u6545\u4f5c\u6df1\u6c89\u3002\u4e00\u4e2a\u591a\u5c0f\u65f6\u6d6a\u8d39\u4e0b\u6765\uff0c\u4e00\u4e2a\u4e0d\u843d\u7684\u70c2\u7247\u57fa\u672c\u624b\u6bb5\uff0c\u4e00\u8138\u61f5\u903c\u3002", "useful_count": "0"},
{"page_index": 0, "movie_id": "27661976", "title": "\u65e0\u8ff9\u53ef\u5bfb", "username": "\u9f99\u795e\u3001 \u4fee\u5c14", "user_id": "201711277", "rating": "\u5f88\u5dee", "date": "2019-08-16", "time": "21:39:58", "comment": "\u6e23", "useful_count": "0"},
{"page_index": 0, "movie_id": "27661976", "title": "\u65e0\u8ff9\u53ef\u5bfb", "username": ".", "user_id": "215141118", "rating": "\u5f88\u5dee", "date": "2020-08-23", "time": "18:53:00", "comment": "\u6ca1\u770b\u8fc7\u8fd9\u4e48\u70c2\u7684\u7247", "useful_count": "0"},
{"page_index": 0, "movie_id": "27661976", "title": "\u65e0\u8ff9\u53ef\u5bfb", "username": "\u559d\u8336\u7684\u9c7c", "user_id": "173590151", "rating": "\u5f88\u5dee", "date": "2018-02-14", "time": "22:56:53", "comment": "\u6beb\u65e0\u903b\u8f91\u53ef\u5bfb\uff0c\u5168\u9760\u97f3\u6548\u6b7b\u6491", "useful_count": "0"},
{"page_index": 0, "movie_id": "27661976", "title": "\u65e0\u8ff9\u53ef\u5bfb", "username": "\u6211\u662f\u5c0f\u8ff7\u5f1f", "user_id": "190134198", "rating": "\u5f88\u5dee", "date": "2022-11-28", "time": "19:14:50", "comment": "\uff1f\uff1f\uff1f\uff1f\uff1f\uff1f\uff1f\uff1f\uff1f\uff1f\uff1f\uff1f\uff1f\uff1f", "useful_count": "0"},
{"page_index": 0, "movie_id": "27661976", "title": "\u65e0\u8ff9\u53ef\u5bfb", "username": "\u4e00\u9e23\u5927\u5e08", "user_id": "181643964", "rating": "\u5f88\u5dee", "date": "2019-03-23", "time": "22:46:03", "comment": "\u8981\u4e0d\u662f\u7535\u89c6\u732b\u663e\u793a\u8c46\u74e38.3\u6211\u771f\u4e0d\u80fd\u770b\u7740\u7535\u5f71\u3002\n\u8fd9\u662f\u6211\u770b\u8fc7\u540d\u5b57\u6700\u7b26\u5408\u903b\u7535\u5f71\u8bc4\u4ef7\u7684\u7535\u5f71\u3002", "useful_count": "0"},
{"page_index": 0, "movie_id": "27661976", "title": "\u65e0\u8ff9\u53ef\u5bfb", "username": "\u4ee3\u7389\u6797", "user_id": "176141122", "rating": "\u5f88\u5dee", "date": "2018-04-22", "time": "22:33:16", "comment": "\u6ca1\u5267\u60c5\u6ca1\u903b\u8f91\u7684\u70c2\u7247\uff0c\u6d6a\u8d39\u5927\u7237\u65f6\u95f4", "useful_count": "0"},
{"page_index": 0, "movie_id": "27661976", "title": "\u65e0\u8ff9\u53ef\u5bfb", "username": "LJ.Z", "user_id": "175726912", "rating": "\u8f83\u5dee", "date": "2019-03-04", "time": "18:18:50", "comment": "\u4e3a\u4e86\u60ac\u7591\u800c\u60ac\u7591\uff0c\u4e0d\u77e5\u6240\u4e91", "useful_count": "0"},
{"page_index": 0, "movie_id": "27661976", "title": "\u65e0\u8ff9\u53ef\u5bfb", "username": "\u3002\u3002\u3002\u3002", "user_id": "175857667", "rating": "\u8fd8\u884c", "date": "2018-08-03", "time": "12:07:18", "comment": "\u4e09\u661f\u7ed9\u6f14\u5458\uff0c\u679c\u7136\u662f\u56fd\u4ea7\u6050\u6016\u7247\u554a\u3002\u3002", "useful_count": "0"}
]