[
{"page_index": 0, "movie_id": "26818364", "title": "\u8d85\u80fd\u9f99\u9a91\u4fa0", "username": "\u949f\u6446\u7f62\u5de5", "user_id": "122136126", "rating": "\u8fd8\u884c", "date": "2017-01-18", "time": "20:07:51", "comment": "\u5bfc\u6f14\u5176\u5b9e\u8fd8\u86ee\u8d70\u5fc3\u7684\uff0c\u53ea\u662f\u6211\u4e0d\u592a\u559c\u6b22\u800c\u5df2", "useful_count": "2"},
{"page_index": 0, "movie_id": "26818364", "title": "\u8d85\u80fd\u9f99\u9a91\u4fa0", "username": "kazuma", "user_id": "51715999", "rating": "\u5f88\u5dee", "date": "2017-01-02", "time": "22:33:11", "comment": "\u65e0\u8bdd\u53ef\u8bf4", "useful_count": "7"},
{"page_index": 0, "movie_id": "26818364", "title": "\u8d85\u80fd\u9f99\u9a91\u4fa0", "username": "\u98ce\u6797\u706b\u5c71", "user_id": "62877248", "rating": "\u8f83\u5dee", "date": "2017-03-10", "time": "09:13:02", "comment": "\u7ed9\u95fa\u5973\u770b\u7684\uff0c\u6253\u53d1\u65f6\u95f4", "useful_count": "0"},
{"page_index": 0, "movie_id": "26818364", "title": "\u8d85\u80fd\u9f99\u9a91\u4fa0", "username": "\u91d1\u5251", "user_id": "58973558", "rating": "\u5f88\u5dee", "date": "2017-01-16", "time": "13:18:35", "comment": "\u56fd\u4ea7\u52a8\u753b\u8981\u4e0d\u8981\u8fd9\u4e48\u5751\uff0c\u5e26\u5b69\u5b50\u53bb\u770b\u7684\uff0c13\u5c81\u7684\u5b69\u5b50\uff0c\u770b\u5b8c\u544a\u8bc9\u6211\uff0c\u8fd9\u90e8\u52a8\u753b\u5145\u6ee1\u4e86\u7fd4\u5473\uff0c\u5c0f\u670b\u53cb\u79bb\u5bb6\u51fa\u8d70\uff0c\u5c31\u9a91\u4e86\u4e2a\u81ea\u884c\u8f66\uff0c\u4e0b\u96ea\u5929\u4e5f\u5149\u8180\u5b50\uff0c\u8fd8\u53d8\u8eab\uff0c\u7b49\u4e8e\u81ea\u8eab\u80fd\u529b\uff0c\u4e0d\u53d8\u8eab\u5c31\u662f\u5e9f\u6750\uff01", "useful_count": "5"},
{"page_index": 0, "movie_id": "26818364", "title": "\u8d85\u80fd\u9f99\u9a91\u4fa0", "username": "\u51b0\u5ddd\u516c\u7235", "user_id": "150884148", "rating": "\u5f88\u5dee", "date": "2017-01-22", "time": "23:44:10", "comment": "\u8bf4\u6c34\u5e73\u63d0\u5347\u4e86\u7684\uff0c\u4f60\u8981\u6c42\u662f\u6709\u591a\u4f4e", "useful_count": "2"},
{"page_index": 0, "movie_id": "26818364", "title": "\u8d85\u80fd\u9f99\u9a91\u4fa0", "username": "\u58a8\u9c7c", "user_id": "ltong", "rating": "\u5f88\u5dee", "date": "2017-01-13", "time": "13:13:48", "comment": "\u9001\u4e0a\u4e03\u4e2a\u5b57\uff1a\u5475\u5475\u2026\u5475\u5475\u2026\u5475\u5475\u5475\u2026", "useful_count": "3"},
{"page_index": 0, "movie_id": "26818364", "title": "\u8d85\u80fd\u9f99\u9a91\u4fa0", "username": "........", "user_id": "147420127", "rating": "\u5f88\u5dee", "date": "2017-01-14", "time": "00:33:06", "comment": "\u6eda", "useful_count": "6"},
{"page_index": 0, "movie_id": "26818364", "title": "\u8d85\u80fd\u9f99\u9a91\u4fa0", "username": "\u9ea6\u5b50", "user_id": "btone0808", "rating": "\u8f83\u5dee", "date": "2017-03-05", "time": "11:15:15", "comment": "\u5267\u60c5\u548c\u4eba\u8bbe\u8fd8\u662f\u8fdd\u548c\u611f\u592a\u5f3a\uff0c\u539f\u521b\u5bf9\u56fd\u4ea7\u52a8\u753b\u786e\u5b9e\u6709\u70b9\u96be\uff0c\u6ca1\u6709\u521b\u610f\u662f\u6700\u5927\u7684\u95ee\u9898\uff0c\u52aa\u529b\u5427", "useful_count": "1"},
{"page_index": 0, "movie_id": "26818364", "title": "\u8d85\u80fd\u9f99\u9a91\u4fa0", "username": "\u60f3\u60f3", "user_id": "68145483", "rating": "\u8fd8\u884c", "date": "2019-02-06", "time": "17:02:39", "comment": "\u80fd\u770b\u51fa\u6765\u662f\u7528\u5fc3\u7684", "useful_count": "0"},
{"page_index": 0, "movie_id": "26818364", "title": "\u8d85\u80fd\u9f99\u9a91\u4fa0", "username": "\u91d1\u8d35", "user_id": "zhousi520ybz", "rating": "\u5f88\u5dee", "date": "2020-02-23", "time": "20:36:55", "comment": "\u56fd\u4ea7\u5192\u5145\u5916\u56fd\u7247\uff0c\u4e3b\u4eba\u516c\u90fd\u662f\u4e9b\u5916\u56fd\u4eba\uff0c\u6548\u679c\u5dee\u7684\u5f88\uff0c\u5728\u4f18\u9177\u8fd8\u5237\u9ad8\u5206", "useful_count": "1"},
{"page_index": 0, "movie_id": "26818364", "title": "\u8d85\u80fd\u9f99\u9a91\u4fa0", "username": "\u7eff\u841d", "user_id": "43561072", "rating": "\u8f83\u5dee", "date": "2017-01-14", "time": "18:17:25", "comment": "\u5c0f\u670b\u53cb\u7684\u7535\u5f71", "useful_count": "0"},
{"page_index": 0, "movie_id": "26818364", "title": "\u8d85\u80fd\u9f99\u9a91\u4fa0", "username": "\u751c\u7b52-", "user_id": "150931610", "rating": "\u5f88\u5dee", "date": "2017-01-21", "time": "23:35:09", "comment": "\u5443\u5443\u5443\u5443\u5443\u4e5f\u662f\u9189\u4e86", "useful_count": "0"},
{"page_index": 0, "movie_id": "26818364", "title": "\u8d85\u80fd\u9f99\u9a91\u4fa0", "username": "\u516d\u5146\u5e74\u3068", "user_id": "153813441", "rating": "\u5f88\u5dee", "date": "2017-01-13", "time": "00:58:54", "comment": "\u7b97\u662f\u5c71\u65b0\u4ee4\u4eba\u5931\u671b\u7684\u4f5c\u54c1\u4e48\uff1f", "useful_count": "2"},
{"page_index": 0, "movie_id": "26818364", "title": "\u8d85\u80fd\u9f99\u9a91\u4fa0", "username": "\u4e0d\u9ad8\u5174", "user_id": "58338006", "rating": "\u8fd8\u884c", "date": "2017-01-22", "time": "01:09:45", "comment": "\u4e09\u661f\u534a \u753b\u9762\u8fd8\u884c \u6545\u4e8b\u4e5f\u8fd8\u53ef\u4ee5 \u9002\u5408\u5c0f\u5b69\u770b", "useful_count": "0"},
{"page_index": 0, "movie_id": "26818364", "title": "\u8d85\u80fd\u9f99\u9a91\u4fa0", "username": "\u7cd6\u7eb8", "user_id": "gzcats", "rating": "\u8f83\u5dee", "date": "2017-01-15", "time": "21:28:03", "comment": "\u30102017.01.15/\u54c8\u827a\u79d1\u97f5\u8def/No.11\u30110.1\u5143\u4f1a\u5458\u7968\uff0c\u53ef\u4ee5\u514d\u8d39\u505c\u8f662.5\u5c0f\u65f6\uff0c\u968f\u4fbf\u770b\u51e0\u773c\uff0c\u4f4e\u9f84\u5e7c\u5e7c\u7247\u3002", "useful_count": "3"},
{"page_index": 0, "movie_id": "26818364", "title": "\u8d85\u80fd\u9f99\u9a91\u4fa0", "username": "\u79e6\u725b\u6b6a\u5a01", "user_id": "148075187", "rating": "\u8fd8\u884c", "date": "2017-01-25", "time": "22:22:18", "comment": "\u76f8\u6bd4\u8f83\u4e0a\u4e00\u90e8\uff0c\u8fd9\u4e00\u90e8\u300a\u8d85\u80fd\u9f99\u9a91\u4fa0\u300b\u65e0\u8bba\u5728\u5267\u60c5\u548c\u753b\u8d28\u65b9\u9762\uff0c\u90fd\u6709\u4e86\u5168\u9762\u7684\u5347\u7ea7\uff0c\u529b\u6c42\u4e3a\u5bb6\u957f\u548c\u5b69\u5b50\u4eec\u5e26\u6765\u4e00\u573a\u66f4\u4e3a\u9707\u64bc\u7684\u89c6\u542c\u76db\u5bb4\u3002cr", "useful_count": "0"},
{"page_index": 0, "movie_id": "26818364", "title": "\u8d85\u80fd\u9f99\u9a91\u4fa0", "username": "DREAM DIE", "user_id": "51476835", "rating": null, "date": "2022-07-23", "time": "15:09:15", "comment": "juy-717-C \u4f50\u5c71\u7231 \u4e09\u661f\u534a", "useful_count": "0"},
{"page_index": 0, "movie_id": "26818364", "title": "\u8d85\u80fd\u9f99\u9a91\u4fa0", "username": "\u4e0d\u559c\u52ff\uff5e\uff5e\uff5e\u81ea", "user_id": "105698627", "rating": "\u5f88\u5dee", "date": "2018-07-15", "time": "12:46:11", "comment": "\u989d\uff0c\u6211\u5bb6\u4e94\u5c81\u5c0f\u5b69\u90fd\u770b\u4e0d\u4e0b\u53bb\u4e86", "useful_count": "0"},
{"page_index": 0, "movie_id": "26818364", "title": "\u8d85\u80fd\u9f99\u9a91\u4fa0", "username": "\u6d77\u5357\u4ed9\u5973", "user_id": "93354233", "rating": "\u8fd8\u884c", "date": "2017-05-11", "time": "07:32:12", "comment": "\u6709\u8da3\uff01", "useful_count": "0"},
{"page_index": 0, "movie_id": "26818364", "title": "\u8d85\u80fd\u9f99\u9a91\u4fa0", "username": "\u7985\u8336\u4e00\u5473", "user_id": "166062252", "rating": "\u8f83\u5dee", "date": "2020-03-13", "time": "15:46:01", "comment": "\u770b\u4e0d\u4e0b\u53bb\u554a", "useful_count": "0"},
{"page_index": 0, "movie_id": "26818364", "title": "\u8d85\u80fd\u9f99\u9a91\u4fa0", "username": "\u7cd6\u679c\u9b54\u6cd5\u5e08\u3002", "user_id": "47701086", "rating": "\u8fd8\u884c", "date": "2017-05-10", "time": "20:41:21", "comment": "\u5728\u6b22\u4e50\u4e2d\u4f20\u9012\u7ed9\u5c0f\u670b\u53cb\uff0c\u4e5f\u501f\u7740\u6545\u4e8b\uff0c\u5de7\u5999\u8bb2\u8ff0\u4e86\u5b69\u5b50\u8ddf\u5bb6\u957f\u4e4b\u95f4\u5e38\u89c1\u95ee\u9898\u3002", "useful_count": "0"},
{"page_index": 0, "movie_id": "26818364", "title": "\u8d85\u80fd\u9f99\u9a91\u4fa0", "username": "\u4f9d\u840d\u66b4\u5bcc\u4e86\u5417", "user_id": "131023951", "rating": "\u8f83\u5dee", "date": "2017-01-16", "time": "20:37:39", "comment": "\u54ce\uff0c\u5c0f\u4f84\u513f\u90fd\u770b\u4e0d\u4e0b\u53bb\u3002", "useful_count": "0"},
{"page_index": 0, "movie_id": "26818364", "title": "\u8d85\u80fd\u9f99\u9a91\u4fa0", "username": "Emma", "user_id": "155958825", "rating": "\u8f83\u5dee", "date": "2017-01-18", "time": "10:21:19", "comment": "\u592a\u4f4e\u5e7c\u4e86", "useful_count": "0"},
{"page_index": 0, "movie_id": "26818364", "title": "\u8d85\u80fd\u9f99\u9a91\u4fa0", "username": "\u91d1\u5b9d\u5c0f\u5929\u4f7f", "user_id": "213882488", "rating": "\u8fd8\u884c", "date": "2020-03-25", "time": "11:48:13", "comment": "\u4e3a\u56fd\u4ea7\u7535\u5f71\u6253\u4e09\u661f\n", "useful_count": "0"},
{"page_index": 0, "movie_id": "26818364", "title": "\u8d85\u80fd\u9f99\u9a91\u4fa0", "username": "\u8111\u888b\u8fdb\u4e2a\u5c41", "user_id": "151295087", "rating": "\u529b\u8350", "date": "2017-01-17", "time": "17:00:05", "comment": "\u7528\u5fc3\u4e86\u5c31\u597d\uff0c\u8d77\u7801\u662f\u539f\u521b\uff0c\u4e0d\u6284\u88ad\uff0c\u4e0d\u5a9a\u4fd7", "useful_count": "1"},
{"page_index": 0, "movie_id": "26818364", "title": "\u8d85\u80fd\u9f99\u9a91\u4fa0", "username": "Affleck", "user_id": "ailan950915", "rating": "\u63a8\u8350", "date": "2017-01-13", "time": "12:06:40", "comment": "\u7ed9\u5c0f\u5b69\u5b50\u770b\u7684\u4f60\u4eec\u8fd8TM\u4e00\u5929\u5230\u665a\u9ad8\u8d35\u51b7\u8273\uff1f\u6211\u771f\u7279\u4e48\u662f\u670d\u4e86\u3002\u5feb\u8fc7\u5e74\u4e86\u5f04\u4e00\u90e8\u4f4e\u9f84\u513f\u7ae5\u7684\u6545\u4e8b\u76f8\u5bf9\u6709\u6559\u80b2\u8272\u5f69\u7684\u5404\u65b9\u9762\u5236\u4f5c\u8fd8\u4e0d\u9519\u7684\u52a8\u753b\u7535\u5f71\uff0c\u8ba9\u5bb6\u4eba\u966a\u4e00\u966a\u5b69\u5b50\u548b\u5730\u4e86\u3002\u3002", "useful_count": "4"},
{"page_index": 0, "movie_id": "26818364", "title": "\u8d85\u80fd\u9f99\u9a91\u4fa0", "username": "\u6728\u53f6", "user_id": "60178808", "rating": "\u63a8\u8350", "date": "2017-01-21", "time": "19:09:22", "comment": "\u5f88\u597d\u770b\uff0c\u5267\u60c5\u6d41\u7545\uff0c\u6548\u679c\u5f88\u8d5e\uff0cbgm\u4e5f\u5f88\u642d\u3002\u5e0c\u671b\u56fd\u4ea7\u7684\u66f4\u597d\uff0c\u7ec6\u8282\u53ef\u4ee5\u505a\u7684\u66f4\u597d", "useful_count": "0"},
{"page_index": 0, "movie_id": "26818364", "title": "\u8d85\u80fd\u9f99\u9a91\u4fa0", "username": "bruce", "user_id": "31755168", "rating": "\u529b\u8350", "date": "2017-01-13", "time": "14:22:00", "comment": "\u5267\u60c5\u7b80\u5355\u6e29\u99a8\uff0c\u6ca1\u6709\u90a3\u4e48\u591a\u4e71\u4e03\u516b\u7cdf\u7684\u4e1c\u897f\uff0c\u5b69\u5b50\u4eec\u770b\u7684\u5f88\u5f00\u5fc3\uff0c\u8fd9\u5c31\u8db3\u591f\u4e86", "useful_count": "4"},
{"page_index": 0, "movie_id": "26818364", "title": "\u8d85\u80fd\u9f99\u9a91\u4fa0", "username": "sgfffg", "user_id": "sgfgsdfg", "rating": "\u529b\u8350", "date": "2017-01-13", "time": "11:16:03", "comment": "\u8fd9\u662f\u4e00\u90e8\u8bb2\u513f\u5bb6\u957f\u4e0e\u513f\u7ae5\u6210\u957f\u7684\u7247\u5b50\uff0c\u5bfc\u6f14\u5f88\u7528\u5fc3\uff0c\u867d\u7136\u8fd8\u6709\u4e00\u4e9b\u7455\u75b5\uff0c\u4e0d\u8fc7\u4e2a\u4eba\u89c9\u5f97\u4e0d\u4ec5\u503c\u5f97\u5b69\u5b50\u4eec\u770b\uff0c\u5bb6\u957f\u4e5f\u5e94\u8be5\u770b\u770b\uff0c\u4f1a\u6709\u4e0d\u5c11\u7684\u542f\u53d1\u3002\u6700\u540e\u9ad8\u6f6e\u7684\u6253\u6597\u505a\u7684\u4e5f\u5f88\u68d2\u3002", "useful_count": "1"},
{"page_index": 0, "movie_id": "26818364", "title": "\u8d85\u80fd\u9f99\u9a91\u4fa0", "username": "\u6ce1\u8299\u5473\u7684\u8349\u8393", "user_id": "68629412", "rating": "\u63a8\u8350", "date": "2017-03-21", "time": "21:26:03", "comment": "\u4ee5\u7231\u548c\u52c7\u6562\u4e3a\u65e8\u610f\u6253\u9020\u7684\u300a\u9f99\u9a91\u4fa0\u300b\u4fe8\u7136\u5c31\u662f\u4e00\u90e8\u8d85\u7ea7\u6b63\u80fd\u91cf\u7684\u826f\u5fc3\u4e4b\u4f5c\uff0c\u4e00\u90e8\u53ef\u4ee5\u7ed9\u5927\u4eba\u770b\u7684\u52a8\u753b\u7535\u5f71\uff0c\u5f53\u4e4b\u65e0\u6127\u7684\u201c\u5bb6\u5ead\u7247\u201d\u3002", "useful_count": "0"},
{"page_index": 0, "movie_id": "26818364", "title": "\u8d85\u80fd\u9f99\u9a91\u4fa0", "username": "\u98d8", "user_id": "148395783", "rating": "\u63a8\u8350", "date": "2017-01-14", "time": "21:31:44", "comment": "\u633a\u4e0d\u9519\uff0c\u81f3\u5c11\u6bd4\u540c\u671f\u7684\u732a\u732a\u4fa0\u8981\u597d\u770b\u3002\u6b63\u80fd\u91cf\uff0c\u6709\u53d8\u8eab\u3002\u7406\u89e3\u8d77\u6765\u6bd4\u8f83\u5bb9\u6613\u3002\u5b69\u5b50\u5f88\u559c\u6b22\u3002", "useful_count": "1"},
{"page_index": 0, "movie_id": "26818364", "title": "\u8d85\u80fd\u9f99\u9a91\u4fa0", "username": "\u5927\u5e08\u5144\uff0c\u5b59\u609f\u7a7a", "user_id": "249972692", "rating": "\u529b\u8350", "date": "2022-06-25", "time": "14:04:32", "comment": "\u975e\u5e38\u7684\u597d\u770b\uff0c\u7279\u522b\u662f\u8ddf\u90a3\u4e2a\u53cd\u6d3e\u6f14\u7684\u7279\u522b\u597d\uff0c\u6211\u5dee\u70b9\u90fd\u4ed6\u5988\u7684\u4fe1\u4e86\uff0c\u6700\u540e\u6211\u624d\u77e5\u9053\u4ed6\u662f\u53cd\u6d3e\uff0c\u4f46\u662f\u90a3\u4e2a\u679c\u679c\u8df3\u8fdb\u6c34\u91cc\u90a3\u4e00\u77ac\u95f4\u592a\u5e05\u4e86", "useful_count": "0"},
{"page_index": 0, "movie_id": "26818364", "title": "\u8d85\u80fd\u9f99\u9a91\u4fa0", "username": "CBH", "user_id": "166056708", "rating": "\u529b\u8350", "date": "2017-08-28", "time": "11:13:47", "comment": "\u5728\u7f51\u4e0a\u770b\u7684\uff0c\u90a3\u4e9b1\u661f\u7684\u600e\u4e48\u60f3\u7684\uff0c\u4ece\u753b\u9762\u6548\u679c\u548c\u4eba\u7269\u6a21\u578b\u6765\u770b\uff0c\u771f\u7684\u662f\u975e\u5e38\u4e0d\u9519\u7684\uff0c\u867d\u7136\u5267\u60c5\u7565\u7b80\u964b\uff0c\u4f46\u662f\u4e5f\u662f\u4e0d\u4fd7\uff0c\u6709\u6ce2\u6298\u548c\u5a49\u8f6c\u3002\u4e0d\u9519", "useful_count": "1"},
{"page_index": 0, "movie_id": "26818364", "title": "\u8d85\u80fd\u9f99\u9a91\u4fa0", "username": "\u3000", "user_id": "135591945", "rating": "\u63a8\u8350", "date": "2017-01-28", "time": "22:51:28", "comment": "\u9002\u5408\u5b69\u5b50\u770b", "useful_count": "0"}
]