[
{"page_index": 0, "movie_id": "26831514", "title": "\u529f\u592b\u56db\u4fa0", "username": "\u613f\u4e00\u5207\u5b89\u597d\u3002", "user_id": "131753697", "rating": "\u63a8\u8350", "date": "2016-12-17", "time": "20:57:24", "comment": "\u5443\uff0c\u4e0d\u662f\u5f88\u559c\u6b22\uff0c\u4e0d\u8fc7\u5c0a\u91cd\u4f60\u4eec\u7684\u52b3\u52a8\u6210\u679c\uff0c\u53ea\u662f\u841d\u535c\u9752\u83dc\u5404\u6709\u6240\u7231\uff0c\u4f1a\u6709\u4eba\u559c\u6b22\u7684\uff0c\u52a0\u6cb9\uff01\uff01", "useful_count": "0"},
{"page_index": 0, "movie_id": "26831514", "title": "\u529f\u592b\u56db\u4fa0", "username": "\u6c5f\u5357\u5f00\u7237", "user_id": "hyk897573", "rating": "\u5f88\u5dee", "date": "2016-12-05", "time": "15:08:50", "comment": "\u770b\u5b8c\u300a\u4f60\u7684\u540d\u5b57\u300b\u518d\u6765\u770b\u8fd9\u4e2a\uff0c\u5567\u5567\uff0c\u7b80\u76f4\u4e86\uff01\uff01\uff01\u7b97\u4e86\u4e0d\u62ff\u8fd9\u4e2a\u548c\u4f60\u6bd4\uff0c\u6ca1\u6709\u53ef\u6bd4\u6027\uff0c\u8fd9\u5c31\u662f\u4e2d\u56fd\u52a8\u6f2b\uff01\u90a3\u4f60\u6a21\u4eff\u300a\u529f\u592b\u718a\u732b\u300b\u5230\u5e95\u662f\u4e2a\u4ec0\u4e48\u9b3c\uff1f", "useful_count": "51"},
{"page_index": 0, "movie_id": "26831514", "title": "\u529f\u592b\u56db\u4fa0", "username": "shuai ge", "user_id": "145718792", "rating": "\u529b\u8350", "date": "2016-12-24", "time": "19:38:17", "comment": "\u662f\u6211\u53ea20\u591a\u5e74\u6765\u770b\u8fc7\u6700\u9876\u7ea7\u7684\u5236\u4f5c\u5927\u7247 \u4e0d\u5f97\u4e0d\u627f\u8ba4 \u56fd\u4ea7\u5f71\u89c6 \u5f00\u59cb\u9010\u6b65\u5d1b\u8d77 \u672a\u6765\u7edd\u5bf9\u53ef\u4ee5\u79f0\u9738\u5168\u7403 \u8eab\u4e3a\u4e00\u4e2a\u4e2d\u56fd\u4eba\u7684\u6211\u6700\u5927\u7684\u613f\u671b\u5c31\u662f\u8ddf\u968f\u8fd9\u56fd\u5bb6\u7684\u811a\u6b65\u4e00\u6b65\u4e00\u6b65\u5f80\u524d\u8d70 \u52a0\u6cb9 \u52a0\u6cb9 \u4e2d\u56fd\u52a0\u6cb9\uff01 \u53ea\u53ef\u60dc\u6211\u79fb\u6c11\u4e86\uff01", "useful_count": "29"},
{"page_index": 0, "movie_id": "26831514", "title": "\u529f\u592b\u56db\u4fa0", "username": "\u5f69\u620f\u5e08wala", "user_id": "caixishi", "rating": "\u8f83\u5dee", "date": "2017-01-24", "time": "21:11:53", "comment": "\u6709\u4e00\u70b9\u6bd4\u5176\u5b83\u597d\u770b\u7684", "useful_count": "0"},
{"page_index": 0, "movie_id": "26831514", "title": "\u529f\u592b\u56db\u4fa0", "username": "DK", "user_id": "152403010", "rating": null, "date": "2016-12-08", "time": "10:34:40", "comment": "\u770b\u5230\u8fd9\u9752\u86d9\uff0c\u70b8\u88c2\u4e4b\u611f\u6251\u9762\u800c\u6765", "useful_count": "13"},
{"page_index": 0, "movie_id": "26831514", "title": "\u529f\u592b\u56db\u4fa0", "username": "\u6628\u591c\u661f\u8fb0\u6070\u4f3c\u4f60", "user_id": "53547561", "rating": "\u8f83\u5dee", "date": "2017-05-29", "time": "00:45:55", "comment": "\u2026\u2026\u6211\u8bf4\u4f60\u4ec0\u4e48\u597d \u62d6\u56fd\u4ea7\u540e\u817f", "useful_count": "0"},
{"page_index": 0, "movie_id": "26831514", "title": "\u529f\u592b\u56db\u4fa0", "username": "\u4e00\u6811\u4e00\u51ac\u9752", "user_id": "dq7", "rating": "\u529b\u8350", "date": "2016-12-28", "time": "20:32:28", "comment": "\u6211\u8fd8\u5c0f", "useful_count": "0"},
{"page_index": 0, "movie_id": "26831514", "title": "\u529f\u592b\u56db\u4fa0", "username": "harvey\u5c11\u6821", "user_id": "108693709", "rating": "\u8f83\u5dee", "date": "2017-03-10", "time": "22:19:41", "comment": "\u732b\u56fd\u738b", "useful_count": "0"},
{"page_index": 0, "movie_id": "26831514", "title": "\u529f\u592b\u56db\u4fa0", "username": "\u80e1\u5938\u98ce", "user_id": "145035863", "rating": "\u8fd8\u884c", "date": "2016-12-17", "time": "12:17:40", "comment": "3D\u6548\u679c\u5b8c\u7206\u957f\u57ce", "useful_count": "10"},
{"page_index": 0, "movie_id": "26831514", "title": "\u529f\u592b\u56db\u4fa0", "username": "\u6708\u843d\u5948\u4f55", "user_id": "wangxiaoliang37", "rating": "\u529b\u8350", "date": "2016-12-17", "time": "23:37:00", "comment": "\u4e2d\u56fd\u7535\u5f71\u671f\u5f85\u5f97\u5230\u4e16\u754c\u5173\u6ce8\uff0c\u671f\u5f85\u5f97\u5230\u5173\u6ce8\u3002\u611f\u8c22\u6bcf\u4e00\u4f4d\u4ed8\u51fa\u7740", "useful_count": "0"},
{"page_index": 0, "movie_id": "26831514", "title": "\u529f\u592b\u56db\u4fa0", "username": "Yooooooo", "user_id": "6000622", "rating": null, "date": "2016-12-18", "time": "00:10:20", "comment": "\u8fd8\u6ca1\u8679\u732b\u84dd\u5154\u4e03\u4fa0\u4f20\u7684\u52a8\u4f5c\u597d\uff0c\u9884\u544a\u7247\u7684\u914d\u97f3\u662f\u4ece\u65b0\u95fb\u8054\u64ad\u64ad\u5b8c\u540e\u7684\u5185\u8499\u65c5\u6e38\u5e7f\u544a\u91cc\u8bf7\u6765\u7684\u5427", "useful_count": "7"},
{"page_index": 0, "movie_id": "26831514", "title": "\u529f\u592b\u56db\u4fa0", "username": "\u56de\u9996\u6d6e\u706f\u6ee1\u6eaa\u821f", "user_id": "149064628", "rating": "\u8f83\u5dee", "date": "2016-12-24", "time": "18:13:53", "comment": "\u4e0d\u597d\u770b\uff0c\u522b\u770b", "useful_count": "1"},
{"page_index": 0, "movie_id": "26831514", "title": "\u529f\u592b\u56db\u4fa0", "username": "2levda", "user_id": "155154501", "rating": "\u529b\u8350", "date": "2016-12-17", "time": "19:12:44", "comment": "\u633a\u597d\u770b\u7684\u5267\uff0c\u63a8\u8350", "useful_count": "0"},
{"page_index": 0, "movie_id": "26831514", "title": "\u529f\u592b\u56db\u4fa0", "username": "\u5982\u68a6\u521d\u9192", "user_id": "137053805", "rating": "\u5f88\u5dee", "date": "2016-12-17", "time": "09:11:22", "comment": "\u6a21\u4eff\u529f\u592b\u718a\u732b\u7b49\u5916\u56fd\u52a8\u753b\u7684\u5f71\u54cd\u5f88\u5927\uff0c\u660e\u660e\u662f\u56fd\u4ea7\u4f46\u53c8\u7f3a\u5c11\u4e2d\u56fd\u6587\u5316\uff0c\u770b\u5f97\u6bd4\u8f83\u5c34\u5c2c\uff0c\u5e0c\u671b\u80fd\u597d\u597d\u521b\u4f5c\u4e00\u4e9b\u5bcc\u6709\u4e2d\u56fd\u5143\u7d20\u7684\u52a8\u753b\u7247\uff0c\u50cf\u5f53\u5e74\u7684\u5927\u95f9\u5929\u5bab\u6216\u4e5d\u8272\u9e7f\u90a3\u6837\u3002", "useful_count": "34"},
{"page_index": 0, "movie_id": "26831514", "title": "\u529f\u592b\u56db\u4fa0", "username": "\u5065\u5f1f", "user_id": "154526612", "rating": "\u8f83\u5dee", "date": "2017-03-25", "time": "18:40:09", "comment": "247.3", "useful_count": "0"},
{"page_index": 0, "movie_id": "26831514", "title": "\u529f\u592b\u56db\u4fa0", "username": "\u5c0f\u8001\u4eba\uff0a", "user_id": "153898226", "rating": null, "date": "2016-12-21", "time": "11:05:16", "comment": "\u5565\u5440 \u4e0d\u597d\u770b", "useful_count": "1"},
{"page_index": 0, "movie_id": "26831514", "title": "\u529f\u592b\u56db\u4fa0", "username": "\u5e03\u6d1b\u82ac", "user_id": "148503471", "rating": null, "date": "2016-12-17", "time": "23:42:42", "comment": "\u51fa\u54c1\u65b9logo\u76ee\u6d4b\u662f\u672c\u7247\u6700\u9ad8\u6c34\u51c6", "useful_count": "4"},
{"page_index": 0, "movie_id": "26831514", "title": "\u529f\u592b\u56db\u4fa0", "username": "\u6b27\u9017\u9017\u4eec\u54df", "user_id": "heyaoniming3000", "rating": "\u5f88\u5dee", "date": "2016-12-17", "time": "11:56:05", "comment": "\u6492\u6bd4", "useful_count": "15"},
{"page_index": 0, "movie_id": "26831514", "title": "\u529f\u592b\u56db\u4fa0", "username": "\u6c34\u679c\u86cb\u631e", "user_id": "98842236", "rating": "\u5f88\u5dee", "date": "2016-12-22", "time": "10:57:09", "comment": "2\u5c81\u4ee5\u4e0a3\u5c81\u4ee5\u4e0b\uff0c\u9884\u544a\u7247\u91cc\u7684\u914d\u97f3\u54ce\u54df~~\u4f60\u4eec\u662f\u505a\u5730\u4ea7\u52a8\u753b\u51fa\u8eab\u7684\u5427\uff1f\u554a\u54c8\u54c8\u54c8\u54c8\u54c8\u3002", "useful_count": "13"},
{"page_index": 0, "movie_id": "26831514", "title": "\u529f\u592b\u56db\u4fa0", "username": "\u6653\u7696", "user_id": "43315131", "rating": null, "date": "2016-12-18", "time": "22:30:03", "comment": "\u672c\u5730\u52a8\u753b\u56e2\u961f\u5236\u4f5c\uff0c\u5de5\u4f5c\u5173\u7cfb\u9080\u8bf7\u53bb\u770b\u3002\u5b9e\u8bdd\u8bf4\uff0c\u4e0a\u9662\u7ebf\u6709\u70b9\u513f\u3002\u3002\u3002", "useful_count": "0"},
{"page_index": 0, "movie_id": "26831514", "title": "\u529f\u592b\u56db\u4fa0", "username": "\u7231\u7684\u9547\u9b42\u6b4c", "user_id": "fenxinyu", "rating": "\u5f88\u5dee", "date": "2017-03-05", "time": "15:43:34", "comment": "\u516c\u4e3b\u786e\u5b9a\u662f\u8749\u65cf\u4eba\u800c\u4e0d\u662f\u540a\u9762\u4eba\uff1f", "useful_count": "1"},
{"page_index": 0, "movie_id": "26831514", "title": "\u529f\u592b\u56db\u4fa0", "username": "\u98ce\u7adb", "user_id": "146853003", "rating": "\u5f88\u5dee", "date": "2016-12-16", "time": "23:48:25", "comment": "\u5c31\u4e0d\u80fd\u7528\u5fc3\u505a\u70b9\u4e1c\u897f\u5417\uff0c\u8fd9\u6837\u7684\u7247\u5b50\u4e5f\u80fd\u4e0a\u5f71\u9662\uff1f\u9884\u544a\u7247\u526a\u8f91\u80cc\u666f\u97f3\u4e50low\u7684\u4e00\u6bd4\uff0c\u8001\u662f\u60f3\u6a21\u4eff\u56fd\u5916\u7684\u5927\u7247\uff0c\u4e1c\u65bd\u6548\u98a6", "useful_count": "25"},
{"page_index": 0, "movie_id": "26831514", "title": "\u529f\u592b\u56db\u4fa0", "username": "\u51b7\u6696\u8c03", "user_id": "63019378", "rating": "\u5f88\u5dee", "date": "2016-12-24", "time": "11:37:45", "comment": "\u6211\u5c31\u60f3\u77e5\u9053\u4e0a\u54ea\u53ef\u4ee5\u4e3e\u62a5\u8fd9sb\u7535\u5f71\u9a97\u53d6\u56fd\u5bb6\u8865\u8d34", "useful_count": "18"},
{"page_index": 0, "movie_id": "26831514", "title": "\u529f\u592b\u56db\u4fa0", "username": "\u7231\u5403\u9992\u5934\u7684\u5b9d\u5b9d", "user_id": "151268747", "rating": "\u5f88\u5dee", "date": "2017-05-28", "time": "22:54:57", "comment": " \u5e0c\u671b\u7528\u70b9\u5fc3\uff0c\u8fd9\u79cd\u5267\u60c5\u548c\u7279\u6548\u592a\u5dee\u52b2\u4e86\uff0c\u52a8\u753b\u7247\u4e5f\u4e0d\u80fd\u8fd9\u6837\u554a\u3002", "useful_count": "1"},
{"page_index": 0, "movie_id": "26831514", "title": "\u529f\u592b\u56db\u4fa0", "username": "\u7e41\u82b1\u5c06\u5c3d", "user_id": "nancyrither", "rating": "\u5f88\u5dee", "date": "2022-04-19", "time": "13:22:54", "comment": "\u4e00\u5f00\u59cb\u6211\u4ee5\u4e3a\u516c\u4e3b\u662f\u4e2a\u5927\u8c61\uff0c\u540e\u6765\u53d1\u73b0\u5979\u65cf\u4eba\u5e26\u7fc5\u8180\uff0c\u539f\u6765\u662f\u868a\u5b50\uff01", "useful_count": "0"},
{"page_index": 0, "movie_id": "26831514", "title": "\u529f\u592b\u56db\u4fa0", "username": "whoph", "user_id": "43258797", "rating": "\u5f88\u5dee", "date": "2016-12-29", "time": "11:17:48", "comment": "\u8fd9\u7247\u56fd\u5bb6\u6709\u8865\u8d34\u5417\uff1f\u6709\u7684\u8bdd\u90a3\u5c31\u6254\u6c34\u91cc\u4e86\u3002", "useful_count": "1"},
{"page_index": 0, "movie_id": "26831514", "title": "\u529f\u592b\u56db\u4fa0", "username": "\u96ea", "user_id": "160477482", "rating": "\u5f88\u5dee", "date": "2017-05-27", "time": "17:25:47", "comment": "\u7ed9\u5c0f\u5b9d\u5b9d\u4eec\u770b\u7684\u3002", "useful_count": "2"},
{"page_index": 0, "movie_id": "26831514", "title": "\u529f\u592b\u56db\u4fa0", "username": "\u6211\u5c31\u4e0d\u559d\u7eaf\u725b\u5976", "user_id": "157645226", "rating": "\u5f88\u5dee", "date": "2017-05-27", "time": "17:04:21", "comment": "\u5e0c\u671b\u7528\u70b9\u5fc3\uff0c\u8fd9\u79cd\u5267\u60c5\u548c\u7279\u6548\u592a\u5dee\u52b2\u4e86\uff0c\u52a8\u753b\u7247\u4e5f\u4e0d\u80fd\u8fd9\u6837\u554a\u3002", "useful_count": "1"},
{"page_index": 0, "movie_id": "26831514", "title": "\u529f\u592b\u56db\u4fa0", "username": "LErGou", "user_id": "127777061", "rating": null, "date": "2016-12-09", "time": "19:14:53", "comment": "\u600e\u4e48\u770b\u90fd\u6709\u79cd\u624b\u6e38\u753b\u98ce\ud83d\ude02", "useful_count": "1"},
{"page_index": 0, "movie_id": "26831514", "title": "\u529f\u592b\u56db\u4fa0", "username": "\u65e0\u540d\u5c0f\u5352", "user_id": "140431308", "rating": "\u8f83\u5dee", "date": "2016-12-24", "time": "16:37:59", "comment": "\u597d\u5947\u5bb3\u6b7b\u732b\uff0c\u5927\u5931\u6240\u671b\uff01", "useful_count": "0"},
{"page_index": 0, "movie_id": "26831514", "title": "\u529f\u592b\u56db\u4fa0", "username": "\u5723\u6751\u9152\u4fdd", "user_id": "59387630", "rating": "\u5f88\u5dee", "date": "2017-12-12", "time": "00:41:15", "comment": "\u8fde\u5c0f\u670b\u53cb\u90fd\u9a97\u2026\u2026", "useful_count": "1"},
{"page_index": 0, "movie_id": "26831514", "title": "\u529f\u592b\u56db\u4fa0", "username": "\u8f7b\u821e\u98de\u626c", "user_id": "158887942", "rating": "\u5f88\u5dee", "date": "2017-05-27", "time": "16:51:48", "comment": "\u7c97\u5236\u6ee5\u9020\uff0c\u753b\u98ce\u592a\u6c34\u4e86\u8fb1\u667a\u5546\u3002", "useful_count": "2"},
{"page_index": 0, "movie_id": "26831514", "title": "\u529f\u592b\u56db\u4fa0", "username": "\u658b\u85e4\u98de\u9e1f", "user_id": "54364801", "rating": "\u5f88\u5dee", "date": "2016-12-26", "time": "18:12:21", "comment": "666", "useful_count": "2"},
{"page_index": 0, "movie_id": "26831514", "title": "\u529f\u592b\u56db\u4fa0", "username": "\u6d31\u6d77\u5317", "user_id": "148351692", "rating": "\u8f83\u5dee", "date": "2016-12-28", "time": "19:18:00", "comment": "\u4ec0\u4e48\u9b3c", "useful_count": "0"},
{"page_index": 0, "movie_id": "26831514", "title": "\u529f\u592b\u56db\u4fa0", "username": "\u4eb2\u7231\u7684\u5c0f\u50bb\u4e22", "user_id": "45528596", "rating": null, "date": "2016-12-25", "time": "14:17:53", "comment": "\u73b0\u5728\u8c46\u74e3\u4e0d\u662f\u53ef\u4ee5\u6253\u96f6\u5206\u4e86\u5417\n", "useful_count": "1"},
{"page_index": 0, "movie_id": "26831514", "title": "\u529f\u592b\u56db\u4fa0", "username": "\u4e9a\u5386\u5c71\u5927\u5927", "user_id": "55979040", "rating": "\u5f88\u5dee", "date": "2016-12-23", "time": "22:33:28", "comment": "\u4e0d\u7528\u770b\u4e00\u661f\u7cfb\u5217\u3002\u3002", "useful_count": "1"},
{"page_index": 0, "movie_id": "26831514", "title": "\u529f\u592b\u56db\u4fa0", "username": "\u6211\u5f88\u738b\u529b\u5b8f", "user_id": "149717156", "rating": "\u5f88\u5dee", "date": "2016-12-18", "time": "11:05:50", "comment": "\u8fd9\u79cd\u70c2\u5230\u4e0d\u884c\uff0c\u8fde\u6d77\u62a5\u548c\u7247\u540d\u90fd\u8981\u5c71\u5be8\u7684\u52a8\u753b\u7247\uff0c\u9a97\u5c0f\u5b69\u5b50\uff1f\u6d17\u94b1\uff1f  \u4e00\u661f\uff0c\u6eda\uff0c\u755c\u751f\u5bfc\u6f14\uff01", "useful_count": "11"},
{"page_index": 0, "movie_id": "26831514", "title": "\u529f\u592b\u56db\u4fa0", "username": "\u5bf9\u95e8\u8001\u8c22", "user_id": "58861502", "rating": "\u5f88\u5dee", "date": "2016-12-22", "time": "23:09:44", "comment": "\u770b\u5230\u718a\u732b\u6211\u679c\u65ad\u5173\u4e86", "useful_count": "2"},
{"page_index": 0, "movie_id": "26831514", "title": "\u529f\u592b\u56db\u4fa0", "username": "\u7231\u7684\u95e8\u5f92", "user_id": "44834403", "rating": "\u5f88\u5dee", "date": "2016-12-18", "time": "19:53:07", "comment": "\u4e2d\u56fd\u7684\u52a8\u753b\u7247\u5c31\u8fd9\u4e48\u505a\u4e86\u5417\uff1f\u90a3\u4e9b\u56fd\u5bb6\u7ed9\u7684\u7ecf\u8d39\u4e2d\u9971\u79c1\u56ca\u4e86\u5427", "useful_count": "2"},
{"page_index": 0, "movie_id": "26831514", "title": "\u529f\u592b\u56db\u4fa0", "username": "JAFFER", "user_id": "wenjingfan", "rating": "\u5f88\u5dee", "date": "2016-12-17", "time": "16:09:24", "comment": "\u592a\u6c34\u4e86\u8fd9\u52a8\u753b\u3002\u4fae\u8fb1\u89c2\u4f17\u7684\u667a\u5546", "useful_count": "3"},
{"page_index": 0, "movie_id": "26831514", "title": "\u529f\u592b\u56db\u4fa0", "username": "\u738b\u72d7\u86cb", "user_id": "tomsnakewang", "rating": "\u5f88\u5dee", "date": "2017-06-05", "time": "22:41:37", "comment": "\u7cdf\u8e4b", "useful_count": "0"},
{"page_index": 0, "movie_id": "26831514", "title": "\u529f\u592b\u56db\u4fa0", "username": "\u4e86\u5409\u5b83", "user_id": "75336422", "rating": "\u5f88\u5dee", "date": "2016-12-26", "time": "17:14:18", "comment": "\u4e0d\u60f3\u8bc4\u8bba", "useful_count": "0"},
{"page_index": 0, "movie_id": "26831514", "title": "\u529f\u592b\u56db\u4fa0", "username": "\u6ca1\u6709\u5173\u7cfb\u7684\u8d5b\u51a0", "user_id": "139809437", "rating": "\u5f88\u5dee", "date": "2016-12-25", "time": "00:48:13", "comment": "\u50bb\u903c\u73a9\u610f\u513f", "useful_count": "1"},
{"page_index": 0, "movie_id": "26831514", "title": "\u529f\u592b\u56db\u4fa0", "username": "\uff1aD", "user_id": "186973979", "rating": "\u5f88\u5dee", "date": "2019-03-03", "time": "18:26:26", "comment": "\u8fd9\u662f\u5565", "useful_count": "0"},
{"page_index": 0, "movie_id": "26831514", "title": "\u529f\u592b\u56db\u4fa0", "username": "answer", "user_id": "123860008", "rating": "\u5f88\u5dee", "date": "2016-12-17", "time": "23:09:39", "comment": "\u4ec0\u4e48\u72d7\u4e1c\u897f", "useful_count": "1"},
{"page_index": 0, "movie_id": "26831514", "title": "\u529f\u592b\u56db\u4fa0", "username": "MrColin\u9e4f\u9e4f", "user_id": "93273990", "rating": "\u5f88\u5dee", "date": "2016-12-29", "time": "00:35:08", "comment": "\u8fd9\u5c31\u662f\u4eba\u6c11\u65e5\u62a5\u6240\u8d5e\u626c\u7684\u4f18\u79c0\u52a8\u753b\u7247\u5427\u2026", "useful_count": "3"},
{"page_index": 0, "movie_id": "26831514", "title": "\u529f\u592b\u56db\u4fa0", "username": "\u82cf\u65af\u6d1b\u592b", "user_id": "47034969", "rating": "\u5f88\u5dee", "date": "2018-11-20", "time": "20:19:37", "comment": "\u8fd9\u52a8\u753b\u5236\u4f5c\u6c34\u5e73\uff0c\u5567\u5567\uff0c\u662f\u8d70\u5f97\u4e5d\u5341\u5e74\u4ee3\u56fd\u4ea7\u52a8\u753b\u6000\u65e7\u98ce\u5417\uff1f\u8fd9\u6545\u4e8b\u548c\u8bbe\u5b9a\u8fde\u4e09\u5c81\u5b69\u5b50\u6015\u662f\u4e5f\u5ffd\u60a0\u4e0d\u4e86\uff01\u7136\u540e\u6700\u6050\u6016\u7684\u662f\u8fd8\u6709\u7eed\u96c6\uff01", "useful_count": "0"},
{"page_index": 0, "movie_id": "26831514", "title": "\u529f\u592b\u56db\u4fa0", "username": "\u6211\u53eb\u946b\u946b\u848b", "user_id": "55669149", "rating": null, "date": "2016-12-22", "time": "11:17:41", "comment": "\u8bf6\uff0c\u4f60\u4eec\u53d1\u73b0\u6ca1\u6709 \u65c1\u767d\u662f\u8857\u8fb9\u5356\u5305\u5305\u7684 \u201c\u9ec4\u9e64\u4f60\u4e2a\u738b\u516b\u86cb\u9ec4\u9e64\u4f60\u4e0d\u662f\u4eba\u5e26\u7740\u5c0f\u59e8\u5b50\u8dd1\u4e86\u201d\u7684\u914d\u97f3 \u54e6  \u5bf9\u4e86 \u8fd8\u6709\u5404\u79cd\u5047\u5e7f\u544a\u7684\u914d\u97f3\uff01", "useful_count": "0"},
{"page_index": 0, "movie_id": "26831514", "title": "\u529f\u592b\u56db\u4fa0", "username": "\u61c2\u522b\u91cc", "user_id": "58140275", "rating": "\u5f88\u5dee", "date": "2017-10-08", "time": "15:53:58", "comment": "\u770b\u4e24\u5206\u949f\u5c31\u77e5\u9053\u662f\u56fd\u4ea7\u5f31\u667a\u7247\u3002\u7ed9\u4e24\u4e09\u5c81\u5b69\u5b50\u5427", "useful_count": "0"},
{"page_index": 0, "movie_id": "26831514", "title": "\u529f\u592b\u56db\u4fa0", "username": "\u7075\u611f\u65e0\u9650", "user_id": "236339872", "rating": "\u5f88\u5dee", "date": "2022-01-02", "time": "18:48:10", "comment": "\u5feb\u53d7\u4e0d\u4e86\u56fd\u4ea7\u70c2\u7247\u4e86", "useful_count": "0"},
{"page_index": 0, "movie_id": "26831514", "title": "\u529f\u592b\u56db\u4fa0", "username": "\u5982\u6674\u5929\u4f3c\u96e8\u5929", "user_id": "140998182", "rating": "\u5f88\u5dee", "date": "2016-12-17", "time": "23:43:54", "comment": "\u4e3a\u4f55\u4e0d\u80fd\u62530\u5206\uff1f\uff1f\uff01", "useful_count": "0"},
{"page_index": 0, "movie_id": "26831514", "title": "\u529f\u592b\u56db\u4fa0", "username": "Crasight", "user_id": "44637469", "rating": "\u5f88\u5dee", "date": "2016-12-17", "time": "15:22:23", "comment": "\u529f\u592b\u56db\u4fa0 \u8349\u6ce5\u9a6c\uff1f", "useful_count": "4"},
{"page_index": 0, "movie_id": "26831514", "title": "\u529f\u592b\u56db\u4fa0", "username": "\u773c\u6cea", "user_id": "56333889", "rating": "\u5f88\u5dee", "date": "2016-12-30", "time": "11:46:03", "comment": "\u9884\u544a\u7247\u914d\u97f3\u4e00\u51fa\u58f0\u6211\u5bb6\u732b\u90fd\u5413\u70b8\u6bdb\u4e86\uff0c\u8fd9\u5c3c\u739b\u662f\u8981\u5356\u697c\u76d8\u554a\uff1f\u5bfc\u6f14\u8111\u6b8b\u4e48\uff1f", "useful_count": "0"},
{"page_index": 0, "movie_id": "26831514", "title": "\u529f\u592b\u56db\u4fa0", "username": "Kevin King", "user_id": "138161370", "rating": "\u5f88\u5dee", "date": "2017-01-04", "time": "12:17:44", "comment": "\u6076\u5fc3\u554a\ud83e\udd22\u80fd\u4e0d\u80fd\u8d1f\u5206\u554a\uff01", "useful_count": "0"},
{"page_index": 0, "movie_id": "26831514", "title": "\u529f\u592b\u56db\u4fa0", "username": "\u6d45\u6c64", "user_id": "yusenyan", "rating": "\u5f88\u5dee", "date": "2016-12-29", "time": "13:30:10", "comment": "\u4ec0\u4e48\u9b3c", "useful_count": "0"},
{"page_index": 0, "movie_id": "26831514", "title": "\u529f\u592b\u56db\u4fa0", "username": "\u53d1\u6761\ud83c\udf4a", "user_id": "133767167", "rating": "\u5f88\u5dee", "date": "2017-02-05", "time": "20:20:56", "comment": "\u79bd\u517d\u5bfc\u6f14", "useful_count": "0"},
{"page_index": 0, "movie_id": "26831514", "title": "\u529f\u592b\u56db\u4fa0", "username": "\u559d\u6fc0\u6d6a\u624d\u78a7\u6d6a", "user_id": "chongguo", "rating": "\u5f88\u5dee", "date": "2017-01-12", "time": "05:14:25", "comment": "\u8fd9\u4e2a\u516c\u53f8\u5012\u95ed\u4e86\u4e48\uff1f\u4e0d\u9002\u5408\u5728\u7535\u5f71\u5708\u53d1\u5c55\u554a\u3002", "useful_count": "0"},
{"page_index": 0, "movie_id": "26831514", "title": "\u529f\u592b\u56db\u4fa0", "username": "onion", "user_id": "71426420", "rating": "\u5f88\u5dee", "date": "2021-03-24", "time": "15:09:18", "comment": "\u548c\u6c7d\u8f66\u4eba\u603b\u52a8\u5458\u6709\u7684\u4e00\u62fc", "useful_count": "0"},
{"page_index": 0, "movie_id": "26831514", "title": "\u529f\u592b\u56db\u4fa0", "username": "\uff5eMaxtrusy", "user_id": "208705500", "rating": "\u5f88\u5dee", "date": "2022-02-07", "time": "22:12:51", "comment": "\u5bc4\u5427", "useful_count": "0"},
{"page_index": 0, "movie_id": "26831514", "title": "\u529f\u592b\u56db\u4fa0", "username": "\u660a\u65b0", "user_id": "Vincentbmz", "rating": "\u5f88\u5dee", "date": "2017-02-10", "time": "23:33:22", "comment": "\u600e\u4e48\u8bf4\u5462\uff1f\u4e0d\u9002\u6210\u5e74\u4eba\u4e5f\u4e0d\u9002\u5408\u513f\u7ae5\u5427\u2026", "useful_count": "0"},
{"page_index": 0, "movie_id": "26831514", "title": "\u529f\u592b\u56db\u4fa0", "username": "Meph", "user_id": "46825478", "rating": "\u5f88\u5dee", "date": "2016-12-25", "time": "07:47:05", "comment": "\u56fd\u4ea7\u5267\u9a97\u94b1", "useful_count": "0"},
{"page_index": 0, "movie_id": "26831514", "title": "\u529f\u592b\u56db\u4fa0", "username": "\u6d52\u6d52", "user_id": "121819992", "rating": "\u5f88\u5dee", "date": "2016-12-17", "time": "21:31:39", "comment": "\u4e1c\u65bd\u6548\u98a6", "useful_count": "0"},
{"page_index": 0, "movie_id": "26831514", "title": "\u529f\u592b\u56db\u4fa0", "username": "VGinTheChapel", "user_id": "98833737", "rating": "\u5f88\u5dee", "date": "2016-12-22", "time": "13:28:46", "comment": "\u6211\u6709\u4e00\u53e5\u5988\u5356\u6279\uff0c\u4e0d\u77e5\u5f53\u8bb2...\u6211\u5c31\u8bb2\u4e86\uff0c\u600e\u6837\uff1f", "useful_count": "0"},
{"page_index": 0, "movie_id": "26831514", "title": "\u529f\u592b\u56db\u4fa0", "username": "Xylina", "user_id": "58114105", "rating": "\u5f88\u5dee", "date": "2016-12-17", "time": "10:53:33", "comment": "\u9884\u544a\u7247\u7684\u5236\u4f5c\u5c31\u8db3\u4ee51\u661f\u4e86\u3002", "useful_count": "2"},
{"page_index": 0, "movie_id": "26831514", "title": "\u529f\u592b\u56db\u4fa0", "username": "\u6d6e\u57ce\u65e7\u4e8b.", "user_id": "124514675", "rating": "\u8f83\u5dee", "date": "2017-01-25", "time": "08:47:23", "comment": "\u4f20\u8bf4\u4eba\u9c7c\u68ee\u6797\u6709\u4e00\u5904\u5b9d\u85cf\uff0c\u62e5\u6709\u8ba9\u4eba\u6c38\u751f\u7684\u9b54\u529b\u3002", "useful_count": "1"},
{"page_index": 0, "movie_id": "26831514", "title": "\u529f\u592b\u56db\u4fa0", "username": "\u51b7\u6708\u846c\u82b1\u9b42", "user_id": "148218445", "rating": "\u5f88\u5dee", "date": "2016-12-17", "time": "22:36:43", "comment": "\u4e0d\u597d\u770b", "useful_count": "0"},
{"page_index": 0, "movie_id": "26831514", "title": "\u529f\u592b\u56db\u4fa0", "username": "\u949b\u5408\u91d1\u67da\u5b50", "user_id": "79208538", "rating": "\u5f88\u5dee", "date": "2016-12-25", "time": "10:28:00", "comment": "\u524d\u9762\u5df2\u7ecf\u6709\u6c7d\u8f66\u4eba\u73a9\u5177\u57ce\u7b49\u88ab\u9a82\u7684\u72d7\u8840\u6dcb\u5934\uff0c\u600e\u4e48\u8fd8\u6709\u4eba\u6562\u62cd\u8fd9\u79cd\u5783\u573e\u4e1c\u897f\uff1f\u662f\u4e0d\u662f\u5f97\u6709\u4eba\u627e\u4e0a\u4f60\u5bb6\u95e8\u780d\u4f60\u51e0\u5200\u624d\u80fd\u957f\u8bb0\u6027\uff1f\u8fd9\u4e5f\u5c31\u662f\u4e0d\u80fd\u90090\u661f\uff0c\u8981\u4e0d\u7136\u4f60\u8fd9\u7247\u5206\u5206\u949f0\u70b9\u51e0\u5206\u3002", "useful_count": "0"},
{"page_index": 0, "movie_id": "26831514", "title": "\u529f\u592b\u56db\u4fa0", "username": "\u5f8b\u5df1\u4e3a\u5e08", "user_id": "144706453", "rating": "\u5f88\u5dee", "date": "2017-03-15", "time": "21:40:03", "comment": "\u5bfc\u6f14\uff0c\u9884\u544a\u7247\u91cc\u9762\u90a3\u4e2a\u662f\u52a0\u52d2\u6bd4\u6d77\u76d72\u7684\u632a\u5a01\u6d77\u602a\u5417\uff1f", "useful_count": "0"},
{"page_index": 0, "movie_id": "26831514", "title": "\u529f\u592b\u56db\u4fa0", "username": "auricula", "user_id": "128002513", "rating": "\u5f88\u5dee", "date": "2016-12-17", "time": "03:01:31", "comment": "\u61d2\u5f97\u5410\u69fd", "useful_count": "2"},
{"page_index": 0, "movie_id": "26831514", "title": "\u529f\u592b\u56db\u4fa0", "username": "\u7a7a", "user_id": "187161535", "rating": "\u5f88\u5dee", "date": "2022-08-13", "time": "16:38:11", "comment": "\u201c\u771f\u201d\u5b66\u4e09\u5e74\u52a8\u753b\u7cfb\u5217", "useful_count": "0"},
{"page_index": 0, "movie_id": "26831514", "title": "\u529f\u592b\u56db\u4fa0", "username": "Lee", "user_id": "48711199", "rating": "\u5f88\u5dee", "date": "2016-12-17", "time": "13:38:01", "comment": "\u64e6\uff0c\u5149\u4e00\u4e2a\u9884\u544a\u6211\u5c31\u770b\u5230\u4e86\u8bf8\u795e\u4e4b\u6218\uff0c\u529f\u592b\u718a\u732b\uff0c\u4f60\u6284\u56fd\u5916\u5c31\u7b97\u4e86\uff0c\u4f60\u4e00\u4e2a\u52a8\u753b\u7247\u6284\u4eba\u529f\u592b\u91cc\u7684\u86e4\u87c6\u529f\u8fd8\u6ca1\u4eba\u5bb6\u505a\u7684\u597d\u662f\u51e0\u4e2a\u610f\u601d\uff1f\uff1f\uff1f\uff1f\uff1f\n", "useful_count": "2"},
{"page_index": 0, "movie_id": "26831514", "title": "\u529f\u592b\u56db\u4fa0", "username": "\u221e", "user_id": "89156515", "rating": null, "date": "2016-12-17", "time": "17:28:45", "comment": "\u6d17\u94b1\u6765\u7684", "useful_count": "0"},
{"page_index": 0, "movie_id": "26831514", "title": "\u529f\u592b\u56db\u4fa0", "username": "xslx2005", "user_id": "2608459", "rating": "\u5f88\u5dee", "date": "2016-12-18", "time": "22:51:17", "comment": "\u4e00\u770b\u5c31\u662f\u4e2a2b\u70c2\u7247\uff0c\u8fd8\u6709\u8138\u4e0a\u6620\uff1f\u62ab\u7740\u4e0a\u4e16\u7eaa\u7ecf\u5178\u56fd\u4ea7\u52a8\u753b\u7684\u5916\u58f3\uff0c\u505a\u7684\u66f4\u52a0\u7c97\u5236\u6ee5\u9020\uff0c\u5783\u573e", "useful_count": "0"},
{"page_index": 0, "movie_id": "26831514", "title": "\u529f\u592b\u56db\u4fa0", "username": "\u62ab\u5934\u5f71\u5b50", "user_id": "Simonyoyo", "rating": "\u5f88\u5dee", "date": "2016-12-17", "time": "14:56:36", "comment": "\u662f\u4e2a\u4ec0\u4e48\u73a9\u610f\u513f\uff1f", "useful_count": "1"},
{"page_index": 0, "movie_id": "26831514", "title": "\u529f\u592b\u56db\u4fa0", "username": "\u5de5\u85e4\u65b0\u4e00", "user_id": "158195982", "rating": "\u5f88\u5dee", "date": "2017-05-31", "time": "08:42:28", "comment": "\u5236\u4f5c\u592a\u7c97\u7cd9\uff0c\u771f\u4e0d\u600e\u4e48\u6837", "useful_count": "0"},
{"page_index": 0, "movie_id": "26831514", "title": "\u529f\u592b\u56db\u4fa0", "username": "Affleck", "user_id": "ailan950915", "rating": "\u5f88\u5dee", "date": "2016-12-21", "time": "16:40:51", "comment": "\u5927\u54e5\uff0c\u70b9\u5f00\u9884\u544a\u7247\u6211\u6ca1\u5f00\u58f0\u97f3\uff0c\u4e00\u4e2a\u9884\u544a\u7247\u770b\u5f97\u6211\u5c34\u5c2c\u75c7\u72af\u4e86\u3002", "useful_count": "0"},
{"page_index": 0, "movie_id": "26831514", "title": "\u529f\u592b\u56db\u4fa0", "username": "\u5c0f\u54c6\u54c6", "user_id": "150314140", "rating": "\u8fd8\u884c", "date": "2016-12-22", "time": "12:03:06", "comment": "\u54c8\u54c8\u54c8\u54c8  \u50bb\u50bb\u7684\u548c\u5f1f\u5f1f\u53bb\u770b\u4e86\u4e2a\u52a8\u753b\u7247 \u5c31\u662f\u89c9\u5f97\u6709\u70b9\u5e7c\u7a1a  \u8fd8\u597d  \u4e0d\u662f\u5f88\u70c2", "useful_count": "0"},
{"page_index": 0, "movie_id": "26831514", "title": "\u529f\u592b\u56db\u4fa0", "username": "\u51b0\u4e91", "user_id": "154139685", "rating": "\u5f88\u5dee", "date": "2016-12-20", "time": "06:20:44", "comment": "\u8fd9\u753b\u98ce\uff0c\u8fd9\u5267\u60c5\uff0c\u65e0\u8bed", "useful_count": "0"},
{"page_index": 0, "movie_id": "26831514", "title": "\u529f\u592b\u56db\u4fa0", "username": "\u84dd\u8272\u7537\u7235", "user_id": "153205015", "rating": null, "date": "2016-12-27", "time": "18:02:21", "comment": "\u4e0d\u8981\u9a82\u4ec0\u4e48\u8fd9\u4e9b\u7535\u5f71\u7684\u5bfc\u6f14\u7f16\u5267\u90fd\u662f\u672c\u79d1\u751f\u5927\u5b66\u751f\u5b66\u5386\u5bfc\u6f14\u7684\u7535\u5f71", "useful_count": "0"},
{"page_index": 0, "movie_id": "26831514", "title": "\u529f\u592b\u56db\u4fa0", "username": "\u5f57\u661f\u7684\u7131", "user_id": "148245294", "rating": "\u5f88\u5dee", "date": "2016-12-25", "time": "18:30:11", "comment": "\u5bf9\u6bd4\u957f\u57ce\uff0c\u6211\u8fd8\u662f\u8be5\u7ed9\u4e00\u9897\u661f", "useful_count": "0"},
{"page_index": 0, "movie_id": "26831514", "title": "\u529f\u592b\u56db\u4fa0", "username": "\u97e9", "user_id": "141733010", "rating": "\u5f88\u5dee", "date": "2016-12-30", "time": "06:37:58", "comment": "\u9a97\u56fd\u4ea7\u52a8\u6f2b\u56fd\u5bb6\u8865\u8d34", "useful_count": "0"},
{"page_index": 0, "movie_id": "26831514", "title": "\u529f\u592b\u56db\u4fa0", "username": "\u5c0f\u9038", "user_id": "153872760", "rating": "\u5f88\u5dee", "date": "2016-12-18", "time": "16:37:11", "comment": "\u589e\u52a0\u8bc4\u5206\u4eba\u6570", "useful_count": "0"},
{"page_index": 0, "movie_id": "26831514", "title": "\u529f\u592b\u56db\u4fa0", "username": "\u671b\u8212", "user_id": "154516644", "rating": "\u5f88\u5dee", "date": "2016-12-27", "time": "16:07:10", "comment": "\u597d\u60f3\u6253\u8d1f\u5206\uff0c\u8d64\u88f8\u88f8\u6284\u88ad\u529f\u592b\u718a\u732b\u8fd8\u6284\u88ad\u5f97\u90a3\u4e48\u70c2", "useful_count": "0"},
{"page_index": 0, "movie_id": "26831514", "title": "\u529f\u592b\u56db\u4fa0", "username": "\u5948\u4f55\u6df1\u60c5\u4e36", "user_id": "154270202", "rating": "\u5f88\u5dee", "date": "2016-12-24", "time": "09:15:02", "comment": "\u8fd9\u9752\u86d9\u3002\u3002", "useful_count": "0"},
{"page_index": 0, "movie_id": "26831514", "title": "\u529f\u592b\u56db\u4fa0", "username": "\u68a6\u68a6", "user_id": "153838885", "rating": "\u8fd8\u884c", "date": "2016-12-18", "time": "17:11:03", "comment": "\u8fd8\u53ef\u4ee5", "useful_count": "0"},
{"page_index": 0, "movie_id": "26831514", "title": "\u529f\u592b\u56db\u4fa0", "username": "Hengzhi", "user_id": "191761372", "rating": "\u5f88\u5dee", "date": "2019-03-29", "time": "00:03:34", "comment": "\u628a\u8fd9\u4e2a\u79f0\u4f5cshit\u771f\u662f\u4fae\u8fb1shit", "useful_count": "0"},
{"page_index": 0, "movie_id": "26831514", "title": "\u529f\u592b\u56db\u4fa0", "username": "DOGE", "user_id": "154582095", "rating": "\u5f88\u5dee", "date": "2016-12-24", "time": "11:03:05", "comment": "\u4e0d\u8bf4\u4ec0\u4e48\u4e86\u3002\u3002\u3002", "useful_count": "0"},
{"page_index": 0, "movie_id": "26831514", "title": "\u529f\u592b\u56db\u4fa0", "username": "\u8c46\u53cbbElZF3pemM", "user_id": "255864448", "rating": "\u5f88\u5dee", "date": "2022-04-27", "time": "17:49:55", "comment": "\u6d77\u62a5\u8bc8\u9a97\u7c91\u7c91\u9f3b\u5c4e\u7535\u5f71", "useful_count": "0"},
{"page_index": 0, "movie_id": "26831514", "title": "\u529f\u592b\u56db\u4fa0", "username": "\u7fbd\u9047\u96e8", "user_id": "157434323", "rating": null, "date": "2017-02-08", "time": "18:06:55", "comment": "\u50bb\u903c", "useful_count": "0"},
{"page_index": 0, "movie_id": "26831514", "title": "\u529f\u592b\u56db\u4fa0", "username": "\u8fb0\u00b7\u661f", "user_id": "154716777", "rating": "\u5f88\u5dee", "date": "2016-12-17", "time": "20:44:24", "comment": "\u597d\u8822\u7684\u4eba\u8bbe\uff0c\u62cd\u51fa\u6765\u81ea\u5df1\u56de\u5bb6\u770b\u7740\u73a9\u5c31\u884c\u4e86\uff0c\u4e3a\u5565\u4f1a\u6709\u52c7\u6c14\u5728\u7535\u5f71\u9662\u4e0a\u6620\uff1f\u8fd9\u73a9\u610f\u62cd\u7684\u5c31\u8ddf\u95f9\u7740\u73a9\u7684\u4f3c\u5f97\uff0c\u81ea\u5df1\u62cd\u7684\u4ec0\u4e48\u4e1c\u897f\uff0c\u4ec0\u4e48\u6c34\u5e73\u81ea\u5df1\u4e0d\u77e5\u9053\u5417\u3002\u3002\u3002", "useful_count": "1"},
{"page_index": 0, "movie_id": "26831514", "title": "\u529f\u592b\u56db\u4fa0", "username": "\u72d7\u72d7\u6765\u88ad", "user_id": "150986553", "rating": "\u5f88\u5dee", "date": "2016-12-24", "time": "08:32:46", "comment": "\u8fd9\u79cd\u7247\u8fd8\u80fd\u4e0a\u6620\uff0c\u4e2d\u56fd\u52a8\u6f2b\u771f\u6ca1\u6551\u4e86", "useful_count": "0"},
{"page_index": 0, "movie_id": "26831514", "title": "\u529f\u592b\u56db\u4fa0", "username": "leoC", "user_id": "154506001", "rating": "\u8fd8\u884c", "date": "2016-12-17", "time": "13:59:38", "comment": "\u55ef\uff0c\u8fd9\u753b\u98ce\uff0c\u55ef\uff0c\u8fd8\u6709\u5f88\u957f\u7684\u4e00\u6bb5\u8def\u8981\u8d70", "useful_count": "0"},
{"page_index": 0, "movie_id": "26831514", "title": "\u529f\u592b\u56db\u4fa0", "username": "\u4e09\u7f18\u6728", "user_id": "142923788", "rating": "\u5f88\u5dee", "date": "2016-12-17", "time": "23:11:24", "comment": "\u770b\u9884\u544a\u7ed9\u5206\u7cfb\u5217", "useful_count": "0"},
{"page_index": 0, "movie_id": "26831514", "title": "\u529f\u592b\u56db\u4fa0", "username": "\u72fc\u72fc\u603b\u52a8\u5458", "user_id": "jba258456", "rating": "\u5f88\u5dee", "date": "2016-12-30", "time": "10:48:28", "comment": "\u8fd8\u6211\u773c\u775b\uff01\uff01\uff01\uff01\uff01\uff01", "useful_count": "0"},
{"page_index": 0, "movie_id": "26831514", "title": "\u529f\u592b\u56db\u4fa0", "username": "\u6708\u4eae\u5f53\u7a7a\u7167", "user_id": "61059996", "rating": "\u5f88\u5dee", "date": "2016-12-24", "time": "00:33:12", "comment": "\u7535\u5f71\u771f\u70c2 \u70ae\u6253\u7684\u4e0d\u9519", "useful_count": "0"},
{"page_index": 0, "movie_id": "26831514", "title": "\u529f\u592b\u56db\u4fa0", "username": "\u82cf\u7d2b\u7440", "user_id": "143642143", "rating": "\u5f88\u5dee", "date": "2016-12-20", "time": "10:05:48", "comment": "\u53bb\u7535\u5f71\u9662\u770b\u5c31\u662f\u6d6a\u8d39\u94b1\u548c\u65f6\u95f4\uff5e", "useful_count": "0"},
{"page_index": 0, "movie_id": "26831514", "title": "\u529f\u592b\u56db\u4fa0", "username": "\u8c46\u53cb155141141", "user_id": "155141141", "rating": "\u5f88\u5dee", "date": "2016-12-17", "time": "14:23:10", "comment": "\u4f60\u4e2a\u50bb\u903c", "useful_count": "0"},
{"page_index": 0, "movie_id": "26831514", "title": "\u529f\u592b\u56db\u4fa0", "username": "\u8fd9\u4e2a\u730e\u4eba\u4e0d\u592a\u51b7", "user_id": "91537665", "rating": "\u5f88\u5dee", "date": "2016-12-17", "time": "15:06:47", "comment": "\u6211\u6709\u4e00\u53e5MMP\u73b0\u5728\u5c31\u60f3\u8bb2\uff01", "useful_count": "0"},
{"page_index": 0, "movie_id": "26831514", "title": "\u529f\u592b\u56db\u4fa0", "username": "\u53d6\u540d\u5b57\uff01\u597d\u70e6", "user_id": "139569048", "rating": "\u5f88\u5dee", "date": "2016-12-18", "time": "14:27:41", "comment": "\u6211\u4ed6\u5988\u7684\u770b\u89c1\u9884\u544a\u7247\u6211\u5c31\u4e0d\u60f3\u770b\u4e86\u3002\u72d7\u5c41", "useful_count": "0"},
{"page_index": 0, "movie_id": "26831514", "title": "\u529f\u592b\u56db\u4fa0", "username": "End Of  May", "user_id": "152796065", "rating": null, "date": "2016-12-21", "time": "23:24:59", "comment": "\u5403\u5c4e\u5427\u5bfc\u6f14\uff0c\u5c31\u8fd9\u5b9e\u529b\u8fd8\u662f\u56de\u5bb6\u5148\u6e29\u4e60\u846b\u82a6\u5a03\u5427\u3002", "useful_count": "0"},
{"page_index": 0, "movie_id": "26831514", "title": "\u529f\u592b\u56db\u4fa0", "username": "nan", "user_id": "142585587", "rating": "\u5f88\u5dee", "date": "2016-12-27", "time": "00:37:09", "comment": "\u6253\u4e2a1\u5206\uff0c\u53ea\u4e3a\u6076\u5fc3\u4f60\u4e00\u4e0b\uff01", "useful_count": "0"},
{"page_index": 0, "movie_id": "26831514", "title": "\u529f\u592b\u56db\u4fa0", "username": "showze", "user_id": "showze", "rating": "\u5f88\u5dee", "date": "2016-12-21", "time": "16:44:33", "comment": "\u65e0\u529b\u5410\u69fd\u4e86", "useful_count": "0"},
{"page_index": 0, "movie_id": "26831514", "title": "\u529f\u592b\u56db\u4fa0", "username": "\u56e0\u7f3a\u601d\u5a77", "user_id": "154771579", "rating": "\u5f88\u5dee", "date": "2016-12-17", "time": "16:05:24", "comment": "\u6211\u6709\u4e00\u53e5\u5988\u5356\u6279\u73b0\u5728\u5c31\u8981\u8bb2\uff0c\u5728\u9884\u544a\u7247\u5f00\u59cb\u7684\u77ac\u95f4\u6211\u5c31\u611f\u89c9\u5230\u4e0d\u597d\uff0c\u7136\u540e\u5728\u80cc\u666f\u89e3\u8bf4\u60f3\u8d77\u7684\u4e00\u77ac\u95f4\u6211\u5c34\u5c2c\u764c\u5c31\u72af\u4e86", "useful_count": "1"},
{"page_index": 0, "movie_id": "26831514", "title": "\u529f\u592b\u56db\u4fa0", "username": "\u7f13\u7f13\u739b\u8fe6", "user_id": "121089410", "rating": "\u5f88\u5dee", "date": "2016-12-19", "time": "09:52:18", "comment": "\u7b80\u964b\uff0c\u4f46\u4f3c\u4e4e\u86ee\u5165\u5c0f\u5b69\u7684\u773c\u3002\u56fd\u4ea7\u52a8\u753b\u5982\u679c\u90fd\u662f\u8fd9\u7c7b\u578b\u4f5c\u4e3a\u9662\u7ebf\u4e3b\u6d41\uff0c\u771f\u662f\u6ca1\u5565\u5954\u5934\u3002\u4ee5\u540e\u8fd9\u4e9b\u52a8\u753b\u5c11\u8ba9\u5b9d\u8d1d\u770b\u5230\uff0c\u62c9\u4f4e\u5ba1\u7f8e-_-#\u5708\u94b1\u4e4b\u4f5c\uff0c\u6ca1\u5565\u597d\u8bf4\u3002", "useful_count": "0"},
{"page_index": 0, "movie_id": "26831514", "title": "\u529f\u592b\u56db\u4fa0", "username": "\u9e3f", "user_id": "154566093", "rating": "\u5f88\u5dee", "date": "2016-12-17", "time": "18:31:36", "comment": "\u5f53\u89c2\u4f17\u662f\u50bb\u5b50\u5417\uff1f", "useful_count": "0"},
{"page_index": 0, "movie_id": "26831514", "title": "\u529f\u592b\u56db\u4fa0", "username": "\u4e0d\u5450\u5450", "user_id": "140460579", "rating": "\u5f88\u5dee", "date": "2016-12-18", "time": "14:14:59", "comment": "\u5c3d\u7ba1\u5b9a\u4f4d\u7684\u4eba\u7fa4\u662f\u5b69\u5b50\u4e5f\u8bf7\u4e0d\u8981\u6284\u88ad\uff0c\u7231\u62a4\u6211\u4eec\u7956\u56fd\u7684\u82b1\u6735\uff0c\u4e0d\u8981\u8fa3\u4e86\u5b69\u5b50\u4eec\u7684\u773c\u775b", "useful_count": "0"},
{"page_index": 0, "movie_id": "26831514", "title": "\u529f\u592b\u56db\u4fa0", "username": "\u7559\u5e74", "user_id": "155150948", "rating": null, "date": "2016-12-17", "time": "17:42:25", "comment": "\u4fae\u8fb1\u89c2\u4f17\u7684\u5ba1\u7f8e\u548c\u667a\u5546\uff0c\u8fd9\u79cd\u6beb\u65e0\u6280\u672f\u542b\u91cf\u7684\u6284\u88ad\uff0c\u8d28\u91cf\u8fd8\u8fd9\u4e48\u6076\u5fc3\uff0c\u6562\u642c\u51fa\u6765\u4e0a\u6620\u9700\u8981\u591a\u539a\u7684\u8138\u76ae\u2026", "useful_count": "0"},
{"page_index": 0, "movie_id": "26831514", "title": "\u529f\u592b\u56db\u4fa0", "username": "\u8ffd(chou)\u98ce\u5c11\u5e74", "user_id": "147885764", "rating": "\u5f88\u5dee", "date": "2016-12-18", "time": "00:32:36", "comment": "\u770b\u8fd9\u9884\u544a\u7247\u5c31\u591f\u4e86 \u771f\u662f\u795e\u7247", "useful_count": "0"},
{"page_index": 0, "movie_id": "26831514", "title": "\u529f\u592b\u56db\u4fa0", "username": "\u767d\u591c", "user_id": "96021386", "rating": "\u5f88\u5dee", "date": "2016-12-24", "time": "17:30:35", "comment": "\u6574\u573a\u7535\u5f71\u4e00\u5171\u67097\u4e2a\u4eba\u53bb\u4e86\u6d17\u624b\u95f4\uff0c\u5176\u4e2d\u4e24\u4f4d\u5e94\u8be5\u662f\u53bb\u4e0a\u4e86\u5927\u53f7\u3002", "useful_count": "0"},
{"page_index": 0, "movie_id": "26831514", "title": "\u529f\u592b\u56db\u4fa0", "username": "\u5929\u5992\u9b3c\u624d", "user_id": "128523721", "rating": "\u5f88\u5dee", "date": "2016-12-15", "time": "04:45:51", "comment": "dog shit", "useful_count": "1"},
{"page_index": 0, "movie_id": "26831514", "title": "\u529f\u592b\u56db\u4fa0", "username": "\u5634\u8d31\u5148\u751f", "user_id": "122079698", "rating": "\u5f88\u5dee", "date": "2016-12-24", "time": "12:09:44", "comment": "\u4e0d\u5dee\u6211\u8fd9\u4e00\u4e2a\u4e00\u661f", "useful_count": "0"},
{"page_index": 0, "movie_id": "26831514", "title": "\u529f\u592b\u56db\u4fa0", "username": "SonySundoudou", "user_id": "93339593", "rating": "\u5f88\u5dee", "date": "2016-12-29", "time": "10:56:38", "comment": "\u56fd\u4ea7\u2026", "useful_count": "0"},
{"page_index": 0, "movie_id": "26831514", "title": "\u529f\u592b\u56db\u4fa0", "username": "\u73b2\u73d1\u5f69\u7389", "user_id": "Llcy520", "rating": "\u5f88\u5dee", "date": "2016-12-12", "time": "09:31:14", "comment": "\u5c31\u4e0d\u80fd\u597d\u597d\u6ef4\u4e48\uff1f\uff01\u8001\u62cd\u8fd9\u4e9b\uff0c\u56fd\u6f2b\u4ec0\u4e48\u65f6\u5019\u80fd\u5d1b\u8d77\u554a\uff1f", "useful_count": "2"},
{"page_index": 0, "movie_id": "26831514", "title": "\u529f\u592b\u56db\u4fa0", "username": "\u6f14\u6280\u6d3e\u8def\u4eba", "user_id": "152928427", "rating": "\u5f88\u5dee", "date": "2016-12-18", "time": "17:16:18", "comment": "\u6ca1\u770b\u8fc7\u4e5f\u77e5\u9053\u662f\u62ff\u6765\u9a97\u94b1\u7684\uff0c\u4e00\u65b9\u9762\u662f\u6d88\u8d39\u8005\u53e6\u4e00\u65b9\u9762\u662f\u56fd\u5bb6\u653f\u7b56\u8865\u8d34\u3002", "useful_count": "1"},
{"page_index": 0, "movie_id": "26831514", "title": "\u529f\u592b\u56db\u4fa0", "username": "\u5927\u795e\u51ef\u51ef\u5440", "user_id": "155609110", "rating": "\u5f88\u5dee", "date": "2016-12-27", "time": "22:55:48", "comment": "\u60f3\u9a82\u771f\u4e22\u56fd\u4ea7\u52a8\u753b\u8138\u9762", "useful_count": "0"},
{"page_index": 0, "movie_id": "26831514", "title": "\u529f\u592b\u56db\u4fa0", "username": "\u4e00\u81c9\u7121\u804a", "user_id": "2644972", "rating": "\u5f88\u5dee", "date": "2021-07-12", "time": "07:43:29", "comment": "\u88ab\u5229\u7528\u2014\u88ab\u80c1\u8feb\u2014\u89c9\u9192\u2014\u53cd\u6297\u2014\u5b89\u5b81\uff0c\u5c31\u8fd9\u70b9\u80fd\u529b\u8fd8\u60f3\u62ef\u6551\u4e16\u754c", "useful_count": "0"},
{"page_index": 0, "movie_id": "26831514", "title": "\u529f\u592b\u56db\u4fa0", "username": "\u9621\u58a8\u9690\u51cc", "user_id": "172490689", "rating": "\u5f88\u5dee", "date": "2018-01-12", "time": "21:42:51", "comment": "\u5267\u60c5\u62d6\u6ce5\u5e26\u6c34\uff0c\u672c\u6765\u534a\u4e2a\u5c0f\u65f6\u7684\u62cd\u6210\u4e00\u4e2a\u534a\u5c0f\u65f6\uff0c\u65e0\u8bed", "useful_count": "0"},
{"page_index": 0, "movie_id": "26831514", "title": "\u529f\u592b\u56db\u4fa0", "username": "\u96c6\u201c\u76d2\u201d\u5427", "user_id": "157250793", "rating": "\u8f83\u5dee", "date": "2017-02-05", "time": "11:48:12", "comment": "\u529f\u592b\u718a\u732b\u672c\u5730\u7248", "useful_count": "0"}
]