[
{"page_index": 0, "movie_id": "26840300", "title": "\u98df\u4eba\u5c9b", "username": "\u4e8b\u513f\u5988", "user_id": "dianyingnjxs", "rating": "\u5f88\u5dee", "date": "2016-12-16", "time": "10:34:52", "comment": "\u5168\u7247\u90fd\u662f\u7528\u70c2\u4e86\u7684\u5957\u8def\uff01", "useful_count": "24"},
{"page_index": 0, "movie_id": "26840300", "title": "\u98df\u4eba\u5c9b", "username": "\u751c\u751c\u5708\ud83c\udf69", "user_id": "onlylovesk", "rating": "\u5f88\u5dee", "date": "2016-12-04", "time": "22:32:48", "comment": "\u4e3a\u4ec0\u4e48\u4e0d\u80fd\u6253\u8d1f\u5206\ud83d\ude02", "useful_count": "38"},
{"page_index": 0, "movie_id": "26840300", "title": "\u98df\u4eba\u5c9b", "username": "\u043e\u0431\u043b\u043e\u043c\u043e\u0432", "user_id": "glim", "rating": "\u8f83\u5dee", "date": "2022-03-30", "time": "20:13:06", "comment": "\u5c3a\u5ea6\u4e4b\u5185\u505a\u5230\u6700\u5f3a\u4e86", "useful_count": "0"},
{"page_index": 0, "movie_id": "26840300", "title": "\u98df\u4eba\u5c9b", "username": "someone", "user_id": "55389670", "rating": "\u5f88\u5dee", "date": "2017-11-03", "time": "08:58:16", "comment": "\u6bcf\u9694\u4e00\u6bb5\u65f6\u95f4\uff0c\u5c31\u4f1a\u627e\u4e00\u4e9b\u660e\u77e5\u662f\u70c2\u7247\u800c\u770b\u4e4b\u7684\u70c2\u7247\u3002\u3002\u3002\u6362\u6362\u53e3\u5473\uff0c\u653e\u677e\u5fc3\u60c5\u3002\u3002\u3002", "useful_count": "10"},
{"page_index": 0, "movie_id": "26840300", "title": "\u98df\u4eba\u5c9b", "username": "\u6469\u8bc3\u66fc\u73e0\u6c99\u534e", "user_id": "cn_panda", "rating": "\u5f88\u5dee", "date": "2017-02-13", "time": "16:59:08", "comment": "\u6211\u770b\u4e86\u7535\u5f71\u82f1\u6587\u540d\uff0c\u5fc3\u60f3\u8fd8\u771f\u6709\u4eba\u6562\u62cd\u201c\u9b3c\u201d\u7247\u554a...", "useful_count": "6"},
{"page_index": 0, "movie_id": "26840300", "title": "\u98df\u4eba\u5c9b", "username": "\u695a\u5c0f\u767d", "user_id": "124257806", "rating": "\u5f88\u5dee", "date": "2016-12-09", "time": "14:21:28", "comment": "\u8fa3\u9e21", "useful_count": "7"},
{"page_index": 0, "movie_id": "26840300", "title": "\u98df\u4eba\u5c9b", "username": "kingkongofkhan", "user_id": "kingkongofkhan", "rating": "\u5f88\u5dee", "date": "2017-02-11", "time": "12:21:32", "comment": "\u5988\u5988\u4e0d\u80fd\u53ea\u987e\u7740\u4f60\u53bb\u521b\u4e1a\uff01\u4e00\u4e2a\u5173\u4e8e\u53d7\u5230\u5929\u5916\u53d8\u5f02\u611f\u67d3\u7684\u8d85\u7ea7\u82f1\u96c4\u81ea\u6211\u6551\u8d4e\u7684\u6545\u4e8b\uff01", "useful_count": "10"},
{"page_index": 0, "movie_id": "26840300", "title": "\u98df\u4eba\u5c9b", "username": "\u5fc3\u0e51\u76f8\u4f9d", "user_id": "148062133", "rating": "\u5f88\u5dee", "date": "2016-12-03", "time": "15:29:06", "comment": "\u5475\u5475\u54d2", "useful_count": "10"},
{"page_index": 0, "movie_id": "26840300", "title": "\u98df\u4eba\u5c9b", "username": "\u65c5\u884c\u8005\u4e8c\u53f7", "user_id": "64526967", "rating": "\u5f88\u5dee", "date": "2017-02-25", "time": "20:26:48", "comment": "\u679c\u7136\u662f\u5728\u5d4a\u5c71\u5c9b\u62cd\u7684", "useful_count": "7"},
{"page_index": 0, "movie_id": "26840300", "title": "\u98df\u4eba\u5c9b", "username": "WIKI\u9b4f", "user_id": "wikimedia", "rating": "\u5f88\u5dee", "date": "2017-09-03", "time": "22:56:37", "comment": "\u6211\u4e3a\u4ec0\u4e48\u8981\u770b\u8fd9\u6837\u7684\u4e00\u90e8\u7247\u5b50\u554a\u554a\u554a\u554a\u554a\u554a\u554a\u554a", "useful_count": "2"},
{"page_index": 0, "movie_id": "26840300", "title": "\u98df\u4eba\u5c9b", "username": "O\u578b\u8840", "user_id": "UloveWo", "rating": "\u5f88\u5dee", "date": "2019-06-16", "time": "19:02:25", "comment": "\u6768\u51ef\u8fea\u5f88\u9002\u5408\u6f14\u8fd9\u79cd\u89d2\u8272\u3002https://www.bilibili.com/video/av13921731", "useful_count": "2"},
{"page_index": 0, "movie_id": "26840300", "title": "\u98df\u4eba\u5c9b", "username": "junoeng", "user_id": "178191381", "rating": "\u5f88\u5dee", "date": "2020-06-18", "time": "13:51:14", "comment": "\u5267\u60c5\u4e0d\u8be6\uff0c\u4eba\u7269\u4e0d\u8be6\uff0cbug\u6570\u4e0d\u80dc\u6570\u3002", "useful_count": "0"},
{"page_index": 0, "movie_id": "26840300", "title": "\u98df\u4eba\u5c9b", "username": "\u674e\u6e58", "user_id": "leexiang", "rating": "\u5f88\u5dee", "date": "2017-09-24", "time": "18:09:22", "comment": "\u5bfc\u6f14\u628a\u6bcf\u4e2a\u6f14\u5458\u90fd\u62cd\u6210\u4e86\u53bf\u57ce\u7684\u4e2d\u5b66\u540c\u5b66\u7684\u6c14\u8d28\u3002\u518d\u5410\u69fd\u4e2a\uff0c\u5927\u5168\u666f\u7528\u7684\u662f\u697c\u76d8\u6a21\u578b\uff1f\u592a\u660e\u663e\u4e86\u5427\uff1f\u8fd9\u90e8\u7535\u5f71\u662f\u6211\u5728\u7ec4\u88c5\u6f02\u4eae\u7684\u8863\u67b6\u7684\u65f6\u5019\uff0c\u968f\u624b\u64ad\u7684\u3002\u7eaf\u7cb9\u662f\u4e3a\u4e86\u8ba9\u623f\u95f4\u6709\u58f0\u97f3\u3002\u770b\u5f97\u5e76\u4e0d\u592a\u4ed4\u7ec6\u3002", "useful_count": "1"},
{"page_index": 0, "movie_id": "26840300", "title": "\u98df\u4eba\u5c9b", "username": "\u5723\u589f", "user_id": "152833029", "rating": "\u5f88\u5dee", "date": "2016-12-06", "time": "14:29:24", "comment": "\u989d\u2026\u2026\u2026\u2026\u2026\u2026\u2026\u2026\u2026\u2026", "useful_count": "3"},
{"page_index": 0, "movie_id": "26840300", "title": "\u98df\u4eba\u5c9b", "username": "Archon", "user_id": "56143102", "rating": "\u5f88\u5dee", "date": "2017-08-25", "time": "00:31:51", "comment": "\u8fd9\u7c7b\u578b\u7684\u56fd\u4ea7\u6050\u6016\u7247\u6709\u4e2a\u597d\u5904\u5c31\u662f\u53ef\u4ee5\u6beb\u4e0d\u6127\u759a\u5730\u5927\u65b9\u5730\u4e0d\u9700\u8981\u8003\u8651\u5730\u6253\u4e2a1\u661f\uff01\u4e00\u4e2a\u5b57\uff1a\u70c2\uff01\u4e0d\u56de\u60f3\u5267\u60c5\u4e86\uff0c\u7b80\u76f4\u662f\u5669\u68a6\u554a", "useful_count": "2"},
{"page_index": 0, "movie_id": "26840300", "title": "\u98df\u4eba\u5c9b", "username": "\u753b\u56fe\u6e23\u5218\u67d0", "user_id": "94150665", "rating": "\u5f88\u5dee", "date": "2021-12-13", "time": "23:58:12", "comment": "\u6bcf\u5f20\u8138\u4e11\u7684\u5404\u5177\u7279\u8272", "useful_count": "0"},
{"page_index": 0, "movie_id": "26840300", "title": "\u98df\u4eba\u5c9b", "username": "\u5149\u5f71\u6d41\u8f6c", "user_id": "119396712", "rating": "\u5f88\u5dee", "date": "2021-06-20", "time": "09:33:57", "comment": "\u4e00\u661f\u5c31\u4e00\u661f\u5427\uff0c\u604d\u60da\u4e00\u770b\u771f\u662f\u675c\u65ed\u4e1c\u3002\u4f46\u662f\u4e3a\u4ec0\u4e48\u5076\u5c14\u8fd8\u770b\u5ec9\u4ef7\u6050\u6016\u7247\u5417\uff0c\u8ddf\u73b0\u5b9e\u5dee\u4e0d\u591a\u7684\u72ec\u7279\u9b45\u529b\u3002", "useful_count": "1"},
{"page_index": 0, "movie_id": "26840300", "title": "\u98df\u4eba\u5c9b", "username": "\u6d6e\u5f71\u4eba\u751f", "user_id": "70053575", "rating": "\u8f83\u5dee", "date": "2017-05-13", "time": "17:23:18", "comment": "\u7247\u5b50\u4e0d\u597d\uff0c\u51d1\u5408\u4e24\u661f", "useful_count": "0"},
{"page_index": 0, "movie_id": "26840300", "title": "\u98df\u4eba\u5c9b", "username": "FWSWU-LLDAF", "user_id": "194663693", "rating": "\u5f88\u5dee", "date": "2022-03-22", "time": "00:47:33", "comment": "\u6709\u4e2a\u4f4e\u914d\u674e\u9635\u90c1\uff0c\u5e10\u7bf7play\u6574\u7684\u8fd8\u633a\u523a\u6fc0\uff0c\u6700\u540e\u7684\u4f1f\u5149\u6b63\u5b57\u5e55\u6ca1\u6709\u5f3a\u884c\u79d1\u5b66\u89e3\u91ca\u800c\u662f\u7559\u4e86\u4e00\u4e2a\u5f00\u653e\u5f0f\u7ed3\u5c40\uff0c\u7b97\u662f\u6709\u70b9\u513f\u5e95\u7ebf", "useful_count": "0"},
{"page_index": 0, "movie_id": "26840300", "title": "\u98df\u4eba\u5c9b", "username": "Michael_Yi", "user_id": "44397532", "rating": "\u5f88\u5dee", "date": "2017-03-18", "time": "00:08:50", "comment": "1\u5206\u949f\u770b\u5b8c\u7535\u5f71\u7cfb\u5217", "useful_count": "1"},
{"page_index": 0, "movie_id": "26840300", "title": "\u98df\u4eba\u5c9b", "username": "\u6768\u5bb6\u5927\u5b85", "user_id": "10029555", "rating": null, "date": "2016-12-04", "time": "18:20:41", "comment": "\u8fd8\u597d\u4e0d\u8ba9\u6253\u5206\u3002\u3002\u3002\u3002\u3002\u8981\u4e0d\u7136\u6211\u90fd\u4e0d\u5fcd\u5fc3\u8fdb\u6765\u770b\u8bc4\u8bba\u4e86", "useful_count": "7"},
{"page_index": 0, "movie_id": "26840300", "title": "\u98df\u4eba\u5c9b", "username": "\u7231\u5403\u6a58\u5b50\u7684\u71da\u5c9a", "user_id": "137433178", "rating": "\u5f88\u5dee", "date": "2016-12-06", "time": "15:26:11", "comment": "\u5c01\u9762\u6709\u70b9\u6deb\u5996\u866b\u7684\u5473\u9053\u3002", "useful_count": "2"},
{"page_index": 0, "movie_id": "26840300", "title": "\u98df\u4eba\u5c9b", "username": "\u8c46\u74e3\u8c46\u74e3", "user_id": "135403425", "rating": "\u5f88\u5dee", "date": "2019-04-25", "time": "21:49:59", "comment": "\u8fd9\u4e2a\u5783\u573e\u7247\u8fd8\u662f\u4e2avip\uff0c\u54ea\u91cc\u6765\u7684\u8138", "useful_count": "1"},
{"page_index": 0, "movie_id": "26840300", "title": "\u98df\u4eba\u5c9b", "username": "pauper", "user_id": "41158884", "rating": "\u5f88\u5dee", "date": "2017-02-14", "time": "09:25:57", "comment": "\u5f00\u7bc7\u6211\u4ee5\u4e3a\u8981\u6284\u300a\u5f7c\u5cb8\u5c9b\u300b\uff0c\u5230\u540e\u9762\u8fdenm\u6545\u4e8b\u4e3a\u4ec0\u4e48\u90fd\u61d2\u5f97\u8bf4\u4e86\uff0c\u5168\u8d56\u9668\u77f3\uff0c\u7ed3\u5c3e\u9760\u5b57\u5e55\uff0c\u8fd8\u50cf\u9a97\u7b2c\u4e8c\u90e8\u4e48\uff01", "useful_count": "3"},
{"page_index": 0, "movie_id": "26840300", "title": "\u98df\u4eba\u5c9b", "username": "\u6e05\u96c5\u6212\u5962", "user_id": "194286859", "rating": "\u5f88\u5dee", "date": "2020-10-19", "time": "23:36:22", "comment": "\u672c\u6765\u5427\uff0c\u98df\u4eba\u690d\u7269\u5438\u5f15\u4eba\u6765\u5230\u5b64\u5c9b\u4e0a\u7684\u8bbe\u5b9a\u8fd8\u53ef\u4ee5\uff0c\u4e0d\u8fc7\u60f3\u5230\u5168\u7247\u90fd\u662f\u6284\u88ad\u7684\uff0c\u90a3\u5c31\u6ca1\u6709\u4f18\u70b9\u53ef\u8a00\u4e86\u3002", "useful_count": "0"},
{"page_index": 0, "movie_id": "26840300", "title": "\u98df\u4eba\u5c9b", "username": "\u8328\u6728\u6728", "user_id": "1350145", "rating": "\u5f88\u5dee", "date": "2016-12-09", "time": "15:49:46", "comment": "\u5475\u5475", "useful_count": "1"},
{"page_index": 0, "movie_id": "26840300", "title": "\u98df\u4eba\u5c9b", "username": "\u5be1\u4eba\u53eb\u5565\u597d\u5462", "user_id": "87979553", "rating": "\u5f88\u5dee", "date": "2018-11-03", "time": "23:46:26", "comment": "\u97e9\u8363\u53d1\uff0c\u8bb0\u4f4f\u4f60\u7684\u903c\u683c\u662f\u548c\u4e03\u7237\u642d\u620f\u7684\uff01", "useful_count": "0"},
{"page_index": 0, "movie_id": "26840300", "title": "\u98df\u4eba\u5c9b", "username": "\u5f20\u65e0\u60c5", "user_id": "59408878", "rating": "\u5f88\u5dee", "date": "2017-08-29", "time": "20:08:36", "comment": "\u5176\u5b9e\u4e5f\u4e0d\u8981\u62b1\u592a\u5927\u5e0c\u671b\uff0c\u8fd9\u79cd\u7247\u5b50\u5f53\u5927\u5bb6\u6765\u627e\u832c\uff0c\u56fe\u4e2a\u4e50\u5c31\u597d\u3002", "useful_count": "0"},
{"page_index": 0, "movie_id": "26840300", "title": "\u98df\u4eba\u5c9b", "username": "\u6f29\u6da1", "user_id": "2335013", "rating": "\u8f83\u5dee", "date": "2017-03-08", "time": "11:23:12", "comment": "\u6050\u6016\u5e9f\u589f\u7684\u6897\uff0c\u4f46\u662f\u4f60\u501f\u9274\u4e5f\u4e0d\u501f\u9274\u7684\u597d\u4e00\u70b9\u3002\n\u5973\u4e3b\u6574\u5bb9\u8138\uff0c\u795e\u5a46\u667a\u5546\u4e0d\u5728\u7ebf\uff0c\u8587\u8587\u7684\u5c0f\u6f14\u5458\u597d\u96be\u770b\uff0c\u6b63\u9762\u5bf9\u7740\u5988\u5988\u7684\u65f6\u5019\u6211\u5dee\u70b9\u7b11\u6b7b\u3002\u8bdd\u8bf4\u65e2\u7136\u5730\u4e0b\u662f\u690d\u7269\u7684\u8001\u7a9d\uff0c\u4f60\u968f\u4fbf\u591a\u6302\u70b9\u690d\u7269\u597d\u4e0d\u597d\uff0c\u5e72\u51c0\u7684\u597d\u50cf\u6e05\u6d01\u963f\u59e8\u5929\u5929\u6253\u626b\u4e00\u6837\u3002\u722c\u5c71\u864e\u5047\u7684\u4e0d\u80fd\u518d\u5047\u3002\u53e6\u5916\u53cd\u6d3e\u6751\u540d\u90a3\u5954\u8dd1\u59ff\u52bf\u770b\u7740\u83ab\u540d\u7684\u559c\u611f\uff0c\u611f\u89c9\u771f\u6d3b\u6cfc\u3002", "useful_count": "2"},
{"page_index": 0, "movie_id": "26840300", "title": "\u98df\u4eba\u5c9b", "username": "\u71d5\u5c71\u6653\u6708", "user_id": "159674734", "rating": "\u8fd8\u884c", "date": "2019-08-14", "time": "20:45:04", "comment": "\u6ca1\u60f3\u5230\u6709\u4e00\u5929\u4f1a\u7ed9\u56fd\u4ea7\u6050\u6016\u7247\u6253\u4e2a3\u661f\uff0c\u786e\u5b9e\u6ca1\u610f\u601d\uff0c\u5267\u60c5\u8001\u5957\u4e14\u7279\u6548\u771f\u771f\u7684\u4e94\u6bdb\u3002\u4e00\u822c\u60c5\u51b5\u4e0b\uff0c\u8fd9\u79cd\u7535\u5f71\u6211\u662f\u4e0d\u70b9\u5f00\u7684\uff0c\u4e0d\u8fc7\u4eca\u5929\u5403\u996d\u7684\u65f6\u5019\u60f3\u6d6a\u8d39\u4e00\u4e0b\u65f6\u95f4\uff0c\u786e\u5b9e\u633a\u6ca1\u52b2\u7684\uff0c\u4f46\u662f\u81f3\u5c11\u662f\u52aa\u529b\u7684\uff0c\u56e0\u4e3a\u6574\u7247\u5927\u903b\u8f91\u662f\u6ca1\u6709\u95ee\u9898\u7684\uff0c\u4e00\u6b65\u63a5\u7740\u4e00\u6b65\uff0c\u867d\u7136\u975e\u5e38\u7684\u5e73\u6de1\uff0c\u4f46\u662f\u6f14\u5458\u7684\u8868\u6f14\u5f88\u60ca\u559c\uff0c\u56e0\u4e3a\u4ed6\u4eec\u4e0d\u662f\u5728\u6f14\uff0c\u800c\u662f\u591a\u5c11\u5f00\u59cb\u8fdb\u53bb\u4e86\u89d2\u8272\u30023\u661f\u662f\u62b1\u6709\u60c5\u6000\u7684\uff0c\u5e0c\u671b\u56fd\u4ea7\u6050\u6016\u7247\u53ef\u4ee5\u66f4\u597d\uff0c\u5e0c\u671b\u6f14\u5458\u80fd\u8d70\u7684\u66f4\u8fdc\u5427\u3002", "useful_count": "1"},
{"page_index": 0, "movie_id": "26840300", "title": "\u98df\u4eba\u5c9b", "username": "\u9010\u8f89", "user_id": "102647175", "rating": null, "date": "2019-05-20", "time": "21:45:58", "comment": "\u6574\u5bb9\u8138\u5927\u957f\u817f  \u7968\u623f\u65e5\u5e38\u6251\u51fa\u9b3c", "useful_count": "0"},
{"page_index": 0, "movie_id": "26840300", "title": "\u98df\u4eba\u5c9b", "username": "\u4e91\u65e0\u6708", "user_id": "48706650", "rating": "\u5f88\u5dee", "date": "2017-05-20", "time": "22:01:57", "comment": "\u56fd\u4ea7\u6050\u6016\u7247\uff0c\u5176\u5b9e\u5f88\u60f3\u7ed9\u8d1f\u5206", "useful_count": "0"},
{"page_index": 0, "movie_id": "26840300", "title": "\u98df\u4eba\u5c9b", "username": "\u708e\u306e\u6731\u96c0 | Jon", "user_id": "Rikku", "rating": "\u5f88\u5dee", "date": "2017-04-03", "time": "11:35:27", "comment": "\u7adf\u7136\u4e0d\u80fd\u7ed90\u2b50", "useful_count": "0"},
{"page_index": 0, "movie_id": "26840300", "title": "\u98df\u4eba\u5c9b", "username": "kazuma", "user_id": "51715999", "rating": "\u5f88\u5dee", "date": "2017-01-02", "time": "22:31:16", "comment": "\u5929\u554a\uff0c\u5c31\u7b97\u53bb\u62cd\u4e00\u5768\u5c4e\u4e5f\u4e0d\u6bd4\u8fd9\u7535\u5f71\u5dee", "useful_count": "4"},
{"page_index": 0, "movie_id": "26840300", "title": "\u98df\u4eba\u5c9b", "username": "\u563b\u563b\u5f17\u65af", "user_id": "Zero0919", "rating": "\u8fd8\u884c", "date": "2017-02-12", "time": "15:04:48", "comment": "\u5783\u573e\uff0c\u6d6a\u8d39\u5c9b\u4e0a\u7684\u98ce\u666f", "useful_count": "2"},
{"page_index": 0, "movie_id": "26840300", "title": "\u98df\u4eba\u5c9b", "username": "\u7761\u795emetoo", "user_id": "67115672", "rating": "\u5f88\u5dee", "date": "2017-05-21", "time": "16:47:32", "comment": "\u4ec0\u4e48\u9b3c\u3002\u3002\u3002", "useful_count": "1"},
{"page_index": 0, "movie_id": "26840300", "title": "\u98df\u4eba\u5c9b", "username": "Nice\u5143\u5b9d", "user_id": "Levon", "rating": null, "date": "2017-04-19", "time": "22:59:22", "comment": "\u4f2a\u7f16\u5267\u7684\u4f2a\u5957\u8def\uff0c\u4f2a\u5bfc\u6f14\u7684\u4f2a\u7535\u5f71\u3002", "useful_count": "0"},
{"page_index": 0, "movie_id": "26840300", "title": "\u98df\u4eba\u5c9b", "username": "\u4f55\u5915", "user_id": "he-xi", "rating": "\u5f88\u5dee", "date": "2017-02-14", "time": "07:28:42", "comment": "\u814a\u9e21", "useful_count": "1"},
{"page_index": 0, "movie_id": "26840300", "title": "\u98df\u4eba\u5c9b", "username": "Great Silence", "user_id": "199534669", "rating": "\u5f88\u5dee", "date": "2022-07-24", "time": "13:58:22", "comment": "\u54c8\u54c8\u54c8\u54c8\u54c8\u770b\u7b11\u4e86", "useful_count": "0"},
{"page_index": 0, "movie_id": "26840300", "title": "\u98df\u4eba\u5c9b", "username": "CHn\ud83c\udde8\ud83c\uddf3\ud83c\udde8\ud83c\uddf3", "user_id": "165970107", "rating": "\u5f88\u5dee", "date": "2018-05-16", "time": "21:57:06", "comment": "\u5c3c\u739b\u5149\u662f\u4ece\u6d77\u62a5\u5c31\u53ef\u4ee5\u770b\u51fa\u6765\u8fd9\u5c31\u662f\u4e00\u4e2a\u7edd\u9876\u70c2\u7247\u3002", "useful_count": "0"},
{"page_index": 0, "movie_id": "26840300", "title": "\u98df\u4eba\u5c9b", "username": "CC\u7684\u68a6\u60f3", "user_id": "43190703", "rating": "\u5f88\u5dee", "date": "2017-04-24", "time": "18:30:17", "comment": "\u7f16\u5267\u592a\u5f31\u4e86\u3002\u3002\u6d6a\u8d39\u90a3\u4e48\u597d\u7684\u4e00\u4e2a\u62cd\u6444\u5730\u70b9", "useful_count": "0"},
{"page_index": 0, "movie_id": "26840300", "title": "\u98df\u4eba\u5c9b", "username": "\u5f00\u5fc3\u5feb\u4e50\u6bcf\u4e00\u5929", "user_id": "154292831", "rating": "\u8f83\u5dee", "date": "2017-05-20", "time": "21:39:58", "comment": "\u8fd9\u662f\u4ec0\u4e48\u610f\u601d\u554a\uff1f\u6ca1\u610f\u601d\u3002", "useful_count": "1"},
{"page_index": 0, "movie_id": "26840300", "title": "\u98df\u4eba\u5c9b", "username": "\u00a5\u311f(\u00b4\uff65\u1d17\uff65`)\u30ce$", "user_id": "148891489", "rating": "\u8fd8\u884c", "date": "2020-10-04", "time": "17:31:03", "comment": "\u672c\u6765\u6ca1\u4e8b\u968f\u4fbf\u627e\u4e2a\u770b\u770b\u7684\uff0c\u6ca1\u60f3\u5230\u7adf\u7136\u6bd4\u60f3\u8c61\u7684\u597d\u70b9\u867d\u7136\u6f14\u6280\u70c2\u4e86\u70b9\uff0c\u4f46\u662f\u8fd9\u6b21\u81f3\u5c11\u771f\u7684\u662f\u85e4\u8513\u5c0f\u5c9b\u6210\u7cbe\u4e86\uff0c\u800c\u4e0d\u662f\u795e\u7ecf\u75c5\u4ec0\u4e48\u7684\u5e7b\u89c9\u3002\u4e09\u661f\u9f13\u52b1\u4e0b", "useful_count": "0"},
{"page_index": 0, "movie_id": "26840300", "title": "\u98df\u4eba\u5c9b", "username": "\u4e00\u987e\u503e\u57ce", "user_id": "133350413", "rating": "\u5f88\u5dee", "date": "2017-03-20", "time": "00:36:38", "comment": "\u597d\u4e45\u6ca1\u770b\u56fd\u4ea7\u6050\u6016\u7247\u4e86\uff0c\u89c9\u5f97\u8fd8\u662f\u4e00\u5982\u65e2\u5f80\u7684\u70c2\u554a\uff0c\u4e0d\u8fc7\u53eb\u58f0\u8fd8\u662f\u5f88\u4e0d\u9519\u7684", "useful_count": "1"},
{"page_index": 0, "movie_id": "26840300", "title": "\u98df\u4eba\u5c9b", "username": "zww1993", "user_id": "140082157", "rating": "\u8fd8\u884c", "date": "2017-04-26", "time": "23:53:59", "comment": "\u8fd9\u7247\u5728\u6050\u6016\u7247\u91cc\u8fd8\u7b97\u53ef\u4ee5\u7684\u3002\u3002\u3002", "useful_count": "0"},
{"page_index": 0, "movie_id": "26840300", "title": "\u98df\u4eba\u5c9b", "username": "\u5c11\u8bf4\u5e9f\u8bdd", "user_id": "120550066", "rating": "\u5f88\u5dee", "date": "2017-02-10", "time": "17:51:03", "comment": "\u8fd8\u771f\u7684\u4e0d\u5e26\u9b3c\uff0c\u6709\u8fdb\u6b65\ud83d\ude02", "useful_count": "2"},
{"page_index": 0, "movie_id": "26840300", "title": "\u98df\u4eba\u5c9b", "username": "\u7eaa\u672b\u4e36\u7eed\u5199", "user_id": "Swingslove", "rating": "\u5f88\u5dee", "date": "2016-12-03", "time": "12:51:49", "comment": "\u4e00\u5768", "useful_count": "6"},
{"page_index": 0, "movie_id": "26840300", "title": "\u98df\u4eba\u5c9b", "username": "\u5c0fl", "user_id": "208030341", "rating": "\u5f88\u5dee", "date": "2021-07-01", "time": "18:39:34", "comment": "\u96f7\u4eba", "useful_count": "0"},
{"page_index": 0, "movie_id": "26840300", "title": "\u98df\u4eba\u5c9b", "username": "\u9ec4\u8272\u95ea\u5149", "user_id": "80676300", "rating": "\u5f88\u5dee", "date": "2017-03-19", "time": "19:44:58", "comment": "\u56fd\u4ea7\u6050\u6016\u7247 \u548c \u6297\u65e5\u795e\u5267 \u90fd\u662f\u6bd2\u7624\u554a \u5c3d\u5feb\u94f2\u9664\u5427", "useful_count": "0"},
{"page_index": 0, "movie_id": "26840300", "title": "\u98df\u4eba\u5c9b", "username": "\u4e01\u4e01", "user_id": "126031068", "rating": "\u5f88\u5dee", "date": "2017-11-19", "time": "22:33:49", "comment": "\u56e0\u4e3a\u8001\u677f\u5a18\u624d\u627e\u6765\u770b\u7684\uff0c\u7ed3\u679c\u771f\u5fc3\u770b\u4e0d\u4e0b\u53bb\uff0c\u7edd\u60c5\u5f31\u903c\uff0c\u7279\u6548\u90fd\u4e0d\u80fd\u7528\u4e94\u6bdb\u6765\u5f62\u5bb9\uff0c\u9876\u591a\u4e00\u6bdb\u4e94\u3002\u3002", "useful_count": "0"},
{"page_index": 0, "movie_id": "26840300", "title": "\u98df\u4eba\u5c9b", "username": "\u4f0a\u4e3d\u4e0d\u662f\u838e\u767d", "user_id": "178345250", "rating": "\u5f88\u5dee", "date": "2019-07-19", "time": "23:00:05", "comment": "\u6211\u5ba4\u53cb\u88ab\u8fd9\u4e2a\u7247\u5b50\u5413\u5f97\u7761\u4e0d\u7740\u89c9\uff0c\u786c\u62c9\u7740\u51e0\u4e2a\u4eba\u804a\u5929\uff0c\u90fd\u662f\u8fd9\u4e2a\u70c2\u7247\u5bb3\u7684\u3002", "useful_count": "0"},
{"page_index": 0, "movie_id": "26840300", "title": "\u98df\u4eba\u5c9b", "username": "\u53cd\u6613\u8005\u8fd4\u6613\u4e5f", "user_id": "185120819", "rating": "\u5f88\u5dee", "date": "2020-03-31", "time": "03:57:31", "comment": "\u6211\u73b0\u5728\u5c31\u60f3\u77e5\u9053\u6700\u540e\u8239\u4e0a\u90a3\u4e24\u4e2a\u6868\u662f\u600e\u4e48\u6765\u7684\uff1f", "useful_count": "0"},
{"page_index": 0, "movie_id": "26840300", "title": "\u98df\u4eba\u5c9b", "username": "\u5927\u55e8\u9171", "user_id": "renqiaoyun", "rating": null, "date": "2017-09-22", "time": "20:52:41", "comment": "\u6d17\u94b1", "useful_count": "0"},
{"page_index": 0, "movie_id": "26840300", "title": "\u98df\u4eba\u5c9b", "username": "Neutralization", "user_id": "148248366", "rating": "\u8f83\u5dee", "date": "2017-02-17", "time": "23:04:09", "comment": "\u56fd\u4ea7\u6050\u6016\u7247+\u674e\u51ef+\u8352\u5c9b=\u6ca1\u524d\u9014\u3002\u4e0b\u6b21\u591a\u653e\u51e0\u4e2a\u5927\u767d\u817f\uff0c\u5927\u5bb6\u5c31\u4e0d\u7528\u906d\u7f6a\u770b\u5267\u60c5\u4e86\u3002", "useful_count": "1"},
{"page_index": 0, "movie_id": "26840300", "title": "\u98df\u4eba\u5c9b", "username": "coco", "user_id": "57957607", "rating": "\u5f88\u5dee", "date": "2016-12-03", "time": "10:22:23", "comment": "\u6050\u6016\u5e9f\u589f\u5c71\u5be8\u5783\u573e\u7248", "useful_count": "4"},
{"page_index": 0, "movie_id": "26840300", "title": "\u98df\u4eba\u5c9b", "username": "\u707f\u707f", "user_id": "122031722", "rating": "\u8f83\u5dee", "date": "2018-12-13", "time": "01:18:30", "comment": "\u98df\u4eba\u5c9b\u4f1a\u5403\u4eba\uff0c\u4eba\u5728\u5c9b\u4e0a\u5c31\u662f\u5728\u5b83\u7684\u80c3\u91cc", "useful_count": "1"},
{"page_index": 0, "movie_id": "26840300", "title": "\u98df\u4eba\u5c9b", "username": "\u95c7", "user_id": "102698602", "rating": "\u5f88\u5dee", "date": "2019-02-18", "time": "09:57:57", "comment": "35\u5206\u5f03", "useful_count": "0"},
{"page_index": 0, "movie_id": "26840300", "title": "\u98df\u4eba\u5c9b", "username": "\u6666\u6da9\u7684\u60c5\u7eea\u8df3\u8dc3", "user_id": "47887769", "rating": "\u5f88\u5dee", "date": "2018-04-23", "time": "23:12:01", "comment": "\u7535\u89c6\u4e0a\u64ad \u65e0\u804a\u5f00\u7740\u770b\u5b8c\u4e86 \u8fd9\u7535\u5f71\u7ed9\u81ea\u5df1\u7684\u5b9a\u4f4d\u662f\u5947\u5e7b \u6050\u6016 \u6050\u6016\u6211\u4e0d\u77e5\u9053\u6709\u6ca1\u6709 \u5947\u5e7b\u662f\u771f\u7684\u975e\u5e38\u5947\u5e7b\u4e86 ", "useful_count": "0"},
{"page_index": 0, "movie_id": "26840300", "title": "\u98df\u4eba\u5c9b", "username": "\u5c0f\u86ee", "user_id": "157713004", "rating": "\u5f88\u5dee", "date": "2017-05-15", "time": "18:05:39", "comment": "\u6240\u4ee5\u8fd9\u662f\u5e9f\u589f\u7684\u6284\u88ad\u7248\uff1f", "useful_count": "0"},
{"page_index": 0, "movie_id": "26840300", "title": "\u98df\u4eba\u5c9b", "username": "Kerala", "user_id": "mybluee", "rating": "\u8f83\u5dee", "date": "2017-07-25", "time": "01:44:54", "comment": "\u5267\u60c5\u8fd8\u51d1\u5408\uff0c\u5c31\u662f\u7537\u4e3b\u89d2\u53d1\u73b0\u81ea\u5df1\u662f\u534a\u9b54\u4eba\u611f\u89c9\u5947\u602a\uff0c\u8fd8\u6709\u8001\u5934\u88ab\u53d1\u73b0\u662f\u7cbe\u795e\u5206\u88c2\u4e5f\u611f\u89c9\u5947\u602a\uff0c\u6709\u70b9\u60f3\u9b54\u6212\u91cc\u7684\u90a3\u77ee\u4eba\uff0c\u524d\u9762\u7537\u6b22\u5973\u7231\u4e5f\u611f\u89c9\u5947\u602a\uff0c\u9020\u6210\u98df\u4eba\u7684\u539f\u56e0\u53ef\u4ee5\u7406\u89e3\u4e3a\u754c\u5916\u7684\u751f\u7269\u5427\uff0c\u53ea\u80fd\u8fd9\u4e48\u8ba4\u4e3a\u4e86\uff0c\u91cc\u9762\u6240\u8c13\u7684\u611f\u60c5\uff0c\u6211\u5e76\u4e0d\u611f\u5192\uff0c\u53ef\u80fd\u662f\u4e0e\u6211\u65e0\u5173\uff0c\u800c\u4e14\u592a\u8fc7\u660e\u663e\uff0c\u54ea\u6709\u90a3\u4e48\u591a\u7684\u6211\u9519\u4e86\uff0c\u5bf9\u4e0d\u8d77\uff1f\u5fcf\u6094\u5c9b\uff1f", "useful_count": "0"},
{"page_index": 0, "movie_id": "26840300", "title": "\u98df\u4eba\u5c9b", "username": "\u683c\u5b50", "user_id": "60859540", "rating": "\u5f88\u5dee", "date": "2016-12-29", "time": "19:08:34", "comment": "\u5783\u573e\u70c2\u7247\u4e2d\u7684\u70c2\u7247\u554a~\u70c2\u7247 \u5927\u70c2\u7247 \u65e0\u804a", "useful_count": "2"},
{"page_index": 0, "movie_id": "26840300", "title": "\u98df\u4eba\u5c9b", "username": "\u5b89\u5357\u79c0", "user_id": "83268589", "rating": "\u5f88\u5dee", "date": "2017-05-28", "time": "16:57:03", "comment": "\u5c3c\u739b\u7684\uff0c\u8fd9\u4e48\u660e\u76ee\u5f20\u80c6\u7684\u6284\u88ad\u300a\u6050\u6016\u5e9f\u589f\u300b\uff0c\u8fd8\u8981\u8138\u4e0d\u3002", "useful_count": "0"},
{"page_index": 0, "movie_id": "26840300", "title": "\u98df\u4eba\u5c9b", "username": "RUH.", "user_id": "X12158", "rating": "\u5f88\u5dee", "date": "2017-02-19", "time": "11:41:13", "comment": "\u3002\u3002\u3002", "useful_count": "0"},
{"page_index": 0, "movie_id": "26840300", "title": "\u98df\u4eba\u5c9b", "username": "up\u53cc\u9c7c\u5ea7\u2018\u2019\u5fe7\u4f24", "user_id": "161829824", "rating": "\u5f88\u5dee", "date": "2019-01-17", "time": "03:00:02", "comment": "\u5c31\u90a3\u4e2a\u5360\u535c\u5e08\u548c\u7537\u4e8c\u4e0a\u5e8a\u7684\u7247\u6bb5\u8fd8\u80fd\u770b\u4e0b \u5176\u4ed6\u592a\u83dc\u4e86", "useful_count": "1"},
{"page_index": 0, "movie_id": "26840300", "title": "\u98df\u4eba\u5c9b", "username": "\u5c27\u5c0f\u7476", "user_id": "146083477", "rating": "\u8f83\u5dee", "date": "2017-04-22", "time": "21:30:22", "comment": "\u770b\u5230\u6700\u540e\uff0c\u771f\u7684\u4e0d\u662f\u7cbe\u795e\u5206\u88c2\u5e7b\u60f3\u75c7\u4e4b\u7c7b\u7684\uff0c\u771f\u7684\u51fa\u6765\u9b3c\u4e86\uff0c\u800c\u4e14\u8fd8\u6709\u4e00\u4e2a\u98df\u4eba\u7684\u9b54\u9b3c\uff0c\u7279\u6548\u80fd\u4e0d\u80fd\u66f4\u5dee\u70b9", "useful_count": "0"},
{"page_index": 0, "movie_id": "26840300", "title": "\u98df\u4eba\u5c9b", "username": "\u597d\u4eba", "user_id": "A110110110110", "rating": "\u5f88\u5dee", "date": "2021-02-22", "time": "21:49:43", "comment": "\u5509\uff5e", "useful_count": "0"},
{"page_index": 0, "movie_id": "26840300", "title": "\u98df\u4eba\u5c9b", "username": "\u7231\u6bd4\u6b7b\u66f4\u51b7", "user_id": "70421764", "rating": "\u5f88\u5dee", "date": "2017-02-11", "time": "23:36:42", "comment": "\u5bfc\u6f14: \u674e\u51ef\n\u7f16\u5267: \u5b59\u6ce2\n\u4e3b\u6f14: \u5a04\u6dc7 / \u6768\u51ef\u8fea / \u8c22\u6ce2 / \u5434\u837b / \u6768\u8fea / \u91d1\u6676 / \u675c\u65ed\u4e1c", "useful_count": "1"},
{"page_index": 0, "movie_id": "26840300", "title": "\u98df\u4eba\u5c9b", "username": ".", "user_id": "71918561", "rating": "\u5f88\u5dee", "date": "2017-03-17", "time": "21:44:34", "comment": "\u4ec0\u4e48\u9b3c", "useful_count": "0"},
{"page_index": 0, "movie_id": "26840300", "title": "\u98df\u4eba\u5c9b", "username": "\u98de\u98ce", "user_id": "1810969", "rating": "\u5f88\u5dee", "date": "2017-08-13", "time": "20:31:46", "comment": "\u5168\u5458\u771f\u540d\uff1f\u6768\u51ef\u8fea\u8eab\u6750\u989c\u503c\u90fd\u8fd8\u7b97\u4e0d\u9519\u3002\u4e0d\u8fc7\u5267\u60c5\u5b9e\u5728\u662f\u2026\u2026\u800c\u4e14\u6cb3\u5357\u62cd\u7684\uff0c\u5404\u79cd\u6cb3\u5357\u8bdd\u4e71\u5165\uff0c\u597d\u73a9\u7684\u5f88\u3002", "useful_count": "0"},
{"page_index": 0, "movie_id": "26840300", "title": "\u98df\u4eba\u5c9b", "username": "Kinki.Y", "user_id": "4337719", "rating": "\u5f88\u5dee", "date": "2017-02-15", "time": "15:11:22", "comment": "\u7075\u611f\u6765\u81ea\u201c\u6050\u6016\u5e9f\u589f\u201d\uff0c\u6ca1\u6709\u8840\u8165\uff0c\u6ca1\u6709\u5c16\u53eb\uff0c\u6ca1\u6709\u4e00\u60ca\u4e00\u4e4d\uff0c\u751a\u81f3\u4eba\u7269\u5339\u914d\u90fd\u6076\u5fc3\u7684\u7535\u5f71\uff0c\u4ece\u5934\u5230\u5c3e\u4e5f\u6ca1\u6709\u9ad8\u6f6e\u8fc7\u5c31\u7ed3\u675f\u4e86\u4e5f\u96be\u5f97\uff01", "useful_count": "0"},
{"page_index": 0, "movie_id": "26840300", "title": "\u98df\u4eba\u5c9b", "username": "\u8c1b\u971c", "user_id": "rsrzrcj_byr", "rating": null, "date": "2021-02-18", "time": "05:17:07", "comment": "\u771f\u7684\uff0c\u70c2\u5230\u61d2\u5f97\u8bc4\u5206\n\u8fd9\u4e5f\u80fd\u62cd\u6210\u7535\u5f71", "useful_count": "0"},
{"page_index": 0, "movie_id": "26840300", "title": "\u98df\u4eba\u5c9b", "username": "selina", "user_id": "45731404", "rating": "\u5f88\u5dee", "date": "2017-09-11", "time": "18:32:35", "comment": "\u542c\u8bf4\u8fd9\u90e8\u7535\u5f71\u662f\u7528\u6765\u6d17\u94b1\u7684\uff1f\u6d17\u4e86\u591a\u5c11\u8c01\u77e5\u9053", "useful_count": "0"},
{"page_index": 0, "movie_id": "26840300", "title": "\u98df\u4eba\u5c9b", "username": "\u8c46\u53cb94143567", "user_id": "lyc20150401", "rating": null, "date": "2017-08-03", "time": "18:41:07", "comment": "\u548c\u59b9\u59b9\u4eec\u4e00\u8d77\u65e0\u804a\u770b\u7684\u263a", "useful_count": "0"},
{"page_index": 0, "movie_id": "26840300", "title": "\u98df\u4eba\u5c9b", "username": "\u6d82\u5c0f\u54c8", "user_id": "139337328", "rating": "\u5f88\u5dee", "date": "2020-02-04", "time": "13:30:12", "comment": "\u6d59\u6c5f\u821f\u5c71\u67b8\u675e\u5c9b...", "useful_count": "0"},
{"page_index": 0, "movie_id": "26840300", "title": "\u98df\u4eba\u5c9b", "username": "\u5fe7\u90c1\u5c0f\u732b\u732b", "user_id": "130787417", "rating": "\u8f83\u5dee", "date": "2016-11-29", "time": "12:43:48", "comment": "\u54c8\u54c8\u54c8\u597d\u51b7\u7684\u7247\u5b50", "useful_count": "3"},
{"page_index": 0, "movie_id": "26840300", "title": "\u98df\u4eba\u5c9b", "username": "EvilGoblin", "user_id": "64996012", "rating": null, "date": "2017-06-16", "time": "19:56:10", "comment": "\u5403\u4eba\u8349\u3002", "useful_count": "0"},
{"page_index": 0, "movie_id": "26840300", "title": "\u98df\u4eba\u5c9b", "username": "\u6731\u989c\u7ade\u98ce\u6d41", "user_id": "73880179", "rating": "\u5f88\u5dee", "date": "2017-07-21", "time": "13:58:01", "comment": "\u771f\u5fc3\u4e0d\u597d\u770b\u3002", "useful_count": "0"},
{"page_index": 0, "movie_id": "26840300", "title": "\u98df\u4eba\u5c9b", "username": "\u5c0f\u8001\u4eba\uff0a", "user_id": "153898226", "rating": null, "date": "2016-12-21", "time": "11:05:52", "comment": "\u4e2d\u56fd\u7684\u6050\u6016\u7247\u5c31\u662f\u8fd9\u6837\u2026", "useful_count": "0"},
{"page_index": 0, "movie_id": "26840300", "title": "\u98df\u4eba\u5c9b", "username": "Hee\u9d09", "user_id": "102402145", "rating": "\u5f88\u5dee", "date": "2017-07-30", "time": "13:34:47", "comment": "\u6ca1\u6709\u6700\u70c2\u53ea\u6709\u66f4\u70c2", "useful_count": "0"},
{"page_index": 0, "movie_id": "26840300", "title": "\u98df\u4eba\u5c9b", "username": "Nora Roberts", "user_id": "65988925", "rating": "\u5f88\u5dee", "date": "2017-03-30", "time": "11:02:17", "comment": "\u6eda\u4f60mmp", "useful_count": "0"},
{"page_index": 0, "movie_id": "26840300", "title": "\u98df\u4eba\u5c9b", "username": "momo", "user_id": "lammanyuk", "rating": "\u5f88\u5dee", "date": "2017-04-18", "time": "01:10:22", "comment": "\ud83d\ude44\ud83d\ude44\ud83d\ude44\ud83d\ude44\ud83d\ude44\ud83d\ude44\ud83d\ude44\ud83d\ude44\ud83d\ude44", "useful_count": "0"},
{"page_index": 0, "movie_id": "26840300", "title": "\u98df\u4eba\u5c9b", "username": "\u4e39\u4e39", "user_id": "65679197", "rating": "\u8fd8\u884c", "date": "2016-12-05", "time": "15:51:03", "comment": "\u5267\u60c5\u4e0d\u597d\u770b\uff0c\u5f88\u70c2\u554a", "useful_count": "0"},
{"page_index": 0, "movie_id": "26840300", "title": "\u98df\u4eba\u5c9b", "username": "\u6b32\u628a\u897f\u6e56\u6bd4\u897f\u5b50", "user_id": "62113049", "rating": "\u5f88\u5dee", "date": "2017-04-02", "time": "15:56:27", "comment": "\u4e0d\u77e5\u6240\u4e91\u3002", "useful_count": "0"},
{"page_index": 0, "movie_id": "26840300", "title": "\u98df\u4eba\u5c9b", "username": "\u5929\u8981\u4e0b\u706b", "user_id": "167846852", "rating": "\u5f88\u5dee", "date": "2019-07-08", "time": "21:38:32", "comment": "\u70c2\u7247\u597d\u6b79\u9732\u4e2a\u80f8\u9732\u4e2a\u817f\u554a\uff0c\u592a\u4e0d\u8d70\u5fc3\u4e86", "useful_count": "0"},
{"page_index": 0, "movie_id": "26840300", "title": "\u98df\u4eba\u5c9b", "username": "\u9634\u5f71", "user_id": "151194340", "rating": "\u5f88\u5dee", "date": "2016-12-03", "time": "23:12:35", "comment": "\u70c2\u7247\u8d70\u8d77", "useful_count": "1"},
{"page_index": 0, "movie_id": "26840300", "title": "\u98df\u4eba\u5c9b", "username": "\u6653\u98ce\u7eff\u8336\u5496\u5561", "user_id": "56049056", "rating": "\u5f88\u5dee", "date": "2017-02-12", "time": "19:46:10", "comment": "\u7b80\u76f4\u4e0d\u77e5\u6240\u8c13\uff0c\u4e3a\u4f55\u6211\u4f1a\u770b\u4e0b\u53bb\uff0c\u56e0\u4e3a2\u65e0\u804a\u3002\u65e0\u8bba\u7f16\u5267\u548c\u6f14\u5458\u90fd\u7279\u70c2\uff0c\u4f60\u4ed6\u5417\u8fde\u8fd9\u4e2a\u5c9b\u7684\u6765\u5386\u90fd\u4e0d\u53d1\u6398\u4e00\u4e0b\uff0c\u8fd9\u7f16\u5267\u7b80\u76f4\u662f\u5783\u573e\uff0c\u5c31\u77e5\u9053\u5e7b\u89c9\u98df\u4eba\uff0c\u7ed3\u5c3e\u66f4\u52a0\u65e0\u8bed\uff0c\u90a3\u4e2a\u5927\u53d4\u5e94\u8be5\u66f4\u50cf\u9b54\u4eba\u5427\uff01\u65e5", "useful_count": "0"},
{"page_index": 0, "movie_id": "26840300", "title": "\u98df\u4eba\u5c9b", "username": "\u8d6b\u4e09\u4e0d\u5728\u8f66\u4e0a", "user_id": "51533982", "rating": null, "date": "2017-02-19", "time": "10:43:53", "comment": "\u626f\u728a\u5b50", "useful_count": "0"},
{"page_index": 0, "movie_id": "26840300", "title": "\u98df\u4eba\u5c9b", "username": "\u674e\u82f1\u6770\u5d14\u6167\u6885", "user_id": "82520014", "rating": "\u5f88\u5dee", "date": "2017-03-26", "time": "00:16:53", "comment": "\u5783\u573e\u7535\u5f71", "useful_count": "0"},
{"page_index": 0, "movie_id": "26840300", "title": "\u98df\u4eba\u5c9b", "username": "IVAN", "user_id": "149670576", "rating": "\u5f88\u5dee", "date": "2017-07-18", "time": "20:47:39", "comment": "\u56fd\u4ea7\u70c2\u7247", "useful_count": "0"},
{"page_index": 0, "movie_id": "26840300", "title": "\u98df\u4eba\u5c9b", "username": "\u7a7a\u54e5\u5531\u6b4c\u4e86\u5417", "user_id": "zhouxiaoxian007", "rating": "\u5f88\u5dee", "date": "2017-02-12", "time": "16:26:10", "comment": "\u5475\u5475", "useful_count": "0"},
{"page_index": 0, "movie_id": "26840300", "title": "\u98df\u4eba\u5c9b", "username": "\u98de\u7fd4\u5fc3\u7075\u4e4b\u5bb6", "user_id": "87743484", "rating": "\u5f88\u5dee", "date": "2017-04-15", "time": "23:34:26", "comment": "\u5267\u60c5\u6284\u88ad\uff0c\u4e3b\u89d2\u4e0d\u77e5\u6240\u8c13\u7684\u6f14\u7ece\uff0c\u5c31\u662f\u51e0\u4e2a\u5927\u80f8\u5973\u5728\u535a\u773c\u7403\u3002", "useful_count": "0"},
{"page_index": 0, "movie_id": "26840300", "title": "\u98df\u4eba\u5c9b", "username": "\u5929\u5929\u90fd\u5f88\u731b", "user_id": "indiell", "rating": null, "date": "2016-12-06", "time": "22:01:52", "comment": "\u8fd9\u79cd\u7c7b\u578b\u7684\u56fd\u4ea7\u7247\u53ef\u4ee5\u7edf\u4e00\u53eb\u505a\u5c4e\u3002", "useful_count": "2"},
{"page_index": 0, "movie_id": "26840300", "title": "\u98df\u4eba\u5c9b", "username": "\u5c0f\u68cd", "user_id": "27403984", "rating": "\u5f88\u5dee", "date": "2017-02-19", "time": "10:40:45", "comment": "\u6ca1\u4ec0\u4e48\u610f\u601d\uff0c\u4e5f\u4e0d\u592a\u5413\u4eba", "useful_count": "0"},
{"page_index": 0, "movie_id": "26840300", "title": "\u98df\u4eba\u5c9b", "username": "\u533f\u7389\u61ff", "user_id": "zhfzhexue", "rating": "\u8f83\u5dee", "date": "2017-06-22", "time": "18:48:07", "comment": "\u5360\u535c\u5e08\u7c73\u5a05\u662f\u4e2a\u9017\u6bd4\uff0c\u70ae\u53cb\u6302\u4e86\u8fd8\u54ed\u8fd9\u4e48\u72e0 \u597d\u5047", "useful_count": "1"},
{"page_index": 0, "movie_id": "26840300", "title": "\u98df\u4eba\u5c9b", "username": "\u6b63\u7115", "user_id": "VivianHager6", "rating": "\u5f88\u5dee", "date": "2020-09-19", "time": "01:45:37", "comment": "\u6811\u679d\u8bbe\u5b9a\u4e0d\u9519", "useful_count": "0"},
{"page_index": 0, "movie_id": "26840300", "title": "\u98df\u4eba\u5c9b", "username": "\u6625\u866b\u866b\u866b\u866b\u98de", "user_id": "156974171", "rating": "\u5f88\u5dee", "date": "2017-06-24", "time": "23:24:06", "comment": "\u7236\u5b50\u670b\u53cb\u59ca\u59b9\u5973\u53cb\u77ed\u4fe1\u9080\u8bf7\u5230\u5c9b\u4e0a\u6d3b\u52a8\uff0c\u4e0a\u5cb8\u540e\u5c9b\u4e0a\u5168\u90e8\u623f\u5c4b\u7a7a\u7f6e\uff0c\u722c\u5899\u864e\u5168\u9762\u8986\u76d6\uff0c\u5bfb\u627e\u4e0d\u5230\u4efb\u4f55\u4e00\u4eba\uff0c\u9010\u4e2a\u79bb\u5947\u5931\u8e2a\uff0c\u8be5\u5c9b\u4e3a\u6076\u9b54\u98df\u4eba\u5c9b\uff0c\u5728\u5c9b\u4e0a\u7684\u4eba\u4f1a\u88ab\u722c\u5899\u864e\u62d6\u81f3\u80c3\u6c60\u6d88\u5316\u3002\u5404\u79cd\u4e0d\u5408\u903b\u8f91\uff0c\u5404\u79cd\u5957\u8def\uff0c\u5404\u79cd\u7b11\u70b9\uff0c\u6050\u6016\u5230\u60f3\u7b11\uff0c\u7279\u6280\u5dee\u6389\u6e23\u4e86\u3002\u4e2d\u56fd\u7684\u6050\u6016\u7247\u771f\u662f\u4f5c\u5455\u7684\u611f\u89c9\u3002", "useful_count": "0"},
{"page_index": 0, "movie_id": "26840300", "title": "\u98df\u4eba\u5c9b", "username": "\u6c5f\u6e56\u6e38\u4fa0", "user_id": "182635330", "rating": "\u5f88\u5dee", "date": "2020-08-28", "time": "13:16:54", "comment": "\u5f88\u70c2\u3002\u3002\u3002\u3002\u3002", "useful_count": "0"},
{"page_index": 0, "movie_id": "26840300", "title": "\u98df\u4eba\u5c9b", "username": "AdonisPrasy", "user_id": "142018387", "rating": "\u5f88\u5dee", "date": "2018-01-25", "time": "23:27:25", "comment": "\u592a\u641e\u7b11\u4e86\uff01\uff01", "useful_count": "0"},
{"page_index": 0, "movie_id": "26840300", "title": "\u98df\u4eba\u5c9b", "username": "lulumay", "user_id": "4674424", "rating": "\u5f88\u5dee", "date": "2017-11-25", "time": "00:10:03", "comment": "\u7b97\u662f\u660e\u767d\u4e86\u4e3a\u6bdb\u8fd9\u4e48\u591a\u4eba\u8bc4\u8bba\u662f\u6050\u6016\u559c\u5267\u7247\uff0c\u540e\u534a\u6bb55\u5206\u7279\u6548\u5feb\u7b11\u6b7b\u4e86\u2026\u2026\u5bfc\u6f14\u7f16\u5267\u620f\u592a\u8db3\u4e86", "useful_count": "0"},
{"page_index": 0, "movie_id": "26840300", "title": "\u98df\u4eba\u5c9b", "username": "\u62d6\u62c9\u75c7\u51a0\u519b\u2122", "user_id": "KuSssssso", "rating": "\u5f88\u5dee", "date": "2018-12-17", "time": "22:31:25", "comment": "\u6211\u5c45\u7136\u770b\u5b8c\u4e86", "useful_count": "0"},
{"page_index": 0, "movie_id": "26840300", "title": "\u98df\u4eba\u5c9b", "username": "\u5317\u4eac\u5356\u76d8\u7684", "user_id": "superrongyy", "rating": "\u5f88\u5dee", "date": "2017-06-11", "time": "20:23:27", "comment": "\u4e0d\u7528\u6d6a\u8d39\u65f6\u95f4\u4e86~", "useful_count": "0"},
{"page_index": 0, "movie_id": "26840300", "title": "\u98df\u4eba\u5c9b", "username": "\u4f18\u5348\u5927\u4eba", "user_id": "duokuluo", "rating": "\u5f88\u5dee", "date": "2017-03-07", "time": "18:36:42", "comment": "\u4ec0\u4e48\u9b3c\u7cfb\u5217\u2026\u2026\u60f3\u4e0d\u5230\u8fd8\u771f\u7684\u5413\u5230\u6211\u4e00\u6b21\uff0c\u6454", "useful_count": "0"},
{"page_index": 0, "movie_id": "26840300", "title": "\u98df\u4eba\u5c9b", "username": "\u4eba\u751f\u82e6\u4e50\u53c2\u534a", "user_id": "58317661", "rating": "\u5f88\u5dee", "date": "2017-04-06", "time": "18:49:54", "comment": "\u675c\u8001\u5e08\uff0c\u4f60\u662f\u6536\u4e86\u591a\u5c11\u94b1\u8dd1\u6765\u62cd\u8fd9\u7535\u5f71\uff1f\ud83d\ude02", "useful_count": "0"},
{"page_index": 0, "movie_id": "26840300", "title": "\u98df\u4eba\u5c9b", "username": "\u6728\u6728\u53f6", "user_id": "138537819", "rating": "\u5f88\u5dee", "date": "2016-12-08", "time": "13:30:31", "comment": "\u540d\u5b57\u5267\u60c5\u90fd\u662f\u6765\u6076\u5fc3\u4eba\u7684\u3002\u3002", "useful_count": "1"},
{"page_index": 0, "movie_id": "26840300", "title": "\u98df\u4eba\u5c9b", "username": "DX3906", "user_id": "39521864", "rating": "\u5f88\u5dee", "date": "2017-02-13", "time": "00:26:02", "comment": "\u6211\u4e00\u76f4\u4ee5\u4e3a\u5f88\u591a\u7247\u5b50\u662f\u6ca1\u6709\u5e02\u573a\u7684\uff0c\u4f46\u5c42\u51fa\u4e0d\u7a77\u7684\u8be5\u7c7b\u578b\u8ba9\u6211\u89c9\u5f97\uff1a\u4e5f\u8bb8\u80fd\u884c\uff01\uff01\u5982\u679c\u4ed6\u7684\u6210\u672c\u4e0d\u8d85\u8fc71\u4e07\u5757\u94b1\uff0c\u53ef\u4ee5\u535610\u4e07\u7684\u7968\u623f\uff0c\u6211\u4e5f\u6253\u7b97\u62cd\u4e00\u90e8", "useful_count": "1"},
{"page_index": 0, "movie_id": "26840300", "title": "\u98df\u4eba\u5c9b", "username": "\u7aef\u6728\u532a\u6b4c", "user_id": "168558715", "rating": "\u5f88\u5dee", "date": "2020-03-16", "time": "21:20:43", "comment": "?", "useful_count": "0"},
{"page_index": 0, "movie_id": "26840300", "title": "\u98df\u4eba\u5c9b", "username": "\u90a3\u6851\u767d\u837b", "user_id": "151841790", "rating": "\u5f88\u5dee", "date": "2016-12-02", "time": "15:58:41", "comment": "\u8fd9\u4e48\u4e2d\u56fd\u5f0f\u7684\u6050\u6016\u70c2\u7247\uff0c\u6709\u751f\u4e4b\u5e74\u4f30\u8ba1\u518d\u89c1\u4e0d\u5230\u4e86\uff0c\u60a8\u662f\u56e0\u4e3a\u628a\u7968\u4ef7\u548c\u7535\u5f71\u54c1\u8d28\u505a\u7684\u5b8c\u5168\u4e0d\u76f8\u7b26\uff0c\u6240\u4ee5\u624d\u628a\u8fd9\u4e2a\u5b9a\u4f4d\u6050\u6016\u7247\u7684\u5bf9\u5427\uff1f\uff01", "useful_count": "2"},
{"page_index": 0, "movie_id": "26840300", "title": "\u98df\u4eba\u5c9b", "username": "\u7cca\u6d82\u620f\u73ed", "user_id": "164442488", "rating": "\u5f88\u5dee", "date": "2022-08-12", "time": "20:56:46", "comment": "\u7b11\u6b7b\u6211\u4e86\u3002\u3002\u3002\u592a\u96f7\u4e86\u54c8\u54c8\u54c8\u54c8\u54c8\u54c8", "useful_count": "0"},
{"page_index": 0, "movie_id": "26840300", "title": "\u98df\u4eba\u5c9b", "username": "\u8001\u961a", "user_id": "44408238", "rating": "\u5f88\u5dee", "date": "2017-08-22", "time": "10:53:58", "comment": "\u65e0\u6bdb\u7279\u6548", "useful_count": "0"},
{"page_index": 0, "movie_id": "26840300", "title": "\u98df\u4eba\u5c9b", "username": "\u4f0a\u51e1\u8bfa\u592b", "user_id": "151095052", "rating": "\u5f88\u5dee", "date": "2017-03-17", "time": "16:01:56", "comment": "\u8fd9\u4ed6\u5988\u8fd8\u80fd\u66f4\u70c2\u5417\uff1f", "useful_count": "0"},
{"page_index": 0, "movie_id": "26840300", "title": "\u98df\u4eba\u5c9b", "username": "Hook", "user_id": "23057787", "rating": "\u5f88\u5dee", "date": "2017-05-30", "time": "16:14:40", "comment": "\u5168\u7a0b\u90fd\u662f\uff1a\u8fd9\u662f\u4ec0\u4e48\u9b3c\uff1f\uff1f\uff1f", "useful_count": "0"},
{"page_index": 0, "movie_id": "26840300", "title": "\u98df\u4eba\u5c9b", "username": "Sae wave", "user_id": "194539784", "rating": "\u5f88\u5dee", "date": "2020-03-14", "time": "00:08:08", "comment": "\u5bf9\u56fd\u4ea7\u7684\u6050\u6016\u7535\u5f71\u6ca1\u6709\u5e0c\u671b\u4e86\uff0c\u4e00\u4e1d\u90fd\u6ca1\u6709", "useful_count": "0"},
{"page_index": 0, "movie_id": "26840300", "title": "\u98df\u4eba\u5c9b", "username": "\u70e7\u9e7f\u58eb", "user_id": "caoyanjun", "rating": "\u5f88\u5dee", "date": "2016-12-09", "time": "14:50:29", "comment": "\u4e0d\u77e5\u9053\u600e\u4e48\u5f62\u5bb9\u7684\u53ef\u6015\u3002\u4ee5\u53ca\u963f\u52a0\u838e\u4e00\u90e8\u300a\u65e0\u4eba\u751f\u8fd8\u300b\u5230\u5e95\u517b\u6d3b\u4e86\u591a\u5c11\u7535\u5f71\u4eba\uff1f", "useful_count": "1"},
{"page_index": 0, "movie_id": "26840300", "title": "\u98df\u4eba\u5c9b", "username": "\u5154\u9171", "user_id": "laiiyu", "rating": "\u5f88\u5dee", "date": "2017-03-20", "time": "14:13:27", "comment": "\u4e3a\u4ec0\u4e48\u6ca1\u6709\u96f6\u661f\u7684\u9009\u9879", "useful_count": "0"},
{"page_index": 0, "movie_id": "26840300", "title": "\u98df\u4eba\u5c9b", "username": "lil xan", "user_id": "149362612", "rating": "\u5f88\u5dee", "date": "2017-05-12", "time": "06:01:43", "comment": "\u4ec0\u4e48\u73a9\u610f\u554a\uff01", "useful_count": "0"},
{"page_index": 0, "movie_id": "26840300", "title": "\u98df\u4eba\u5c9b", "username": "\u4e0a\u6d41\u9970\u4f1a-\u4f60\u7684\u76ae", "user_id": "153683503", "rating": "\u5f88\u5dee", "date": "2016-12-10", "time": "23:40:29", "comment": "\u597d\u6050\u6016\uff01\uff01\u8fd9\u79cd\u5c4e\u4e0a\u7caa\u91cf\u6700\u81ed\u7684\u5783\u573e\u7247\uff0c\u5c45\u898123\u5143\u7968\u4ef7\uff0c\u771f\u662f\u592a\u6050\u6016\u4e86", "useful_count": "2"},
{"page_index": 0, "movie_id": "26840300", "title": "\u98df\u4eba\u5c9b", "username": "\u6ca1\u795e\u9a6c\u4eba", "user_id": "Hanamizuki", "rating": "\u5f88\u5dee", "date": "2018-12-03", "time": "21:34:03", "comment": "\u4e00\u6bdb\u7279\u6548\uff0c\u9b3c\u626f\u5267\u60c5\u2026\u2026\u67b8\u675e\u5c9b\u90a3\u4e48\u7f8e\uff0c\u8fd8\u8981\u52a0\u5947\u602a\u7684\u7279\u6548\u6765\u8868\u73b0\uff0c\u6709\u75c5\u554a\uff01\u542c\u8bf4\u91ce\u5916\u7528\u706b\u8fd8\u70e7\u4e86\u4eba\u5bb6\u4e00\u680b\u697c\uff0c\u771f\u7684\u6709\u75c5\u554a\uff01", "useful_count": "0"},
{"page_index": 0, "movie_id": "26840300", "title": "\u98df\u4eba\u5c9b", "username": "Scorpio", "user_id": "154909383", "rating": "\u5f88\u5dee", "date": "2017-02-10", "time": "15:10:03", "comment": "\u65e0\u8bed\u81f3\u6781\u2026", "useful_count": "1"},
{"page_index": 0, "movie_id": "26840300", "title": "\u98df\u4eba\u5c9b", "username": "\u5382\u957f\u6253\u70c2\u4e2a\u84b8\u94b5", "user_id": "146145784", "rating": "\u5f88\u5dee", "date": "2017-03-23", "time": "17:47:28", "comment": "\u5916\u56f4\u5973\u4e5f\u6709\u5e72\u7239", "useful_count": "0"},
{"page_index": 0, "movie_id": "26840300", "title": "\u98df\u4eba\u5c9b", "username": "\ud83d\udeaa\ud83c\udf19", "user_id": "157637086", "rating": "\u63a8\u8350", "date": "2021-10-12", "time": "16:06:19", "comment": "\u597d\u5c2c\n\u5c0f\u5c9b\u5403\u4eba\u5566\uff01\u8fd8\u662f\u722c\u5c71\u864e\u5403\u4eba\uff1f\u5c9b\u4ee5\u4eb2\u670b\u597d\u53cb\u7684\u8eab\u4efd\u7ed9\u4eba\u53d1\u77ed\u4fe1\u5f15\u8bf1\u4ed6\u4eec\u4e0a\u5c9b\uff0c\u5e7b\u5316\u51fa\u5728\u4e4e\u7684\u4eba\u7684\u6a21\u6837\uff0c\u7136\u540e\ud83c\udf3f\ud83c\udf3f\u4eec\u4f3a\u673a\u4e0b\u624b\uff0c\u53ea\u6709\u5973\u4e3b\u4e00\u4eba\u751f\u8fd8\u2026\u2026", "useful_count": "0"},
{"page_index": 1, "movie_id": "26840300", "title": "\u98df\u4eba\u5c9b", "username": "\u829d\u5fc3\u5f71\u8bc4\u4eba", "user_id": "142326454", "rating": "\u5f88\u5dee", "date": "2017-02-21", "time": "00:44:47", "comment": "\u60f3\u7ed90\u661f\u624b\u6296\u4e86\u4e00\u4e0b", "useful_count": "0"},
{"page_index": 1, "movie_id": "26840300", "title": "\u98df\u4eba\u5c9b", "username": "CBAJI", "user_id": "93118915", "rating": "\u5f88\u5dee", "date": "2018-02-03", "time": "20:08:01", "comment": "\u8fd9\u70c2\u7247\u662f\u7528\u6765\u6d17\u94b1\u7684\u4e48", "useful_count": "0"},
{"page_index": 1, "movie_id": "26840300", "title": "\u98df\u4eba\u5c9b", "username": "oh buddy\uff5e", "user_id": "144685568", "rating": "\u8fd8\u884c", "date": "2017-03-15", "time": "20:56:19", "comment": "\u62c9\u8fdb\u5ea6\u6761\u770b\u5b8c\u7684  \u6ca1\u6d6a\u8d39\u65f6\u95f4  \u6050\u6016\u7247\u672c\u6765\u5c31\u770b\u7684\u5c11\n\u5267\u60c5\u5c31\u4e0d\u8bf4\u4e86 \u7ed9\u4e09\u661f\u4ee5\u793a\u9f13\u52b1\u56fd\u4ea7\u7247", "useful_count": "0"},
{"page_index": 1, "movie_id": "26840300", "title": "\u98df\u4eba\u5c9b", "username": "\u5de6\u53f3Zoey", "user_id": "moxing", "rating": "\u5f88\u5dee", "date": "2017-09-08", "time": "12:50:52", "comment": "\u4e00\u661f\u6211\u90fd\u5acc\u591a\u597d\u5417\uff01\uff01\uff01", "useful_count": "0"},
{"page_index": 1, "movie_id": "26840300", "title": "\u98df\u4eba\u5c9b", "username": "\u866b\u4e8c", "user_id": "138494907", "rating": null, "date": "2017-08-05", "time": "00:52:45", "comment": "\u4e0d\u77e5\u9053\u8fd9\u79cd\u7535\u5f71\u6709\u4f55\u610f\u4e49\uff0c\u4e0d\u5230\u4e8c\u5341\u5206\u949f\u770b\u5b8c,\u5c31\u60f3\u77e5\u9053\u6709\u591a\u70c2\uff0c\u5b8c\u5168\u6ca1\u610f\u4e49\u7684\u7535\u5f71\uff01", "useful_count": "0"},
{"page_index": 1, "movie_id": "26840300", "title": "\u98df\u4eba\u5c9b", "username": "\u9a6c\u725b\u903c", "user_id": "233361021", "rating": "\u5f88\u5dee", "date": "2022-07-26", "time": "12:45:04", "comment": "\u54c8\u54c8\uff0c\u8fd9\u8f88\u5b50\u6ca1\u89c1\u8fc7\u90a3\u4e48\u4e0d\u8981\u8138\u7684\u7247\u5b50", "useful_count": "1"},
{"page_index": 1, "movie_id": "26840300", "title": "\u98df\u4eba\u5c9b", "username": "\u61d2\u5f97\u7406\u4f60", "user_id": "214610886", "rating": "\u8f83\u5dee", "date": "2020-09-27", "time": "09:25:45", "comment": "\u5267\u60c5\u5f88\u70c2\uff0c\u800c\u4e14\u4ea4\u4ee3\u4e0d\u6e05\u695a\uff0c\u4e24\u661f\uff0c\u56e0\u4e3a\u6211\u89c9\u5f97\u6050\u6016\u611f\u8fd8\u662f\u6709\u7684\u3002", "useful_count": "0"},
{"page_index": 1, "movie_id": "26840300", "title": "\u98df\u4eba\u5c9b", "username": "mds\u6bd2\u6db2", "user_id": "W1171121854", "rating": "\u8fd8\u884c", "date": "2022-04-24", "time": "20:51:19", "comment": "\u4e09\u5206\u7ed9\u5e9e\u58eb\u5143", "useful_count": "0"},
{"page_index": 1, "movie_id": "26840300", "title": "\u98df\u4eba\u5c9b", "username": "23:30", "user_id": "232935646", "rating": "\u5f88\u5dee", "date": "2022-08-23", "time": "13:30:55", "comment": "\u597d\u70c2\u7684\u7247\u5440", "useful_count": "0"},
{"page_index": 1, "movie_id": "26840300", "title": "\u98df\u4eba\u5c9b", "username": "\u6a59\u5c0f\u96e8", "user_id": "145725369", "rating": "\u8fd8\u884c", "date": "2017-05-20", "time": "19:24:47", "comment": "\u521a\u5728\u6b4c\u534e\u56de\u653e\u770b\u5b8c\u8fd9\u90e8\u7535\u5f71\uff0c\u597d\u53ed\uff0c\u5feb\u8fdb\u770b\u7684\u3002\u6211\u53ea\u80fd\u8bf4\uff0c\u5b83\u4e0d\u80fd\u8bf4\u662f\u6050\u6016\u7247\uff0c\u8fde\u60ca\u609a\u7247\u4e5f\u7b97\u4e0d\u4e0a\uff0c\u53ea\u80fd\u7b97\u60ac\u7591\u559c\u5267\u7247\uff1f", "useful_count": "0"},
{"page_index": 1, "movie_id": "26840300", "title": "\u98df\u4eba\u5c9b", "username": "\u7396\u8f9e\u53c8\u80d6\u4e86\ud83c\udf1a\ud83c\udf1d", "user_id": "241802050", "rating": "\u529b\u8350", "date": "2022-07-26", "time": "12:26:56", "comment": "\u5b83\u662f\u6211\u7b2c\u4e00\u4e2a\u770b\u7684\u9b3c\u7247 \u9664\u4e86\u4e09\u6bdb\u94b1\u7279\u6548\u4e4b\u5916 \u5176\u4ed6\u90fd\u8fd8\u4e0d\u9519 \u6211\u771f\u7684\u662f\u75af\u72c2\u5b89\u5229\u670b\u53cb\u770b", "useful_count": "2"},
{"page_index": 1, "movie_id": "26840300", "title": "\u98df\u4eba\u5c9b", "username": "\u8c46\u53cb207732412", "user_id": "207732412", "rating": "\u5f88\u5dee", "date": "2021-03-24", "time": "22:56:40", "comment": "\u770b\u4e86\u7247\u540d\u4ee5\u4e3a\u4f1a\u5f88\u597d\u770b\u6216\u8005\u6050\u6016\uff0c\u7ed3\u679c\u771f\u7684\u4e00\u8a00\u96be\u5c3d", "useful_count": "0"},
{"page_index": 1, "movie_id": "26840300", "title": "\u98df\u4eba\u5c9b", "username": "\u5c0f\u53f6\u5b50.", "user_id": "152721793", "rating": "\u5f88\u5dee", "date": "2017-04-27", "time": "15:48:36", "comment": "\u6ca1\u4ec0\u4e48\u597d\u770b\u7684\u6d6a\u8d39\u65f6\u95f4", "useful_count": "0"},
{"page_index": 1, "movie_id": "26840300", "title": "\u98df\u4eba\u5c9b", "username": "\u521d\u6674@\u5c18\u57c32017.", "user_id": "194254343", "rating": "\u5f88\u5dee", "date": "2020-09-02", "time": "15:45:32", "comment": "\u770b\u5b8c\u6211\u611f\u89c9\u4e94\u5473\u6742\u9648\uff0c\u7f16\u5267\u628a\u4eba\u7269\u5199\u7684\u592a\u50bb\u592a\u61a8\u592a\u94bb\u725b\u89d2\u6ca1\u6709\u81ea\u5df1\u89e3\u51b3\u95ee\u9898\u7684\u4e3b\u89c1\u3002\u7537\u4e3b\u6ca1\u6f14\u51fa\u7537\u4e3b\u8be5\u6709\u7684\u62c5\u5f53(\u53ef\u80fd\u4e0e\u5267\u672c\u672c\u8eab\u4eba\u8bbe\u6709\u5173)\u3002\u52a9\u6f14\u6f14\u7684\u90fd\u6bd4\u4e3b\u6f14\u597d\uff0c\u4ee5\u540e\u4e0d\u8981\u628a\u65b0\u4eba\u8bd5\u62cd\u5f71\u7247\u4e0a\u6620\uff0c\u592a\u6076\u5fc3\u89c2\u4f17", "useful_count": "0"},
{"page_index": 1, "movie_id": "26840300", "title": "\u98df\u4eba\u5c9b", "username": "\u8c46\u53cb6y2KVEZdq0", "user_id": "259840268", "rating": "\u8f83\u5dee", "date": "2022-12-05", "time": "16:01:18", "comment": "\u65e0\u804a\u4e4b\u9645\u770b\u7684\uff0c\u5c31\u633a\u65e0\u8bed\u7684\uff0c\u5267\u60c5\u548c\u6f14\u5458\u6ca1\u6709\u4e00\u6837\u6ee1\u610f\u3002", "useful_count": "0"},
{"page_index": 1, "movie_id": "26840300", "title": "\u98df\u4eba\u5c9b", "username": "\u6211\u8981\u5f00\u5fc3\u6bcf\u4e00\u5929", "user_id": "208673911", "rating": "\u8f83\u5dee", "date": "2021-11-17", "time": "22:36:22", "comment": "\u611f\u89c9\u6709\u4e9b\u903b\u8f91\u4e0d\u901a\u987a\uff0c\u7279\u6548\u6709\u70b9\u5047\uff0c\u65e0\u610f\u4e2d\u5237\u5230\u7684\u5267\uff0c\u6253\u53d1\u65f6\u95f4\u5427\uff01", "useful_count": "0"},
{"page_index": 1, "movie_id": "26840300", "title": "\u98df\u4eba\u5c9b", "username": "\u4f60\u50cf\u9c7c\u523a", "user_id": "122832227", "rating": "\u5f88\u5dee", "date": "2021-05-23", "time": "13:26:32", "comment": "\u5565\u73a9\u610f\u3002\u3002\u3002", "useful_count": "0"},
{"page_index": 1, "movie_id": "26840300", "title": "\u98df\u4eba\u5c9b", "username": "\u5f35\u63da", "user_id": "186181652", "rating": "\u5f88\u5dee", "date": "2020-07-25", "time": "21:31:11", "comment": "\u70c2", "useful_count": "0"},
{"page_index": 1, "movie_id": "26840300", "title": "\u98df\u4eba\u5c9b", "username": "\u795d\u6211\u6210\u529f\u4e14\u7f8e\u6ee1", "user_id": "240561291", "rating": "\u5f88\u5dee", "date": "2022-01-13", "time": "19:47:28", "comment": "\u597d\u96be\u770b\uff0c\u597d\u5957\u8def", "useful_count": "0"},
{"page_index": 1, "movie_id": "26840300", "title": "\u98df\u4eba\u5c9b", "username": "\u5343\u5bfb", "user_id": "130763775", "rating": "\u5f88\u5dee", "date": "2017-09-14", "time": "20:58:55", "comment": "\u4f20\u8bf4\u4e2d\u5c34\u5c2c\u7684\u6f14\u6280\uff0c\u5c34\u5c2c\u7684\u60c5\u8282\u2026\u2026\u76ee\u524d\u770b\u8fc7\u7684\u6700\u5dee\u7684\u7535\u5f71\u4e86\u2026\u2026", "useful_count": "0"},
{"page_index": 1, "movie_id": "26840300", "title": "\u98df\u4eba\u5c9b", "username": "\u957f\u5b89\u957f\u5b89", "user_id": "237661085", "rating": "\u5f88\u5dee", "date": "2022-02-11", "time": "08:40:54", "comment": "\u771f\u7684\u5f88\u70c2", "useful_count": "0"},
{"page_index": 1, "movie_id": "26840300", "title": "\u98df\u4eba\u5c9b", "username": "\u9648\u54c8\u54c8", "user_id": "212978465", "rating": "\u529b\u8350", "date": "2021-06-11", "time": "11:58:09", "comment": "\u7535\u89c6\u4e0a\u770b\u7684\u89c9\u5f97\u8fd8\u884c\uff0c\u56fd\u5185\u7684\u6050\u6016\u7247\u4f60\u8fd8\u60f3\u8981\u5565\u81ea\u884c\u8f66\uff0c\u8fd9\u4e9b\u4eba\u592a\u6311\u5254\u4e86", "useful_count": "1"},
{"page_index": 1, "movie_id": "26840300", "title": "\u98df\u4eba\u5c9b", "username": "\u68a6\u61ff", "user_id": "165386510", "rating": "\u529b\u8350", "date": "2020-09-05", "time": "16:13:57", "comment": "\u4e00\u822c", "useful_count": "0"},
{"page_index": 1, "movie_id": "26840300", "title": "\u98df\u4eba\u5c9b", "username": "\u677e\u5b50\u513f", "user_id": "221327102", "rating": "\u5f88\u5dee", "date": "2022-02-07", "time": "00:08:58", "comment": "\u70c2\uff01", "useful_count": "0"},
{"page_index": 1, "movie_id": "26840300", "title": "\u98df\u4eba\u5c9b", "username": "\u732b\u53ea\u4e00\u5341", "user_id": "217145111", "rating": "\u529b\u8350", "date": "2021-11-21", "time": "14:07:40", "comment": "\u592a\u597d\u770b\u4e86\uff0c\u80a5\u80a0\u523a\u6fc0\uff0c\u5927\u5bb6\u5feb\u770b\uff01\uff01\uff01\uff01", "useful_count": "0"},
{"page_index": 1, "movie_id": "26840300", "title": "\u98df\u4eba\u5c9b", "username": "\u6a31", "user_id": "222177786", "rating": "\u5f88\u5dee", "date": "2022-03-15", "time": "07:33:49", "comment": "\u8fd9\u662f\u6211\u770b\u8fc7\u6700\u96be\u770b\u7684\u4e00\u90e8\u7535\u5f71", "useful_count": "0"},
{"page_index": 1, "movie_id": "26840300", "title": "\u98df\u4eba\u5c9b", "username": "\u9648\u8f9e", "user_id": "256326144", "rating": "\u8fd8\u884c", "date": "2022-08-23", "time": "08:00:07", "comment": "\u7279\u6548\u4e94\u6bdb\u94b1\u90fd\u6ca1\u6709[\u6c57]\u4e3b\u89d2\u6f14\u6280\u5dee[\u601d\u8003]\u53f0\u8bcd\u4e2d\u4e8c\u53c8\u9178[\u9119\u89c6]\u6574\u7247\u5267\u90fd\u5145\u65a5\u7740\u67d0\u4e9b\uff0c\u55ef\uff0c\u4e0d\u53ef\u63cf\u8ff0\u7684\u58f0\u97f3[\u5077\u7b11]\u6beb\u65e0\u903b\u8f91[\u7b11cry]\u6050\u6016\u7247\u6f14\u6210\u559c\u5267\u4e5f\u662f\u9189\u4e86[\u54fc]\u611f\u89c9\u5bf9\u56fd\u4ea7\u6050\u6016\u7247\u6ca1\u7231\u4e86[\u62dc\u62dc][\u62dc\u62dc][\u62dc\u62dc]ps: \u6574\u573a\u88ab\u6211\u4eec7\u4e2a\u4eba\u5305\u573a\u5566[\u5154\u5b50]\u4e5f\u662f\u7b2c\u4e00\u6b21\u8fd9\u4e48\u8ba4\u771f\u7684\u5410\u69fd\uff0c\u771f\u662f\u8d85\u4e4e\u60f3\u8c61\u7684\u5dee \ud83d\ude02\u53e6\uff0c\u9644\u4e24\u53e5\u4e2d\u4e8c\u53f0\u8bcd\uff08\u8fd9\u91cc\u662f\u9b54\u9b3c\u7684\u80c3\u6c60[\u50bb\u773c]\u9b54\u9b3c\u5728\u8f6c\u52a8\u7740 [\u56f0] ", "useful_count": "0"},
{"page_index": 1, "movie_id": "26840300", "title": "\u98df\u4eba\u5c9b", "username": "\u8463", "user_id": "181192698", "rating": "\u8fd8\u884c", "date": "2021-06-25", "time": "23:11:49", "comment": "2017.6.26", "useful_count": "0"},
{"page_index": 1, "movie_id": "26840300", "title": "\u98df\u4eba\u5c9b", "username": "\u590f", "user_id": "162826756", "rating": "\u5f88\u5dee", "date": "2017-08-01", "time": "17:51:41", "comment": "\u5f88\u2026\u2026\u65e0\u8da3", "useful_count": "0"},
{"page_index": 1, "movie_id": "26840300", "title": "\u98df\u4eba\u5c9b", "username": "\u5185\u9601\u5927\u5b66\u58eb", "user_id": "175335577", "rating": "\u5f88\u5dee", "date": "2022-03-31", "time": "21:50:59", "comment": "\u8fd9\u4e0d\u80fd\u53eb\u7535\u5f71\uff0c\u5c31\u662f\u4e1a\u4f59\u62cd\u6444\u89c6\u9891\u7f62\u4e86", "useful_count": "0"},
{"page_index": 1, "movie_id": "26840300", "title": "\u98df\u4eba\u5c9b", "username": "\u5fc3\u4e2d\u7684\u78a7\u6d77\u84dd\u5929", "user_id": "151714413", "rating": "\u8f83\u5dee", "date": "2017-02-11", "time": "13:02:58", "comment": "\u70c2\u7247\uff0c\u53ef\u7247\u5b50\u91cc\u98ce\u666f\u4e0d\u9519", "useful_count": "0"},
{"page_index": 1, "movie_id": "26840300", "title": "\u98df\u4eba\u5c9b", "username": "\u4e49\u4e4c3\u697c3-125 \u5916", "user_id": "242215702", "rating": "\u5f88\u5dee", "date": "2021-08-16", "time": "19:27:53", "comment": "\u6768\u8fea\u62cd\u70c2\u7247\u4f53\u9a8c\u751f\u6d3b\u4e86\uff0c\u662f\u5417\uff1f", "useful_count": "0"},
{"page_index": 1, "movie_id": "26840300", "title": "\u98df\u4eba\u5c9b", "username": "\u9b4f\u6155\u4fca", "user_id": "wi08051314520", "rating": "\u5f88\u5dee", "date": "2023-01-21", "time": "01:35:03", "comment": "\u4e00\u822c\uff0c16\u5e74\u770b\u7684\uff0c\u5c31\u662f\u5bb3\u6211\u505a\u4e86\u4e09\u5929\u5669\u68a6", "useful_count": "0"},
{"page_index": 1, "movie_id": "26840300", "title": "\u98df\u4eba\u5c9b", "username": "Rookie-", "user_id": "151965264", "rating": null, "date": "2017-02-12", "time": "13:58:51", "comment": "\u6240\u8c13 \u5b64\u5c9b\u60ca\u9b423 \u4e25\u91cd\u6284\u88ad", "useful_count": "1"},
{"page_index": 1, "movie_id": "26840300", "title": "\u98df\u4eba\u5c9b", "username": "\u8c46\u53cb265581837", "user_id": "265581837", "rating": "\u8f83\u5dee", "date": "2023-01-18", "time": "09:21:19", "comment": "\u54c8\u54c8\uff0c\u8fd9\u4e2a\u8bc4\u5206\u7b97\u9ad8\u7684\u4e86\uff0c\u6211\u5c45\u7136\u770b\u4e86\u4e2a\u65e0\u654c\u70c2\u7247", "useful_count": "0"},
{"page_index": 1, "movie_id": "26840300", "title": "\u98df\u4eba\u5c9b", "username": "_\u9694\u5374\u5c71\u6d77.\ud83c\udf0a", "user_id": "213765264", "rating": "\u5f88\u5dee", "date": "2020-05-29", "time": "16:22:53", "comment": "\u5443\u5443\u5443!!! \u65e0\u8bed!", "useful_count": "0"},
{"page_index": 1, "movie_id": "26840300", "title": "\u98df\u4eba\u5c9b", "username": "\u54ce\u5466\u9ebb\u9e2d", "user_id": "240388330", "rating": "\u5f88\u5dee", "date": "2021-07-29", "time": "14:08:11", "comment": "\u771f\u7684\u662f\u60f3\u6253\u8d1f\u5206\uff0c\u753b\u9762\u5267\u60c5\u771f\u662f\u6d6a\u8d39\u4e86\u5b9d\u8d35\u65f6\u95f4", "useful_count": "0"},
{"page_index": 1, "movie_id": "26840300", "title": "\u98df\u4eba\u5c9b", "username": "Wendy", "user_id": "162526567", "rating": "\u8fd8\u884c", "date": "2017-07-09", "time": "15:09:40", "comment": "\u8840\u8165\u66b4\u529b\u5c3a\u5ea6\u53ef\u8c13\u662f\u89e6\u53ca\u4eba\u7c7b\u5e95\u7ebf", "useful_count": "0"},
{"page_index": 1, "movie_id": "26840300", "title": "\u98df\u4eba\u5c9b", "username": "\u4e2d\u56fd\u9f99", "user_id": "157211195", "rating": "\u5f88\u5dee", "date": "2017-03-04", "time": "19:53:17", "comment": "\u4e0d\u597d\u770b\uff01\uff01\uff01\uff01\uff01\uff01\uff01\uff01\uff01\uff01\uff01\uff01\uff01\uff01\u8fd8\u6284\u88ad\u4e86\u7f8e\u56fd\u7535\u5f71\u300a\u6050\u6016\u5e9f\u589f\u300b\uff0c\u6211\u770b\u51fa\u6765\u4e86\uff01\uff01\uff01\uff01\uff01\uff01\uff01\uff01\uff01\uff01\uff01\uff01\uff01\uff01\uff01\uff01\uff01\uff01\uff01\uff01\uff01\uff01\uff01", "useful_count": "0"},
{"page_index": 1, "movie_id": "26840300", "title": "\u98df\u4eba\u5c9b", "username": "\u671b\u8212", "user_id": "154516644", "rating": "\u5f88\u5dee", "date": "2016-12-27", "time": "16:06:16", "comment": "\u770b\u5b8c\u6b64\u7247\uff0c\u6211\u89c9\u5f97\u4ee5\u540e\u8bf4\u4e2d\u56fd\u6050\u6016\u7247\u4e0d\u80fd\u5d1b\u8d77\u7684\u539f\u56e0\u4e5f\u522b\u63a8\u9505\u5e7f\u7535\u4e86\uff0c\u8fd9\u6837\u7684\u5267\u672c\uff0c\u627e\u9b3c\u6765\u90fd\u6551\u4e0d\u4e86", "useful_count": "0"},
{"page_index": 1, "movie_id": "26840300", "title": "\u98df\u4eba\u5c9b", "username": "\u7f8e\u54c9\u6211\u5c11\u5e74", "user_id": "157188638", "rating": "\u5f88\u5dee", "date": "2017-08-20", "time": "14:29:21", "comment": "\u6211\u6ca1\u770b\u61c2\u5565\u610f\u601d", "useful_count": "0"},
{"page_index": 1, "movie_id": "26840300", "title": "\u98df\u4eba\u5c9b", "username": "Lili", "user_id": "155699003", "rating": "\u5f88\u5dee", "date": "2016-12-29", "time": "19:53:26", "comment": "\u540c\u610f\u697c\u4e0a\u7684\uff0c\u80fd\u6253\u8d1f\u5206\u6700\u597d\u4e86\uff01\u770b\u5b8c\u540e\u6094\u4e00\u8f88\u5b50", "useful_count": "1"},
{"page_index": 1, "movie_id": "26840300", "title": "\u98df\u4eba\u5c9b", "username": "\u4eb2\u4eb2\u8981\u98de", "user_id": "140280107", "rating": "\u5f88\u5dee", "date": "2017-08-23", "time": "16:11:37", "comment": "\u770b\u7535\u89c6\u7684\u65f6\u5019\u65e0\u610f\u95f4\u70b9\u5f00\uff0c\u771f\u662f\u778e\u4e86\u6211\u7684\u949b\u6676\u6838\u72d7\u773c", "useful_count": "0"},
{"page_index": 1, "movie_id": "26840300", "title": "\u98df\u4eba\u5c9b", "username": "SHIMH", "user_id": "223678145", "rating": "\u5f88\u5dee", "date": "2020-10-05", "time": "21:00:16", "comment": "My EYE Aaaaaaaa", "useful_count": "0"},
{"page_index": 1, "movie_id": "26840300", "title": "\u98df\u4eba\u5c9b", "username": "\u94ed\u6708", "user_id": "187656230", "rating": "\u529b\u8350", "date": "2023-01-09", "time": "21:32:55", "comment": "\u4e0d\u63a8\u8350", "useful_count": "0"},
{"page_index": 1, "movie_id": "26840300", "title": "\u98df\u4eba\u5c9b", "username": "CK", "user_id": "160499306", "rating": null, "date": "2017-05-05", "time": "20:11:52", "comment": "\u4e0d\u8bf4\u522b\u7684\u6211\u89c9\u76840.1\u5206\u90fd\u591a", "useful_count": "0"},
{"page_index": 1, "movie_id": "26840300", "title": "\u98df\u4eba\u5c9b", "username": "\u662d\u5f66-\u541b", "user_id": "157178684", "rating": "\u8f83\u5dee", "date": "2017-02-13", "time": "00:36:30", "comment": "\u8fd8\u884c\u5427\uff0c\u8bbe\u5b9a\u65b0\u9c9c\uff0c\u5360\u535c\u5e08\u556a\u556a\u556a\u6709\u610f\u601d", "useful_count": "0"},
{"page_index": 1, "movie_id": "26840300", "title": "\u98df\u4eba\u5c9b", "username": "\u4e00\u53e3\u602a\u517d", "user_id": "131620296", "rating": "\u5f88\u5dee", "date": "2017-02-13", "time": "12:01:07", "comment": "\u548c\u300a\u6050\u6016\u5e9f\u589f\u300b\u662f\u4e00\u4e2a\u5957\u8def", "useful_count": "0"},
{"page_index": 1, "movie_id": "26840300", "title": "\u98df\u4eba\u5c9b", "username": "243664", "user_id": "158659823", "rating": "\u5f88\u5dee", "date": "2017-03-15", "time": "20:46:09", "comment": "\u5c0f\u5c9b\u53bb\u54ea\u5145\u8bdd\u8d39", "useful_count": "0"},
{"page_index": 1, "movie_id": "26840300", "title": "\u98df\u4eba\u5c9b", "username": "\u5c0f\u849c\u82d7", "user_id": "163464464", "rating": "\u529b\u8350", "date": "2017-07-23", "time": "13:03:35", "comment": "\u633a\u597d", "useful_count": "0"},
{"page_index": 1, "movie_id": "26840300", "title": "\u98df\u4eba\u5c9b", "username": "\u9673\u5609\u59ae", "user_id": "154844648", "rating": "\u529b\u8350", "date": "2016-12-09", "time": "21:55:06", "comment": "\u6230", "useful_count": "0"},
{"page_index": 1, "movie_id": "26840300", "title": "\u98df\u4eba\u5c9b", "username": "\u4f24\u5fc3\u732a\u5927\u80a0", "user_id": "140385756", "rating": "\u5f88\u5dee", "date": "2016-12-20", "time": "16:12:07", "comment": "\u6211\u73b0\u5728\u6b20\u8d27\u5f88\u60e8\uff0c\u4e00", "useful_count": "0"},
{"page_index": 1, "movie_id": "26840300", "title": "\u98df\u4eba\u5c9b", "username": "Ivan\u51e1\u51e1", "user_id": "154704427", "rating": "\u8f83\u5dee", "date": "2016-12-07", "time": "11:37:55", "comment": "\u4e00\u822c\u5427", "useful_count": "0"},
{"page_index": 1, "movie_id": "26840300", "title": "\u98df\u4eba\u5c9b", "username": "\u59d1\u82cf\u846b\u82a6\u5a03", "user_id": "154702995", "rating": "\u5f88\u5dee", "date": "2016-12-06", "time": "11:13:23", "comment": "\u770b\u5230\u7b80\u4ecb\uff0c\u6211\u5c31\u77e5\u9053\u8fd8\u662f\u90a3\u4e9b\u56fd\u4ea7\u6050\u6016\u7247\u7684\u5957\u8def\uff0c\u70c2\u7247\u65e0\u7591", "useful_count": "0"},
{"page_index": 1, "movie_id": "26840300", "title": "\u98df\u4eba\u5c9b", "username": "\u5948\u4f55\u6df1\u60c5\u4e36", "user_id": "154270202", "rating": "\u8f83\u5dee", "date": "2016-12-06", "time": "17:02:40", "comment": "\u5475\u5475\u3002", "useful_count": "0"},
{"page_index": 1, "movie_id": "26840300", "title": "\u98df\u4eba\u5c9b", "username": "\u5915\u9633", "user_id": "155705995", "rating": "\u5f88\u5dee", "date": "2017-01-04", "time": "14:43:40", "comment": "\u597d\u770b", "useful_count": "0"},
{"page_index": 1, "movie_id": "26840300", "title": "\u98df\u4eba\u5c9b", "username": "DOGE", "user_id": "154582095", "rating": "\u5f88\u5dee", "date": "2016-12-03", "time": "13:38:39", "comment": "\u4e0d\u8bf4\u4ec0\u4e48\u4e86...", "useful_count": "0"},
{"page_index": 1, "movie_id": "26840300", "title": "\u98df\u4eba\u5c9b", "username": "\u8bb0\u5fc6\u9677\u9631", "user_id": "154369902", "rating": "\u5f88\u5dee", "date": "2017-06-27", "time": "19:45:33", "comment": "\u6ca1\u61c2", "useful_count": "0"},
{"page_index": 1, "movie_id": "26840300", "title": "\u98df\u4eba\u5c9b", "username": "\u5ff5\u77b3", "user_id": "151802530", "rating": "\u5f88\u5dee", "date": "2016-12-06", "time": "18:56:10", "comment": "\u8d8a\u591a\u4eba\u8bf4\u70c2\u8d8a\u60f3\u77e5\u9053\u4e3a\u4ec0\u4e48\u90a3\u4e48\u70c2", "useful_count": "0"},
{"page_index": 1, "movie_id": "26840300", "title": "\u98df\u4eba\u5c9b", "username": "96\u5e74\u7684\u5c0f\u8bb8\u5b5a", "user_id": "154659008", "rating": "\u5f88\u5dee", "date": "2016-12-05", "time": "09:13:45", "comment": "\u5783\u573e", "useful_count": "0"},
{"page_index": 1, "movie_id": "26840300", "title": "\u98df\u4eba\u5c9b", "username": "\u6700", "user_id": "120177231", "rating": "\u5f88\u5dee", "date": "2016-12-13", "time": "15:02:13", "comment": "\u771f\u662f\u8981\u591a\u6e23\u6709\u591a\u6e23\uff0c\u5237\u65b0\u70c2\u7247\u65b0\u4e0b\u9650", "useful_count": "0"},
{"page_index": 1, "movie_id": "26840300", "title": "\u98df\u4eba\u5c9b", "username": "\u963f\u5416", "user_id": "158016779", "rating": "\u8f83\u5dee", "date": "2017-02-19", "time": "14:08:09", "comment": "\u8d8a\u6050\u6016\u8d8a\u597d\u770b\u3002\n", "useful_count": "0"},
{"page_index": 1, "movie_id": "26840300", "title": "\u98df\u4eba\u5c9b", "username": "\u8ff7\u9014\u5c0f\u4e66\u7ae5", "user_id": "144478982", "rating": "\u5f88\u5dee", "date": "2017-04-29", "time": "23:59:10", "comment": "\u6ca1\u4ec0\u4e48\u597d\u8bf4\u7684\uff0c\u4e0d\u77e5\u9053\u4e3a\u4ec0\u4e48\u8981\u62cd\u8fd9\u79cd\u7247\u5b50(\u22df\ufe4f\u22de)", "useful_count": "0"},
{"page_index": 1, "movie_id": "26840300", "title": "\u98df\u4eba\u5c9b", "username": "\u4e0d\u4e8c\u738b\u5b50", "user_id": "128245519", "rating": "\u5f88\u5dee", "date": "2016-12-09", "time": "15:43:57", "comment": "\u2026\u2026\u4ec0\u4e48\u9b3c", "useful_count": "0"},
{"page_index": 1, "movie_id": "26840300", "title": "\u98df\u4eba\u5c9b", "username": "\u7231\u7684\u65e0\u804a", "user_id": "157817536", "rating": "\u8f83\u5dee", "date": "2017-02-17", "time": "19:55:27", "comment": "\u7f8e\u5973\u53ef\u4ee5 \u5267\u60c5\u4e2a\u6f14\u6280\u5c31\u7b97\u4e86", "useful_count": "0"},
{"page_index": 1, "movie_id": "26840300", "title": "\u98df\u4eba\u5c9b", "username": "\u79d1\u6bd4\u3002\u5f90\u5e03\u83b1\u6069", "user_id": "130994846", "rating": "\u5f88\u5dee", "date": "2016-12-04", "time": "12:56:23", "comment": "\u4e3a\u4ec0\u4e48\u4e00\u76f4\u4e0d\u80fd\u6253\u96f6\u5206\uff01\uff01\uff01\u592a\u6d6a\u8d39\u4e00\u661f\u4e86", "useful_count": "0"},
{"page_index": 1, "movie_id": "26840300", "title": "\u98df\u4eba\u5c9b", "username": "\u5976\u54e5\ue011", "user_id": "158924753", "rating": null, "date": "2017-03-11", "time": "15:31:20", "comment": "\u523a\u6fc0", "useful_count": "0"},
{"page_index": 1, "movie_id": "26840300", "title": "\u98df\u4eba\u5c9b", "username": "\u4f0a\u8005\u4e0d\u80fd\u81ea\u4f0a", "user_id": "154568237", "rating": null, "date": "2016-12-03", "time": "01:17:55", "comment": "\u8001\u54e5\u7a33\uff01", "useful_count": "0"},
{"page_index": 1, "movie_id": "26840300", "title": "\u98df\u4eba\u5c9b", "username": "Bonnie", "user_id": "154619462", "rating": "\u5f88\u5dee", "date": "2016-12-04", "time": "10:49:16", "comment": "\u771f\u662f\u4e00\u90e8\u597d\u7535\u5f71\uff0c\u4e0d\u7528\u770b\u5c31\u77e5\u9053", "useful_count": "0"},
{"page_index": 1, "movie_id": "26840300", "title": "\u98df\u4eba\u5c9b", "username": "Fantasyy", "user_id": "161406420", "rating": "\u5f88\u5dee", "date": "2017-07-19", "time": "14:04:55", "comment": "\u5783\u573e\u2026\u2026\u5f53\u559c\u5267\u770b", "useful_count": "0"},
{"page_index": 1, "movie_id": "26840300", "title": "\u98df\u4eba\u5c9b", "username": "callous", "user_id": "128111921", "rating": "\u5f88\u5dee", "date": "2016-12-13", "time": "15:03:59", "comment": "\u6211\u80fd\u4e00\u9897\u661f\u90fd\u4e0d\u7ed9\u5417\uff01\u6211\u771f\u662f\u65e5\u4e86\u72d7\u4e86\uff01\uff01\uff01\uff01\uff01", "useful_count": "0"},
{"page_index": 1, "movie_id": "26840300", "title": "\u98df\u4eba\u5c9b", "username": "\u90ed\u987aDB", "user_id": "160565234", "rating": "\u5f88\u5dee", "date": "2017-05-06", "time": "17:14:59", "comment": "\u4e0d\u8981\u770b\u6211\u8fd9\u4e00\u661f\uff0c\u6211\u662f\u5954\u7740\u8d1f\u5206\u6eda\u7c97\u6765\u8bc4\u4ef7\u7684\uff01\u53ef\u60dc\u6ca1\u6709\u8d1f\u5206\uff01\u70c2\u900f\u4e86\uff01", "useful_count": "0"},
{"page_index": 1, "movie_id": "26840300", "title": "\u98df\u4eba\u5c9b", "username": "\u6625\u4e09\u5341\u7237", "user_id": "82814422", "rating": "\u5f88\u5dee", "date": "2016-12-29", "time": "22:15:33", "comment": "\u4e0d\u7528\u770b\u7ed9\u4e00\u661f", "useful_count": "1"},
{"page_index": 1, "movie_id": "26840300", "title": "\u98df\u4eba\u5c9b", "username": "Andy", "user_id": "154557676", "rating": "\u8fd8\u884c", "date": "2016-12-02", "time": "20:56:04", "comment": "\u8fd8\u597d\uff0c\u4e00\u822c\u554a", "useful_count": "0"},
{"page_index": 1, "movie_id": "26840300", "title": "\u98df\u4eba\u5c9b", "username": "\u590f\u78ca\u540c\u5b66\ud83d\ude97\ud83d\udca8\ud83d\udca8\ud83d\udca8", "user_id": "154581660", "rating": null, "date": "2016-12-03", "time": "13:15:04", "comment": "\u522b\u4eba\u7ed9\u5f97\u7968\uff0c\u6211\u505a\u4e86\u597d\u4e45\u601d\u60f3\u6597\u4e89\u624d\u53bb\uff0c\u53bb\u4e86\u5176\u5b9e\u4e5f\u5c31\u662f\u8bc1\u5b9e\u4e00\u4e0b\u6211\u6700\u521d\u7684\u60f3\u6cd5\uff0c\u65e0\u8bba\u5bfc\u6f14\uff0c\u6f14\u5458\uff0c\u7f16\u5267\uff0c\u90fd\u662f\u7535\u5f71\u754c\u7684\u803b\u8fb1\u3002", "useful_count": "2"},
{"page_index": 1, "movie_id": "26840300", "title": "\u98df\u4eba\u5c9b", "username": "\u80e1\u6c5f6169461405", "user_id": "161887422", "rating": "\u5f88\u5dee", "date": "2017-05-28", "time": "19:27:53", "comment": "\u5bf9\u56fd\u4ea7\u6050\u6016\u7247\u7ed3\u5c40\u6765\u8bf4\uff0c\u672c\u5c31\u6ca1\u6709\u4efb\u4f55\u60ac\u5ff5\uff0c\u4e0d\u662f\u7cbe\u795e\u75c5\u505a\u68a6\uff0c\u5c31\u662f\u610f\u6deb\uff0c\u5c31\u62ff\u8fd9\u90e8\u98df\u4eba\u5c9b\u6765\u8bf4\uff0c\u65e9\u5c31\u731c\u5230\u7ed3\u5c40\u80af\u5b9a\u53c8\u662f\u56fd\u4ea7\u60ef\u7528\u5957\u8def\uff0c\u6211\u7279\u4e48\u8fd8\u770b\u5b8c\u4e86\uff0c\u6f14\u5458\u70c2\uff0c\u5bfc\u6f14\u70c2\uff0c\u8bc4\u5206\u4e0d\u7528\u8bf4\u4e86\u3002", "useful_count": "0"},
{"page_index": 1, "movie_id": "26840300", "title": "\u98df\u4eba\u5c9b", "username": "\u2606\u304b\u6d45\u7b11\u3001\u85b0\u8863\u8349", "user_id": "158115498", "rating": "\u8f83\u5dee", "date": "2017-02-21", "time": "17:25:03", "comment": "\u4e00\u822c\u822c\uff0c\u7ed3\u5c40\u6ca1\u770b\u61c2", "useful_count": "0"},
{"page_index": 1, "movie_id": "26840300", "title": "\u98df\u4eba\u5c9b", "username": "\u65e0\u540d\u5148\u751f", "user_id": "154986687", "rating": null, "date": "2016-12-13", "time": "14:26:31", "comment": "\u60f3\u770b\u514d\u8d39", "useful_count": "0"},
{"page_index": 1, "movie_id": "26840300", "title": "\u98df\u4eba\u5c9b", "username": "\u9999\u8549\u4f60\u4e2a\u4e0d\u62ff\u62ff", "user_id": "214519102", "rating": "\u529b\u8350", "date": "2021-12-28", "time": "16:44:36", "comment": "\u5728\u8001\u59e8\u5bb6\u770b\u7684\uff0c\u521a\u5f00\u59cb\u633a\u53ef\u6015\u7684\uff0c\u6700\u540e\u597d\u50cf\u5c31\u4e00\u4e2a\u5973\u4e3b\u6d3b\u4e0b\u6765\u4e86\uff0c\u5927\u7ed3\u5c40\u597d\u50cf\u4fe1\u606f\u8fd8\u5728\u5f80\u4e0b\u4f20\uff0c\u8fd8\u4f1a\u9646\u7eed\u63a5\u5230\u77ed\u4fe1\u4f1a\u4e0a\u5c9b\u4e0a\uff0c\u8fd9\u5e94\u8be5\u662f\u544a\u8bc9\u6211\u4eec\uff0c\u77ed\u4fe1\u5343\u4e07\u4e0d\u8981\u5168\u90e8\u76f8\u4fe1", "useful_count": "0"},
{"page_index": 1, "movie_id": "26840300", "title": "\u98df\u4eba\u5c9b", "username": "SUOLON", "user_id": "160026632", "rating": "\u8f83\u5dee", "date": "2017-05-02", "time": "13:44:31", "comment": "\u6211\u662f\u4e0d\u662f\u770b\u4e86\u5047\u7684\u6050\u6016\u7247\uff0c\u4e0d\u60f3\u5410\u69fd\u3002", "useful_count": "0"},
{"page_index": 1, "movie_id": "26840300", "title": "\u98df\u4eba\u5c9b", "username": "Choi..", "user_id": "174687042", "rating": "\u5f88\u5dee", "date": "2018-05-03", "time": "17:22:26", "comment": "b\u7ad9\u5218\u54d4\u89c2\u5149\u56e2\uff0c\u5fc3\u75bc\u675c\u65ed\u4e1c\u8001\u5e08\uff0c\u4e00\u53e5\u8bdd\u5267\u6f14\u5458\u53bb\u62cd\u8fd9\u79cd\u5783\u573e\u7247", "useful_count": "0"},
{"page_index": 1, "movie_id": "26840300", "title": "\u98df\u4eba\u5c9b", "username": "\u98ce\u6b62", "user_id": "149346396", "rating": "\u5f88\u5dee", "date": "2017-09-07", "time": "19:04:08", "comment": "\u4e0d\u597d\u770b\u3002\u6050\u6016\u5143\u7d20\u662f\u6709\u7684\uff1b\u5267\u60c5\u4e0d\u592a\u5408\u7406\u3002", "useful_count": "0"},
{"page_index": 1, "movie_id": "26840300", "title": "\u98df\u4eba\u5c9b", "username": "\u5b89\u4e4b", "user_id": "241778330", "rating": "\u63a8\u8350", "date": "2021-07-12", "time": "00:12:54", "comment": "\u4e4b\u524d\u8ddf\u670b\u53cb\u4eec\u4e00\u8d77\u770b\u7684\uff0c\u5185\u5bb9\u6ca1\u592a\u5927\u5370\u8c61\u4e86", "useful_count": "0"},
{"page_index": 1, "movie_id": "26840300", "title": "\u98df\u4eba\u5c9b", "username": "\u6843\u7136", "user_id": "171616363", "rating": "\u5f88\u5dee", "date": "2018-01-26", "time": "19:32:39", "comment": "\u770b\u9762\u76f8\u8fd9\u4e2a\u53eb\u6768\u51ef\u8fea\u7684\u5973\u4e3b\u80af\u5b9a\u6b32\u671b\u7279\u5f3a", "useful_count": "0"},
{"page_index": 1, "movie_id": "26840300", "title": "\u98df\u4eba\u5c9b", "username": "\u4e66\u6d67.", "user_id": "242878895", "rating": "\u5f88\u5dee", "date": "2021-08-13", "time": "02:50:31", "comment": "\u62bd\u4e86\u51e0\u672c\u70df\u90fd\u60f3\u4e0d\u901a\u4e3a\u4ec0\u4e48\u4e0d\u80fd\u7ed90\ud83c\udf1f", "useful_count": "0"},
{"page_index": 1, "movie_id": "26840300", "title": "\u98df\u4eba\u5c9b", "username": "y7k", "user_id": "216068098", "rating": "\u5f88\u5dee", "date": "2020-05-10", "time": "00:39:50", "comment": "\u771f\u70c2\u771f\u5047\u554a\uff0c\u539f\u6765\u771f\u6709\u70c2\u5230\u7b11\u7684...", "useful_count": "0"},
{"page_index": 1, "movie_id": "26840300", "title": "\u98df\u4eba\u5c9b", "username": "\u309e\u5929\u821e\u3046\u85af\u7247", "user_id": "207097666", "rating": "\u8fd8\u884c", "date": "2019-11-24", "time": "13:02:14", "comment": "\u6050\u6016\u5143\u7d20\u8f83\u591a", "useful_count": "0"},
{"page_index": 1, "movie_id": "26840300", "title": "\u98df\u4eba\u5c9b", "username": "\u4e1c\u897f\u9c7c", "user_id": "195088434", "rating": "\u5f88\u5dee", "date": "2019-08-29", "time": "09:45:54", "comment": "\u592a\u70c2\u4e86", "useful_count": "0"},
{"page_index": 1, "movie_id": "26840300", "title": "\u98df\u4eba\u5c9b", "username": "xswl", "user_id": "219364119", "rating": "\u5f88\u5dee", "date": "2021-02-16", "time": "10:01:32", "comment": "\u770b\u8fc7\u6700\u65e0\u8bed\u7684\u4e00\u90e8\u7535\u5f71\u4e86\uff0c\u7279\u6548\u5047\uff0c\u4e0d\u6050\u6016\uff0c\u5c31\u602a\u79bb\u8c31\u7684\u3002", "useful_count": "0"},
{"page_index": 1, "movie_id": "26840300", "title": "\u98df\u4eba\u5c9b", "username": "\u6211\u662f\u4f60\u7238\u7238", "user_id": "182870993", "rating": "\u5f88\u5dee", "date": "2018-08-13", "time": "12:30:32", "comment": "\u4e00\u822c\u822c\uff1f\u9a6c\u864e\u8c61\uff01\u6bd4\u524d\u4e24\u90e8\u7535\u5f71\u201c\u767d\u4e91\u6865\u548c\u6028\u7075\u5730\u4e0b\u5ba4\u201d\u597d\u770b\u591a\u4e86\uff01\u6bd4\u7535\u5f71\u201c\u6050\u6016\u7b14\u8bb0\u201d\u597d\u770b\u4e00\u70b9\uff01\u4e0d\u8fc7\u6bd4\u7535\u5f71\u201c\u8be1\u5492\u201d\u5dee\u4e00\u70b9\uff01", "useful_count": "0"},
{"page_index": 1, "movie_id": "26840300", "title": "\u98df\u4eba\u5c9b", "username": "\u674e\u96c5\u5a77", "user_id": "183960267", "rating": "\u5f88\u5dee", "date": "2018-09-07", "time": "15:35:06", "comment": "\u4e0d\u60f3\u627f\u8ba4\u770b\u8fc7\u8fd9\u90e8\u5f71\u7247", "useful_count": "0"},
{"page_index": 1, "movie_id": "26840300", "title": "\u98df\u4eba\u5c9b", "username": "\u695a\u6148.", "user_id": "180759991", "rating": "\u5f88\u5dee", "date": "2018-07-07", "time": "19:26:42", "comment": "\u65e5\u5899\u2026", "useful_count": "0"},
{"page_index": 1, "movie_id": "26840300", "title": "\u98df\u4eba\u5c9b", "username": "\u7792.", "user_id": "zyling060324", "rating": "\u63a8\u8350", "date": "2022-08-05", "time": "09:05:07", "comment": "\u300a\u98df\u4eba\u5c9b\u300b\u5f53\u65f6\u662f\u5c0f\u5b66\u770b\u7684\u6709\u70b9\u4e45\u8fdc\u4e86\u54c8\u54c8\u54c8\u54c8\u3002\u5f53\u65f6\u548c\u51e0\u4e2a\u5973\u540c\u5b66\u5bb3\u6015\u7684\u4e0d\u884c\uff0c\u4f46\u662f\u73b0\u5728\u770b\u53bb\uff0c\u8fd9\u90e8\u7535\u5f71\u4e5f\u6ca1\u90a3\u4e48\u6050\u6016\uff0c\u4e3b\u8981\u7684\u662f\u6709\u70b9\u4e0d\u771f\u5b9e\uff0c\u4f46\u662f\u6574\u4f53\u8fd8\u662f\u8dcc\u5b95\u8d77\u4f0f\u7684\u3002", "useful_count": "0"},
{"page_index": 1, "movie_id": "26840300", "title": "\u98df\u4eba\u5c9b", "username": "datedz", "user_id": "188215511", "rating": "\u8f83\u5dee", "date": "2018-12-05", "time": "23:26:07", "comment": "\u5feb\u8fdb\u7740\u770b\u5b8c\uff0c\u5c45\u7136\u770b\u5b8c\u4e86\u3002\u7ed9\u4e2a\u4e24\u661f\u5427\u6ca1\uff0c\u5c45\u7136\u4e0d\u662f\u7cbe\u795e\u75c5\u6216\u8005\u5e7b\u89c9\u3002\u4e0d\u660e\u767d\u90a3\u4e2a\u5c9b\u4e0a\u7684\u7325\u7410\u7537\u662f\u4ec0\u4e48\u4eba\u8bbe\uff0c\u6ca1\u52a8\u673a\u7684\u5b8c\u6210\u7740\u5bfc\u6f14\u8981\u6c42\u7684\u5267\u60c5\u3002", "useful_count": "0"},
{"page_index": 1, "movie_id": "26840300", "title": "\u98df\u4eba\u5c9b", "username": "\u738b\u987a", "user_id": "155543040", "rating": "\u5f88\u5dee", "date": "2018-02-11", "time": "21:46:37", "comment": "\u6211\u80fd\u8bf4\u810f\u8bdd\u5417\uff1f", "useful_count": "0"},
{"page_index": 1, "movie_id": "26840300", "title": "\u98df\u4eba\u5c9b", "username": "\u6b63\u534e", "user_id": "196381612", "rating": "\u8f83\u5dee", "date": "2019-05-12", "time": "20:03:55", "comment": "\u7279\u6548\u548c\u5267\u60c5\u5b9e\u5728\u4e0d\u6562\u606d\u7ef4\u3002\u3002\u3002", "useful_count": "0"},
{"page_index": 1, "movie_id": "26840300", "title": "\u98df\u4eba\u5c9b", "username": "So\u4e36Much\ud83d\udc95", "user_id": "206925841", "rating": "\u5f88\u5dee", "date": "2019-12-22", "time": "21:24:03", "comment": "\u4e09\u89c2\u5168\u6bc1\uff0c\u4eba\u90fd\u4e0d\u597d\u4e86\uff0c\u91cd\u8981\u7684\u662f\u6211\u770b\u5b8c\u4e86\u3002\u5d29\u6e83\uff0c\u4e00\u4e2a\u661f\u671f\u6ca1\u7f13\u8fc7\u6765", "useful_count": "0"},
{"page_index": 1, "movie_id": "26840300", "title": "\u98df\u4eba\u5c9b", "username": "\u8c46\u53cb215602995", "user_id": "215602995", "rating": null, "date": "2020-04-24", "time": "06:57:08", "comment": "\u8fd8\u53ef\u4ee5 \u611f\u89c9\u4e0d\u662f\u5f88\u6050\u6016 \u4e5f\u5c31\u4e00\u822c\u822c\u5427", "useful_count": "0"},
{"page_index": 1, "movie_id": "26840300", "title": "\u98df\u4eba\u5c9b", "username": "\u963f\u7fca", "user_id": "220948832", "rating": "\u5f88\u5dee", "date": "2023-01-25", "time": "00:27:26", "comment": "\u4e00\u661f\u662f\u6211\u7ed9\u4f60\u7559\u7684\u6700\u540e\u5c0a\u4e25\uff0c\u6536\u7740\u5427\u3002\u62cd\u5f97\u633a\u597d\u4ee5\u540e\u522b\u62cd\u4e86", "useful_count": "0"},
{"page_index": 1, "movie_id": "26840300", "title": "\u98df\u4eba\u5c9b", "username": "nkh\u4e2a\u6027", "user_id": "168981220", "rating": "\u5f88\u5dee", "date": "2017-10-31", "time": "17:40:54", "comment": "\u5c31\u53ea\u6709\u5c01\u9762\u597d\u770b\uff0c\u5267\u60c5\u592a\u65e0\u804a", "useful_count": "0"},
{"page_index": 1, "movie_id": "26840300", "title": "\u98df\u4eba\u5c9b", "username": "Lei Lei", "user_id": "236590622", "rating": "\u5f88\u5dee", "date": "2021-04-19", "time": "19:48:52", "comment": "\u96be\u770b\u8fd9\u4e2a\u7535\u5f71\u4e00\u70b9\u90fd\u4e0d\u597d\u770b\u3002", "useful_count": "0"},
{"page_index": 1, "movie_id": "26840300", "title": "\u98df\u4eba\u5c9b", "username": "\u6478\u5934\u6740", "user_id": "103166658", "rating": "\u5f88\u5dee", "date": "2018-03-29", "time": "23:52:17", "comment": "\u53ca\u5176\u80c6\u5c0f\u7684\u6211\uff0c\u89c9\u5f97\u8fd9\u4e2a\u7279\u522b\u4e0d\u597d\u770b", "useful_count": "0"},
{"page_index": 1, "movie_id": "26840300", "title": "\u98df\u4eba\u5c9b", "username": "\u0e05\u0295\u00b7\u1d25\u00b7\u0294\u0e05", "user_id": "clover8888", "rating": "\u5f88\u5dee", "date": "2020-12-22", "time": "21:10:16", "comment": "2020-02-13\uff08\u7231\u5947\u827a\uff09", "useful_count": "0"},
{"page_index": 1, "movie_id": "26840300", "title": "\u98df\u4eba\u5c9b", "username": "\u5b85\u4ed4", "user_id": "184956753", "rating": "\u5f88\u5dee", "date": "2019-01-23", "time": "15:54:19", "comment": "\u5176\u5b9e\u5427  \u6211\u6ca1\u60f3\u5230 \u8fd9\u4e48\u70c2  \u5bf9\u4e0d\u8d77 \u6211\u4e0d\u5e94\u8be5\u5403shi", "useful_count": "0"},
{"page_index": 1, "movie_id": "26840300", "title": "\u98df\u4eba\u5c9b", "username": "END", "user_id": "acdlokmks", "rating": "\u5f88\u5dee", "date": "2022-08-07", "time": "19:25:37", "comment": "\u6c42\u4e00\u53cc\u6ca1\u770b\u8fc7\u7684\u773c\u775b", "useful_count": "0"},
{"page_index": 1, "movie_id": "26840300", "title": "\u98df\u4eba\u5c9b", "username": "\u91ce\u6709\u8513\u8349", "user_id": "183988220", "rating": "\u5f88\u5dee", "date": "2019-02-14", "time": "10:59:10", "comment": "\u548c\u7238\u7238\u5403\u5b8c\u5348\u996d\u95f2\u7740\u6ca1\u4e8b\u6253\u5f00\u7535\u5f71\u9891\u9053 \u7136\u540e\u5c31\u6d6a\u8d39\u4e86\u751f\u547d\u4e2d\u7684\u4e00\u4e2a\u591a\u5c0f\u65f6", "useful_count": "0"},
{"page_index": 1, "movie_id": "26840300", "title": "\u98df\u4eba\u5c9b", "username": "\u61a8\u61a8\u7f51\u53cb\u5f20\u4e5d\u6708", "user_id": "185654743", "rating": "\u5f88\u5dee", "date": "2019-02-12", "time": "20:50:03", "comment": "\u6211\u53ef\u80fd\u662f\u770b\u4e86\u5047\u7684\u6050\u6016\u7247\u3002\u3002\u3002\u3002\u3002", "useful_count": "0"},
{"page_index": 1, "movie_id": "26840300", "title": "\u98df\u4eba\u5c9b", "username": "\u6587\u5202\u58eb\u5fc3\u752c\u529b.12", "user_id": "168483192", "rating": "\u5f88\u5dee", "date": "2017-10-21", "time": "12:37:32", "comment": "\u4e00\u661f\u90fd\u7ed9\u591a\u4e86", "useful_count": "0"},
{"page_index": 1, "movie_id": "26840300", "title": "\u98df\u4eba\u5c9b", "username": "\ud83c\udf6f.", "user_id": "235650765", "rating": "\u8f83\u5dee", "date": "2021-04-11", "time": "17:55:17", "comment": "\u4e0d\u597d\u770b", "useful_count": "0"},
{"page_index": 1, "movie_id": "26840300", "title": "\u98df\u4eba\u5c9b", "username": "\u8d85\u7ea7\u5c0f\u6840", "user_id": "218350435", "rating": "\u5f88\u5dee", "date": "2020-06-20", "time": "17:51:13", "comment": "\u9189\u4e86\u9189\u4e86\u9189\u4e86\u2026\u2026\u2026\u2026", "useful_count": "0"},
{"page_index": 1, "movie_id": "26840300", "title": "\u98df\u4eba\u5c9b", "username": "\u4eca\u665a\u8981\u65e9\u7761", "user_id": "swyifan333", "rating": "\u5f88\u5dee", "date": "2021-08-05", "time": "01:09:37", "comment": "\u90a3\u4e9b\u5e74\u770b\u8fc7\u7684\u70c2\u7247\u4e4b\u4e00\u3002", "useful_count": "0"},
{"page_index": 1, "movie_id": "26840300", "title": "\u98df\u4eba\u5c9b", "username": "RAY", "user_id": "266642809", "rating": "\u5f88\u5dee", "date": "2023-01-22", "time": "21:47:00", "comment": "\u4f60\u7684\u5267\u60c5\u5148\u597d\u5f04\u597d\u5148\ud83d\ude0d", "useful_count": "0"}
]