[
{"page_index": 0, "movie_id": "26751902", "title": "\u501f\u773c", "username": "\u9752\u9c7c", "user_id": "75769830", "rating": "\u8f83\u5dee", "date": "2017-07-27", "time": "20:50:32", "comment": "\u859b\u4f73\u51dd\u7684\u6f14\u6280\u597d\u81ea\u7136\uff0c\u53ef\u60dc\u6311\u4e86\u4e2a\u8fd9\u4e48\u70c2\u7684\u5267\u672c\u3002", "useful_count": "2"},
{"page_index": 0, "movie_id": "26751902", "title": "\u501f\u773c", "username": "\u7cef\u7c73\u4e38\u5b50", "user_id": "127908787", "rating": "\u5f88\u5dee", "date": "2017-06-15", "time": "11:55:12", "comment": "\u9648\u6d69\u6c11\u6211\u6c42\u6c42\u4f60\uff0c\u53bb\u62cd\u6d3b\u4f5b\u6d4e\u516c\u548c\u5c0f\u5b66\u751f\u73a9\u5427\uff0c\u522b\u62cd\u7535\u5f71\u4e86", "useful_count": "86"},
{"page_index": 0, "movie_id": "26751902", "title": "\u501f\u773c", "username": "TONY\u6771", "user_id": "4280033", "rating": "\u5f88\u5dee", "date": "2017-06-17", "time": "01:39:15", "comment": "\u5f71\u9662\u7684\u89c2\u4f17\u6bd4\u7535\u5f71\u7cbe\u5f69\u591a\u4e86\uff01", "useful_count": "41"},
{"page_index": 0, "movie_id": "26751902", "title": "\u501f\u773c", "username": "\u90bb\u820d\u7684\u8001\u82b1\u732b", "user_id": "yuantown", "rating": "\u8f83\u5dee", "date": "2017-10-07", "time": "14:26:02", "comment": "\u7f16\u8fd9\u4e2a\u8361\u6c14\u56de\u80a0\uff0c\u66f2\u6298\u79bb\u5947\u7684\u6545\u4e8b\u9700\u8981\u52c7\u6c14\uff0c\u4e45\u8fdd\u7684\u859b\u4f73\u51dd\u9648\u6d69\u6c11\u62cd\u7535\u5f71", "useful_count": "4"},
{"page_index": 0, "movie_id": "26751902", "title": "\u501f\u773c", "username": "\u626d\u8170\u5ba2", "user_id": "mlsslm777", "rating": "\u5f88\u5dee", "date": "2017-09-28", "time": "23:20:10", "comment": "\u77ed\u77ed\u4e00\u90e8\u620f\uff0c\u558a\u4e86\u4e00\u5343\u516b\u767e\u904d\u201c\u6b22\u6b22\u201d\uff0c\u8fd8\u501f\u4ec0\u4e48\u773c\u554a\uff0c\u4f60\u5e94\u8be5\u6539\u7247\u540d\u53eb\u300a\u6b22\u6b22\u300b\u554a\uff01\uff01\uff01", "useful_count": "13"},
{"page_index": 0, "movie_id": "26751902", "title": "\u501f\u773c", "username": "Vicky \u5f90", "user_id": "vicky928", "rating": "\u8f83\u5dee", "date": "2018-07-03", "time": "13:30:58", "comment": "\u4e00\u9897\u661f\uff0c\u591a\u4e00\u9897\u7ed9\u7f57\u5170\u963f\u59e8\uff5e", "useful_count": "1"},
{"page_index": 0, "movie_id": "26751902", "title": "\u501f\u773c", "username": "\u522b\u8bf4\u8bdd\u6211\u771f\u7684\u70e6", "user_id": "139252351", "rating": "\u5f88\u5dee", "date": "2017-06-18", "time": "01:34:05", "comment": "\u6211\u4ed6\u5988\u771f\u7684\u662f \u54c8\u54c8\u54c8\u54c8\u54c8\u54c8\u54c8\u54c8", "useful_count": "18"},
{"page_index": 0, "movie_id": "26751902", "title": "\u501f\u773c", "username": "\u51a5\u738b\u661f\u7684\u706f\u7b3c\u88e4", "user_id": "50614429", "rating": "\u8f83\u5dee", "date": "2020-10-18", "time": "00:43:04", "comment": "\u6211\u8fd9\u526f\u9690\u5f62\u6db2\u6676\u663e\u5f71\u773c\u955c\u662f\u4e0a\u4e2a\u6708\u897f\u5fb7\u7684\u6700\u65b0\u4ea7\u54c1\u3002\u524d\u540e\u662f\u4e24\u4e2a\u7f16\u5267\u5427\u3002", "useful_count": "0"},
{"page_index": 0, "movie_id": "26751902", "title": "\u501f\u773c", "username": "\u5218\u660a\u7136", "user_id": "151139885", "rating": "\u5f88\u5dee", "date": "2017-06-16", "time": "14:37:30", "comment": "\u2299\u2200\u2299\uff01\u6797\u5fc3\u5982\u542c\u4e86\u4f1a\u6d41\u6cea", "useful_count": "18"},
{"page_index": 0, "movie_id": "26751902", "title": "\u501f\u773c", "username": "\u8336\u8336\u4e0d\u559d\u8336", "user_id": "1287157", "rating": "\u5f88\u5dee", "date": "2017-06-16", "time": "23:54:03", "comment": "\u6240\u6709\u4eba\u90fd\u5b9b\u82e5\u667a\u969c\n\u9648\u6d69\u6c11\u662f\u6b20\u4e86\u591a\u5c11\u94b1\u6f14\u8fd9\u7247\u5b50\uff1f\n\u859b\u4f73\u51dd\u6574\u5bb9\u5931\u8d25\u4e3a\u4ec0\u4e48\u6709\u52c7\u6c14\u51fa\u6765\uff1f\n\u6700\u540e\u5c45\u7136\u8fd8\u641e\u4e86\u4e2a\u8d70\u8fd1\u79d1\u5b66\u5f69\u86cb\u2026\u2026\n\u6709\u5fc3\u4e86\u2026\u2026", "useful_count": "18"},
{"page_index": 0, "movie_id": "26751902", "title": "\u501f\u773c", "username": "\u6cb3\u72f8", "user_id": "helizhanglao", "rating": "\u8fd8\u884c", "date": "2017-06-27", "time": "23:36:25", "comment": "\u80fd\u628a\u8fd9\u4e48\u79bb\u5947\u7684\u9b3c\u6545\u4e8b\u7ed9\u5706\u56de\u6765\uff0c\u770b\u6765\u7f16\u5267\u4e5f\u662f\u4e0b\u4e86\u4e00\u756a\u529f\u592b\u7684\u3002\u53ea\u53ef\u60dc\u80fd\u529b\u6709\u9650\uff0c\u89e3\u7b54\u548c\u52a8\u673a\u65e2\u7275\u5f3a\u53c8\u72d7\u8840\u3002\u7f57\u5170\u963f\u59e8\u7684\u8fd9\u90e8\u6536\u5c71\u4e4b\u4f5c\u6709\u70b9\u5c34\u5c2c\u3002", "useful_count": "9"},
{"page_index": 0, "movie_id": "26751902", "title": "\u501f\u773c", "username": "\u4e91\u56fe", "user_id": "64011512", "rating": "\u5f88\u5dee", "date": "2017-07-25", "time": "12:45:05", "comment": "\u90fd\u8bf4\u859b\u4f73\u51dd\u6574\u4e86\u3002\u3002\u3002", "useful_count": "3"},
{"page_index": 0, "movie_id": "26751902", "title": "\u501f\u773c", "username": "\u51b2\u7530\u603b\u609f", "user_id": "148933548", "rating": "\u8f83\u5dee", "date": "2017-06-28", "time": "20:02:16", "comment": "\u7f57\u5170 \u4e24\u661f", "useful_count": "0"},
{"page_index": 0, "movie_id": "26751902", "title": "\u501f\u773c", "username": "\u5feb\u4e50\u535f\u535f", "user_id": "155672072", "rating": "\u8fd8\u884c", "date": "2017-06-21", "time": "20:13:44", "comment": "3D\u6548\u679c\u597d\uff0c\u7f57\u5170\u8001\u5e08\u548c\u5973\u4e3b\u6f14\u5f97\u597d\uff0c\u7537\u4e3b\u548c\u5267\u60c5\u4e0d\u597d\u3002", "useful_count": "3"},
{"page_index": 0, "movie_id": "26751902", "title": "\u501f\u773c", "username": "\u9876\u697c\u4e3b", "user_id": "KD-0079", "rating": "\u5f88\u5dee", "date": "2017-07-23", "time": "13:21:23", "comment": "\u5b9b\u82e5\u667a\u969c", "useful_count": "2"},
{"page_index": 0, "movie_id": "26751902", "title": "\u501f\u773c", "username": "\u5c3c\u739b", "user_id": "147349637", "rating": "\u8fd8\u884c", "date": "2017-06-20", "time": "07:01:34", "comment": "\u9648\u6d69\u6c11\u548b\u56de\u4e8b  \u770b\u5728\u4e4b\u524d\u7ed9\u4e09\u661f", "useful_count": "1"},
{"page_index": 0, "movie_id": "26751902", "title": "\u501f\u773c", "username": "\u900d\u9065", "user_id": "140081657", "rating": "\u529b\u8350", "date": "2017-07-18", "time": "00:18:07", "comment": "\u51b2\u7740\u9648\u6d69\u6c11", "useful_count": "1"},
{"page_index": 0, "movie_id": "26751902", "title": "\u501f\u773c", "username": "\u5f00\u5fc3\u5feb\u4e50\u6bcf\u4e00\u5929", "user_id": "154292831", "rating": "\u8f83\u5dee", "date": "2017-10-17", "time": "22:28:23", "comment": "\u9760\u97f3\u6548\u652f\u6491\u90a3\u4e00\u70b9\u70b9", "useful_count": "0"},
{"page_index": 0, "movie_id": "26751902", "title": "\u501f\u773c", "username": "\u674e\u6e58", "user_id": "leexiang", "rating": "\u5f88\u5dee", "date": "2017-09-24", "time": "09:43:26", "comment": "\u7b11\u7740\u770b\u5b8c\u7684\u6050\u6016\u7247\u3002", "useful_count": "1"},
{"page_index": 0, "movie_id": "26751902", "title": "\u501f\u773c", "username": "\u6fdb\u6fdb", "user_id": "jiushangnanzai", "rating": "\u8f83\u5dee", "date": "2017-08-14", "time": "16:51:34", "comment": "\u57fa\u4e8e\u6536\u96c6\u70c2\u7247\u70b9\u5f00\u770b\u4e86\u4e0b\uff0c\u8fd9\u79cd\u660e\u663e\u662f\u4f1a\u62cd\u6210\u70c2\u7247\u7684\u4e1c\u897f\u5c31\u8be5\u4f7f\u52b2\u5f80\u70c2\u4e86\u91cc\u62cd\uff0c\u53c8\u6536\u7740\u4e0d\u6562\u653e\u624b\uff0c\u5c31\u5f88\u5c34\u5c2c\u3002\u859b\u4f73\u51dd\u867d\u7136\u4e0d\u597d\u770b\u4e86\uff0c\u5374\u591a\u4e86\u4e00\u4e9b\u6210\u719f\u7684\u9999\u6c14\u3002\u7f57\u5170\u8fd8\u662f\u4e0d\u9519\u7684\uff0c\u771f\u662f\u5c3d\u5fc3\u5c3d\u4e1a\u7684\u597d\u6f14\u5458\u3002", "useful_count": "0"},
{"page_index": 0, "movie_id": "26751902", "title": "\u501f\u773c", "username": "\u5f69\u620f\u5e08wala", "user_id": "caixishi", "rating": "\u5f88\u5dee", "date": "2019-12-14", "time": "21:54:53", "comment": "\u4efb\u4f55\u4e3b\u89c2\u7684\u81c6\u6d4b\u548c\u63a8\u65ad\u90fd\u662f\u5bf9\u4e8b\u5b9e\u6700\u5927\u7684\u4f24\u5bb3\u3002", "useful_count": "1"},
{"page_index": 0, "movie_id": "26751902", "title": "\u501f\u773c", "username": "\u9999\u706b\u5144\u5f1f", "user_id": "gw150080", "rating": "\u63a8\u8350", "date": "2017-06-16", "time": "23:31:48", "comment": "\u76f8\u4fe1\u7f57\u5170\u963f\u59e8\u679c\u771f\u6ca1\u9519\u3002\u4e4b\u524d\u5c31\u662f\u76f8\u4fe1\u4e86\u60e0\u82f1\u7ea2\u548c\u96f7\u5b87\u626c\u7684\u642d\u914d\u628a\u81ea\u5df1\u5f04\u5751\u91cc\u3002\u8fd9\u6b21\u770b\u5230\u7f57\u5170\u963f\u59e8\uff0c\u89c9\u5f97\u5728\u76f8\u4fe1\u4e00\u56de\u5457\u3002\u867d\u7136\u56fd\u4ea7\u6050\u6016\u7247\u76ee\u524d\u6765\u770b\u4e0d\u53ef\u80fd\u8df3\u51fa\u7cbe\u795e\u75c5\uff0c\u590d\u4ec7\u7b49\u6846\u6846\uff0c\u4f46\u662f\u8fd9\u90e8\u8fd8\u771f\u7684\u6709\u70b9\u5413\u4eba\u3002\u800c\u4e14\u7ed3\u5c40\u4e5f\u975e\u5e38\u597d\uff0c\u91cc\u9762\u8fd8\u6709\u597d\u591a\u65e0\u79c1\u7684\u7231\u3002\u3002\u3002", "useful_count": "7"},
{"page_index": 0, "movie_id": "26751902", "title": "\u501f\u773c", "username": "\u5c0f\u7b3c\u5305", "user_id": "62849910", "rating": "\u5f88\u5dee", "date": "2019-07-09", "time": "14:06:03", "comment": "\u6beb\u65e0\u903b\u8f91..", "useful_count": "1"},
{"page_index": 0, "movie_id": "26751902", "title": "\u501f\u773c", "username": "\u9694\u58c1\u8001\u738b", "user_id": "142276283", "rating": "\u5f88\u5dee", "date": "2019-01-12", "time": "20:13:52", "comment": "\u6211\u8d4c\u5341\u6bdb\u94b1\uff0c\u70c2\u7247\uff0c\u6b22\u8fce\u6253\u8138\uff0c\u5149\u770b\u7535\u5f71\u8272\u8c03\u5c31\u77e5\u9053\u70c2\u4e86\uff0c\u4e00\u6050\u6016\u7247\uff0c\u9884\u544a\u7247\u5c31\u4e00\u4e2a\u8272\u8c03\uff0c\u6211\u4e22\u4f60\u697c\u67d0\n", "useful_count": "1"},
{"page_index": 0, "movie_id": "26751902", "title": "\u501f\u773c", "username": "\u5929\u9e92\u9e9f\u5ba3\u6bbf", "user_id": "Sunho", "rating": null, "date": "2017-08-01", "time": "11:11:43", "comment": "\u5fc3\u75bc\u81ea\u5df1\u82b1\u65f6\u95f4\u770b\u4e86\u8fd9\u4e48\u90e8\u7247\u3002\u3002\u5353\u51e1\u90a3\u4e2a\u89d2\u8272\u771f\u662f\u83ab\u540d\u5176\u5999\u3002\u3002\u3002\u3002", "useful_count": "0"},
{"page_index": 0, "movie_id": "26751902", "title": "\u501f\u773c", "username": "\u5927\u7237", "user_id": "45894251", "rating": "\u8f83\u5dee", "date": "2019-08-18", "time": "20:19:05", "comment": "\u4e3a\u5144\u5f1f\u62a5\u4ec7\uff0c\u6362\u773c\uff0c\u9ad8\u79d1\u6280\u9690\u5f62\u773c\u955c\u89c1\u9b3c\u3002\u8ddf\u53e6\u4e00\u90e8\u300a\u77b3\u7075\u516c\u9986\u300b\u7684\u533a\u522b\u662f\u8fd9\u662f\u9690\u5f62\uff0c\u90a3\u4e2a\u662f\u6846\u67b6\uff0c\u5389\u5bb3\u4e0d\uff1f\u5973\u4e3b\u5413\u6210\u8fd9\u6837\u8fd8\u8981\u7761\u8c6a\u5b85\uff0c\u4f60\u6ca1\u6709\u4e09\u4e94\u767e\u5757\u94b1\u79df\u4e2a\u5341\u5e73\u7c73\u7684\u5c0f\u5c4b\u5b50\u5a18\u4fe9\u80fd\u4e0d\u80fd\u6324\u4e00\u6324\uff1f\u5929\u5929\u90fd\u5728\u627e\u6b22\u6b22\u3002\u8001\u516c\u4ece\u697c\u4e0a\u6389\u4e0b\u53bb\u5427\u5527\u6454\u6b7b\u4e86\uff0c\u5de6\u6797\u4ece\u90a3\u4e48\u9ad8\u7684\u60ac\u5d16\u4e0a\u6454\u4e0b\u53bb\u4f60\u544a\u8bc9\u6211\u6ca1\u4e8b\uff1f\uff1f\u8fd9\u4e0d\u662f\u8349\u5730\u554a\u4e0b\u9762\u662f\u51f9\u51f8\u4e0d\u5e73\u7684\u5927\u77f3\u5757\u554a\uff01\u54c8\u59b9\u4e5f\u8001\u4e86\uff0c\u8138\u50f5\u4e86\uff0c\u5012\u6709\u51e0\u5206\u50cf\u6797\u79c0\u6676\uff0c\u4e0d\u77e5\u9053\u662f\u4e0d\u662f\u4e0d\u81ea\u4fe1\uff0c\u7247\u91cc\u4e00\u76f4\u5728\u4e0d\u505c\u5730\u5f04\u5934\u53d1\u3002", "useful_count": "0"},
{"page_index": 0, "movie_id": "26751902", "title": "\u501f\u773c", "username": "\u6700\u7f8e\u7684\u65f6\u5149", "user_id": "157833815", "rating": "\u8fd8\u884c", "date": "2017-12-19", "time": "14:15:43", "comment": "\u867d\u7136\u4e0d\u592a\u60ca\u609a\uff0c\u4f46\u662f\u6211\u8fd8\u662f\u89c9\u7684\u6ca1\u90a3\u4e48\u96be\u770b", "useful_count": "1"},
{"page_index": 0, "movie_id": "26751902", "title": "\u501f\u773c", "username": "\u5927\u6865\u54e5\u7684\u4e16\u754c", "user_id": "yangqiaoqiao", "rating": "\u8f83\u5dee", "date": "2017-06-18", "time": "18:59:24", "comment": "\u7ed9\u6e29\u5dde\u8001\u4e61\u52a0\u4e00\u9897\u661f\u5427", "useful_count": "1"},
{"page_index": 0, "movie_id": "26751902", "title": "\u501f\u773c", "username": "\u590f\u81f3\u82b1\u5f00", "user_id": "63027604", "rating": "\u5f88\u5dee", "date": "2017-10-19", "time": "14:41:09", "comment": "\u5de6\u6797\u778e\u4e86\u5c45\u7136\u8fd8\u80fd\u90a3\u4e48\u5389\u5bb3\u7684\u9690\u85cf\u81ea\u5df1", "useful_count": "0"},
{"page_index": 0, "movie_id": "26751902", "title": "\u501f\u773c", "username": "\u5e03\u5c0f\u718a", "user_id": "liuyajing811025", "rating": "\u8f83\u5dee", "date": "2017-07-27", "time": "02:02:10", "comment": "\u5feb\u8fdb\u770b\u5b8c\uff0c\u4e00\u5f00\u59cb\u5c31\u77e5\u9053bug \u5728\u54ea\u513f\u4e86", "useful_count": "0"},
{"page_index": 0, "movie_id": "26751902", "title": "\u501f\u773c", "username": "\u751c\u7b52-", "user_id": "150931610", "rating": "\u8f83\u5dee", "date": "2017-06-22", "time": "19:45:04", "comment": "\u70c2", "useful_count": "1"},
{"page_index": 0, "movie_id": "26751902", "title": "\u501f\u773c", "username": "\u6e05\u96c5\u6212\u5962", "user_id": "194286859", "rating": "\u5f88\u5dee", "date": "2021-12-18", "time": "14:22:20", "comment": "\u770b\u5b8c\u201c\u5c0f\u6d9b\u8bb2\u7535\u5f71\u201d\u5267\u900f\u6765\u7684\uff0c\u4e0b\u9762\u9644\u4e0a\u94fe\u63a5\uff1ahttps://b23.tv/ewTReRf\u3002\n\u7ed9\u5973\u4e3b\u505a\u4e86\u624b\u672f\u5e76\u4e14\u4e00\u76f4\u5728\u7167\u987e\u5973\u4e3b\u7684\u773c\u79d1\u533b\u751f\uff0c\u4e0e\u4e4b\u524d\u56e0\u4e3a\u4e8b\u4e1a\u4e0d\u987a\u3001\u5bb6\u66b4\u5973\u4e3b\u7684\u4e08\u592b\uff0c\u5176\u5b9e\u662f\u5144\u5f1f\uff0c\u626f\u4e86\u4e00\u4e2a\u4ec0\u4e48\u6050\u6016\u4f20\u8bf4\uff0c\u4f46\u662f\u6700\u7ec8\u771f\u76f8\u8ddf\u8fd9\u4e2a\u6beb\u65e0\u5173\u7cfb\uff0c\u5267\u60c5\u7a00\u70c2\u3002", "useful_count": "1"},
{"page_index": 0, "movie_id": "26751902", "title": "\u501f\u773c", "username": "SENSE8", "user_id": "3560989", "rating": "\u8fd8\u884c", "date": "2017-06-17", "time": "21:51:13", "comment": "\u7ed9\u7ae5\u5e74\u7537\u795e\u9648\u6d69\u6c11\u4e09\u661f\u2026\u2026", "useful_count": "3"},
{"page_index": 0, "movie_id": "26751902", "title": "\u501f\u773c", "username": "\u8f7b\u821e\u98de\u626c", "user_id": "158887942", "rating": "\u8fd8\u884c", "date": "2017-06-20", "time": "17:16:37", "comment": "\u60ca\u6035\uff0c\u60ac\u7591\u7684\u6c1b\u56f4\u8425\u9020\u8fd8\u884c\uff0c\u5267\u60c5\u73af\u73af\u76f8\u6263\uff0c\u859b\u4f73\u51dd\u6f14\u6280\u4e0d\u9519\uff0c\u7f57\u5170\u7684\u8868\u73b0\u8fd8\u884c\u3002", "useful_count": "2"},
{"page_index": 0, "movie_id": "26751902", "title": "\u501f\u773c", "username": "\u4e03\u4e03", "user_id": "157642461", "rating": "\u8fd8\u884c", "date": "2017-06-17", "time": "16:37:37", "comment": "\u4fe1\u4efb\u548c\u7231\u6210\u4e3a\u8fd9\u4e2a\u793e\u4f1a\u6700\u7a00\u7f3a\u7684\u8d44\u6e90", "useful_count": "3"},
{"page_index": 0, "movie_id": "26751902", "title": "\u501f\u773c", "username": "\u563b\u563b\u5f17\u65af", "user_id": "Zero0919", "rating": "\u8f83\u5dee", "date": "2017-07-23", "time": "18:45:37", "comment": "\u795e\u7ecf\u516e\u516e\u7684\u56fd\u4ea7\u7247", "useful_count": "0"},
{"page_index": 0, "movie_id": "26751902", "title": "\u501f\u773c", "username": "\u7ea2\u85d5\u9999\u6b8b\u7389\u7c1f\u79cb", "user_id": "127437486", "rating": "\u5f88\u5dee", "date": "2017-06-16", "time": "12:55:36", "comment": "\u9648\u6d69\u6c11\uff0c\u4ee5\u524d\u5f88\u559c\u6b22\u770b\u4ed6\u7684\u620f\uff0c\u4ed6\u540e\u6765\u548b\u4e86\uff0c\u8fd9\u6837", "useful_count": "14"},
{"page_index": 0, "movie_id": "26751902", "title": "\u501f\u773c", "username": "\u65b9\u4ee5\u56e0", "user_id": "shenfeiyan", "rating": "\u5f88\u5dee", "date": "2017-09-06", "time": "15:45:39", "comment": "\u4e0d\u77e5\u6240\u4e91", "useful_count": "0"},
{"page_index": 0, "movie_id": "26751902", "title": "\u501f\u773c", "username": "\u02d9\u02d8\u02d9", "user_id": "155603461", "rating": "\u5f88\u5dee", "date": "2017-07-23", "time": "19:10:25", "comment": "\u6ca1\u770b\u4e0b\u53bb", "useful_count": "0"},
{"page_index": 0, "movie_id": "26751902", "title": "\u501f\u773c", "username": "\u963f\u7d2b\u5c11\u7237", "user_id": "58581743", "rating": "\u5f88\u5dee", "date": "2017-07-30", "time": "16:58:36", "comment": "\u770b\u89c1\u9648\u6d69\u6c11\u5c31\u53cd\u80c3", "useful_count": "1"},
{"page_index": 0, "movie_id": "26751902", "title": "\u501f\u773c", "username": "\u522b\u8bf4\u591a\u60c5\u597d", "user_id": "34006126", "rating": "\u8f83\u5dee", "date": "2017-08-10", "time": "00:16:23", "comment": "\u4e2d\u56fd\u4e0d\u8bb8\u6709\u9b3c\uff0c\u6240\u4ee5\uff0c\u52c9\u5f3a\u770b\u770b\u5427\u2026\u2026", "useful_count": "0"},
{"page_index": 0, "movie_id": "26751902", "title": "\u501f\u773c", "username": "shirak", "user_id": "shirak", "rating": null, "date": "2017-12-02", "time": "11:07:20", "comment": "\u667a\u969c\u7684\u52a8\u673a\u2026\u2026", "useful_count": "0"},
{"page_index": 0, "movie_id": "26751902", "title": "\u501f\u773c", "username": "\u6d77\u4e0a\u660e\u6708", "user_id": "50405392", "rating": "\u8f83\u5dee", "date": "2017-06-21", "time": "11:15:42", "comment": "\u7f57\u5170 \u552f\u4e00\u770b\u70b9", "useful_count": "0"},
{"page_index": 0, "movie_id": "26751902", "title": "\u501f\u773c", "username": "33\u7c73\u5170", "user_id": "79879080", "rating": "\u5f88\u5dee", "date": "2017-09-12", "time": "10:52:24", "comment": "\u4e2d\u56fd\u9b3c\u7247\u80fd\u4e0d\u80fd\u771f\u6709\u9b3c \u80fd\u4e0d\u80fd\u4e0d\u62cd\u70c2\u7247\u4e86  2017 9 12", "useful_count": "0"},
{"page_index": 0, "movie_id": "26751902", "title": "\u501f\u773c", "username": "\u9ea6\u5b50", "user_id": "btone0808", "rating": "\u8f83\u5dee", "date": "2017-07-24", "time": "13:02:52", "comment": "\u6709\u4e2a\u522b\u6050\u6016\u60c5\u8282\u5b89\u6392\u7684\u8fd8\u53ef\u4ee5\uff0c\u6bd4\u540c\u7c7b\u56fd\u4ea7\u6050\u6016\u7247\u591a\u4e00\u661f\u5427", "useful_count": "0"},
{"page_index": 0, "movie_id": "26751902", "title": "\u501f\u773c", "username": "\u738b\u6728\u5ddd", "user_id": "jielunxiaoxin", "rating": "\u8f83\u5dee", "date": "2017-12-09", "time": "13:10:30", "comment": "\u5176\u5b9e\u62cd\u7684\u8fd8\u53ef\u4ee5\uff0c\u4f46\u662f\u6211\u60f3\u4e86N\u79cd\u7ed3\u5c40\uff0c\u6ca1\u60f3\u5230\u662f\u6700low\u7684\u90a3\u79cd\u3002\u7f57\u5170\u9762\u762b\u52a0\u540a\u5501\u5f0f\u6f14\u6280\u771f\u662f\u591f\u4e86\u3002", "useful_count": "0"},
{"page_index": 0, "movie_id": "26751902", "title": "\u501f\u773c", "username": "\u6211\u4e0d\u5728\u8fd9\u91cc", "user_id": "3494420", "rating": "\u5f88\u5dee", "date": "2017-06-21", "time": "23:47:23", "comment": "\u9648\u6d69\u6c11\u5475\u5475", "useful_count": "4"},
{"page_index": 0, "movie_id": "26751902", "title": "\u501f\u773c", "username": "\u76ae\u5361\u4e18\u4e0e\u7cbe\u7075\u7403", "user_id": "145845632", "rating": "\u5f88\u5dee", "date": "2021-06-19", "time": "19:39:38", "comment": "\u5973\u4e3b\u6ca1\u6709\u597d\u597d\u4fdd\u517b\uff0c\u76ae\u80a4\u72b6\u6001\u4e0d\u597d\uff0c\u6f14\u6280\u4e5f\u4e0d\u592a\u884c\uff0c\u4e0d\u7ea2\u4e5f\u662f\u6709\u539f\u56e0\u7684\u3002\u56fd\u4ea7\u6050\u6016\u7247\u731c\u88c5\u795e\u5f04\u9b3c\u516b\u6210\u6ca1\u9519\uff0c\u8fd9\u4e0d\u53c8\u662f\u590d\u4ec7\uff0c\u8fd9\u90e8\u5267\u6050\u6016\u4e0d\u8db3\u60ac\u7591\u4e5f\u4e0d\u8db3\uff0c\u6709\u4e9b\u65e0\u804a\uff0c\u4eae\u70b9\u662f\u620f\u8154\uff0c\u620f\u8154\u51fa\u73b0\u5728\u6050\u6016\u7247\u5c31\u89c9\u5f97\u8be1\u5f02\u3002\u6700\u540e\u5bf9\u5973\u4e3b\u7684\u6d17\u767d\uff0c\u8ba9\u8fd9\u90e8\u5267\u53d8\u7684\u65e0\u804a\u900f\u9876\u3002\u5929\u5450\uff01\u5973\u4e3b\u8fd9\u662f\u4ec0\u4e48\u60c5\u51b5\uff1f\u662f\u4e2a\u4eba\u90fd\u770b\u5f97\u51fa\u5973\u4e3b\u5bf9\u7537\u4e3b\u52a8\u60c5\u4e86\u4e5f\u7b54\u5e94\u4e86\u6c42\u5a5a\uff0c\u7ed3\u679c\u7537\u4e3b\u5f1f\u5f1f\u6ca1\u6b7b\u53c8\u53bb\u548c\u5f1f\u5f1f\u5728\u4e00\u8d77\u4e86\u2026\u2026\u2026\u6211\u5410\u4e86\u3002", "useful_count": "0"},
{"page_index": 0, "movie_id": "26751902", "title": "\u501f\u773c", "username": "\u6484\u5b81", "user_id": "88163092", "rating": "\u5f88\u5dee", "date": "2019-05-10", "time": "23:58:04", "comment": "\u6b22\u6b22\u90a3\u4e48\u5c0f\u8001\u662f\u7a7f\u7740\u90a3\u4e48\u6210\u719f\u56db\u4e0d\u50cf\uff0c\u773c\u795e\u4e5f\u4e0d\u50cf\u5c0f\u5b69\u5b50\uff0c\n\u9ad8\u6728\u6574\u4e2a\u4eba\u770b\u7740\u90fd\u5f88\u7325\u7410\n\u5973\u4e3b\u6ca1\u7761\u9192\uff0c\u4e00\u8138\u5723\u6bcd\u6837\n\u8fd9\u4e2a\u7535\u89c6\u5267\u60c5\u5f88\u5947\u8469\u554a\uff0c\u5783\u573e\u4e86\n\u597d\u50bb\u903c\u7684\u5267\u60c5\uff0c\u60ac\u5d16\u90a3\u5757\n\u50bb\u903c\u7535\u5f71\uff0c\u4e00\u661f\u4e0d\u60f3\u8bc4", "useful_count": "0"},
{"page_index": 0, "movie_id": "26751902", "title": "\u501f\u773c", "username": "\u5218\u6ce2\u5b50", "user_id": "liubozi", "rating": "\u8fd8\u884c", "date": "2019-11-21", "time": "23:13:24", "comment": "\u603b\u4f53\u770b\u4e0b\u6765\u6709\u4ee5\u4e0b\u51e0\u4e2a\u4f18\u70b9\uff0c\u80f6\u7247\u8272\u5f69\u9002\u5408\uff0c\u80cc\u666f\u97f3\u4e50\uff0c\u89d2\u8272\u670d\u88c5\u7cbe\u81f4\uff0c\u5728\u6bcf\u4e2a\u573a\u666f\u90fd\u6709\u4e0d\u540c\u670d\u88c5\u6765\u642d\u914d\uff0c\u859b\u4f73\u51dd\u7684\u6f14\u6280\u5230\u4f4d\u3002\u5e76\u6ca1\u6709\u90a3\u4e48\u4e0d\u582a\uff01", "useful_count": "0"},
{"page_index": 0, "movie_id": "26751902", "title": "\u501f\u773c", "username": "maruru", "user_id": "lycanthropy", "rating": "\u8fd8\u884c", "date": "2017-06-26", "time": "08:39:14", "comment": "\u7ed9\u59e8\u592a\u592a\u7684\u7f8e\u8c8c\u52a0\u4e00\u661f", "useful_count": "0"},
{"page_index": 0, "movie_id": "26751902", "title": "\u501f\u773c", "username": "\u7b11\u4e09\u5c11", "user_id": "66810723", "rating": null, "date": "2017-06-19", "time": "15:03:29", "comment": "\u6ca1\u770b\u8fc7\u4e0d\u4e88\u7f6e\u8bc4\uff0c\u611f\u89c9\u4e0d\u662f\u6211\u7684\u83dc", "useful_count": "0"},
{"page_index": 0, "movie_id": "26751902", "title": "\u501f\u773c", "username": "\u970d\u771f\u666e\u6d1b\u5179", "user_id": "12042017", "rating": "\u5f88\u5dee", "date": "2017-11-10", "time": "18:00:11", "comment": "\u771f\u5fc3\u89c9\u5f97\u8fd9\u4e9b\u5927\u5927\u5c0f\u5c0f\u963f\u732b\u963f\u72d7\u5bfc\u6f14\uff0c\u592a\u574f\u4e86\uff0c\u4fae\u8fb1\u827a\u672f\uff0c\u660e\u660e\u4e0d\u9002\u5408\u62cd\u9b3c\u7247\uff0c\u60ac\u7591\uff0c\u60ca\u609a\u7247\u8fd8\u975e\u8981\u4e71\u6765\u3002\u592a\u4fae\u8fb1\u667a\u5546\u4e86", "useful_count": "2"},
{"page_index": 0, "movie_id": "26751902", "title": "\u501f\u773c", "username": "\u8363\u53eb\u517d", "user_id": "ron4u", "rating": "\u5f88\u5dee", "date": "2021-04-18", "time": "20:33:29", "comment": "\u5bfc\u6f14\uff0c\u4f60\u6ca1\u75c5\u5427\uff1f\n\u4e3a\u4e86\u53cd\u8f6c\u800c\u53cd\u8f6c\u2026\u2026\u8fd8\u628a\u8bf4\u597d\u7684\u300c\u60ca\u609a\u7247\u300d\u62cd\u6210\u201c\u5076\u50cf\u5267\u201d\uff1f\ud83d\ude02\n\n\u6216\u8005\uff0c\u4e0d\u602a\u5bfc\u6f14\uff0c\u90fd\u662f\u7f16\u5267\u7684\u9505\uff1f", "useful_count": "0"},
{"page_index": 0, "movie_id": "26751902", "title": "\u501f\u773c", "username": "\u6d77\u6b4c", "user_id": "218346466", "rating": null, "date": "2021-12-23", "time": "13:18:40", "comment": "\u770b\u4e86\u7cdf\u5fc3\u554a\u3002", "useful_count": "0"},
{"page_index": 0, "movie_id": "26751902", "title": "\u501f\u773c", "username": "\u4e07\u4e50", "user_id": "163616204", "rating": "\u5f88\u5dee", "date": "2022-08-18", "time": "18:17:10", "comment": "\u4f17\u6240\u5468\u77e5\u6211\u4eec\u9b3c\u7247\u6ca1\u6709\u9b3c\uff0c\u4f46\u662f\u6700\u540e\u80fd\u7528\u79d1\u6280\u751f\u9b3c\u6211\u7b97\u4f60\u5389\u5bb3\u3002", "useful_count": "0"},
{"page_index": 0, "movie_id": "26751902", "title": "\u501f\u773c", "username": "\u53e4\u6708\u9b45\u5f71", "user_id": "57876333", "rating": "\u8f83\u5dee", "date": "2019-07-25", "time": "22:38:54", "comment": "\u4e24\u661f\u534a\uff0c\u56fd\u4ea7\u60ca\u609a\u7247\u4e5f\u5c31\u53ea\u80fd\u8fd9\u6837\u4e86\uff0c\u4e0d\u8fc7\u6700\u540e\u7684\u53cd\u8f6c\u80fd\u4e0d\u80fd\u5408\u903b\u8f91\u70b9\uff0c\u6f14\u6280\u6700\u5389\u5bb3\u7684\u8fd8\u662f\u7f57\u5a76\uff0c\u614e\u5f97\u614c\u3002", "useful_count": "0"},
{"page_index": 0, "movie_id": "26751902", "title": "\u501f\u773c", "username": "SUOLON", "user_id": "160026632", "rating": "\u8fd8\u884c", "date": "2017-07-02", "time": "12:53:50", "comment": "\u548c\u4e00\u822c\u7684\u6050\u6016\u7247\u4e0d\u592a\u4e00\u6837", "useful_count": "0"},
{"page_index": 0, "movie_id": "26751902", "title": "\u501f\u773c", "username": "\u54c8\u54c8", "user_id": "160845741", "rating": "\u8f83\u5dee", "date": "2017-07-28", "time": "18:55:49", "comment": "\u4e00\u4e2a\u5973\u4eba\u7684\u61e6\u5f31\u65e0\u80fd\u53c8\u81ea\u79c1", "useful_count": "0"},
{"page_index": 0, "movie_id": "26751902", "title": "\u501f\u773c", "username": "\u4f18\u4f18", "user_id": "174786377", "rating": "\u8f83\u5dee", "date": "2018-10-10", "time": "13:56:40", "comment": "\u8bc4\u5206\u6709\u70b9\u592a\u4f4e\u4e86\uff0c\u6ca1\u6709\u90a3\u5dee\u5427\uff0c\u5c31\u662f\u6700\u540e\u90a3\u4e2a\u5f1f\u5f1f\u8fd8\u8ddf\u5973\u4e3b\u5728\u4e00\u8d77\u6709\u70b9\u610f\u5916\u5176\u5b9e\u5f53\u521d\u6389\u4e0b\u60ac\u5d16\u53ef\u4ee5\u62c9\u4e0a\u6765\u7684\u5973\u4e3b\u592a\u5f31", "useful_count": "0"},
{"page_index": 0, "movie_id": "26751902", "title": "\u501f\u773c", "username": "\u4f0a\u6614", "user_id": "littlecbaby", "rating": "\u5f88\u5dee", "date": "2021-06-06", "time": "17:04:39", "comment": "\u54c8\u54c8\u54c8\u54c8\u54c8\u54c8\u54c8\u54c8\u54c8\u54c8", "useful_count": "0"},
{"page_index": 0, "movie_id": "26751902", "title": "\u501f\u773c", "username": "\u88c5\u7532\u8fde\u5c0f\u70ae\u624b", "user_id": "mutouLGm", "rating": "\u8f83\u5dee", "date": "2021-09-01", "time": "17:27:43", "comment": "\u52c9\u52c9\u5f3a\u5f3a\uff0c\u591a\u7ed9\u4e00\u661f", "useful_count": "0"},
{"page_index": 0, "movie_id": "26751902", "title": "\u501f\u773c", "username": "\u83b9\u5c0f\u5b9d", "user_id": "benbenmuxi", "rating": "\u8f83\u5dee", "date": "2017-08-09", "time": "16:10:00", "comment": "\u672c\u6765\u51b2\u7740\u7f57\u5170\u53bb\u7684\uff0c\u7ed3\u679c\u5979\u5728\u8fd9\u4e0a\u9762\u6beb\u65e0\u7528\u5904\u554a\u3002\u859b\u4f73\u51dd\u7684\u53cc\u773c\u76ae\u662f\u5272\u7684\u5427\u300b\uff1f\u600e\u4e48\u90a3\u4e48\u5047\u3002\u5168\u5267\u7684\u7537\u4eba\u51e0\u4e4e\u5168\u7231\u5973\u4e3b\uff0c\u771f\u5fc3\u53d7\u4e0d\u4e86\u3002\u800c\u4e14\u611f\u89c9\u8ddf\u9898\u76ee\u6ca1\u592a\u5927\u5173\u7cfb\u3002", "useful_count": "0"},
{"page_index": 0, "movie_id": "26751902", "title": "\u501f\u773c", "username": "\u6015\u74e6\u843d\u5730", "user_id": "81585815", "rating": "\u8fd8\u884c", "date": "2017-08-14", "time": "16:50:32", "comment": "\u90a3\u4e48\u9ad8\u7684\u60ac\u5d16\u6454\u4e0b\u53bb\u5c45\u7136\u8fd8\u6d3b\u7740\uff1f\uff1f\uff1f\u5c0f\u5973\u5b69\u6f14\u6280\u4e5f\u662f\u5f88\u6349\u6025\uff0c\u9664\u4e86\u77aa\u773c\u775b\u4ec0\u4e48\u90fd\u4e0d\u4f1a", "useful_count": "0"},
{"page_index": 0, "movie_id": "26751902", "title": "\u501f\u773c", "username": "Drella", "user_id": "47864328", "rating": "\u5f88\u5dee", "date": "2017-07-31", "time": "20:20:55", "comment": "\u62cd\u8fd9\u79cd\u70c2\u7247\u771f\u7684\u662f\u6d6a\u8d39\u8d44\u6e90", "useful_count": "0"},
{"page_index": 0, "movie_id": "26751902", "title": "\u501f\u773c", "username": "\u5929\u95e8\u5916\u7684\u56de\u5fc6", "user_id": "lvwei_wei", "rating": "\u8fd8\u884c", "date": "2020-07-22", "time": "19:09:41", "comment": "\u8fbd\u5b81\u536b\u89c6\uff0c\u53c8\u662f\u6545\u5f04\u7384\u865a", "useful_count": "0"},
{"page_index": 0, "movie_id": "26751902", "title": "\u501f\u773c", "username": "\u6b66\u5b89\u541b", "user_id": "154035879", "rating": "\u5f88\u5dee", "date": "2020-08-29", "time": "17:08:57", "comment": "\u2488\u62e5\u6709\u56fd\u4ea7\u6050\u6016\u7247\u7684\u4e00\u5207\u6bdb\u75c5\uff0c\u4f46\u4e5f\u6709\u6240\u8fdb\u6b65\uff0c\u7ec8\u4e8e\u4e0d\u518d\u662f\u8ff7\u5e7b\u836f\u4e4b\u7c7b\uff0c\u800c\u662f\u4e0a\u5347\u5230\u9ad8\u79d1\u6280\uff0c\u6709\u8fd9\u6280\u672f\u88c5\u5565\u9b3c\uff0c\u8fd8\u4e0d\u5982\u76f4\u63a5\u53d6\u4ee3\u7535\u89c6\uff0c\u4e0d\u8fc7\u8fd9\u54e5\u54e5\u770b\u8d77\u6765\u4e5f\u4e0d\u7f3a\u94b1\uff0c\u6240\u4ee5\u4e5f\u5c31\u7406\u89e3\u4e86\uff1b\n\u2489\u54e5\u54e5\u4e3a\u5f1f\u5f1f\u62a5\u4ec7\uff0c\u7ed3\u679c\u8981\u8ddf\u5f1f\u5ab3\u5728\u4e00\u8d77\uff0c\u5f1f\u5f1f\u7ed3\u679c\u8fd8\u6ca1\u6709\u6b7b\uff0c\u8fd9\u5c31\u5f88\u5c34\u5c2c\u4e86\uff0c\u5e78\u597d\u6709\u5c0f\u5973\u5b69\uff0c\u8981\u4e0d\u7136\u8fd8\u6ca1\u6709\u529e\u6cd5\u633d\u56de\u4e86\uff0c\u4e0d\u8fc7\u5c0f\u5973\u5b69\u771f\u662f\u592a\u70e6\u4eba\u4e86\uff0c\u5373\u4f7f\u4e00\u76f4\u90fd\u77e5\u9053\u5979\u662f\u6b63\u786e\u7684\uff1b\n\u248a\u54e5\u54e5\u751a\u81f3\u8fd8\u5f00\u59cb\u627e\u7fa4\u4f17\u6f14\u5458\u914d\u5408\uff0c\u800c\u4e14\u8fd8\u6709\u9b3c\u5c4b\u7684\u4f20\u8bf4\uff0c\u771f\u7684\u5f88\u656c\u4e1a\uff0c\u53e6\u5916\u5168\u7247\u6700\u7cbe\u5f69\u7684\u7247\u6bb5\u5c31\u662f\uff0c\u51e0\u4e2a\u59e8\u592a\u592a\u76f8\u4e92\u6495\u6597\u7684\u573a\u9762\uff0c\u771f\u662f\u7f8e\u5982\u753b\u554a\uff01", "useful_count": "0"},
{"page_index": 0, "movie_id": "26751902", "title": "\u501f\u773c", "username": "\u7ba1", "user_id": "shanelovejoey", "rating": "\u5f88\u5dee", "date": "2017-12-24", "time": "18:10:09", "comment": "\u6211\u3002\u3002\u3002\u771f\u662f\u4e0d\u77e5\u9053\u600e\u4e48\u8bc4\u4ef7\u4e86\uff0c\u5e76\u4e0d\u662f\u52a0\u4e86\u7f57\u5170\u5c31\u662f\u6050\u6016\u7247\u5427\u3002", "useful_count": "0"},
{"page_index": 0, "movie_id": "26751902", "title": "\u501f\u773c", "username": "\u6dd8\u4e50\u59a4", "user_id": "48938261", "rating": "\u8f83\u5dee", "date": "2017-11-02", "time": "19:39:00", "comment": "\u53cd\u8f6c\u7684\u53ea\u6709\u90a3\u4e2a\u5de6\u6797\u6ca1\u60f3\u5230\u662f\u90a3\u4e48\u6389\u4e0b\u53bb\u7684\u3002", "useful_count": "0"},
{"page_index": 0, "movie_id": "26751902", "title": "\u501f\u773c", "username": "\u8c46\u74e3\u9c7c", "user_id": "158942186", "rating": "\u5f88\u5dee", "date": "2017-07-20", "time": "02:32:55", "comment": "\u5267\u60c5\u592a\u5f31\u4e86\u3002\u5f53\u6240\u6709\u8c1c\u5e95\u63ed\u5f00\u7684\u65f6\u5019\uff0c\u771f\u76f8\u7adf\u7136\u662f\u90a3\u4e48\u7684\u7b80\u5355\u3002\u6240\u6709\u7684\u5957\u8def\u53c8\u662f\u90a3\u4e48\u7684\u7ecf\u4e0d\u8d77\u63a8\u6572\u3002", "useful_count": "0"},
{"page_index": 0, "movie_id": "26751902", "title": "\u501f\u773c", "username": "Gaea", "user_id": "feb1st", "rating": "\u5f88\u5dee", "date": "2017-10-02", "time": "12:54:32", "comment": "\u867d\u7136\u5bf9\u859b\u4f73\u51dd\u5f88\u6709\u597d\u611f\uff0c\u4f46\u662f\u2299\u25bd\u2299\u8fd9\u7247\u5b50\u592a\u56e7\u4e86\uff0c\u6211\u7279\u5730\u62c9\u4e0a\u7a97\u5e18\u770b\u7684\uff0c\u7ed3\u679c\u770b\u5230\u90a3\u4e2a\u9b3c\u5f71\u6211\u5c31\u5fcd\u4e0d\u4f4f\u7b11\u4e86\u256d(\u256f\u03b5\u2570)\u256e\u8fd9\u7edd\u5bf9\u662f\u6765\u7838\u573a\u5b50\u7684", "useful_count": "0"},
{"page_index": 0, "movie_id": "26751902", "title": "\u501f\u773c", "username": "\u8611\u83c7\u662f\u6735\u79ef\u96e8\u4e91", "user_id": "wunaihuaqi", "rating": "\u5f88\u5dee", "date": "2017-08-18", "time": "12:01:45", "comment": "\ud83e\udd21", "useful_count": "0"},
{"page_index": 0, "movie_id": "26751902", "title": "\u501f\u773c", "username": "Anby", "user_id": "147581815", "rating": "\u5f88\u5dee", "date": "2017-09-24", "time": "22:23:22", "comment": "\u859b\u4f73\u51dd\u6f14\u6280\u592a\u5dee\u3002", "useful_count": "0"},
{"page_index": 0, "movie_id": "26751902", "title": "\u501f\u773c", "username": "\u6d77\u626c\u5c18", "user_id": "haiyangchen", "rating": "\u8fd8\u884c", "date": "2017-06-25", "time": "19:09:59", "comment": "\u5982\u679c\u628a\u7ed3\u5c3e5\u5206\u949f\u5de6\u6797\u8fd8\u6d3b\u7740\u8fd9\u79cd\u8131\u7ebf\u7684\u60c5\u8282\u53bb\u6389\uff0c\u672c\u7247\u6bd4\u6211\u4e4b\u524d\u7535\u5f71\u9662\u91cc\u770b\u8fc7\u7684\u6240\u6709\u56fd\u4ea7\u9b3c\u7247\u90fd\u597d\u5f97\u591a\u3002\u8bb0\u5f97\u4e0a\u4e00\u90e8\u6211\u770b\u7684\u662f\u300a\u5348\u591c\u706b\u8f66\u300b\u3002\u6211\u662f\u51b2\u7740\u7f57\u5170\u8001\u592a\u592a\u6765\u7684\uff0c\u679c\u7136\u5979\u8fd8\u662f\u6ca1\u8ba9\u4eba\u5931\u671b\u3002\u5973\u4e3b\u89d2\u6f14\u6280\u4e5f\u7b97\u5c3d\u529b\u4e86\u3002\u8fd8\u56e0\u4e3a\u8c46\u74e3\u538b\u6839\u6ca1\u6709\u8bc4\u5206\uff0c\u6240\u4ee5\u6211\u6765\u770b\u4e86\u3002", "useful_count": "2"},
{"page_index": 0, "movie_id": "26751902", "title": "\u501f\u773c", "username": "Kinki.Y", "user_id": "4337719", "rating": "\u8f83\u5dee", "date": "2017-08-24", "time": "14:49:40", "comment": "\u5267\u60c5\u53cd\u8f6c\u518d\u53cd\u8f6c\uff0c\u7b2c\u4e00\u773c\u8fd8\u6ca1\u8ba4\u51fa\u9648\u6d69\u6c11\uff0c\u548cTVB\u65f6\u671f\u5dee\u522b\u592a\u5927\u3002", "useful_count": "0"},
{"page_index": 0, "movie_id": "26751902", "title": "\u501f\u773c", "username": "Hitchcook", "user_id": "scofieldx", "rating": "\u5f88\u5dee", "date": "2017-06-27", "time": "23:09:52", "comment": "\u6f0f\u6d1e\u767e\u51fa\u554a\uff0c\u6211\u5c31\u60f3\u95ee\u7537\u4e3b\u7684\u5f1f\u5f1f\u773c\u775b\u778e\u4e86\uff0c\u8fd8\u53ef\u4ee5\u8fd9\u4e48\u7075\u6d3b\u7684\u4e71\u8dd1\u662f\u4ec0\u4e48\u610f\u601d", "useful_count": "0"},
{"page_index": 0, "movie_id": "26751902", "title": "\u501f\u773c", "username": "EvilGoblin", "user_id": "64996012", "rating": "\u8f83\u5dee", "date": "2017-09-11", "time": "18:41:57", "comment": "\u4eca\u540e\uff0c\u6211\u7684\u773c\uff0c\u5c31\u662f\u4f60\u7684\u773c\u3002", "useful_count": "0"},
{"page_index": 0, "movie_id": "26751902", "title": "\u501f\u773c", "username": "\u5b7d\u597d", "user_id": "xiaoxuehaohao", "rating": "\u5f88\u5dee", "date": "2022-02-21", "time": "15:11:52", "comment": "\u7f57\u5170\u963f\u59e8\u8fd8\u662f\u90a3\u4e48\u5413\u4eba", "useful_count": "0"},
{"page_index": 0, "movie_id": "26751902", "title": "\u501f\u773c", "username": "\u963fq", "user_id": "59163242", "rating": "\u5f88\u5dee", "date": "2017-06-18", "time": "02:23:47", "comment": "\u670b\u53cb\u516c\u53f8\u7684\u5305\u573a\u3002\u7ed3\u679c\u5168\u7b11\u573a\u3002\u6211\u770b\u5f97\u60f3\u6254\u9e21\u86cb\u3002\u7f16\u5267\u3002\u8fd9\u6837\u90fd\u53ef\u4ee5\u4e0a\u6620\u5417\u3002\u8bf7\u770b\u770b\u8537\u82b1\u7ea2\u83b2\u597d\u4e48\u3002\u5509\u3002", "useful_count": "4"},
{"page_index": 0, "movie_id": "26751902", "title": "\u501f\u773c", "username": "2047", "user_id": "wode2047", "rating": "\u5f88\u5dee", "date": "2020-02-19", "time": "21:36:46", "comment": "\u501f\u4e2a\u80c6\u5427\uff0c\u80fd\u770b\u5b8c\u4e86\u5417\uff1f", "useful_count": "0"},
{"page_index": 0, "movie_id": "26751902", "title": "\u501f\u773c", "username": "\u82cf\u51c9", "user_id": "wutongsuliang", "rating": "\u5f88\u5dee", "date": "2017-10-03", "time": "15:00:21", "comment": "\u56fd\u4ea7\u6050\u6016\u7247\uff0c\u9664\u4e86\u5475\u5475\u8fd8\u80fd\u5bf9\u4f60\u8bf4\u4ec0\u4e48\u2026\u2026", "useful_count": "0"},
{"page_index": 0, "movie_id": "26751902", "title": "\u501f\u773c", "username": "\u9050", "user_id": "54146337", "rating": "\u5f88\u5dee", "date": "2017-11-12", "time": "15:10:38", "comment": "\u4e00\u5206\u6211\u90fd\u89c9\u5f97\u591a", "useful_count": "0"},
{"page_index": 0, "movie_id": "26751902", "title": "\u501f\u773c", "username": "\u5c0f\u5f20", "user_id": "162443724", "rating": "\u5f88\u5dee", "date": "2019-01-16", "time": "20:49:00", "comment": "\u70c2", "useful_count": "0"},
{"page_index": 0, "movie_id": "26751902", "title": "\u501f\u773c", "username": "\u671b\u8212", "user_id": "154516644", "rating": "\u5f88\u5dee", "date": "2017-06-28", "time": "16:43:37", "comment": "\u6709\u9648\u6d69\u6c11\u5fc5\u70c2\u5267\u70c2\u7247\u7684\u5b9a\u5f8b\u2026\u2026", "useful_count": "0"},
{"page_index": 0, "movie_id": "26751902", "title": "\u501f\u773c", "username": "\u6234\u5b50\u6587", "user_id": "163432283", "rating": "\u5f88\u5dee", "date": "2019-03-03", "time": "17:35:26", "comment": "\u54c8\u54c8\u54c8\uff0c\u8fd8\u6050\u6016\u7247\uff0c\u54c8\u54c8\u54c8\u54c8\uff0c\u592a\u70c2\u4e86", "useful_count": "0"},
{"page_index": 0, "movie_id": "26751902", "title": "\u501f\u773c", "username": "\u5343\u53ea\u9e64", "user_id": "149094565", "rating": "\u5f88\u5dee", "date": "2021-06-22", "time": "01:54:11", "comment": "\u4e00\u9897\u661f\u90fd\u4e0d\u60f3\u7ed9\uff0c\u5bfc\u6f14\u7f16\u5267\u662f\u4e0d\u662f\u5c0f\u5b66\u90fd\u6ca1\u6bd5\u4e1a\uff1f", "useful_count": "0"},
{"page_index": 0, "movie_id": "26751902", "title": "\u501f\u773c", "username": "\u65e0\u5904\u4e0d\u9ed1", "user_id": "102271877", "rating": "\u8f83\u5dee", "date": "2017-06-27", "time": "16:56:07", "comment": "\u501f\u6211\u501f\u6211\u4e00\u53cc\u6167\u773c\u5427", "useful_count": "0"},
{"page_index": 0, "movie_id": "26751902", "title": "\u501f\u773c", "username": "Frodo", "user_id": "134110799", "rating": "\u5f88\u5dee", "date": "2017-11-17", "time": "16:47:31", "comment": "\u53ef\u771f\u884c\uff0c\u4e0d\u4ec5\u7ed3\u5c3e\u7edf\u4e00\u5957\u8def\uff0c\u73b0\u5728\u56fd\u6050\u5df2\u7ecf\u8fde\u4e2d\u524d\u671f\u4e5f\u7edf\u4e00\u4e86\uff0c\u5f00\u5173\u706f\u8bbe\u5b9a\u6284\u5f97\u592a\u70c2", "useful_count": "0"},
{"page_index": 0, "movie_id": "26751902", "title": "\u501f\u773c", "username": "Apologize", "user_id": "142005958", "rating": "\u8f83\u5dee", "date": "2017-06-16", "time": "19:33:45", "comment": "\u5bf9\u9648\u6d69\u6c11\u7684\u5370\u8c61\u8fd8\u505c\u7559\u5728 \u300a\u5929\u9f99\u516b\u90e8\u300b\u7684\u90a3\u4e2a\u65f6\u5019\uff0c\u73b0\u5728\u518d\u62cd\u611f\u60c5\u620f\u611f\u89c9\u6cb9\u817b\u4e86\u597d\u591a \u2026 \u770b\u8fd9\u4e2a\u4e3b\u8981\u662f\u4e3a\u4e86\u54c8\u59b9\u548c\u9b3c\u5a46\uff0c\u53ef\u60dc\u859b\u4f73\u51dd\u771f\u7684\u8001\u4e86\uff0c\u8138\u770b\u7740\u522b\u626d\u8fde\u6f14\u6280\u90fd\u751f\u786c\u4e86\uff0c\u9b3c\u5a46\u786e\u5b9e\u7ed9\u7535\u5f71\u589e\u8272\u4e86\u4e0d\u5c11\uff0c\u4f46\u5267\u60c5\u592a\u5f31\uff0c\u4e24\u661f\u8db3\u77e3", "useful_count": "1"},
{"page_index": 0, "movie_id": "26751902", "title": "\u501f\u773c", "username": "\u8d2a\u5403\u7684\u5c0f\u9f99", "user_id": "132595212", "rating": "\u8f83\u5dee", "date": "2017-06-17", "time": "09:22:20", "comment": "\u989d\u2026\u6ca1\u6709\u7cbe\u795e\u75c5\uff0c\u5f88\u5947\u602a\u7684\u7684\u590d\u4ec7\uff0c\u611f\u89c9\u6240\u6709\u4eba\u90fd\u505a\u7740\u5f88\u5947\u602a\u7684\u4e8b\u60c5", "useful_count": "2"},
{"page_index": 0, "movie_id": "26751902", "title": "\u501f\u773c", "username": "SX", "user_id": "1831746", "rating": "\u8f83\u5dee", "date": "2017-07-24", "time": "11:06:55", "comment": "\u9648\u6d69\u6c11\u603b\u7b97\u6f14\u4e2a\u8ddf\u81ea\u5df1\u5c81\u6570\u5dee\u4e0d\u591a\u7684\u89d2\u8272 \u80e1\u6b4c\u524d\u5973\u53cb\u90fd\u8fd9\u4e48\u5927\u5c81\u6570\u4e86\uff1f", "useful_count": "1"},
{"page_index": 0, "movie_id": "26751902", "title": "\u501f\u773c", "username": "\u4e03\u4e2b\u5934", "user_id": "152517441", "rating": "\u5f88\u5dee", "date": "2019-03-24", "time": "15:52:11", "comment": "\u5de6\u6797\u778e\u4e86\u8fd8\u80fd\u90a3\u4e48\u597d\u7684\u9690\u85cf\u81ea\u5df1\uff01", "useful_count": "0"},
{"page_index": 0, "movie_id": "26751902", "title": "\u501f\u773c", "username": "\u5c0f\u709c", "user_id": "93353495", "rating": "\u5f88\u5dee", "date": "2017-06-25", "time": "08:21:17", "comment": "\u5bfc\u6f14:\u62cd\u7535\u5f71\u53ea\u662f\u4e3a\u4e86\u7761\u5973\u6f14\u5458", "useful_count": "1"},
{"page_index": 0, "movie_id": "26751902", "title": "\u501f\u773c", "username": "\u516d\u697c", "user_id": "199415174", "rating": "\u5f88\u5dee", "date": "2021-01-22", "time": "23:13:58", "comment": "\u70c2", "useful_count": "0"},
{"page_index": 0, "movie_id": "26751902", "title": "\u501f\u773c", "username": "shalimar520", "user_id": "shalimar520", "rating": "\u5f88\u5dee", "date": "2017-07-26", "time": "22:27:44", "comment": "\u4e00\u90e8\u53eb\u505a \u6211\u7231\u79bb\u5f02\u5c11\u5987 \u7684\u7247\u5b50\uff0c\u4e00\u661f\u7ed9\u7f57\u5170\u3002\u54ce\u5466\u6211\u53bb\u554a\u3002", "useful_count": "0"},
{"page_index": 0, "movie_id": "26751902", "title": "\u501f\u773c", "username": "\u7231\u6bd4\u6b7b\u66f4\u51b7", "user_id": "70421764", "rating": "\u5f88\u5dee", "date": "2017-07-23", "time": "23:14:05", "comment": "\u5bfc\u6f14: \u5f20\u6d0b\n\u7f16\u5267: \u5b89\u59ae\n\u4e3b\u6f14: \u9648\u6d69\u6c11 / \u859b\u4f73\u51dd / \u7f57\u5170 / \u738b\u7693\u796f / \u6768\u82cf / \u5353\u51e1 / \u6e38\u4e50\u513f / \u9c8d\u78ca / \u4efb\u6dfb\u742a\n\u7c7b\u578b: \u60ac\u7591 / \u60ca\u609a / \u72af\u7f6a", "useful_count": "0"},
{"page_index": 0, "movie_id": "26751902", "title": "\u501f\u773c", "username": "\u963f\u84dd", "user_id": "Annandan", "rating": "\u8f83\u5dee", "date": "2017-09-23", "time": "20:24:57", "comment": "\u554a\u54c8\u54c8\u54c8\u54c8\u54c8\u54c8\uff0c\u4e5f\u4e0d\u77e5\u9053\u4e3a\u4ec0\u4e48\u8981\u575a\u6301\u770b\u5b8c\u3002", "useful_count": "0"},
{"page_index": 0, "movie_id": "26751902", "title": "\u501f\u773c", "username": "\u54d2\u54d2\u54d2", "user_id": "fengyeada", "rating": "\u5f88\u5dee", "date": "2019-01-07", "time": "20:44:47", "comment": "\u6bc1\u4e09\u89c2\u7684\u5267\u60c5....\u800c\u4e14\u652f\u79bb\u7834\u788e\u7684\u60c5\u8282\u771f\u5fc3\u65e0\u529b\u5410\u69fd....", "useful_count": "0"},
{"page_index": 0, "movie_id": "26751902", "title": "\u501f\u773c", "username": "\u7693\u7d2b\u548c\u6708", "user_id": "4620614", "rating": "\u5f88\u5dee", "date": "2018-07-12", "time": "17:34:34", "comment": "\u592a\u96be\u770b\u4e86", "useful_count": "0"},
{"page_index": 0, "movie_id": "26751902", "title": "\u501f\u773c", "username": "Darry", "user_id": "185995650", "rating": "\u5f88\u5dee", "date": "2022-04-12", "time": "18:31:27", "comment": "\u5267\u60c5\u667a\u5546\u4e0d\u5728\u7ebf\uff0c\u5973\u4e3b\u6f14\u6280\u4e0d\u5728\u7ebf", "useful_count": "0"},
{"page_index": 0, "movie_id": "26751902", "title": "\u501f\u773c", "username": "\u6668\u66e6", "user_id": "151205169", "rating": "\u8f83\u5dee", "date": "2017-06-22", "time": "12:33:48", "comment": "\u597d\u5bb3\u6015\u554a", "useful_count": "1"},
{"page_index": 0, "movie_id": "26751902", "title": "\u501f\u773c", "username": "\u4e09\u9505", "user_id": "147632707", "rating": "\u8f83\u5dee", "date": "2017-10-12", "time": "21:28:18", "comment": "\u591a\u7ed9\u4e00\u661f\u7ed9\u7ed3\u5c3e\uff0c\u610f\u5473\u6df1\u957f\u7684\u7b11\u662f\u4eae\u70b9\uff0c\u5973\u4e3b\u8be1\u5f02\u4e00\u7b11\u90a3\u4e00\u5239\u90a3\u5e94\u8be5\u662f\u6700\u60ca\u609a\u7684\u4e00\u77ac\u95f4\u3002\u9648\u6d69\u6c11\u771f\u7684\u5f88\u5e05\u554a\u3002", "useful_count": "1"},
{"page_index": 0, "movie_id": "26751902", "title": "\u501f\u773c", "username": "Baianova", "user_id": "56081235", "rating": "\u5f88\u5dee", "date": "2017-07-22", "time": "15:46:08", "comment": "\u5148\u4e0d\u8bf4\u6050\u6016\u5168\u9760\u5413\uff0c\u8fd9\u90fd\u4ec0\u4e48\u9b3c\u5267\u60c5\uff0c\u7ed3\u5c40\u7a81\u7136\u6765\u8fd9\u4e48\u4e00\u4e0b\uff0c\u4ee5\u4e3a\u8f6c\u6362\u753b\u98ce\u5f88\u5389\u5bb3\uff1f", "useful_count": "0"},
{"page_index": 0, "movie_id": "26751902", "title": "\u501f\u773c", "username": "lei", "user_id": "wuchunlei", "rating": "\u5f88\u5dee", "date": "2017-10-06", "time": "21:23:23", "comment": "\u8fd9\u662f\u8a00\u60c5\u5267\u5427\uff1f\u56fd\u5185\u7684\u6050\u6016\u7247\u56e0\u4e3a\u5ba1\u6838\u5173\u7cfb\u6c38\u8fdc\u81ea\u5706\u5176\u8bf4\u5230\u4eba\u4e3a\u5236\u9020\uff0c\u4e0d\u77e5\u9053\u8fd8\u62cd\u6709\u4ec0\u4e48\u610f\u4e49\u3002", "useful_count": "0"},
{"page_index": 0, "movie_id": "26751902", "title": "\u501f\u773c", "username": "\u732b\u54aa", "user_id": "133482691", "rating": "\u5f88\u5dee", "date": "2017-10-08", "time": "14:45:31", "comment": "\ud83d\udcfa#201706# \u4e0d\u662f\u6709\u7f57\u5170\u5976\u5976\u7684\u51fa\u573a\uff0c\u8fde\u4e00\u661f\u90fd\u6ca1\u4e86\u3002", "useful_count": "0"},
{"page_index": 0, "movie_id": "26751902", "title": "\u501f\u773c", "username": "\u7535\u6ce2\u6012\u6c49", "user_id": "burclover", "rating": "\u5f88\u5dee", "date": "2017-10-14", "time": "21:51:40", "comment": "\u7275\u5f3a\u3002\u65e0\u8bed", "useful_count": "0"},
{"page_index": 0, "movie_id": "26751902", "title": "\u501f\u773c", "username": "\u5f97\u95f2\u55b5\u56e2", "user_id": "3573467", "rating": "\u5f88\u5dee", "date": "2017-09-30", "time": "18:20:18", "comment": "\u6211\u6ef4\u5929\uff0c\u4f60\u4eec\u5b89\u5fc3\u62cd\u7535\u89c6\u5267\u4e0d\u884c\u5417", "useful_count": "0"},
{"page_index": 0, "movie_id": "26751902", "title": "\u501f\u773c", "username": "\u4e58\u957f\u98ce\u7834\u4e07\u91cc\u6d6a", "user_id": "124721987", "rating": "\u5f88\u5dee", "date": "2017-06-24", "time": "14:06:17", "comment": "\u60ca\u609a\u7684\u70c2\u7247\uff0c\u60ac\u7591\u7684\u70c2\u7247", "useful_count": "0"},
{"page_index": 0, "movie_id": "26751902", "title": "\u501f\u773c", "username": "\u6749\u6749\u6765\u8fdf", "user_id": "221155965", "rating": "\u5f88\u5dee", "date": "2021-09-03", "time": "13:40:57", "comment": "\u54c8\u54c8\u54c8\u54c8", "useful_count": "0"},
{"page_index": 0, "movie_id": "26751902", "title": "\u501f\u773c", "username": "\u7389\u6597", "user_id": "3742479", "rating": "\u5f88\u5dee", "date": "2017-08-05", "time": "21:21:36", "comment": "\u9648\u6d69\u6c11\u80d6\u5f97\u5dee\u70b9\u6ca1\u8ba4\u51fa\u6765", "useful_count": "0"},
{"page_index": 0, "movie_id": "26751902", "title": "\u501f\u773c", "username": "\u963f\u7c73\u5440\u3002", "user_id": "kim0830", "rating": "\u5f88\u5dee", "date": "2017-08-05", "time": "10:23:47", "comment": "\u7f16\u5267\u8111\u5b50\u53ef\u80fd\u6709\u70b9\u513f\u95ee\u9898\u3002\u4e0d\u7136\u4e5f\u4e0d\u53ef\u80fd\u5199\u51fa\u8fd9\u79cd\u7834\u73a9\u610f\u513f\u3002\u6700\u5fc3\u75bc\u7684\u8fd8\u662f\u5de6\u6797\u4e86\u3002\u3002\u3002", "useful_count": "0"},
{"page_index": 0, "movie_id": "26751902", "title": "\u501f\u773c", "username": "wcsheng", "user_id": "103110870", "rating": "\u5f88\u5dee", "date": "2017-07-22", "time": "15:43:16", "comment": "\u9999\u6e2f\u4eba\uff0c\u4f60\u8fd8\u662f\u653e\u8fc7\u7535\u5f71\u5427\uff01", "useful_count": "0"},
{"page_index": 0, "movie_id": "26751902", "title": "\u501f\u773c", "username": "\uff07\u591c\u8272\u66fc\u9640\u7f57", "user_id": "154584585", "rating": "\u8f83\u5dee", "date": "2017-07-25", "time": "22:37:09", "comment": "\u591a\u4e8f\u6ca1\u53bb\u7535\u5f71\u9662\u770b\u3002\u5c31\u51b2\u7740\u859b\u4f73\u51dd\u8fd9\u4e09\u4e2a\u5b57\u554a\u3002\u8fd8\u662f\u540c\u6837\u4fd7\u5957\u7684\u6545\u4e8b\u3002", "useful_count": "0"},
{"page_index": 0, "movie_id": "26751902", "title": "\u501f\u773c", "username": "\u80a5\u561f\u561f", "user_id": "29521615", "rating": "\u5f88\u5dee", "date": "2018-05-16", "time": "18:50:36", "comment": "\u505a\u7684\u771f\u9b3c\uff0c\u6700\u540e\u53c8\u4e0d\u80fd\u662f\u9b3c\uff0c\u56fd\u4ea7\u6050\u6016\u7535\u5f71\u88ab\u9650\u5236\u7684\u6beb\u65e0\u51fa\u8def", "useful_count": "0"},
{"page_index": 0, "movie_id": "26751902", "title": "\u501f\u773c", "username": "_\u4e0d\u624d", "user_id": "56156366", "rating": "\u5f88\u5dee", "date": "2017-07-23", "time": "20:53:55", "comment": "\u592a\u53ef\u6015\u4e86", "useful_count": "0"},
{"page_index": 0, "movie_id": "26751902", "title": "\u501f\u773c", "username": "\u65e0\u654c\u7597\u6108", "user_id": "151163394", "rating": "\u5f88\u5dee", "date": "2017-07-23", "time": "15:07:45", "comment": "\u5927\u9646\u6050\u6016\u7247\u662f\u6ca1\u6709\u7ffb\u8eab\u4e4b\u5730\u7684", "useful_count": "0"},
{"page_index": 0, "movie_id": "26751902", "title": "\u501f\u773c", "username": "\u6811\u4e0b\u5c0f\u9e1f\u98de\u884c\u8bfe", "user_id": "56682623", "rating": "\u5f88\u5dee", "date": "2017-10-14", "time": "22:54:03", "comment": "\u4ec0\u4e48\u72d7P\u773c\uff1f", "useful_count": "0"},
{"page_index": 0, "movie_id": "26751902", "title": "\u501f\u773c", "username": "\u51ac\u51ac", "user_id": "140608697", "rating": "\u8f83\u5dee", "date": "2017-07-24", "time": "23:19:28", "comment": "\u5b8c\u7f8e\u7ed3\u5c40", "useful_count": "0"},
{"page_index": 0, "movie_id": "26751902", "title": "\u501f\u773c", "username": "AlittleJasmin", "user_id": "Mint.R", "rating": "\u8f83\u5dee", "date": "2019-08-16", "time": "20:02:28", "comment": "\u3002\u3002\u3002\u3002\u3002\u3002\u3002\uff08\u89c2\u540e\u611f\uff09\n\u9898\u6750\u4e0d\u65b0\u9c9c\u4e86\uff5e\u592a\u65e7\u4e86\uff0c\u8fd8\u62cd\u5462\u3002", "useful_count": "0"},
{"page_index": 0, "movie_id": "26751902", "title": "\u501f\u773c", "username": "\u5c0f\u767d\u5148\u884c", "user_id": "167952037", "rating": "\u8f83\u5dee", "date": "2018-05-10", "time": "19:18:05", "comment": "\u2026\u2026\u5e76\u4e0d\u6050\u6016 \u5bb6\u5ead\u72d7\u8840\u70c2\u7247", "useful_count": "0"},
{"page_index": 1, "movie_id": "26751902", "title": "\u501f\u773c", "username": "yuri", "user_id": "179870269", "rating": "\u5f88\u5dee", "date": "2021-01-13", "time": "17:07:15", "comment": "\u592a\u70c2\u4e86 \u70c2\u7684\u6211\u8bc4\u8bed\u90fd\u4e0d\u60f3\u8bf4....", "useful_count": "0"},
{"page_index": 1, "movie_id": "26751902", "title": "\u501f\u773c", "username": "\u7231\u770b\u5267\u7684\u4eba", "user_id": "212690570", "rating": "\u5f88\u5dee", "date": "2021-02-28", "time": "14:05:32", "comment": "\u4e0d\u548b\u5730\uff0c\u6709\u70b9\u626f\u2026", "useful_count": "0"},
{"page_index": 1, "movie_id": "26751902", "title": "\u501f\u773c", "username": "\u963f\u5566\u8f9b", "user_id": "212372678", "rating": "\u8f83\u5dee", "date": "2020-11-27", "time": "14:30:55", "comment": "\u524d\u8fb9\u8fd8\u53ef\u4ee5\u6709\u6050\u6016\u7247\u7684\u611f\u89c9\u3002\u3002\u7ed3\u5c3eemmm???\n", "useful_count": "0"},
{"page_index": 1, "movie_id": "26751902", "title": "\u501f\u773c", "username": "\u68a6\u61ff", "user_id": "165386510", "rating": "\u529b\u8350", "date": "2020-09-04", "time": "21:07:31", "comment": "\u4e00\u822c", "useful_count": "0"},
{"page_index": 1, "movie_id": "26751902", "title": "\u501f\u773c", "username": "\u732b\u54aa\u95ea\u95ea", "user_id": "161422447", "rating": "\u8fd8\u884c", "date": "2017-06-21", "time": "10:48:13", "comment": "\u8c01\u501f\u8c01\u7684\u773c\u5462\u3002\u3002\u770b\u4e86\u5c31\u77e5\u9053\u3002\u3002", "useful_count": "0"},
{"page_index": 1, "movie_id": "26751902", "title": "\u501f\u773c", "username": "Etern_xiao", "user_id": "137928623", "rating": "\u8f83\u5dee", "date": "2020-08-01", "time": "02:25:32", "comment": "\u5404\u79cd\u8f6c\u6362\u592a\u751f\u786c\u4e86\u3002\u5b8c\u5168\u662f\u4e3a\u4e86\u8f6c\u800c\u8f6c\uff0c\u56de\u65cb\u8e22\u7684\u811a", "useful_count": "0"},
{"page_index": 1, "movie_id": "26751902", "title": "\u501f\u773c", "username": "\u8d85\u8d8a\u81ea\u5df1", "user_id": "190950483", "rating": "\u63a8\u8350", "date": "2019-08-06", "time": "16:34:49", "comment": "\u554a\uff0c\u597d\u4f4e\u7684\u5206\uff01\u53cd\u6b63\u90a3\u5929\u597d\u4e9b\u5929\u524d\u5728\u826f\u6d9b\u5bb6\u805a\u4f1a\u65f6\u770b\u7684\uff0c\u5f53\u65f6\u628ahss\u5979\u4eec\u5413\u5f97\u4e0d\u884c\uff0c\u6050\u6016\uff01\ud83d\ude31\uff0c\u867d\u7136\u8001\u5957\u8fd8\u4e0d\u9519\u5427\uff0c\u90a3\u4e00\u6bb5\u56de\u5fc6\uff01\n     \u53bb\u5e74\u53bb\u5272\u9ebb\u770b\u8001\u5e08\u90a3\u5929\u8fd8\u7f13\u5b58\u7684\uff0c\u4f46\u6ca1\u770b\uff0c\u5f00\u5934\u4e0d\u597d", "useful_count": "0"},
{"page_index": 1, "movie_id": "26751902", "title": "\u501f\u773c", "username": "Song", "user_id": "158310757", "rating": "\u8fd8\u884c", "date": "2017-06-20", "time": "23:51:33", "comment": "\u770b\u4e86\u53d1\u73b0\u7adf\u7136\u662f\u9648\u6d69\u6c11\uff01\u524d\u4e2d\u6bb5\u5267\u60c5\u8fd8\u884c\uff0c\u6709\u70b9\u6050\u6016\u7684\u5143\u7d20\uff0c\u4f46\u4e5f\u4e0d\u662f\u5f88\u591a\u3002\u6700\u540e\u6536\u5c3e\u6ca1get\u5230\u70b9\uff0c\u591a\u5c11\u731c\u5230\u4e86\uff0c\u800c\u4e14\u7ed3\u5c40\u4e5f\u6ca1\u6709\u7559\u4e0b\u70b9\u4ec0\u4e48\uff0c\u8ba9\u4eba\u591a\u5c11\u6709\u70b9\u9057\u61be\u3002\u4e5f\u5c31\u9002\u5408\u60c5\u4fa3\u7ea6\u4f1a\u53bb\u770b\u770b\u3002", "useful_count": "0"},
{"page_index": 1, "movie_id": "26751902", "title": "\u501f\u773c", "username": "\u98ce\u6e05\u4e91\u626c", "user_id": "204663388", "rating": "\u8f83\u5dee", "date": "2019-11-24", "time": "11:00:10", "comment": "\u55ef\uff0c\u62cd\u7684\u4ec0\u4e48\u73a9\u610f\u513f\uff1f", "useful_count": "0"},
{"page_index": 1, "movie_id": "26751902", "title": "\u501f\u773c", "username": "\ud83c\udf52\ud83c\udf52", "user_id": "159889530", "rating": "\u5f88\u5dee", "date": "2017-07-29", "time": "23:23:14", "comment": "\u5148\u4e0d\u8bf4\u5b83\u7b97\u4e0d\u4e0a\u6050\u6016\u7247\uff0c\u91cc\u9762\u7684\u903b\u8f91\u8fd8\u6709\u7a7f\u5e2e\u7684\u5730\u65b9\u4e5f\u662f\u611f\u4eba\uff0c\u6700\u540e\u7ed3\u5c3e\u66f4\u662f\u6251\u8857\uff0c\u4ec0\u4e48\u72d7\u5c41\uff0c\u5982\u679c\u53ef\u4ee5\u6253\u8d1f\u5206\uff0c\u6211\u8fde\u8fd9\u4e00\u9897\u661f\u90fd\u4e0d\u60f3\u7ed9", "useful_count": "0"},
{"page_index": 1, "movie_id": "26751902", "title": "\u501f\u773c", "username": "\u963f\u6c34\u554a\u554a\u554a", "user_id": "153286211", "rating": "\u8fd8\u884c", "date": "2017-06-18", "time": "19:37:56", "comment": "\u89c6\u542c\u90fd\u662f\u8001\u6897\uff0c\u4f46\u6709\u5934\u6709\u5c3e", "useful_count": "0"},
{"page_index": 1, "movie_id": "26751902", "title": "\u501f\u773c", "username": "\u590f\u590f", "user_id": "xiaxia1993", "rating": "\u5f88\u5dee", "date": "2017-06-18", "time": "19:05:00", "comment": "\u771f\u662f\u4e00\u90e8\u50bb\u900f\u4e86\u7684\u7535\u5f71\uff0c\u6211\u89c9\u5f97\u7537\u5973\u4e3b\u90fd\u6ca1\u778e\uff0c\u770b\u4e86\u8fd9\u90e8\u7535\u5f71\u7684\u6211\u6709\u70b9\u778e", "useful_count": "1"},
{"page_index": 1, "movie_id": "26751902", "title": "\u501f\u773c", "username": "\u4eca\u5929\u660e\u5929\u540e\u5929L", "user_id": "154490667", "rating": "\u8fd8\u884c", "date": "2017-06-23", "time": "00:00:15", "comment": "\u6574\u4f53\u611f\u89c9\u8fd8\u53ef\u4ee5\u3002\u96be\u4ee5\u6446\u8131\u56fd\u4ea7\u9b3c\u7247\u7684\u5b9a\u5f8b\uff0c\u6700\u540e\u679c\u7136\u4e0d\u662f\u9b3c\uff0c\u662f\u4eba\u4e3a\u4e86\u67d0\u4e9b\u76ee\u7684\u5728\u88c5\u795e\u5f04\u9b3c\u3002\u540e\u9762\u771f\u76f8\u5927\u767d\u7684\u65f6\u5019\u611f\u89c9\u6709\u70b9\u4ed3\u4fc3\uff0c\u5267\u60c5\u7565\u72d7\u8840\uff0c\u4e0d\u8fc7\u633a\u611f\u4eba\u7684\uff0c\u7ed3\u5c40\u867d\u7136\u6709\u70b9\u626f\u4f46\u662f\u4e5f\u7b97\u5706\u6ee1\u4e86\uff0c\u5c31\u662f\u90a3\u4e2a\u53eb\u7f8e\u5609\u7684\u5973\u5b69\u597d\u53ef\u601c\u3002\u8fd8\u6709\u5c31\u662f\u7279\u522b\u559c\u6b22\u963f\u5b9d\u8fd9\u6837\u7684\u7537\u751f\uff01\u611f\u89c9\u4ed6\u662f\u6574\u90e8\u7535\u5f71\u91cc\u7537\u6027\u89d2\u8272\u4e2d\u6700\u68d2\u7684\u4e00\u4e2a\u4e86\uff01", "useful_count": "0"},
{"page_index": 1, "movie_id": "26751902", "title": "\u501f\u773c", "username": "\u543e", "user_id": "134120630", "rating": "\u8f83\u5dee", "date": "2017-09-24", "time": "12:28:27", "comment": "\u7535\u89c6\u8f6f\u4ef6\u4e0a\u663e\u793a\u8bc4\u52066.9\uff0c\u6211\u4e00\u770b\u54df\uff0c\u56fd\u4ea7\u6050\u6016\u7247\u51fa\u7cbe\u8f9f\u4e86\uff1f\u7ed3\u679c\u770b\u5b8c\uff0c\u6211\u53bb\u5e74\u4e70\u4e86\u4e2a\u6bdb\uff0c\u8d85\u8010\u78e8\uff01\u4e0d\u662f\u4e0d\u652f\u6301\u56fd\u4ea7\u7535\u5f71\uff0c\u4f60\u4eec\u597d\u6b79\u641e\u7684\u903b\u8f91\u6027\u901a\u987a\u4e9b\u597d\u5427\u3002\u3002\u3002\u90a3\u4e2a\u65f6\u5019\u5728\u60ac\u5d16\u4e0a\u4e0d\u62c9\u4eba\u4e0a\u6765\uff0c\u8fd8\u6709\u529b\u6c14\u63b0\u5f00\u653e\u4e0b\u53bb%%%\u65e5\u4e86\u591f\u4e86", "useful_count": "0"},
{"page_index": 1, "movie_id": "26751902", "title": "\u501f\u773c", "username": "\u79bb\u5398", "user_id": "162009994", "rating": "\u8f83\u5dee", "date": "2017-06-18", "time": "22:56:27", "comment": "\u5e76\u6ca1\u6709\u611f\u89c9\u597d\u770b\u5728\u54ea\u91cc\uff0c\u6f14\u5458\u2026\u2026\u633a\u560e\u7684\uff0c\u9648\u6d69\u6c11\uff0c\u53ef\u60dc", "useful_count": "0"},
{"page_index": 1, "movie_id": "26751902", "title": "\u501f\u773c", "username": "\u767d\u9e7f\u4e88\u6c34\u4ed9z", "user_id": "93324250", "rating": "\u8f83\u5dee", "date": "2017-07-22", "time": "22:01:03", "comment": "\u4e00\u5f00\u59cb\u5c31\u6284\u88ad\u4e86lights out\u7684\u5957\u8def\u3002\u3002\u3002\u56fd\u4ea7\u6050\u6016\u7247\u4e5f\u5c31\u8fd9\u6837\u4e86  ", "useful_count": "1"},
{"page_index": 1, "movie_id": "26751902", "title": "\u501f\u773c", "username": "\u5c06\u79bb", "user_id": "161255686", "rating": "\u8fd8\u884c", "date": "2017-06-17", "time": "04:07:29", "comment": "\u53c8\u662f\u4e2d\u56fd\u60ca\u609a\u7247\u7684\u5957\u8def\uff0c\u6b7b\u8fc7\u4eba\u7684\u8001\u5b85\uff0c\u9601\u697c\uff0c\u5c0f\u9ed1\u5c4b\uff0c\u6253\u7740\u60ca\u609a\u7247\u7684\u540d\u4e49\u5176\u5b9e\u7ed3\u5c40\u53c8\u662f\u4e2d\u56fd\u5f0f\u70c2\u4fd7\u516b\u70b9\u6863\uff0c\u770b\u5230\u4e00\u534a\u5c31\u731c\u5230\u5267\u60c5\u53d1\u5c55\u7684\u6211\u4e0d\u77e5\u9053\u662f\u4e0d\u662f\u6709\u5f53\u8b66\u5bdf\u5c40\u7279\u8058\u63a8\u7406\u4e13\u5bb6\u7684\u6f5c\u529b", "useful_count": "0"},
{"page_index": 1, "movie_id": "26751902", "title": "\u501f\u773c", "username": "MaskVower", "user_id": "162994563", "rating": "\u5f88\u5dee", "date": "2017-06-26", "time": "01:05:04", "comment": "\u56fd\u4ea7\u9b3c\u7247\n\u540d\u4e0d\u865a\u4f20\n\u6211\u662f\u9886\u6559\u5230\u4e86", "useful_count": "0"},
{"page_index": 1, "movie_id": "26751902", "title": "\u501f\u773c", "username": "\u6d3b\u5728\u68a6\u91cc", "user_id": "155902329", "rating": "\u8fd8\u884c", "date": "2017-06-18", "time": "01:10:49", "comment": "\u4e3b\u7ebf\u5f88\u52c9\u5f3a\uff0c\u6240\u6709\u7684\u4e8b\u51fa\u6709\u56e0\u90fd\u7ad9\u4e0d\u7a33\u811a\u8ddf\uff0c\u53e6\uff0c\u770b\u5b8c\u5168\u7a0b\u6ca1\u89c9\u5f97\u6709\u591a\u6050\u6016\uff0c\u5012\u662f\u88ab\u8eab\u8fb9\u7684\u4eba\u53eb\u7684\u7606\u5f97\u614c\u3002\u3002\u3002", "useful_count": "0"},
{"page_index": 1, "movie_id": "26751902", "title": "\u501f\u773c", "username": "\u8d75\u56db", "user_id": "72898433", "rating": "\u5f88\u5dee", "date": "2017-06-18", "time": "10:52:58", "comment": "\u56fd\u4ea7\u7535\u5f71\u6c38\u8fdc\u4e00\u4e2a\u5957\u8def\uff0c\u88c5\u795e\u5f04\u9b3c\uff0c\u6700\u540e\u4e00\u4e2a\u70c2\u7ed3\u5c3e", "useful_count": "2"},
{"page_index": 1, "movie_id": "26751902", "title": "\u501f\u773c", "username": "\u843d\u4e5d\u5929", "user_id": "162584534", "rating": "\u5f88\u5dee", "date": "2017-06-20", "time": "09:32:37", "comment": "\u53c8\u4e00\u6050\u6016\u70c2\u7247\u8bde\u751f\u4e86\uff0c\u6bd5\u7adf\u6211\u4eec\uff0c\u5efa\u56fd\u4e4b\u540e\uff0c\u5996\u7cbe\u4e0d\u51c6\u6210\u7cbe\uff0c\u9b3c\u602a\u4e0d\u51c6\u5413\u4eba", "useful_count": "1"},
{"page_index": 1, "movie_id": "26751902", "title": "\u501f\u773c", "username": "\u5ba2\u4e32\u8fbe\u4eba", "user_id": "129158205", "rating": "\u63a8\u8350", "date": "2017-07-25", "time": "17:20:36", "comment": "\u6211\u89c9\u5f97\u633a\u597d\u7684\u5440\uff0c\u6709\u60ca\u609a\uff0c\u6709\u60ac\u7591\uff0c\u6709\u53cd\u8f6c\u3002\u76f8\u6bd4\u90a3\u4e9b\u6bd5\u4e1a\u7167\u3001\u789f\u4ed9\u524d\u4e16\u7b49\u7b49\u4e0d\u80fd\u5165\u773c\u7684\u60ca\u609a\u7247\u4ec0\u4e48\u7684\u5b9e\u5728\u597d\u592a\u591a\u4e86\u5440\uff01", "useful_count": "0"},
{"page_index": 1, "movie_id": "26751902", "title": "\u501f\u773c", "username": "\u51e1 \u7476", "user_id": "152403177", "rating": "\u529b\u8350", "date": "2017-08-06", "time": "13:55:50", "comment": "\u8fd8\u53ef\u4ee5\u5566 ", "useful_count": "0"},
{"page_index": 1, "movie_id": "26751902", "title": "\u501f\u773c", "username": "\u5c0f\u4e11\u9c7c", "user_id": "145158756", "rating": "\u5f88\u5dee", "date": "2017-06-19", "time": "10:39:03", "comment": "\u9648\u6d69\u6c11\u8fd9\u6f14\u6280\u5c31\u5c34\u5c2c\u4e86", "useful_count": "0"},
{"page_index": 1, "movie_id": "26751902", "title": "\u501f\u773c", "username": "www.", "user_id": "164338263", "rating": null, "date": "2017-07-26", "time": "20:11:10", "comment": "\u600e\u4e48\u64ad\u653e\u5440\uff01", "useful_count": "0"},
{"page_index": 1, "movie_id": "26751902", "title": "\u501f\u773c", "username": "\u7ea2\u8272-Stiven", "user_id": "132247937", "rating": null, "date": "2017-07-26", "time": "08:14:41", "comment": "\u9648\u6d69\u6c11\u81ea\u4ece\u6765\u4e86\u5927\u9646\u540e\uff0c\u4e0d\u662f\u96f7\u5c31\u662f\u70c2", "useful_count": "0"},
{"page_index": 1, "movie_id": "26751902", "title": "\u501f\u773c", "username": "\u9b54\u9b3c\u808c\u8089\u4eba", "user_id": "163107405", "rating": "\u5f88\u5dee", "date": "2017-06-29", "time": "13:07:49", "comment": "\u672c\u4e0d\u60f3\u53bb\u770b\uff0c\u6bd5\u7adf\u300a\u6597\u6218\u80dc\u4f5b\u300b\u6446\u5728\u90a3\u4e00\u91cc\uff0c\u4f46\u5fc3\u4e2d\u4e00\u79cd\u8fd9\u6b21\u4f1a\u597d\u770b\u7684\u5fc3\u7406\u6325\u4e4b\u4e0d\u53bb\uff0c\u770b\u5b8c\u540e\uff0c\u6211\u91cd\u770b\u4e86\u4e00\u6b21\u300a\u6597\u6218\u80dc\u4f5b\u300b\u538b\u538b\u60ca", "useful_count": "0"},
{"page_index": 1, "movie_id": "26751902", "title": "\u501f\u773c", "username": "\u90d1\u4e00\u51e1", "user_id": "77852693", "rating": "\u63a8\u8350", "date": "2017-06-26", "time": "17:16:14", "comment": "\u503c\u5f97\u4e00\u770b\uff0c\u53ef\u7231\u7684\u859b\u4f73\u51dd\u5f97\u51fa\u4e86\uff0c\u8fd8\u6709\u7f57\u5170\u8001\u5e08\u5728", "useful_count": "0"},
{"page_index": 1, "movie_id": "26751902", "title": "\u501f\u773c", "username": "\u620f\u7cbe", "user_id": "140068523", "rating": "\u8f83\u5dee", "date": "2017-06-30", "time": "08:39:00", "comment": "\u6709\u70b9\u2026\u2026\u72d7", "useful_count": "0"},
{"page_index": 1, "movie_id": "26751902", "title": "\u501f\u773c", "username": "\u6c88\u715c\u6606", "user_id": "160679284", "rating": "\u8fd8\u884c", "date": "2017-06-18", "time": "00:18:22", "comment": "\u5f88\u4e00\u822c\u7684\u7535\u5f71\uff0c\u5267\u60c5\u6709\u5f88\u591a\u786c\u51d1\u7684\u5de7\u5408\uff0c\u5f88\u591a\u5730\u65b9\u903b\u8f91\u8bf4\u4e0d\u901a\uff0c\u5413\u4eba\u65b9\u9762\u662f\u901a\u8fc7\u97f3\u6548\u7684\u94fa\u57ab\u914d\u4e0a\u5373\u5c06\u51fa\u73b0\u7684\u6050\u6016\u955c\u5934\uff0c\u5236\u4f5c\u51fa\u6050\u6016\u7684\u6548\u679c\uff0c\u6700\u540e\u7adf\u7136\u771f\u7684\u53c8\u4e00\u6b21\u7528\u4e86\u56fd\u4ea7\u9b3c\u7247\u4e0d\u8bb8\u6709\u9b3c\u7684\u6897", "useful_count": "1"},
{"page_index": 1, "movie_id": "26751902", "title": "\u501f\u773c", "username": "\u5c0f\u867e\u7c73", "user_id": "3287316", "rating": null, "date": "2017-07-24", "time": "17:48:15", "comment": "\u4e3a\u4e86\u4f7f\u81ea\u5df1\u548c\u5973\u513f\u90fd\u6709\u4e00\u4e2a\u5168\u65b0\u7684\u5f00\u59cb\uff0c\u660e\u4f9d\u5728\u9ad8\u6728\u7684\u5e2e\u52a9\u4e0b\u642c\u8fdb\u4e86\u4e00\u5ea7\u767e\u5e74\u53e4\u5b85\n=\u300b\u5168\u65b0\u7684\u5f00\u6b7b", "useful_count": "0"},
{"page_index": 1, "movie_id": "26751902", "title": "\u501f\u773c", "username": "?", "user_id": "136419683", "rating": "\u5f88\u5dee", "date": "2017-07-03", "time": "00:10:43", "comment": "\u778e\u4e86\u621125\u5757\u94b1", "useful_count": "0"},
{"page_index": 1, "movie_id": "26751902", "title": "\u501f\u773c", "username": "\u8001\u5929\u5b87\u4e36", "user_id": "134024610", "rating": "\u5f88\u5dee", "date": "2017-06-16", "time": "23:12:21", "comment": "\u592a\u597d\u770b\u4e86\uff01\uff01\u597d\u4e45\u6ca1\u6709\u7b11\u7684\u8fd9\u4e48\u5f00\u5fc3\u4e86\uff0c\u8fd9\u4e00\u9897\u661f\u6211\u7ed9\u8eab\u6b8b\u5fd7\u575a\u7684\u5fb7\u53d4\uff01\u69fd\u70b9\u592a\u591a\u592a\u96f7\u4eba\u4e86\uff0c\u65e0\u6cd5\u8a00\u8bed\uff0c\u6709\u5174\u8da3\u53ef\u4ee5\u611f\u53d7\u5c34\u5c2c\uff01\uff01\uff01\u4e2a\u4eba\u611f\u89c9\u6700\u5c34\u5c2c\u7684\u5c31\u662f\u5f90\u5f3a\u4ece\u4e09\u697c\u8df3\u4e0b\u6454\u7206\u4e86\u773c\uff01\u5de6\u6797\u4e09\u767e\u7c73\u60ac\u5d16\u6389\u4e0b\u6ca1\u6b7b\u53ea\u662f\u5931\u660e\u4e86\uff01\u8fd8\u88ab\u8eab\u6b8b\u5fd7\u575a\u7684\u5fb7\u53d4\u7ed9\u6551\u4e86\uff01\u8fd9\u4e2a\u5fb7\u53d4\u6bcf\u5929\u51cc\u6668\u5fc5\u987b\u82b1\u4e94\u4e2a\u5c0f\u65f6\u53bb\u6d77\u8fb9\u9493\u9c7c\uff01\uff01\uff01\u8fd9\u662f\u4e00\u90e8\u559c\u5267", "useful_count": "4"},
{"page_index": 1, "movie_id": "26751902", "title": "\u501f\u773c", "username": "\u8303\u7279\u897f", "user_id": "196335086", "rating": "\u529b\u8350", "date": "2019-09-23", "time": "21:55:52", "comment": "\u5f88\u597d\u770b\uff0c\u975e\u5e38\u597d", "useful_count": "1"},
{"page_index": 1, "movie_id": "26751902", "title": "\u501f\u773c", "username": "\u6765\u8005\u5df2\u6765", "user_id": "130319525", "rating": "\u5f88\u5dee", "date": "2017-07-02", "time": "03:07:30", "comment": "\u5176\u5b9e\u8fd9\u79cd\u4e1c\u897f\u4e00\u822c\u90fd\u662f\u53ef\u4ee5\u76f4\u63a5\u6253\u5206\u7684", "useful_count": "0"},
{"page_index": 1, "movie_id": "26751902", "title": "\u501f\u773c", "username": "\u732b\u817b/", "user_id": "157957330", "rating": "\u5f88\u5dee", "date": "2017-06-17", "time": "00:04:01", "comment": "\u4e00\u90e8\u6050\u6016\u7247\u62cd\u6210\u4e86\u7231\u60c5\u7247\uff01", "useful_count": "1"},
{"page_index": 1, "movie_id": "26751902", "title": "\u501f\u773c", "username": "\u7f57\u9a6c\u6258\u8482", "user_id": "162918241", "rating": null, "date": "2017-06-24", "time": "10:08:52", "comment": "\u8fd9\u662f\u6211\u53bb\u7535\u5f71\u9662\u770b\u8fc7\u6700\u70c2\u7684\u7535\u5f71\uff0c\u672c\u60f3\u4e70\u4e2a\u591c\u573a \u548c\u51e0\u4e2a\u5144\u5f1f\u627e\u627e\u523a\u6fc0 \uff0c\u53ef\u4f60\u5267\u60c5\u70c2\u5c31\u70c2\u5427 \u81f3\u5c11\u5413\u4eba\u70b9\u554a\uff0c\u6ca1\u770b\u5b8c\u5168\u8d70\u4e86\uff1a", "useful_count": "1"},
{"page_index": 1, "movie_id": "26751902", "title": "\u501f\u773c", "username": "\u7528\u62376372522720", "user_id": "174662078", "rating": "\u529b\u8350", "date": "2018-02-28", "time": "23:53:18", "comment": "\u4e0d\u77e5\u9053\u4e3a\u4ec0\u4e48\u8bc4\u5206\u90a3\u4e48\u4f4e\uff0c\u611f\u89c9\u5e94\u8be56\u5206\u5de6\u53f3\u624d\u6b63\u5e38", "useful_count": "0"},
{"page_index": 1, "movie_id": "26751902", "title": "\u501f\u773c", "username": "\u5c0f\u8463", "user_id": "167173780", "rating": "\u529b\u8350", "date": "2017-09-24", "time": "16:10:16", "comment": "\u975e\u5e38\u671f\u5f85", "useful_count": "0"},
{"page_index": 1, "movie_id": "26751902", "title": "\u501f\u773c", "username": "\u8c46\u74e3\u7535\u5f71\u4e13\u5bb6\u5218", "user_id": "167375891", "rating": "\u5f88\u5dee", "date": "2017-09-29", "time": "15:40:00", "comment": "\u7f51\u53cb\u7ed9\u7684\u6807\u7b7e\u8db3\u4ee5\u8bf4\u660e\u4e00\u5207\uff0c\u70c2\u7247\u4e2d\u7684\u70c2\u7247\uff01\u70c2\u7247\u4e2d\u7684\u8d85\u7ea7\u6218\u6597\u673a\uff01\n\u6211\u67e5\u4e86\u4e00\u4e0b\u51fa\u54c1\u65b9\u662f\u6df1\u5733\u524d\u6d77\u541b\u80dc\u7c73\u4f26\u5f71\u89c6\u4f20\u5a92\u6709\u9650\u516c\u53f8\uff0c\u51fa\u54c1\u4eba\u662f\u8f66\u592a\u6781\uff0c\u8bf4\u53e5\u5b9e\u8bdd\u4f60\u8fde\u51e0\u6bdb\u94b1\u7684\u624b\u673a\u7535\u5f71\u90fd\u6ca1\u8d44\u683c\u62cd\uff0c\u4e00\u5b9a\u5708\u4e86\u6295\u8d44\u4eba\u4e0d\u5c11\u94b1\u62cd\u4f60\u8fd9\u90e8\u7535\u5f71\u5427\uff0c\u4f30\u8ba1\u81ea\u5df1\u62ff\u94b1\u53bb\u4e70\u623f\u4e70\u8f66\uff0c\u6295\u8d44\u4eba\u65e9\u5df2\u54ed\u6655\u5728\u5395\u6240\uff01", "useful_count": "0"},
{"page_index": 1, "movie_id": "26751902", "title": "\u501f\u773c", "username": "\u9178\u83dc\u74dc\u716e\u6986", "user_id": "129582634", "rating": "\u5f88\u5dee", "date": "2017-11-11", "time": "13:42:06", "comment": "\u52c9\u5f3a\u70c2\u5267\u60c5", "useful_count": "0"},
{"page_index": 1, "movie_id": "26751902", "title": "\u501f\u773c", "username": "rosatina", "user_id": "162645865", "rating": "\u63a8\u8350", "date": "2018-05-24", "time": "21:08:42", "comment": "\u7eaf\u7cb9\u6253\u7ed9\u859b\u4f73\u51dd\u6f14\u6280\uff0c\u5267\u60c5\u8d1f\u5206\u3002", "useful_count": "0"},
{"page_index": 1, "movie_id": "26751902", "title": "\u501f\u773c", "username": "Autumn", "user_id": "178749588", "rating": "\u8fd8\u884c", "date": "2018-06-23", "time": "10:56:59", "comment": "\u5267\u60c5\u8fd8\u51d1\u5408\u5427\u3002\u4e5f\u6709\u4e0d\u540c\uff0c\u8ddf\u522b\u7684\u9b3c\u7247\u4e0d\u592a\u4e00\u6837\uff0c\u7ed3\u5c40\u4ee4\u4eba\u773c\u524d\u4e00\u4eae\u3002", "useful_count": "0"},
{"page_index": 1, "movie_id": "26751902", "title": "\u501f\u773c", "username": "\u9999\u51af\u8d8a\u961f\u957f", "user_id": "239056814", "rating": "\u5f88\u5dee", "date": "2021-06-03", "time": "13:34:01", "comment": "\ud83d\ude13\ud83d\ude1e", "useful_count": "0"},
{"page_index": 1, "movie_id": "26751902", "title": "\u501f\u773c", "username": "o(*\uffe3\u25bd\uffe3*)\u30d6", "user_id": "178699270", "rating": "\u63a8\u8350", "date": "2018-05-24", "time": "12:55:26", "comment": "\u6211\u662f\u771f\u7684\u88ab\u5413\u5230\u4e86", "useful_count": "0"},
{"page_index": 1, "movie_id": "26751902", "title": "\u501f\u773c", "username": "jiangsheng", "user_id": "128021392", "rating": "\u5f88\u5dee", "date": "2018-01-03", "time": "18:08:48", "comment": "\u6211\u771f\u7684\u662f\u65e0\u8bed\u3002\u82b1\u8fd9\u4e48\u957f\u65f6\u95f4\u53bb\u770b\u4e86\u8fd9\u4e2a", "useful_count": "0"},
{"page_index": 1, "movie_id": "26751902", "title": "\u501f\u773c", "username": "\u7231\u60c5\u7b2c\u4e00\u8bfe", "user_id": "213193023", "rating": "\u529b\u8350", "date": "2020-03-09", "time": "12:36:28", "comment": "\u5f88\u552f\u7f8e\u7684\u4e00\u90e8\u60ca\u609a\u7247\uff0c\u5f88\u591a\u753b\u9762\u90fd\u662f\u5c4f\u4fdd\u7ea7\u522b\u7684\uff0c\u7f8e\u672f\u7f6e\u666f\u90fd\u633a\u8bb2\u7a76\u7684\uff0c\u559c\u6b22\uff01\u68d2\uff01", "useful_count": "0"},
{"page_index": 1, "movie_id": "26751902", "title": "\u501f\u773c", "username": "\u5c0f\u9c7c\u513f", "user_id": "193671470", "rating": "\u5f88\u5dee", "date": "2020-08-23", "time": "21:37:08", "comment": "\u56fd\u4ea7\u6050\u6016\u7247\u6ca1\u6709\u6700\u70c2\u53ea\u6709\u66f4\u70c2", "useful_count": "0"},
{"page_index": 1, "movie_id": "26751902", "title": "\u501f\u773c", "username": "\u5185\u5185\u5185\u4e2a\u563f\uff01", "user_id": "84798920", "rating": "\u8fd8\u884c", "date": "2017-10-03", "time": "21:26:10", "comment": "\u7ed9\u859b\u4f73\u51dd\u7684\u6f14\u6280\u6253\u4e09\u5206\u5427\u2026\u2026\u5267\u60c5\u4e0d\u548b\u5730\uff0c\u770b\u4e0d\u5927\u4e0b\u53bb\u2026\u2026", "useful_count": "0"},
{"page_index": 1, "movie_id": "26751902", "title": "\u501f\u773c", "username": "\u97e6\u82b3\u83f2", "user_id": "198336083", "rating": "\u529b\u8350", "date": "2019-06-22", "time": "11:25:18", "comment": "\u53ef\u80fd\u56e0\u4e3a\u6211\u5929\u751f\u773c\u76f2\uff0c\u6240\u4ee5\u6211\u89c9\u5f97\u8fd9\u662f\u4e00\u90e8\u53ef\u4ee5\u4e0d\u7528\u773c\u775b\u770b\uff0c\u53ea\u7528\u8033\u6735\u8ba4\u771f\u8046\u542c\u7684\u7535\u5f71\u3002\u7279\u522b\u559c\u6b22\u9648\u6d69\u6c11\u626e\u6f14\u7684\u773c\u79d1\u533b\u751f\u3002\u4ed6\u867d\u7136\u4e3a\u590d\u4ec7\u800c\u6765\uff0c\u4f46\u59cb\u7ec8\u7ed9\u4eba\u4e00\u79cd\u6e29\u548c\u5982\u98ce\u7684\u611f\u89c9\u3002\u800c\u4e14\uff0c\u5bf9\u6211\u6765\u8bf4\uff0c\u7535\u5f71\u7684\u67d0\u4e9b\u97f3\u6548\u771f\u7684\u5f88\u5413\u4eba\u3002", "useful_count": "0"},
{"page_index": 1, "movie_id": "26751902", "title": "\u501f\u773c", "username": "\u5922\u5973\u5b69", "user_id": "29066215", "rating": "\u529b\u8350", "date": "2017-09-26", "time": "15:34:58", "comment": "\u6211\u89c9\u5f97\u4e0d\u9519\u554a~~", "useful_count": "1"},
{"page_index": 1, "movie_id": "26751902", "title": "\u501f\u773c", "username": "\u758f\u6850", "user_id": "228236957", "rating": "\u8fd8\u884c", "date": "2022-08-04", "time": "22:12:02", "comment": "\u5c31\u90a3\u6837\u5427\u3002\n\u786e\u5b9e\u6709\u51e0\u4e2a\u573a\u666f\u88ab\u5413\u5230\uff0c\u6f14\u5458\u9635\u5bb9\u4e0d\u9519\u3002\n\u4f46\u8fd9\u7231\u60c5\u6545\u4e8b\u771f\u7684\u5f88\u72d7\u8840\u3002\u800c\u4e14\u5f88\u591a\u60c5\u8282\u5c24\u5176\u7ed3\u5c40\u4e5f\u6ca1\u5904\u7406\u597d", "useful_count": "0"},
{"page_index": 1, "movie_id": "26751902", "title": "\u501f\u773c", "username": "\u662f\u5c0f\u9648\u54df-", "user_id": "176738693", "rating": "\u529b\u8350", "date": "2018-04-23", "time": "09:57:29", "comment": "\u6709\u7f57\u5170\u7684\u6050\u6016\u7247\u603b\u662f\u8ba9\u4eba\u5145\u6ee1\u671f\u5f85\uff0c\u8bb0\u5f97\u770b\u8fd9\u90e8\u7535\u5f71\u7684\u65f6\u5019\u4e00\u4e2a\u5f71\u5385\u91cc\u53ea\u6709\u6211\u548c\u6211\u670b\u53cb\u4e24\u4eba\u3002\u6545\u4e8b\u597d\u50cf\u8bb2\u8ff0\u7684\u662f\u5173\u4e8e\u7231\u60c5\u3002", "useful_count": "0"},
{"page_index": 1, "movie_id": "26751902", "title": "\u501f\u773c", "username": "\u8001\u6768\u7684\u5c38\u738b", "user_id": "32786794", "rating": "\u5f88\u5dee", "date": "2017-08-22", "time": "17:47:18", "comment": "\u54c8\u5440\uff0c\u597d\u6ce3\u554a", "useful_count": "0"},
{"page_index": 1, "movie_id": "26751902", "title": "\u501f\u773c", "username": "\u6700\u957f\u7684\u8ddd\u79bb", "user_id": "149887685", "rating": "\u529b\u8350", "date": "2017-12-26", "time": "13:18:17", "comment": "\u8be5\u5f71\u7247\u975e\u5e38\u7cbe\u5f69\uff0c\u60c5\u8282\u73af\u73af\u76f8\u6263\uff0c\u5f15\u4eba\u5165\u80dc\u3002\n\u591a\u5904\u53cd\u8f6c\u60c5\u8282\u6709\u70b9\u7c7b\u4f3c12\u670827\u65e5\u5728\u7231\u5947\u827a\u4e0a\u6620\u7684\u300a\u593a\u547d\u5934\u6761\u300b\uff0c\u4e5f\u662f\u591a\u5904\u53cd\u8f6c\uff0c\u5e76\u4e14\u8282\u594f\u628a\u63a7\u7684\u5f88\u597d\uff0c\u7d27\u5f20\u6c14\u6c1b\u70d8\u6258\u7684\u5f88\u597d\uff0c\u7ed3\u5c40\u8d85\u51fa\u60f3\u8c61\uff0c\u4f46\u4e5f\u5728\u60c5\u7406\u4e4b\u4e2d\u3002", "useful_count": "0"},
{"page_index": 1, "movie_id": "26751902", "title": "\u501f\u773c", "username": "\u6843\u7136", "user_id": "171616363", "rating": "\u5f88\u5dee", "date": "2018-01-11", "time": "10:05:34", "comment": "\u8bf7\u4e86\u7f57\u5170\u5ba2\u4e32\uff0c\u4e0d\u8fc7\u5e76\u6ca1\u6709\u589e\u5149\u6dfb\u5f69\u592a\u591a\uff0c\u4f9d\u65e7\u662f\u56fd\u4ea7\u60ca\u609a\u7247\u7684\u8001\u8def\u5b50\uff0c\u4f9d\u7136\u662f\u90e8\u62ff\u4e0d\u51fa\u624b\u7684\u4f5c\u54c1", "useful_count": "0"},
{"page_index": 1, "movie_id": "26751902", "title": "\u501f\u773c", "username": "good lucky!", "user_id": "138371733", "rating": "\u8f83\u5dee", "date": "2017-09-28", "time": "21:16:27", "comment": "\u54c8\u54c8\u54c8\u54c8 \u7b11\u6b7b\u4e86 \u4f60\u4eec\u5feb\u8fdb\u770b\u59e8\u592a\u4eec\u88ab\u6240\u8c13\u7684\u5973\u9b3c\u641e\u7684 \u53d1\u795e\u7ecf\u90a3\u6bb5 \u771f\u7684\u5389\u5bb3\u5230\u4e0d\u884c", "useful_count": "0"},
{"page_index": 1, "movie_id": "26751902", "title": "\u501f\u773c", "username": "wenxheart", "user_id": "264102399", "rating": "\u63a8\u8350", "date": "2022-11-01", "time": "15:59:20", "comment": "\u65e0\u529f\u65e0\u8fc7\u5427\uff0c\u770b\u7684\u4e0d\u51fa\u620f\uff0c\u4e5f\u4e0d\u6050\u6016\u3002", "useful_count": "0"}
]