[
{"page_index": 0, "movie_id": "27622779", "title": "\u5c0f\u57ce\u8f76\u4e8b\u4e4b\u4eba\u6015\u51fa\u540d\u732a\u6015\u58ee", "username": "\u8d64\u6f6e\u8054\u5408\u751f\u4ea7\u5382", "user_id": "158501165", "rating": "\u8fd8\u884c", "date": "2018-02-07", "time": "15:50:45", "comment": "\u5176\u5b9e\u8fd8\u662f\u53ef\u4ee5\u770b\u7684 \u4e0d\u7b97\u70c2\u7247 \u4e2d\u89c4\u4e2d\u77e9\u5427", "useful_count": "29"},
{"page_index": 0, "movie_id": "27622779", "title": "\u5c0f\u57ce\u8f76\u4e8b\u4e4b\u4eba\u6015\u51fa\u540d\u732a\u6015\u58ee", "username": "DarylBillCloud", "user_id": "129140991", "rating": "\u8f83\u5dee", "date": "2018-02-10", "time": "20:28:58", "comment": "\u5509\u8001\u55e8\u2026\u2026\u2026\u2026", "useful_count": "8"},
{"page_index": 0, "movie_id": "27622779", "title": "\u5c0f\u57ce\u8f76\u4e8b\u4e4b\u4eba\u6015\u51fa\u540d\u732a\u6015\u58ee", "username": "\u6c88\u4e00\u6cd3", "user_id": "40153329", "rating": "\u8f83\u5dee", "date": "2018-05-22", "time": "22:25:13", "comment": "\u5f88\u50cf\u5730\u65b9\u53f0\u5236\u4f5c \u8fd9\u6837\u5b50\u4e5f\u53ef\u4ee5\u4e86", "useful_count": "1"},
{"page_index": 0, "movie_id": "27622779", "title": "\u5c0f\u57ce\u8f76\u4e8b\u4e4b\u4eba\u6015\u51fa\u540d\u732a\u6015\u58ee", "username": "\u6bdb\u7b71\u96c5(^.^", "user_id": "175060525", "rating": "\u529b\u8350", "date": "2018-03-07", "time": "11:24:08", "comment": "\u4f5c\u4e3a\u4e50\u5c71\u4eba\uff0c\u5bb6\u4e61\u7684\u7535\u5f71\u80af\u5b9a\u8981\u652f\u6301\u4e0b\uff0c\u4e0d\u9519\uff0c\u6bd4\u8f83\u63a5\u5730\u6c14", "useful_count": "2"},
{"page_index": 0, "movie_id": "27622779", "title": "\u5c0f\u57ce\u8f76\u4e8b\u4e4b\u4eba\u6015\u51fa\u540d\u732a\u6015\u58ee", "username": "\u5f69\u620f\u5e08wala", "user_id": "caixishi", "rating": "\u8f83\u5dee", "date": "2018-05-26", "time": "00:09:36", "comment": "\u80fd\u770b\u3002", "useful_count": "0"},
{"page_index": 0, "movie_id": "27622779", "title": "\u5c0f\u57ce\u8f76\u4e8b\u4e4b\u4eba\u6015\u51fa\u540d\u732a\u6015\u58ee", "username": "Roxie_J", "user_id": "xuanz616", "rating": "\u63a8\u8350", "date": "2018-02-07", "time": "21:22:34", "comment": "\u770b\u4e86\u70b9\u6620\u573a\uff0c\u5f71\u7247\u8d28\u91cf\u9ad8\u4e8e\u9884\u671f\uff0c\u7b11\u70b9\u5f88\u591a\uff0c\u662f\u5f88\u8f7b\u677e\u7684\u4e00\u90e8\u5f71\u7247\uff0c\u9002\u5408\u6625\u8282\u5168\u5bb6\u4eba\u4e00\u8d77\u89c2\u770b\uff5e", "useful_count": "111"},
{"page_index": 0, "movie_id": "27622779", "title": "\u5c0f\u57ce\u8f76\u4e8b\u4e4b\u4eba\u6015\u51fa\u540d\u732a\u6015\u58ee", "username": "TQ", "user_id": "phoenix5", "rating": "\u63a8\u8350", "date": "2018-02-20", "time": "21:47:15", "comment": "\u88ab\u7238\u5988\u5e26\u7740\u4e00\u8d77\u770b\u6c88\u4f10\u8001\u5e08\u6f14\u7684\u7535\u5f71\uff0c\u6c88\u8001\u5e08\u8d60\u7684\u7968\uff0c\u672c\u6765\u4ee5\u4e3a\u4f1a\u88ab\u96f7\u6b7b\uff0c\u7ed3\u679c\u7adf\u7136\u51fa\u4e4e\u610f\u6599\u7684\u8fd8\u884c\uff0c\u4e00\u4e9b\u9ed1\u8272\u5e7d\u9ed8\uff0c\u4e00\u4e9b\u5ddd\u6e1d\u7b11\u679c\uff0c\u6bd4\u6709\u4e9b\u96f7\u7535\u5f71\u597d\u591a\u4e86\u3002\u6211\u7ed9\u4e09\u661f\u534a\u3002", "useful_count": "19"},
{"page_index": 0, "movie_id": "27622779", "title": "\u5c0f\u57ce\u8f76\u4e8b\u4e4b\u4eba\u6015\u51fa\u540d\u732a\u6015\u58ee", "username": "\u534a\u75af", "user_id": "2458622", "rating": "\u63a8\u8350", "date": "2018-02-08", "time": "16:46:18", "comment": "\u53ef\u80fd\u671f\u671b\u503c\u4f4e \u770b\u4e86\u8fc7\u540e\u51fa\u4e4e\u610f\u6599\u7684\u597d \u867d\u7136\u6ca1\u67094\u2b50 \u4f46\u53ef\u4ee5\u6709\u4e00\u661f\u9f13\u52b1\n\u8d77\u7801\u6545\u4e8b\u662f\u67b6\u8d77\u6765\u4e86\u7684 \u4eba\u7269\u6709\u4e9b\u8138\u8c31\u5316 \u4e0d\u5f71\u54cd\u89c2\u5f71\u6548\u679c", "useful_count": "32"},
{"page_index": 0, "movie_id": "27622779", "title": "\u5c0f\u57ce\u8f76\u4e8b\u4e4b\u4eba\u6015\u51fa\u540d\u732a\u6015\u58ee", "username": "\u522b\u8bf4\u591a\u60c5\u597d", "user_id": "34006126", "rating": "\u8f83\u5dee", "date": "2018-07-11", "time": "00:32:23", "comment": "\u771f\u7684\u662f\u633a\u65e0\u804a\u633a\u70c2\u7684\uff0c\u5feb\u8fdb\u52c9\u5f3a\u770b\u5b8c", "useful_count": "1"},
{"page_index": 0, "movie_id": "27622779", "title": "\u5c0f\u57ce\u8f76\u4e8b\u4e4b\u4eba\u6015\u51fa\u540d\u732a\u6015\u58ee", "username": "lpu9", "user_id": "3526210", "rating": "\u5f88\u5dee", "date": "2018-02-25", "time": "19:51:49", "comment": "\u4e3b\u9898\u662f\u7a7a\u5de2\u8001\u4eba\uff0c\u4f46\u662f\u5267\u60c5\u626f\u6de1\u6781\u81f4\u4e86", "useful_count": "5"},
{"page_index": 0, "movie_id": "27622779", "title": "\u5c0f\u57ce\u8f76\u4e8b\u4e4b\u4eba\u6015\u51fa\u540d\u732a\u6015\u58ee", "username": "\u5c0f\u6768\u6811", "user_id": "yjhxiaoyangshu", "rating": "\u8fd8\u884c", "date": "2018-02-24", "time": "21:47:58", "comment": "\u7b11\u70b9\u5f88\u591a\uff0c\u662f\u5f88\u8f7b\u677e\u7684\u4e00\u90e8\u5f71\u7247\uff0c\u9002\u5408\u6625\u8282\u5168\u5bb6\u4eba\u4e00\u8d77\u89c2\u770b\uff5e", "useful_count": "8"},
{"page_index": 0, "movie_id": "27622779", "title": "\u5c0f\u57ce\u8f76\u4e8b\u4e4b\u4eba\u6015\u51fa\u540d\u732a\u6015\u58ee", "username": "\u516b\u722a", "user_id": "4454692", "rating": "\u8f83\u5dee", "date": "2018-05-14", "time": "03:56:00", "comment": "\u5730\u65b9\u7279\u8272\u7684\u5c0f\u54c1\u7535\u5f71\u3002\u5e73\u5e73\u6de1\u6de1\u7b80\u7b80\u5355\u5355\u6ca1\u5565\u6bdb\u75c5\uff0c\u4e5f\u770b\u7684\u51fa\u662f\u8d3a\u5c81\u7247\u3002\u6700\u540e\u90a3\u7897\u9e21\u6c64\u867d\u5728\u60c5\u7406\u4e4b\u4e2d\uff0c\u4f46\u662f\u6ca1\u653e\u76d0\u592a\u751c\u4e86\uff0c\u592a\u523b\u610f\u3002\u4f5c\u4e3a\u7535\u5f71\u8d28\u611f\u4e5f\u4e0d\u9ad8\uff0c\u9002\u5408CCTV6\uff01", "useful_count": "0"},
{"page_index": 0, "movie_id": "27622779", "title": "\u5c0f\u57ce\u8f76\u4e8b\u4e4b\u4eba\u6015\u51fa\u540d\u732a\u6015\u58ee", "username": "\u5b89\u9759", "user_id": "22911916", "rating": "\u63a8\u8350", "date": "2018-03-03", "time": "16:21:50", "comment": "\u633a\u597d\u73a9\u7684\u7535\u5f71\uff0c\u5c0f\u732a\u732a\u7279\u522b\u53ef\u7231\uff0c\u8001\u7237\u7237\u4e5f\u5c0f\u6c14\u7684\u53ef\u7231\uff0c\u7279\u522b\u771f\u5b9e\u3002\u6545\u4e8b\u6709\u70b9\u5c0f\u5938\u5f20\uff0c\u603b\u4f53\u6765\u8bf4\u662f\u633a\u5b8c\u6574\u7684\uff0c\u6f14\u5458\u6709\u51e0\u4f4d\u662f\u53eb\u4e0d\u51fa\u540d\u7684\u719f\u9762\u5b54\uff0c\u4e09\u661f\u534a\u5427\u3002\u4ed9\u4eba\u677f\u677f\uff01", "useful_count": "4"},
{"page_index": 0, "movie_id": "27622779", "title": "\u5c0f\u57ce\u8f76\u4e8b\u4e4b\u4eba\u6015\u51fa\u540d\u732a\u6015\u58ee", "username": "\u043e\u0431\u043b\u043e\u043c\u043e\u0432", "user_id": "glim", "rating": "\u5f88\u5dee", "date": "2018-05-12", "time": "12:20:55", "comment": "\u8fd9\u4e5f\u53eb\u2026\u559c\u5267\uff1f\uff1f\uff1f", "useful_count": "2"},
{"page_index": 0, "movie_id": "27622779", "title": "\u5c0f\u57ce\u8f76\u4e8b\u4e4b\u4eba\u6015\u51fa\u540d\u732a\u6015\u58ee", "username": "\u6d6a\u5473\u4ed9", "user_id": "dijianglin", "rating": "\u5f88\u5dee", "date": "2018-02-05", "time": "09:25:13", "comment": "\u2026\u6ca1\u4ec0\u4e48\u597d\u8bf4\u7684", "useful_count": "4"},
{"page_index": 0, "movie_id": "27622779", "title": "\u5c0f\u57ce\u8f76\u4e8b\u4e4b\u4eba\u6015\u51fa\u540d\u732a\u6015\u58ee", "username": "zyfclaire", "user_id": "124391947", "rating": "\u8f83\u5dee", "date": "2018-02-21", "time": "11:47:14", "comment": "\u5657\u54c8\u54c8  \u4e5f\u5c31\u662f\u90e8\u5408\u5bb6\u6b22\u554a", "useful_count": "5"},
{"page_index": 0, "movie_id": "27622779", "title": "\u5c0f\u57ce\u8f76\u4e8b\u4e4b\u4eba\u6015\u51fa\u540d\u732a\u6015\u58ee", "username": "\u6797\u5c0f\u4e03", "user_id": "lynn7lynch", "rating": "\u8fd8\u884c", "date": "2019-02-08", "time": "14:16:18", "comment": "\u732a\u5e74\u770b\u633a\u5e94\u666f\u7684\uff0c\u867d\u7136\u4e0d\u662f\u897f\u5357\u5730\u533a\u7684\u4eba\uff0c\u4f46\u8fd8\u662f\u611f\u53d7\u5230\u4e86\u65b9\u8a00\u8d3a\u5c81\u7247\u53ef\u4ee5\u62c9\u8fd1\u8ddd\u79bb\u3002\u4e0d\u8fc7\u8fd9\u7247\u5b50\u5c45\u7136\u662f2018\u5e74\u7684\uff1f", "useful_count": "0"},
{"page_index": 0, "movie_id": "27622779", "title": "\u5c0f\u57ce\u8f76\u4e8b\u4e4b\u4eba\u6015\u51fa\u540d\u732a\u6015\u58ee", "username": "\u738b\u5bcc\u8d35\u5927\u80fd\u732b", "user_id": "3472724", "rating": "\u8f83\u5dee", "date": "2018-06-28", "time": "09:41:58", "comment": "\u5357\u822a\uff0c\u8bf7\u4ee5\u540e\u4e0d\u8981\u5728\u98de\u673a\u4e0a\u653e\u8fd9\u4e48\u70c2\u7684\u7247\u2026\u2026", "useful_count": "1"},
{"page_index": 0, "movie_id": "27622779", "title": "\u5c0f\u57ce\u8f76\u4e8b\u4e4b\u4eba\u6015\u51fa\u540d\u732a\u6015\u58ee", "username": "\u8c46\u53cb143200878", "user_id": "beHappyooooy", "rating": "\u8f83\u5dee", "date": "2020-01-19", "time": "19:41:42", "comment": "\u524d\u9762\u8fd8\u53ef\u4ee5\uff0c\u540e\u9762\u771f\u7684\u86ee\u8188\u4eba\u7684", "useful_count": "1"},
{"page_index": 0, "movie_id": "27622779", "title": "\u5c0f\u57ce\u8f76\u4e8b\u4e4b\u4eba\u6015\u51fa\u540d\u732a\u6015\u58ee", "username": "\u54e6\u55e8\u5466\uff5e", "user_id": "157569709", "rating": "\u8f83\u5dee", "date": "2018-06-27", "time": "09:42:38", "comment": "\u7ed9\u4e24\u661f\u8bc1\u660e\u770b\u8fc7\uff0c\u672c\u5267\u6e05\u6de1\u65e0\u5947\uff01\u5c31\u90a3\u4e48\u56de\u4e8b\u5427", "useful_count": "2"},
{"page_index": 0, "movie_id": "27622779", "title": "\u5c0f\u57ce\u8f76\u4e8b\u4e4b\u4eba\u6015\u51fa\u540d\u732a\u6015\u58ee", "username": "\u51e0\u7ef4", "user_id": "137429045", "rating": "\u8f83\u5dee", "date": "2018-02-20", "time": "01:39:52", "comment": "\u603b\u4f53\u4e00\u822c\u822c\u5427 \u6ca1\u4ec0\u4e48\u611f\u89c9 \u672c\u6765\u671f\u671b\u503c\u5c31\u4e0d\u9ad8 \u8fd8\u884c", "useful_count": "10"},
{"page_index": 0, "movie_id": "27622779", "title": "\u5c0f\u57ce\u8f76\u4e8b\u4e4b\u4eba\u6015\u51fa\u540d\u732a\u6015\u58ee", "username": "\u521b\u5efa\u5feb\u6377\u65b9\u5f0f", "user_id": "59859119", "rating": "\u8fd8\u884c", "date": "2018-05-17", "time": "23:02:37", "comment": "\u65b9\u8a00\u7248\u559c\u5267\uff0c\u4f20\u7edf\u7684\u641e\u7b11\u5305\u88b1\uff0c\u6ca1\u6709\u4e71\u4e03\u516b\u7cdf\u7684\u5957\u8def\uff0c\u8bd9\u8c10\u5e7d\u9ed8\u7684\u5c0f\u54c1\u3002\u89c2\u770b\u4f53\u9a8c\u8fdc\u6bd4\u73b0\u5728\u88c5\u75af\u5356\u50bb\u65e0\u5398\u5934\u7684\u559c\u5267\u597d\u592a\u591a\u4e86", "useful_count": "2"},
{"page_index": 0, "movie_id": "27622779", "title": "\u5c0f\u57ce\u8f76\u4e8b\u4e4b\u4eba\u6015\u51fa\u540d\u732a\u6015\u58ee", "username": "\u5b7d\u597d", "user_id": "xiaoxuehaohao", "rating": "\u8f83\u5dee", "date": "2022-04-27", "time": "13:46:04", "comment": "\u5267\u60c5\u8fd8\u884c \u62cd\u5f97\u786e\u5b9e\u571f\u4e86", "useful_count": "0"},
{"page_index": 0, "movie_id": "27622779", "title": "\u5c0f\u57ce\u8f76\u4e8b\u4e4b\u4eba\u6015\u51fa\u540d\u732a\u6015\u58ee", "username": "\u5fd8\u4e86\u54ed", "user_id": "wangleku", "rating": "\u8f83\u5dee", "date": "2018-05-21", "time": "22:45:53", "comment": "\u5176\u5b9e\u633a\u53ef\u60dc\u7684\uff0c\u9898\u6750\u633a\u597d\u7684\uff0c\u5c31\u662f\u559c\u5267\u51b2\u7a81\u4e0d\u591f\u771f\u5b9e\uff0c\u592a\u620f\u5267\u5316\u4e86\uff0c\u4e0d\u8d34\u8fd1\u751f\u6d3b\uff0c\u5dee\u8bc4\uff01", "useful_count": "1"},
{"page_index": 0, "movie_id": "27622779", "title": "\u5c0f\u57ce\u8f76\u4e8b\u4e4b\u4eba\u6015\u51fa\u540d\u732a\u6015\u58ee", "username": "\u5047\u9762\u9a91\u58eb", "user_id": "154039834", "rating": "\u8fd8\u884c", "date": "2018-02-24", "time": "15:40:02", "comment": "\u6709\u5730\u65b9\u7279\u8272\u7684", "useful_count": "2"},
{"page_index": 0, "movie_id": "27622779", "title": "\u5c0f\u57ce\u8f76\u4e8b\u4e4b\u4eba\u6015\u51fa\u540d\u732a\u6015\u58ee", "username": "\u6749\u5c0f\u7231|\u597d\u59d1\u5a18,\u54b1\u4eec\u8d70\u8d77\u6765", "user_id": "OneiLulu", "rating": "\u63a8\u8350", "date": "2019-02-15", "time": "10:56:45", "comment": "\u519c\u6751\u7f51\u7ea2\u7684\u6545\u4e8b", "useful_count": "0"},
{"page_index": 0, "movie_id": "27622779", "title": "\u5c0f\u57ce\u8f76\u4e8b\u4e4b\u4eba\u6015\u51fa\u540d\u732a\u6015\u58ee", "username": "\u658b\u85e4\u98de\u9e1f", "user_id": "134839826", "rating": "\u63a8\u8350", "date": "2018-03-06", "time": "17:14:05", "comment": "\u8fd8\u53ef\u4ee5\u5427", "useful_count": "3"},
{"page_index": 0, "movie_id": "27622779", "title": "\u5c0f\u57ce\u8f76\u4e8b\u4e4b\u4eba\u6015\u51fa\u540d\u732a\u6015\u58ee", "username": "Martin Lau", "user_id": "144412985", "rating": "\u63a8\u8350", "date": "2018-02-28", "time": "00:28:34", "comment": "\u62cd\u7684\u5f88\u7528\u5fc3\uff0c\u4e0d\u9519\uff0c\u559c\u6b22\u7537\u4e3b\u8fd9\u79cd\u7a0b\u5e8f\u5458\u5927\u53d4\u3002", "useful_count": "5"},
{"page_index": 0, "movie_id": "27622779", "title": "\u5c0f\u57ce\u8f76\u4e8b\u4e4b\u4eba\u6015\u51fa\u540d\u732a\u6015\u58ee", "username": "\u4e1b\u6797\u4e4b\u738b\u5927Tina", "user_id": "Tina01181023", "rating": "\u8f83\u5dee", "date": "2018-05-14", "time": "18:11:49", "comment": "\u70c2", "useful_count": "0"},
{"page_index": 0, "movie_id": "27622779", "title": "\u5c0f\u57ce\u8f76\u4e8b\u4e4b\u4eba\u6015\u51fa\u540d\u732a\u6015\u58ee", "username": "\u4f9d\u840d\u66b4\u5bcc\u4e86\u5417", "user_id": "131023951", "rating": "\u8fd8\u884c", "date": "2018-02-23", "time": "21:24:40", "comment": "\u8bf4\u5b9e\u8bdd\uff0c\u8fd9\u90e8\u7535\u5f71\u8fd8\u4e0d\u9519\u3002\u4f46\u662f\u5427\uff0c\u4f55\u5fc5\u4e0a\u5f71\u9662\u5462\u3002", "useful_count": "1"},
{"page_index": 0, "movie_id": "27622779", "title": "\u5c0f\u57ce\u8f76\u4e8b\u4e4b\u4eba\u6015\u51fa\u540d\u732a\u6015\u58ee", "username": "\u9ea6\u5b50", "user_id": "btone0808", "rating": "\u8f83\u5dee", "date": "2018-05-15", "time": "10:39:19", "comment": "\u623f\u5b50\u4e0d\u662f\u7528\u6765\u7092\u7684\uff0c\u4e5f\u4e0d\u662f\u7528\u6765\u517b\u7272\u53e3\u7684\uff0c\u54c8\u54c8\uff0c\u751f\u6d3b\u6c14\u606f\u86ee\u6d53\uff0c\u559c\u5267\u7b11\u70b9\u751f\u786c", "useful_count": "0"},
{"page_index": 0, "movie_id": "27622779", "title": "\u5c0f\u57ce\u8f76\u4e8b\u4e4b\u4eba\u6015\u51fa\u540d\u732a\u6015\u58ee", "username": "\u566c\u5143\u517d", "user_id": "71262873", "rating": "\u8fd8\u884c", "date": "2022-09-22", "time": "23:52:11", "comment": "\u6bb5\u5b50\u62cd\u6210\u4e86\u7535\u5f71", "useful_count": "0"},
{"page_index": 0, "movie_id": "27622779", "title": "\u5c0f\u57ce\u8f76\u4e8b\u4e4b\u4eba\u6015\u51fa\u540d\u732a\u6015\u58ee", "username": "\u968f\u4fbf\u6539\u4e2a\u6635\u79f0", "user_id": "bonike", "rating": "\u63a8\u8350", "date": "2018-10-12", "time": "23:38:59", "comment": "\u8d44\u74f7\u4e00\u54c8\u56db\u5ddd\u672c\u571f\u7535\u5f71", "useful_count": "1"},
{"page_index": 0, "movie_id": "27622779", "title": "\u5c0f\u57ce\u8f76\u4e8b\u4e4b\u4eba\u6015\u51fa\u540d\u732a\u6015\u58ee", "username": "HarperYug", "user_id": "161704364", "rating": "\u8f83\u5dee", "date": "2018-05-12", "time": "11:19:24", "comment": "\u65b9\u8a00\u662f\u552f\u4e00\u7684\u7279\u8272\uff0c\u5267\u60c5\u561b\u592a\u626f\u4e86\u3002", "useful_count": "0"},
{"page_index": 0, "movie_id": "27622779", "title": "\u5c0f\u57ce\u8f76\u4e8b\u4e4b\u4eba\u6015\u51fa\u540d\u732a\u6015\u58ee", "username": "\u9ece\u5973\u58eb\u7684\u62d6\u978b", "user_id": "163469909", "rating": "\u5f88\u5dee", "date": "2018-03-03", "time": "02:24:17", "comment": "\u5168\u56fd\u7968\u623f456\u4e07\uff0c\u4e50\u5c71\u7968\u623f398\u4e07\uff0c\u8fd9\u6015\u4e0d\u662f\u641e\u7b11\u7247\uff0c\u662f\u6050\u6016\u7247\u5427\uff01", "useful_count": "6"},
{"page_index": 0, "movie_id": "27622779", "title": "\u5c0f\u57ce\u8f76\u4e8b\u4e4b\u4eba\u6015\u51fa\u540d\u732a\u6015\u58ee", "username": "\u8001\u592a\u592a\u62b9\u53e3\u7ea2", "user_id": "Ltaitai", "rating": "\u5f88\u5dee", "date": "2019-09-30", "time": "20:40:58", "comment": "\u5b9e\u5728\u662f\u770b\u4e0d\u4e0b\u53bb\u4e86", "useful_count": "0"},
{"page_index": 0, "movie_id": "27622779", "title": "\u5c0f\u57ce\u8f76\u4e8b\u4e4b\u4eba\u6015\u51fa\u540d\u732a\u6015\u58ee", "username": "\u8036~~~", "user_id": "174726883", "rating": "\u529b\u8350", "date": "2018-02-28", "time": "16:47:07", "comment": "\u7528\u559c\u5267\u7684\u62cd\u6444\u624b\u6cd5\u7ed9\u4eba\u4ee5\u6df1\u523b\u7684\u6559\u80b2\u610f\u4e49\uff0c\u826f\u5fc3\u7247\uff0c\u529b\u8350~~~~", "useful_count": "2"},
{"page_index": 0, "movie_id": "27622779", "title": "\u5c0f\u57ce\u8f76\u4e8b\u4e4b\u4eba\u6015\u51fa\u540d\u732a\u6015\u58ee", "username": "\u4f60\u662f\u50bb\u5b50\u5417", "user_id": "62577774", "rating": "\u63a8\u8350", "date": "2018-03-07", "time": "13:45:27", "comment": "\u633a\u597d\u770b\u7684\uff0c\u5c31\u662f\u6392\u7247\u592a\u8650\u4e86\uff0c\u63a8\u8350\u5927\u5bb6\u627e\u6765\u770b\u4e00\u770b", "useful_count": "4"},
{"page_index": 0, "movie_id": "27622779", "title": "\u5c0f\u57ce\u8f76\u4e8b\u4e4b\u4eba\u6015\u51fa\u540d\u732a\u6015\u58ee", "username": "\u5730\u74dc", "user_id": "159571094", "rating": "\u63a8\u8350", "date": "2018-08-10", "time": "13:35:21", "comment": "\u4e00\u5934\u732a\u5f15\u53d1\u7684\u95f9\u5267\uff0c\u6709\u4e9b\u4eba\u5e76\u4e0d\u5728\u4e4e\u771f\u76f8\u662f\u4ec0\u4e48\uff0c\u53ea\u60f3\u770b\u81ea\u5df1\u60f3\u770b\u7684\u4e1c\u897f\u3002\u5927\u7237\u8981\u8df3\u697c\uff0c\u522b\u6709\u7528\u5fc3\u7684\u4eba\u5c31\u5728\u4e0b\u9762\u8bf4\u300c\u4f60\u5feb\u8df3\u561b\u300d\uff0c\u771f\u633a\u5fc3\u5bd2\u3002", "useful_count": "1"},
{"page_index": 0, "movie_id": "27622779", "title": "\u5c0f\u57ce\u8f76\u4e8b\u4e4b\u4eba\u6015\u51fa\u540d\u732a\u6015\u58ee", "username": "\u55b5\u660e\u660e", "user_id": "1740474", "rating": "\u63a8\u8350", "date": "2018-12-24", "time": "08:36:20", "comment": "\u633a\u597d\u7684\u554a \u5f3a\u8fc7\u8bb8\u591a\u660e\u661f\u5927\u7247", "useful_count": "0"},
{"page_index": 0, "movie_id": "27622779", "title": "\u5c0f\u57ce\u8f76\u4e8b\u4e4b\u4eba\u6015\u51fa\u540d\u732a\u6015\u58ee", "username": "\u5723\u6751\u9152\u4fdd", "user_id": "59387630", "rating": "\u8fd8\u884c", "date": "2018-09-01", "time": "22:22:29", "comment": "\u770b\u8fc7\u3002\u8fd8\u51d1\u5408\u5566\u3002", "useful_count": "0"},
{"page_index": 0, "movie_id": "27622779", "title": "\u5c0f\u57ce\u8f76\u4e8b\u4e4b\u4eba\u6015\u51fa\u540d\u732a\u6015\u58ee", "username": "\u9634\u5929", "user_id": "62677139", "rating": "\u63a8\u8350", "date": "2018-06-11", "time": "16:11:14", "comment": "\u4f5c\u4e3a\u4e00\u4e2a\u56db\u5ddd\u4eba\uff0c\u770b\u5b8c\u611f\u89c9\u5f88\u6233\u5fc3\u7684\u3002", "useful_count": "0"},
{"page_index": 0, "movie_id": "27622779", "title": "\u5c0f\u57ce\u8f76\u4e8b\u4e4b\u4eba\u6015\u51fa\u540d\u732a\u6015\u58ee", "username": "\u6728\u77f3\u5b50", "user_id": "146536630", "rating": "\u63a8\u8350", "date": "2019-02-22", "time": "13:49:43", "comment": "\u771f\u5fc3\u4e0d\u9519\uff0c\u7b11\u70b9\u633a\u591a\u7684\uff0c\u51e0\u4f4d\u6f14\u5458\u8868\u6f14\u4e5f\u81ea\u7136\uff0c\u63a8\u8350\u4e00\u4e0b\uff01", "useful_count": "0"},
{"page_index": 0, "movie_id": "27622779", "title": "\u5c0f\u57ce\u8f76\u4e8b\u4e4b\u4eba\u6015\u51fa\u540d\u732a\u6015\u58ee", "username": "\u6728\u00b7\u5b50\u9c7c", "user_id": "121136115", "rating": "\u8fd8\u884c", "date": "2018-03-08", "time": "09:46:06", "comment": "\u4e00\u822c", "useful_count": "0"},
{"page_index": 0, "movie_id": "27622779", "title": "\u5c0f\u57ce\u8f76\u4e8b\u4e4b\u4eba\u6015\u51fa\u540d\u732a\u6015\u58ee", "username": "Opesy.", "user_id": "163600485", "rating": null, "date": "2018-02-20", "time": "22:41:25", "comment": "\u8fd9\u7535\u5f71\u66f4\u9002\u5408\u732a\u5e74\u4e0a\u6620\uff0c\u4f60\u4eec\u4e0a\u9519\u65f6\u95f4\u4e86", "useful_count": "5"},
{"page_index": 0, "movie_id": "27622779", "title": "\u5c0f\u57ce\u8f76\u4e8b\u4e4b\u4eba\u6015\u51fa\u540d\u732a\u6015\u58ee", "username": "\u98d8\u7740\u6254", "user_id": "79745413", "rating": "\u8f83\u5dee", "date": "2019-03-28", "time": "17:08:41", "comment": "\u672c\u6765\u662f\u4e00\u661f\u7684\uff0c\u770b\u5728\u5185\u5bb9\u6bd4\u8f83\u5207\u5408\u9898\u610f\u7684\u4efd\u513f\u4e0a\u52a0\u4e00\u989720190328", "useful_count": "0"},
{"page_index": 0, "movie_id": "27622779", "title": "\u5c0f\u57ce\u8f76\u4e8b\u4e4b\u4eba\u6015\u51fa\u540d\u732a\u6015\u58ee", "username": "\u5154\u5c0f\u5154", "user_id": "shuyali", "rating": "\u8fd8\u884c", "date": "2020-03-10", "time": "21:48:27", "comment": "\u966a\u7238\u5988\u770b\u7684 \u8fd8\u633a\u9017", "useful_count": "0"},
{"page_index": 0, "movie_id": "27622779", "title": "\u5c0f\u57ce\u8f76\u4e8b\u4e4b\u4eba\u6015\u51fa\u540d\u732a\u6015\u58ee", "username": "\u7231\u6bd4\u6b7b\u66f4\u51b7", "user_id": "70421764", "rating": "\u8f83\u5dee", "date": "2018-05-19", "time": "09:24:33", "comment": "\u5bfc\u6f14: \u5f6d\u5efa\u4f1f\n\u7f16\u5267: \u8096\u674e\u4efb\u9890\n\u4e3b\u6f14: \u6c88\u4f10 / \u5cb3\u7ea2 / \u65b9\u6e05\u5e73 / \u6731\u5b50\u5ca9 / \u9ec4\u6881\u5b87 / \u5218\u5e05 / \u5ed6\u8d8a / \u6797\u6653\u4e1c / \u4e8e\u4ee3\u541b / \u674e\u4e1c\u660c / \u7ec3\u5353\n\u7c7b\u578b: \u559c\u5267\n\u5236\u7247\u56fd\u5bb6/\u5730\u533a: \u4e2d\u56fd\u5927\u9646", "useful_count": "0"},
{"page_index": 0, "movie_id": "27622779", "title": "\u5c0f\u57ce\u8f76\u4e8b\u4e4b\u4eba\u6015\u51fa\u540d\u732a\u6015\u58ee", "username": "\u8475\u5f0b", "user_id": "mommo_", "rating": "\u8f83\u5dee", "date": "2018-07-11", "time": "16:37:13", "comment": "\u4f5c\u4e3a\u4e00\u4e2a\u4e50\u5c71\u4eba\uff0c\u5bf9\u672c\u571f\u7535\u5f71\u8fd8\u662f\u6709\u79cd\u7279\u522b\u7684\u60c5\u612b\u7684\u3002\u7535\u5f71\u5c5e\u4e8e\u559c\u5267\uff0c\u9002\u5408\u65b0\u5e74\u770b\uff0c\u5185\u5bb9\u4e5f\u5f88\u6709\u5bd3\u610f\uff01", "useful_count": "0"},
{"page_index": 0, "movie_id": "27622779", "title": "\u5c0f\u57ce\u8f76\u4e8b\u4e4b\u4eba\u6015\u51fa\u540d\u732a\u6015\u58ee", "username": "\u7535\u5149\u5f71\u65a9\u6625\u98ce", "user_id": "103254369", "rating": "\u8f83\u5dee", "date": "2019-01-06", "time": "16:06:55", "comment": "\u9898\u6750\u6709\u8da3\uff0c\u4e00\u624b\u597d\u724c\u7ed9\u6253\u70c2\u4e86  \u9996\u5148\u662f\u8272\u8c03\u95ee\u9898 \u9752\u6625\u5076\u50cf\u5267\u7684\u6ee4\u955c\u554a \u5982\u679c\u7528\u6734\u5b9e\u70b9\u7684\u8272\u8c03\u51f8\u663e\u4e61\u6751\u4f1a\u66f4\u597d \u7136\u540e\u5c31\u662f\u5267\u60c5\u95ee\u9898 \u518d\u7136\u540e\u5c31\u662f\u2026\u2026\u4eba\u7269\u592a\u5f31\u667a", "useful_count": "0"},
{"page_index": 0, "movie_id": "27622779", "title": "\u5c0f\u57ce\u8f76\u4e8b\u4e4b\u4eba\u6015\u51fa\u540d\u732a\u6015\u58ee", "username": "\u5218\u4e09\u5341", "user_id": "Lxb8888", "rating": "\u8fd8\u884c", "date": "2023-01-01", "time": "20:48:29", "comment": "\u6709\u6e29\u5ea6\u7684\u7535\u5f71 \u4e0d\u9519\u4e0d\u9519 \u65b0\u5e74\u5feb\u4e50", "useful_count": "0"},
{"page_index": 0, "movie_id": "27622779", "title": "\u5c0f\u57ce\u8f76\u4e8b\u4e4b\u4eba\u6015\u51fa\u540d\u732a\u6015\u58ee", "username": "\u8110\u6a59\u662f\u6211", "user_id": "qichengshiwo", "rating": "\u5f88\u5dee", "date": "2018-08-14", "time": "12:01:02", "comment": "\u4f5c\u4e3a\u2026\u8fd8\u662f\u2026\u5783\u573e\u2026\u6d6a\u8d39", "useful_count": "1"},
{"page_index": 0, "movie_id": "27622779", "title": "\u5c0f\u57ce\u8f76\u4e8b\u4e4b\u4eba\u6015\u51fa\u540d\u732a\u6015\u58ee", "username": "QWASZX", "user_id": "51054227", "rating": "\u5f88\u5dee", "date": "2018-08-11", "time": "08:11:32", "comment": "\u5c34\u5c2c\u53c8\u4e1a\u4f59\u7684\u8868\u6f14\uff0c\u4e00\u80a1\u5927\u5b66\u751f\u62cd\u60c5\u666f\u5267\u7684\u5473\u9053\u3002\u5982\u679c\u4e0d\u662f\u6df1\u822a\u7684\u98de\u673a\u4e0a\u6ca1\u4ec0\u4e48\u53ef\u770b\u7684\uff0c\u4e00\u5b9a\u4e0d\u4f1a\u770b\u5b83\u7684\u3002", "useful_count": "1"},
{"page_index": 0, "movie_id": "27622779", "title": "\u5c0f\u57ce\u8f76\u4e8b\u4e4b\u4eba\u6015\u51fa\u540d\u732a\u6015\u58ee", "username": "libre-an", "user_id": "122531249", "rating": "\u8fd8\u884c", "date": "2018-05-13", "time": "14:30:21", "comment": "\u5c0f\u5267\u60c5\u7247\uff0c\u8fd8\u6709\u70b9\u610f\u601d", "useful_count": "0"},
{"page_index": 0, "movie_id": "27622779", "title": "\u5c0f\u57ce\u8f76\u4e8b\u4e4b\u4eba\u6015\u51fa\u540d\u732a\u6015\u58ee", "username": "\u4f60\u5f53\u6211\u662f\u6d6e\u5938\u5427", "user_id": "49383810", "rating": "\u8f83\u5dee", "date": "2018-05-27", "time": "17:34:06", "comment": "\u6709\u4e00\u5b9a\u5b8c\u6210\u5ea6\uff0c\u4f46\u7ee7\u7eed\u4e86\u4e2d\u56fd\u7535\u5f71\u5bfc\u6f14\u51e0\u4e2a\u7f3a\u70b9\uff0c\u7b2c\u4e00\u4fd7\u6c14\uff0c\u7b2c\u4e8c\u8bb2\u7a76\u4e00\u4e9b\u6ca1\u7528\u7684\u7535\u5f71\u5f62\u5f0f\u611f\uff0c\u7b2c\u4e09\u4e0d\u7cbe\u5fc3\u6253\u78e8\u5267\u672c\u3002\u8fd9\u79cd\u7247\u5b50\u62cd\u51fa\u6765\u7684\u610f\u4e49\u5230\u5e95\u4f55\u5728\uff1f\u8fd8\u6ca1\u62cd\u5c31\u77e5\u9053\u5f97\u8d54\u94b1\u7684\u5427\uff1f", "useful_count": "0"},
{"page_index": 0, "movie_id": "27622779", "title": "\u5c0f\u57ce\u8f76\u4e8b\u4e4b\u4eba\u6015\u51fa\u540d\u732a\u6015\u58ee", "username": "Promeneur", "user_id": "stanfordxie", "rating": "\u8f83\u5dee", "date": "2019-01-28", "time": "19:57:30", "comment": "\u3002\u3002\u3002\u7ec3\u4e60\u56db\u5ddd\u8bdd", "useful_count": "0"},
{"page_index": 0, "movie_id": "27622779", "title": "\u5c0f\u57ce\u8f76\u4e8b\u4e4b\u4eba\u6015\u51fa\u540d\u732a\u6015\u58ee", "username": "\u51ea\u606f\u2602", "user_id": "cinciu", "rating": null, "date": "2022-02-22", "time": "10:31:08", "comment": "\u7ecf\u5386\u8fc7\u7684\u4eba\u624d\u61c2\u5427\u3002", "useful_count": "0"},
{"page_index": 0, "movie_id": "27622779", "title": "\u5c0f\u57ce\u8f76\u4e8b\u4e4b\u4eba\u6015\u51fa\u540d\u732a\u6015\u58ee", "username": "Benachin", "user_id": "96125748", "rating": "\u8fd8\u884c", "date": "2018-03-07", "time": "13:48:13", "comment": "\u62cd\u7684\u4e00\u822c \u4e3b\u9898\u66f2\u8fd8\u4e0d\u9519 ", "useful_count": "1"},
{"page_index": 0, "movie_id": "27622779", "title": "\u5c0f\u57ce\u8f76\u4e8b\u4e4b\u4eba\u6015\u51fa\u540d\u732a\u6015\u58ee", "username": "\u660e\u5584\u8bda\u8eab", "user_id": "83453172", "rating": "\u8fd8\u884c", "date": "2018-05-13", "time": "11:28:17", "comment": "\u6545\u4e8b\u8fd8\u4e0d\u9519", "useful_count": "0"},
{"page_index": 0, "movie_id": "27622779", "title": "\u5c0f\u57ce\u8f76\u4e8b\u4e4b\u4eba\u6015\u51fa\u540d\u732a\u6015\u58ee", "username": "@\u51e1\u5148\u751f", "user_id": "165414546", "rating": "\u5f88\u5dee", "date": "2022-07-07", "time": "22:06:58", "comment": "\u4e50\u5c71\u4eba\u7684\u803b\u8fb1\u3002\n\u4e0d\u4ec5\u62cd\u7684\u70c2\uff0c\u8fd8\u8054\u52a8\u6574\u4e2a\u4e50\u5c71\u7684\u6559\u80b2\u754c\u4ee5\u53ca\u5176\u4ed6\u9886\u57df\uff0c\u4e00\u8d77\u770b\uff0c\u4e00\u8d77\u5356\u5047\u7968\uff0c\u4e00\u8d77\u53bb\u7535\u5f71\u9662\u91cc\u770b\u8fd9\u90e8\u5c41\u90fd\u4e0d\u7b97\uff0c\u8981\u6f14\u6280\u6ca1\u6f14\u6280\uff0c\u8981\u5267\u60c5\u6ca1\u5267\u60c5\uff0c\u8981\u955c\u5934\u827a\u672f\u6ca1\u955c\u5934\u827a\u672f\u7684\u8d85\u7ea7\u5927\u70c2\u7247\u3002\u592a\u68d2\u4e86\uff0c\u4e0b\u6b21\u8fd8\u7ed9\u4e00\u661f\u3002", "useful_count": "0"},
{"page_index": 0, "movie_id": "27622779", "title": "\u5c0f\u57ce\u8f76\u4e8b\u4e4b\u4eba\u6015\u51fa\u540d\u732a\u6015\u58ee", "username": "\u4e00\u5ddd\u70df\u96e8", "user_id": "137575680", "rating": "\u8f83\u5dee", "date": "2018-03-06", "time": "10:05:42", "comment": "\u6ca1\u6709\u62b1\u671f\u5f85\u53bb\u7684\uff0c\u6bd4\u60f3\u8c61\u4e2d\u7684\u597d\uff5e\u4f46\u8fd8\u662f\u5783\u573e", "useful_count": "1"},
{"page_index": 0, "movie_id": "27622779", "title": "\u5c0f\u57ce\u8f76\u4e8b\u4e4b\u4eba\u6015\u51fa\u540d\u732a\u6015\u58ee", "username": "\u6731\u5e73\u5e73", "user_id": "26985231", "rating": "\u63a8\u8350", "date": "2018-10-03", "time": "23:39:28", "comment": "\u4ed9\u4eba\u677f\u677f\uff0c\u54c8\u54c8\u54c8\u54c8\u54c8\u54c8", "useful_count": "2"},
{"page_index": 0, "movie_id": "27622779", "title": "\u5c0f\u57ce\u8f76\u4e8b\u4e4b\u4eba\u6015\u51fa\u540d\u732a\u6015\u58ee", "username": "harvey\u5c11\u6821", "user_id": "108693709", "rating": "\u63a8\u8350", "date": "2018-05-13", "time": "14:38:22", "comment": "\u5f88\u5de7\u5999\u7684\u628a\u4eba\u51fa\u540d\u548c\u732a\u58ee\u5b9e\u4e86\u6f14\u7ece\u7684\u6dcb\u6f13\u5c3d\u81f4", "useful_count": "1"},
{"page_index": 0, "movie_id": "27622779", "title": "\u5c0f\u57ce\u8f76\u4e8b\u4e4b\u4eba\u6015\u51fa\u540d\u732a\u6015\u58ee", "username": "\u9f4a\u4e00\u65f8", "user_id": "shepherded", "rating": "\u8fd8\u884c", "date": "2019-03-04", "time": "16:41:43", "comment": "\u5bf9\u7535\u5f71\u6765\u8bf4\u53ca\u683c\u7684\uff0c\u5bf9\u8d3a\u5c81\u7247\u6765\u8bf4\u4e0d\u53ca\u683c\uff0c\u8bdd\u9898\u592a\u4e25\u8083\u4e86\uff0c\u4f46\u6574\u4f53\u8fd8\u662f\u6bd4\u4ec0\u4e48\u65b0\u559c\u5267\u4e4b\u738b\u8fd8\u6709\u75af\u72c2\u5916\u661f\u4eba\u597d\uff0c\u65c1\u767d\u7684\u58f0\u97f3\u4e0d\u9519", "useful_count": "0"},
{"page_index": 0, "movie_id": "27622779", "title": "\u5c0f\u57ce\u8f76\u4e8b\u4e4b\u4eba\u6015\u51fa\u540d\u732a\u6015\u58ee", "username": "\uc655\uc11c\uae30", "user_id": "uniqueaaron", "rating": "\u8f83\u5dee", "date": "2019-07-02", "time": "22:27:36", "comment": "\u4f4e\u6210\u672c\u641e\u7b11\u7535\u5f71\uff0c\u6709\u4e00\u5b9a\u6559\u80b2\u610f\u4e49\u2026", "useful_count": "0"},
{"page_index": 0, "movie_id": "27622779", "title": "\u5c0f\u57ce\u8f76\u4e8b\u4e4b\u4eba\u6015\u51fa\u540d\u732a\u6015\u58ee", "username": "\u65e9\u96e8\u7530", "user_id": "159987736", "rating": "\u63a8\u8350", "date": "2018-02-20", "time": "19:32:18", "comment": "\u5e26\u4e0a\u7236\u6bcd\u5230\u7535\u5f71\u9662\u6765\u770b\uff0c\u65f6\u95f4\u662f\u4e0b\u5348\u573a\uff0c\u5f88\u6e05\u9759\u3002\u8001\u4eba\u4e0d\u559c\u6b22\u6ee1\u573a\uff0c\u8fd9\u70b9\u6070\u597d\u6ee1\u8db3\u4e86\u6211\u4eec\u5bf9\u573a\u5730\u7684\u9700\u6c42\u3002\u7247\u5b50\u5f88\u559c\u5267\uff0c\u8001\u4eba\u7b11\u70b9\u4f4e\uff0c\u89c9\u5f97\u7247\u5b50\u5f88\u6709\u6559\u80b2\u610f\u4e49\uff0c\u5267\u60c5\u76f8\u5f53\u4e0d\u9519\uff0c\u6ca1\u8f9c\u8d1f\u4e86\u6211\u5bf9\u8fd9\u90e8\u5c0f\u6210\u672c\u7535\u5f71\u7684\u671f\u671b\uff0c\u7ed3\u679c\u771f\u5fc3\u4e0d\u9519\uff0c\u6bd5\u7adf\u6709\u6545\u4e8b\u7684\u559c\u5267\u73b0\u5728\u5df2\u7ecf\u5f88\u5c11\u4e86\u3002\u53ef\u60dc\u6392\u7247\u7684\u573a\u6b21\u4e0d\u591a\uff0c\u65f6\u95f4\u4e0d\u597d\u9009\u62e9\u3002", "useful_count": "12"},
{"page_index": 0, "movie_id": "27622779", "title": "\u5c0f\u57ce\u8f76\u4e8b\u4e4b\u4eba\u6015\u51fa\u540d\u732a\u6015\u58ee", "username": "\u8c46\u74e3\u9171|\u5fc3\u8425\u9020", "user_id": "keep-going", "rating": "\u63a8\u8350", "date": "2018-11-28", "time": "00:07:06", "comment": "\u4e00\u90e8\u5f88\u63a5\u5730\u6c14\uff0c\u5267\u60c5\u6ca1\u6bdb\u75c5\uff0c\u60c5\u611f\u5f88\u611f\u4eba\uff0c\u7ed3\u5c40\u5f88\u7f8e\u597d\u7684\u7535\u5f71\uff0c\u867d\u7136\u5f00\u7bc7\u7ed9\u4eba\u7684\u611f\u89c9\u5f88\u662f\u201c\u8fd9\u662f\u4e2a\u795e\u9a6c\u7535\u5f71\uff1f\u8c01\u662f\u8fd9\u91cc\u7684\u6d41\u91cf\u62c5\u5f53\uff1f\u201d\u4e00\u5927\u5806\u7591\u95ee\uff0c\u4f46\u662f\u8d8a\u770b\u8d8a\u6709\u610f\u601d\uff0c\u4e5f\u7b97\u662f\u5bf9\u73b0\u5b9e\u7684\u793e\u4f1a\u95ee\u9898\u7684\u90e8\u5206\u96c6\u4e2d\u53cd\u53cd\u6620\uff1a\u62c6\u8fc1\u95ee\u9898\uff0c\u57ce\u9547\u5316\u95ee\u9898\uff0c\u517b\u8001\u95ee\u9898\uff0c\u5355\u8eab\u95ee\u9898\u2026\u2026\u6700\u540e\u8001\u5934\u5b50\u88ab\u903c\u4e0a\u4e86\u680f\u6746\u547d\u60ac\u4e00\u7ebf\u65f6\uff0c\u8ba9\u6211\u518d\u6b21\u5bf9\u4e0d\u826f\u5a92\u4f53\u4ea7\u751f\u6df1\u6df1\u7684\u6076\u5fc3\u4e0e\u538c\u6076\uff0c\u5728\u4ed6\u4eec\u773c\u91cc\uff0c\u53ea\u6709\u6d41\u91cf\uff0c\u6ca1\u6709\u751f\u547d\uff0c\u53ea\u6709\u7206\u70b9\uff0c\u6ca1\u6709\u5c0a\u91cd\uff0c\u6709\u5934\u6709\u8138\uff0c\u5341\u5206\u53ef\u6015\u3002", "useful_count": "0"},
{"page_index": 0, "movie_id": "27622779", "title": "\u5c0f\u57ce\u8f76\u4e8b\u4e4b\u4eba\u6015\u51fa\u540d\u732a\u6015\u58ee", "username": "\u89c2\u5f71\u5927\u58eb", "user_id": "168028282", "rating": "\u8f83\u5dee", "date": "2018-05-17", "time": "17:41:10", "comment": "\u4e24\u661f\u7ed9\u6c88\u4f10\u8001\u7237\u5b50\uff0c\u4f20\u7edf\u7a33\u5b9a\u7684\u6f14\u6280\uff0c\u4ece\u5c0f\u770b\u4f60\u7684\u738b\u9ebb\u5b50\uff0c\u5411\u4f60\u81f4\u656c\uff01", "useful_count": "0"},
{"page_index": 0, "movie_id": "27622779", "title": "\u5c0f\u57ce\u8f76\u4e8b\u4e4b\u4eba\u6015\u51fa\u540d\u732a\u6015\u58ee", "username": "\u5341\u53e3\u9752\u8349\u6851", "user_id": "muni1990", "rating": "\u63a8\u8350", "date": "2020-02-16", "time": "00:12:18", "comment": "\u8fd8\u662f\u51fa\u4e4e\u610f\u6599\u7684\u6709\u8da3\uff0c\u4ece\u6700\u5f00\u59cb\u559c\u6b22\u90a3\u4e2a\u5c0f\u732a\u70b9\u8fdb\u53bb\u770b\u6ca1\u60f3\u5230\u5c45\u7136\u662f\u4e00\u4e2a\u5b64\u72ec\u8001\u4eba\u7684\u4ece\u4e61\u6751\u5230\u57ce\u5e02\u7684\u9002\u5e94\u8c03\u6574\uff0c\u4ee5\u53ca\u8001\u5e74\u4eba\u9762\u5bf9\u7f51\u7edc\u66b4\u529b\u7684\u73b0\u5b9e\u9898\u6750\uff0c\u5176\u5b9e\u6709\u5f88\u591a\u8001\u4eba\u90fd\u4f1a\u6709\u8fd9\u6837\u7684\u6267\u62d7\u7684\u65f6\u5019\u3002\u8282\u594f\u611f\u5341\u8db3\u7b11\u70b9\u4e5f\u8fd8\u662f\u6709\u7684\uff0c\u5176\u5b9e\u6f14\u5458\u6f14\u6280\u548c\u989c\u503c\u90fd\u662f\u5728\u7ebf\u7684\uff0c\u5982\u6b64\u8f7b\u677e\u7684\u6c1b\u56f4\u4e0d\u9700\u8981\u8017\u8d39\u7cbe\u529b\u770b\u7684\u7535\u5f71\u5f88\u9002\u5408\u653e\u677e\u3002", "useful_count": "0"},
{"page_index": 0, "movie_id": "27622779", "title": "\u5c0f\u57ce\u8f76\u4e8b\u4e4b\u4eba\u6015\u51fa\u540d\u732a\u6015\u58ee", "username": "\u5c71\u6c34", "user_id": "oakhui", "rating": "\u5f88\u5dee", "date": "2018-05-15", "time": "13:06:23", "comment": "\u6211\u505a\u4e86\u4ec0\u4e48\u5b7d\uff0c\u8981\u4e0b\u8f7d\u8fd9\u4e2a\u770b\u8fd9\u4e2a", "useful_count": "0"},
{"page_index": 0, "movie_id": "27622779", "title": "\u5c0f\u57ce\u8f76\u4e8b\u4e4b\u4eba\u6015\u51fa\u540d\u732a\u6015\u58ee", "username": "\u998d", "user_id": "asdddwz", "rating": "\u8fd8\u884c", "date": "2018-03-25", "time": "16:52:07", "comment": "\u5176\u5b9e\u6545\u4e8b\u5f88\u597d\uff0c\u5c31\u662f\u5bfc\u6f14\u5f31\u4e86\u3002", "useful_count": "0"},
{"page_index": 0, "movie_id": "27622779", "title": "\u5c0f\u57ce\u8f76\u4e8b\u4e4b\u4eba\u6015\u51fa\u540d\u732a\u6015\u58ee", "username": "Bie", "user_id": "169817903", "rating": "\u8fd8\u884c", "date": "2022-07-28", "time": "18:49:59", "comment": "\u633a\u597d\u73a9\u7684\uff0c\u65b9\u8a00\u4e0d\u9519\uff0c\u666f\u8272\u4e0d\u9519\uff0c\u5c0f\u599e\u4e0d\u9519\u3002", "useful_count": "0"},
{"page_index": 0, "movie_id": "27622779", "title": "\u5c0f\u57ce\u8f76\u4e8b\u4e4b\u4eba\u6015\u51fa\u540d\u732a\u6015\u58ee", "username": "lalelu-lu", "user_id": "75220685", "rating": "\u63a8\u8350", "date": "2019-12-04", "time": "03:09:47", "comment": "\u8001\u5988\u63a8\u8350\u7684\u65b9\u8a00\u559c\u5267\u3002\u3002\u3002\u4ee5\u4e3a\u4f1a\u5f88\u96f7\u3002\u3002\u3002\u7ed3\u679c\uff0c\u54df\uff0c\u8fd8\u4e0d\u9519\u54e6\u3002\u3002\u3002\u611f\u89c9\u62cd\u5f97\u5f88\u7528\u5fc3\u554a\u3002\u3002\u3002\u5f00\u59cb\u51e0\u5206\u949f\u7684\u955c\u5934\u8bed\u8a00\u5c31\u5f88\u6709\u8ffd\u6c42\u561b\uff01\u3002\u3002\u3002\u6f14\u5458\u6f14\u6280\u4e5f\u90fd\u4e0d\u50f5\uff0c\u81ea\u7136\u6d41\u7545\uff0c\u901a\u8fc7\u8352\u8bde\u7684\u5267\u60c5\u4e5f\u6709\u8bbd\u523a\u5230\u793e\u4f1a\u7684\u5927\u5c0f\u65b9\u65b9\u9762\u9762\u3002\u3002\u3002\u53cd\u6b63\u770b\u7740\u6bd4\u6709\u4e9b\u88c5B\u7684\u6240\u8c13\u5927\u7247\u8212\u5fc3\u591a\u4e86\u3002\u3002\u3002\u9f13\u52b1\u9f13\u52b1\u3002\u3002\u3002\u53e6\u5916\uff0c\u6700\u540e\u5927\u5bb6\u4e00\u8d77\u5403\u996d\u7684\u5efa\u7b51\u7a7a\u95f4\u592a\u7f8e\u4e86\uff01\u73b0\u4ee3\u5efa\u7b51\u7a7a\u95f4\u6d41\u5931\u7684\u7f8e\u597d\u554a\u3002\u3002\u3002", "useful_count": "1"},
{"page_index": 0, "movie_id": "27622779", "title": "\u5c0f\u57ce\u8f76\u4e8b\u4e4b\u4eba\u6015\u51fa\u540d\u732a\u6015\u58ee", "username": "\u4e38\u5b50\uc644\ucbd4\uc57c", "user_id": "lindatoumudadou", "rating": "\u63a8\u8350", "date": "2018-12-24", "time": "11:24:26", "comment": "\u5168\u7a0b\u56db\u5ddd\u65b9\u8a00\uff0c\u6709\u610f\u601d", "useful_count": "0"},
{"page_index": 0, "movie_id": "27622779", "title": "\u5c0f\u57ce\u8f76\u4e8b\u4e4b\u4eba\u6015\u51fa\u540d\u732a\u6015\u58ee", "username": "\u65b9\u5706", "user_id": "155645104", "rating": "\u8f83\u5dee", "date": "2018-11-13", "time": "20:23:51", "comment": "\u5c0f\u6210\u672c\u7535\u5f71\uff0c\u5973\u4e3b\u4e00\u5f20\u6574\u5bb9\u8138\u3002\u4e0d\u8fc7\u5267\u60c5\u8fd8\u7b97\u63a5\u5730\u6c14\u3002", "useful_count": "0"},
{"page_index": 0, "movie_id": "27622779", "title": "\u5c0f\u57ce\u8f76\u4e8b\u4e4b\u4eba\u6015\u51fa\u540d\u732a\u6015\u58ee", "username": "\u6843\u5927\u8d31", "user_id": "michiyojun", "rating": "\u8fd8\u884c", "date": "2019-02-02", "time": "22:11:28", "comment": "\u5f00\u59cb\u5f88\u641e\u7b11\uff0c\u540e\u9762\u5c31\u770b\u4e0d\u4e0b\u53bb\u4e86", "useful_count": "0"},
{"page_index": 0, "movie_id": "27622779", "title": "\u5c0f\u57ce\u8f76\u4e8b\u4e4b\u4eba\u6015\u51fa\u540d\u732a\u6015\u58ee", "username": "m618", "user_id": "36302109", "rating": "\u8fd8\u884c", "date": "2018-05-28", "time": "12:11:01", "comment": "\u8001\u5927\u7237\u8d2a\u5c0f\u4fbf\u5b9c\uff0c\u4e00\u4e2a\u5c0f\u732a\u7ed9\u793e\u533a\u517b\u5927\u4e86\uff0c\u8fd8\u95f9\u4e0a\u6cd5\u5ead", "useful_count": "0"},
{"page_index": 0, "movie_id": "27622779", "title": "\u5c0f\u57ce\u8f76\u4e8b\u4e4b\u4eba\u6015\u51fa\u540d\u732a\u6015\u58ee", "username": "Orpheus", "user_id": "150915191", "rating": "\u8f83\u5dee", "date": "2018-11-24", "time": "22:32:36", "comment": "2018.11.24\u591c", "useful_count": "0"},
{"page_index": 0, "movie_id": "27622779", "title": "\u5c0f\u57ce\u8f76\u4e8b\u4e4b\u4eba\u6015\u51fa\u540d\u732a\u6015\u58ee", "username": "\u7adf\u7136\u662f\u9c7c", "user_id": "3053008", "rating": "\u8fd8\u884c", "date": "2018-07-25", "time": "18:27:04", "comment": "\u6709\u633a\u591a\u7b11\u70b9\uff0c\u8001\u6f14\u5458\u8868\u6f14\u7684\u5f88\u597d\u3002\u503c\u5f97\u5728\u6d88\u9063\u65f6\u95f4\u65f6\u5019\u770b\u3002", "useful_count": "0"},
{"page_index": 0, "movie_id": "27622779", "title": "\u5c0f\u57ce\u8f76\u4e8b\u4e4b\u4eba\u6015\u51fa\u540d\u732a\u6015\u58ee", "username": "\u963f\u6d77\u5929\u4e4b", "user_id": "174720995", "rating": "\u529b\u8350", "date": "2018-02-28", "time": "15:04:29", "comment": "\u5728\u4e50\u5c71\u5e02\u4e2d\u5fc3\u57ce\u533a\u3001\u728d\u4e3a\u53bf\u7b49\u591a\u4e2a\u666f\u533a\u666f\u70b9\u62cd\u6444\uff0c\u518d\u73b0\u4e50\u5c71\u98ce\u571f\u4eba\u60c5\u3001\u4eba\u6587\u5730\u7406\uff0c\u975e\u5e38\u68d2\uff0c\u503c\u5f97\u770b\uff01\uff01\uff01\uff01", "useful_count": "2"},
{"page_index": 0, "movie_id": "27622779", "title": "\u5c0f\u57ce\u8f76\u4e8b\u4e4b\u4eba\u6015\u51fa\u540d\u732a\u6015\u58ee", "username": "\u5361\u5e03\u8fbe", "user_id": "156518403", "rating": "\u8fd8\u884c", "date": "2018-06-06", "time": "19:54:11", "comment": "\u652f\u6301\u6211\u4eec\u56db\u5ddd\u672c\u571f\u7684\u6f14\u5458", "useful_count": "0"},
{"page_index": 0, "movie_id": "27622779", "title": "\u5c0f\u57ce\u8f76\u4e8b\u4e4b\u4eba\u6015\u51fa\u540d\u732a\u6015\u58ee", "username": "\u642c\u7816\u7684\u4ed8\u5e08\u5085", "user_id": "126327645", "rating": "\u8fd8\u884c", "date": "2021-01-21", "time": "22:33:12", "comment": "\u582a\u582a\u80fd\u770b", "useful_count": "0"},
{"page_index": 0, "movie_id": "27622779", "title": "\u5c0f\u57ce\u8f76\u4e8b\u4e4b\u4eba\u6015\u51fa\u540d\u732a\u6015\u58ee", "username": "\u7ba1\u52a0\u5c0f\u670b\u53cb", "user_id": "143336081", "rating": "\u8f83\u5dee", "date": "2019-11-16", "time": "10:59:43", "comment": "\u70c2\u7247", "useful_count": "0"},
{"page_index": 0, "movie_id": "27622779", "title": "\u5c0f\u57ce\u8f76\u4e8b\u4e4b\u4eba\u6015\u51fa\u540d\u732a\u6015\u58ee", "username": "\u8586\u7684\u53d1\u58f0\u7ec3\u4e60", "user_id": "kellykuang04", "rating": "\u8fd8\u884c", "date": "2018-05-21", "time": "16:01:54", "comment": "\u8fd8\u662f\u53ef\u4ee5\u770b", "useful_count": "0"},
{"page_index": 0, "movie_id": "27622779", "title": "\u5c0f\u57ce\u8f76\u4e8b\u4e4b\u4eba\u6015\u51fa\u540d\u732a\u6015\u58ee", "username": "Lois.Y", "user_id": "makami", "rating": "\u8fd8\u884c", "date": "2018-06-29", "time": "12:45:20", "comment": "\u597d\u591a\u4eba\u8bf4\u662f\u70c2\u7247\uff0c\u4e2a\u4eba\u6301\u4e2d\u7acb\u610f\u89c1\u3002\u867d\u8bb8\u591a\u5267\u60c5\u70b9\u8fde\u63a5\u6709\u4e9b\u7f3a\u5c11\u903b\u8f91\u548c\u8fc7\u4e8e\u4e3a\u4e86\u5938\u5f20\u800c\u5938\u5f20\uff0c\u5b9e\u5219\u4ee5\u8352\u8bde\u5267\u60c5\u6765\u4fa7\u9762\u63cf\u5199\u57ce\u5e02\u5316\u8fc7\u7a0b\u4e2d\u519c\u6c11\u8eab\u4efd\u8f6c\u5411\u57ce\u5e02\u4eba\u7684\u89c2\u5ff5\u5dee\u5f02\u3001\u8001\u4eba\u4e0e\u513f\u5973\u7f3a\u5c11\u6c9f\u901a\u966a\u4f34\u7684\u5b64\u72ec\u3001\u8c23\u8a00\u56db\u8d77\u4eba\u8a00\u53ef\u754f\u7b49\u793e\u4f1a\u70ed\u70b9\u95ee\u9898\u3002\u8fd9\u90e8\u5267\u5f88\u96be\u5f97\u80fd\u611f\u53d7\u5230\u4e00\u80a1\u6d53\u90c1\u65e5\u5e38\u6c14\u606f\uff0c\u628a\u4e50\u5c71\u7684\u98ce\u571f\u4eba\u60c5\u81ea\u7136\u5c55\u73b0\u51fa\u6765\u3002", "useful_count": "1"},
{"page_index": 0, "movie_id": "27622779", "title": "\u5c0f\u57ce\u8f76\u4e8b\u4e4b\u4eba\u6015\u51fa\u540d\u732a\u6015\u58ee", "username": "3.1415926", "user_id": "150297899", "rating": "\u8fd8\u884c", "date": "2018-06-06", "time": "00:09:22", "comment": "\u4e2d\u89c4\u4e2d\u77e9", "useful_count": "0"},
{"page_index": 0, "movie_id": "27622779", "title": "\u5c0f\u57ce\u8f76\u4e8b\u4e4b\u4eba\u6015\u51fa\u540d\u732a\u6015\u58ee", "username": "\u5f00\u5fc3\u5c0f\u811a\u4e2b", "user_id": "71776922", "rating": "\u63a8\u8350", "date": "2019-02-13", "time": "21:31:40", "comment": "\u8f7b\u677e\u641e\u7b11\uff0c\u633a\u597d\u770b\u554a", "useful_count": "0"},
{"page_index": 0, "movie_id": "27622779", "title": "\u5c0f\u57ce\u8f76\u4e8b\u4e4b\u4eba\u6015\u51fa\u540d\u732a\u6015\u58ee", "username": "\u59dc\u6c41\u53ef\u4e50", "user_id": "134945928", "rating": "\u8f83\u5dee", "date": "2019-01-02", "time": "22:22:55", "comment": "\u611f\u89c9\u6211\u5988\u5e94\u8be5\u7231\u770b\u8fd9\u79cd\u6d53\u6d53\u7684\u6570\u5b57\u7535\u5f71\u7684\u5473\u9053\u3002\u8001\u827a\u672f\u5bb6\u7684\u8868\u6f14\u8fd8\u662f\u5f88\u5730\u9053\u7684\u3002", "useful_count": "0"},
{"page_index": 0, "movie_id": "27622779", "title": "\u5c0f\u57ce\u8f76\u4e8b\u4e4b\u4eba\u6015\u51fa\u540d\u732a\u6015\u58ee", "username": "\u865a\u5e7b", "user_id": "2703314", "rating": "\u8fd8\u884c", "date": "2018-07-04", "time": "21:20:43", "comment": "\u5267\u60c5\u5c31\u662f\u4e00\u4e2a\u7b80\u5355\u7684\u5c0f\u54c1\u5267\u60c5\uff0c\u56db\u5ddd\u65b9\u8a00\u7535\u5f71\u8d8a\u6765\u8d8a\u5c11\uff0c\u6b63\u5e38\u70b9\u7684\u66f4\u5c11\uff0c\u8fd9\u4e2a\u76f8\u5bf9\u6765\u8bf4\u7b97\u662f\u6b63\u5e38\u7684", "useful_count": "0"},
{"page_index": 0, "movie_id": "27622779", "title": "\u5c0f\u57ce\u8f76\u4e8b\u4e4b\u4eba\u6015\u51fa\u540d\u732a\u6015\u58ee", "username": "SX", "user_id": "1831746", "rating": "\u8fd8\u884c", "date": "2018-05-12", "time": "12:05:16", "comment": "\u8d2a\u5c0f\u4fbf\u5b9c\u5403\u5927\u4e8f\u7684\u5178\u578b", "useful_count": "0"},
{"page_index": 0, "movie_id": "27622779", "title": "\u5c0f\u57ce\u8f76\u4e8b\u4e4b\u4eba\u6015\u51fa\u540d\u732a\u6015\u58ee", "username": "\u7070\u7070\u592a\u7f8e", "user_id": "139782628", "rating": "\u8fd8\u884c", "date": "2018-05-27", "time": "12:11:57", "comment": "\u7528\u4e00\u6b65\u7535\u5f71\u89e3\u91ca\u4e86\u4e2d\u56fd\u7684\u4e00\u53e5\u8bdd", "useful_count": "0"},
{"page_index": 0, "movie_id": "27622779", "title": "\u5c0f\u57ce\u8f76\u4e8b\u4e4b\u4eba\u6015\u51fa\u540d\u732a\u6015\u58ee", "username": "\u6696\u6696", "user_id": "68834216", "rating": "\u8f83\u5dee", "date": "2018-03-01", "time": "16:39:02", "comment": "\u975e\u5e38\u5c34\u5c2c\uff0c\u4f30\u8ba1\u53ea\u6709\u672c\u5730\u624d\u5728\u4e0a\u6620\uff0c\u751f\u786c\u5730\u52a0\u4e86\u5f88\u591a\u4e50\u5c71\u7684\u666f\u70b9\uff0c\u8c01\u4f1a\u5230\u4e50\u5c71\u5927\u4f5b\u76f8\u4eb2\uff1f\u8fd8\u52a0\u4e86\u611f\u60c5\u620f\u3002\u3002", "useful_count": "0"},
{"page_index": 0, "movie_id": "27622779", "title": "\u5c0f\u57ce\u8f76\u4e8b\u4e4b\u4eba\u6015\u51fa\u540d\u732a\u6015\u58ee", "username": "EvilGoblin", "user_id": "64996012", "rating": "\u63a8\u8350", "date": "2018-05-14", "time": "09:59:24", "comment": "\u786e\u5b9e\u662f\u4eba\u6015\u51fa\u540d\u732a\u6015\u58ee\u3002", "useful_count": "0"},
{"page_index": 0, "movie_id": "27622779", "title": "\u5c0f\u57ce\u8f76\u4e8b\u4e4b\u4eba\u6015\u51fa\u540d\u732a\u6015\u58ee", "username": "\u9c7c\u7fd4\u9f0e\u7075", "user_id": "78667352", "rating": "\u63a8\u8350", "date": "2018-05-13", "time": "15:04:16", "comment": "\u4f17\u591a\u8d3a\u5c81\u7535\u5f71\u4e2d\u7684\u4e00\u90e8\uff0c\u7531\u4e8e\u5730\u57df\u6027\u4ee5\u53ca\u540d\u6c14\u7684\u5173\u7cfb\u4f30\u8ba1\u90fd\u6ca1\u5728\u4e0a\u6d77\u6392\u7247\uff0c\u53ef\u662f\u770b\u5b8c\u540e\u611f\u89c9\u4e0d\u9519\uff0c\u6545\u4e8b\u5b8c\u6574\uff0c\u7b11\u70b9\u633a\u591a\uff0c\u53d1\u73b0\u56db\u5ddd\u53e3\u97f3\u7684\u5e7d\u9ed8\u6027\u53ef\u4ee5\u548c\u4e1c\u5317\u8bdd\u76f8\u5ab2\u7f8e\uff0c\u8ba9\u6211\u611f\u89c9\u548c\u75af\u72c2\u7684\u77f3\u5934\u6709\u70b9\u50cf\u3002\u770b\u5230\u8bc4\u8bba\u91cc\u5f88\u591a\u5410\u69fd\uff0c\u7279\u522b\u662f\u548c\u90ed\u5fb7\u7eb2\u7684\u7956\u5b97\u5341\u4e5d\u4ee3\u76f8\u6bd4\uff0c\u6211\u5012\u662f\u89c9\u5f97\u6bd4\u5fb7\u7eb2\u7684\u8981\u597d\u5f88\u591a\uff0c\u8d77\u70b9\u4e0d\u4e00\u6837\u554a\uff01\u652f\u6301\u56fd\u4ea7\uff01", "useful_count": "1"},
{"page_index": 0, "movie_id": "27622779", "title": "\u5c0f\u57ce\u8f76\u4e8b\u4e4b\u4eba\u6015\u51fa\u540d\u732a\u6015\u58ee", "username": "pauper", "user_id": "41158884", "rating": "\u5f88\u5dee", "date": "2018-05-14", "time": "14:54:57", "comment": "\u73b0\u5728\u8c46\u74e3\u662f5.6\u5206\uff0c\u6211\u4ee5\u4e3a\u6211\u7684\u773c\u775b\u82b1\u4e86...", "useful_count": "0"},
{"page_index": 0, "movie_id": "27622779", "title": "\u5c0f\u57ce\u8f76\u4e8b\u4e4b\u4eba\u6015\u51fa\u540d\u732a\u6015\u58ee", "username": "az", "user_id": "152573613", "rating": "\u8fd8\u884c", "date": "2022-01-10", "time": "11:04:13", "comment": "\u95f9\u5267\uff0c\u4ee5\u5c0f\u89c1\u5927\u3002", "useful_count": "0"},
{"page_index": 0, "movie_id": "27622779", "title": "\u5c0f\u57ce\u8f76\u4e8b\u4e4b\u4eba\u6015\u51fa\u540d\u732a\u6015\u58ee", "username": "joe=...", "user_id": "3573130", "rating": "\u8fd8\u884c", "date": "2020-04-05", "time": "00:14:12", "comment": "20.04.05 23.40", "useful_count": "0"},
{"page_index": 0, "movie_id": "27622779", "title": "\u5c0f\u57ce\u8f76\u4e8b\u4e4b\u4eba\u6015\u51fa\u540d\u732a\u6015\u58ee", "username": "\u65af\u5766\u5229\u2022\u8d75", "user_id": "1001195", "rating": "\u5f88\u5dee", "date": "2018-05-13", "time": "17:23:55", "comment": "\u56db\u5ddd\u8bdd\u542c\u7740\u8fd8\u6709\u70b9\u610f\u601d\u3002", "useful_count": "0"},
{"page_index": 0, "movie_id": "27622779", "title": "\u5c0f\u57ce\u8f76\u4e8b\u4e4b\u4eba\u6015\u51fa\u540d\u732a\u6015\u58ee", "username": "\u82e6\u74dc\u592a\u751c", "user_id": "149589394", "rating": "\u63a8\u8350", "date": "2018-03-06", "time": "16:12:48", "comment": "\u55ef\u54fc\u7b11\u70b9\u5f88\u591a\uff0c\u6545\u4e8b\u5f88\u6709\u610f\u601d\uff0c\u6f14\u5458\u4e5f\u5f88\u68d2", "useful_count": "3"},
{"page_index": 0, "movie_id": "27622779", "title": "\u5c0f\u57ce\u8f76\u4e8b\u4e4b\u4eba\u6015\u51fa\u540d\u732a\u6015\u58ee", "username": "\u98ce\u8fc7\u8083\u6740", "user_id": "96934508", "rating": "\u63a8\u8350", "date": "2018-07-17", "time": "16:23:37", "comment": "\u65b9\u8a00\u5f88\u6709\u610f\u601d\u3002\u6709\u70b9\u5c0f\u54c1\u5316\uff0c\u5267\u60c5\u867d\u7136\u6709\u70b9\u4e0d\u8d34\u8fd1\u73b0\u5b9e\u4f46\u8fd8\u662f\u86ee\u6709\u610f\u601d\u7684\u3002\u800c\u4e14\u633a\u4e30\u5bcc\uff0c\u4f5c\u4e3a\u4e00\u4e2a\u5c0f\u6210\u672c\u7535\u5f71\uff0c\u7b97\u662f\u5f88\u4e0d\u9519\u4e86\u3002\u4e0d\u80fd\u8981\u6c42\u592a\u82db\u523b", "useful_count": "0"},
{"page_index": 0, "movie_id": "27622779", "title": "\u5c0f\u57ce\u8f76\u4e8b\u4e4b\u4eba\u6015\u51fa\u540d\u732a\u6015\u58ee", "username": "\u70b8\u8857\u5c0f\u4e11", "user_id": "161329702", "rating": "\u8fd8\u884c", "date": "2021-02-01", "time": "12:40:50", "comment": "\u4e0d\u8bb2\u6b66\u5fb7\u5c31\u662f\u8fd9\u6837\u706b\u7684", "useful_count": "0"},
{"page_index": 0, "movie_id": "27622779", "title": "\u5c0f\u57ce\u8f76\u4e8b\u4e4b\u4eba\u6015\u51fa\u540d\u732a\u6015\u58ee", "username": "\u5a03\u5a03", "user_id": "152222660", "rating": "\u8fd8\u884c", "date": "2018-05-19", "time": "01:02:49", "comment": "\u4e00\u53ea\u732a\u5f15\u8d77\u7684\u2018\u8840\u6848\u2019 \u6545\u4e8b\u8fd8\u4e0d\u9519", "useful_count": "0"},
{"page_index": 0, "movie_id": "27622779", "title": "\u5c0f\u57ce\u8f76\u4e8b\u4e4b\u4eba\u6015\u51fa\u540d\u732a\u6015\u58ee", "username": "zolker", "user_id": "52014785", "rating": "\u5f88\u5dee", "date": "2018-05-12", "time": "13:00:26", "comment": "\u53ef\u601c\u7684\u732a", "useful_count": "0"},
{"page_index": 0, "movie_id": "27622779", "title": "\u5c0f\u57ce\u8f76\u4e8b\u4e4b\u4eba\u6015\u51fa\u540d\u732a\u6015\u58ee", "username": "Yan", "user_id": "162259253", "rating": "\u8fd8\u884c", "date": "2018-10-28", "time": "08:35:02", "comment": "\u6709\u70b9\u513f\u60f3\u6cd5\uff0c\u4f46\u662f\u592a\u7247\u9762\u4e86\uff0c\u4e0d\u591f\u6df1\u5165\uff0c\u5176\u4ed6\u65b9\u9762\u4e5f\u505a\u7684\u5f88\u4e00\u822c\uff0c\u5305\u62ec\u955c\u5934\u5440\uff0c\u53f0\u8bcd\u5440\uff0c\u753b\u9762\u5440\u7b49\u7b49\uff0c\u53ea\u80fd\u8bf4\u6709\u5f88\u5927\u63d0\u5347\u7a7a\u95f4\u3002\u5f53\u542c\u5230\u6c88\u5927\u7237\u8bf4\u6211\u9519\u4e86\u7684\u65f6\u5019\uff0c\u6211\u5fc3\u91cc\u8fd8\u662f\u6709\u4e00\u4e1d\u5931\u843d\u7684\uff0c\u6700\u540e\u7684\u6700\u540e\uff0c\u8fd8\u662f\u4e0d\u5f97\u4e0d\u670d\u4ece\u3002\u65e0\u6cd5\u7ef4\u62a4\u81ea\u5df1\u90a3\u8d28\u6734\u7684\u5c0f\u5c0f\u7684\u613f\u671b\uff0c\u53ea\u80fd\u59a5\u534f\u3002\u6211\u4eec\u6700\u7ec8\u8fd8\u662f\u4e0d\u5f97\u4e0d\u4e0d\u88ab\u4e16\u754c\u6539\u53d8\u3002", "useful_count": "0"},
{"page_index": 0, "movie_id": "27622779", "title": "\u5c0f\u57ce\u8f76\u4e8b\u4e4b\u4eba\u6015\u51fa\u540d\u732a\u6015\u58ee", "username": "roddickzhao", "user_id": "121873013", "rating": "\u63a8\u8350", "date": "2018-05-21", "time": "22:55:39", "comment": "\u8fd9\u7247\u8fd8\u53ef\u4ee5\u554a\uff0c\u53d9\u8ff0\u5b8c\u6574\uff0c\u6709\u5185\u6db5\uff0c\u5728\u8bb2\u6b63\u7ecf\u4e8b\u60c5\uff0c\u8fd8\u80fd\u770b\u5230\u5730\u65b9\u7279\u8272\u3002", "useful_count": "0"},
{"page_index": 0, "movie_id": "27622779", "title": "\u5c0f\u57ce\u8f76\u4e8b\u4e4b\u4eba\u6015\u51fa\u540d\u732a\u6015\u58ee", "username": "Niko", "user_id": "pipicd", "rating": "\u8fd8\u884c", "date": "2018-08-12", "time": "20:18:30", "comment": "\u8fd8\u662f\u6bd4\u8f83\u641e\u7b11", "useful_count": "0"},
{"page_index": 0, "movie_id": "27622779", "title": "\u5c0f\u57ce\u8f76\u4e8b\u4e4b\u4eba\u6015\u51fa\u540d\u732a\u6015\u58ee", "username": "irrirrirrirr", "user_id": "irrirrirrirr", "rating": "\u529b\u8350", "date": "2018-05-31", "time": "09:50:48", "comment": "\u4e00\u5934\u80a5\u7855\u7684\u732a\uff0c", "useful_count": "0"},
{"page_index": 0, "movie_id": "27622779", "title": "\u5c0f\u57ce\u8f76\u4e8b\u4e4b\u4eba\u6015\u51fa\u540d\u732a\u6015\u58ee", "username": "kkk", "user_id": "55321548", "rating": "\u8fd8\u884c", "date": "2018-08-12", "time": "18:17:13", "comment": "\u4e5f\u5c31\u662f\u5fae\u7535\u5f71 \u7ed3\u5c3e\u5f3a\u884c\u5927\u6b22\u559c", "useful_count": "0"},
{"page_index": 0, "movie_id": "27622779", "title": "\u5c0f\u57ce\u8f76\u4e8b\u4e4b\u4eba\u6015\u51fa\u540d\u732a\u6015\u58ee", "username": "\u7626\u897f\u98ce123", "user_id": "144866262", "rating": "\u63a8\u8350", "date": "2018-03-07", "time": "14:37:48", "comment": "2018\u5e74\u6625\u8282\u4e00\u90e8\u4e0d\u9519\u7684\u559c\u5267\u7535\u5f71\uff0c\u8fd8\u662f\u503c\u5f97\u4e00\u770b\u7684", "useful_count": "4"},
{"page_index": 0, "movie_id": "27622779", "title": "\u5c0f\u57ce\u8f76\u4e8b\u4e4b\u4eba\u6015\u51fa\u540d\u732a\u6015\u58ee", "username": "\u5357\u65b9\u7684\u5317\u65b9", "user_id": "ontheway1119", "rating": "\u63a8\u8350", "date": "2020-03-02", "time": "22:26:32", "comment": "\u5e73\u51e1\u751f\u6d3b\u5c0f\u6545\u4e8b\uff0c\u8fd8\u662f\u6709\u70b9\u610f\u601d\uff0c\u4e50\u5c71\u8001\u57ce\u73af\u5883\u4e0d\u9519\u561b\u3002", "useful_count": "0"},
{"page_index": 0, "movie_id": "27622779", "title": "\u5c0f\u57ce\u8f76\u4e8b\u4e4b\u4eba\u6015\u51fa\u540d\u732a\u6015\u58ee", "username": "\u4e0e\u541b\u4e66", "user_id": "3465830", "rating": "\u63a8\u8350", "date": "2018-03-05", "time": "14:55:09", "comment": "\u4e0b\u996d\u770b\u770b", "useful_count": "3"},
{"page_index": 0, "movie_id": "27622779", "title": "\u5c0f\u57ce\u8f76\u4e8b\u4e4b\u4eba\u6015\u51fa\u540d\u732a\u6015\u58ee", "username": "blue", "user_id": "nihaoblue", "rating": "\u63a8\u8350", "date": "2018-03-06", "time": "15:48:00", "comment": "\u7b11\u70b9\u5f88\u591a\u554a\uff0c\u597d\u641e\u7b11\u301c(\uffe3\u25bd\uffe3\u301c)", "useful_count": "1"},
{"page_index": 0, "movie_id": "27622779", "title": "\u5c0f\u57ce\u8f76\u4e8b\u4e4b\u4eba\u6015\u51fa\u540d\u732a\u6015\u58ee", "username": "\u732b\u6e21\u3002", "user_id": "159117529", "rating": "\u8fd8\u884c", "date": "2018-05-14", "time": "20:41:35", "comment": "\u6211\u89c9\u5f97\u8fd8\u4e0d\u9519\u5440\uff0c\u6bd4\u5317\u65b9\u4f4e\u4fd7\u6d41\u6c13\u559c\u5267\u5f3a\u591a\u4e86\u3002", "useful_count": "1"},
{"page_index": 0, "movie_id": "27622779", "title": "\u5c0f\u57ce\u8f76\u4e8b\u4e4b\u4eba\u6015\u51fa\u540d\u732a\u6015\u58ee", "username": "\u6211\u53eb\u90d1\u5c0f\u529b", "user_id": "3707552", "rating": "\u63a8\u8350", "date": "2018-03-06", "time": "16:22:41", "comment": "\u652f\u6301\u4e00\u4e0b\u4e2d\u56fd\u5236\u5bcc\u6709\u5730\u65b9\u7279\u8272\u7684\u5c0f\u7535\u5f71\uff01", "useful_count": "3"},
{"page_index": 0, "movie_id": "27622779", "title": "\u5c0f\u57ce\u8f76\u4e8b\u4e4b\u4eba\u6015\u51fa\u540d\u732a\u6015\u58ee", "username": "\u5f20\u708e\u708e", "user_id": "154354076", "rating": "\u63a8\u8350", "date": "2018-05-19", "time": "19:06:44", "comment": "\u8bbd\u523a\u7684\u5f88\u6709\u610f\u601d", "useful_count": "0"},
{"page_index": 0, "movie_id": "27622779", "title": "\u5c0f\u57ce\u8f76\u4e8b\u4e4b\u4eba\u6015\u51fa\u540d\u732a\u6015\u58ee", "username": "\u6155\u5357", "user_id": "4006559", "rating": "\u5f88\u5dee", "date": "2018-04-25", "time": "10:28:18", "comment": "\u56e0\u4e3a\u7f16\u8f91\u5728\u5fae\u4fe1\u670b\u53cb\u5708\u55b7\u8bc4\u5206\uff0c\u6240\u4ee5\u6211\u5c31\u53ea\u7ed9\u4e2a1\u661f\u54af", "useful_count": "0"},
{"page_index": 0, "movie_id": "27622779", "title": "\u5c0f\u57ce\u8f76\u4e8b\u4e4b\u4eba\u6015\u51fa\u540d\u732a\u6015\u58ee", "username": "\u840c\u53d4\u6709\u8bdd\u8bf4", "user_id": "44230647", "rating": "\u529b\u8350", "date": "2018-03-14", "time": "15:30:50", "comment": "\u6709\u610f\u601d\ud83d\ude04", "useful_count": "2"},
{"page_index": 0, "movie_id": "27622779", "title": "\u5c0f\u57ce\u8f76\u4e8b\u4e4b\u4eba\u6015\u51fa\u540d\u732a\u6015\u58ee", "username": "\u4e25\u5f90\u5f90\u6587\u6848\u751f\u6d3b", "user_id": "1133107", "rating": "\u529b\u8350", "date": "2019-06-11", "time": "11:48:37", "comment": "\u5c06\u5f53\u4ee3\u793e\u4f1a\u7684\u5404\u79cd\u77db\u76fe\u548c\u70ed\u70b9\u96c6\u5408\u7684\u4e00\u90e8\u7247\u5b50\u3002", "useful_count": "0"},
{"page_index": 0, "movie_id": "27622779", "title": "\u5c0f\u57ce\u8f76\u4e8b\u4e4b\u4eba\u6015\u51fa\u540d\u732a\u6015\u58ee", "username": "\u8fb0X", "user_id": "hyk20021224", "rating": "\u5f88\u5dee", "date": "2022-01-06", "time": "10:19:58", "comment": "\u770b\u6d77\u62a5\u5c31\u77e5\u9053\u662f\u70c2\u7247", "useful_count": "0"},
{"page_index": 0, "movie_id": "27622779", "title": "\u5c0f\u57ce\u8f76\u4e8b\u4e4b\u4eba\u6015\u51fa\u540d\u732a\u6015\u58ee", "username": "\u5251", "user_id": "164623787", "rating": "\u5f88\u5dee", "date": "2018-02-28", "time": "19:22:45", "comment": "\u4e0a\u7f51\u7edc\u4f20\u64ad\u5c31\u597d\u4e86 \u8fdb\u5f71\u9662\u5c31\u662f\u4f60\u4e0d\u5bf9\u4e86", "useful_count": "1"},
{"page_index": 1, "movie_id": "27622779", "title": "\u5c0f\u57ce\u8f76\u4e8b\u4e4b\u4eba\u6015\u51fa\u540d\u732a\u6015\u58ee", "username": "\u87f9\u5b50", "user_id": "1804953", "rating": "\u529b\u8350", "date": "2018-03-01", "time": "21:50:12", "comment": "\u5728\u4e50\u5c71\u672c\u571f\u62cd\u6444\u7684\u5f71\u7247\uff01\u4e00\u5b9a\u8981\u652f\u6301\uff01 \u6bd4 \u8f83 \u63a5 \u5730 \u6c14 \uff01 \u4eba \u7269 \u5851 \u9020 \u5230 \u4f4d \uff01 \u6f14 \u5458 \u6f14 \u6280 \u4e00 \u6d41 \uff0c \u7279 \u522b \u662f \u6c88 \u8001 \u7237 \u5b50 \u771f \u4e0d \u6127 \u8001 \u620f \u9aa8 \u3001 \u771f \u5b9e \u5730 \u6f14 \u7ece \u4e86 \u73b0 \u5b9e \u751f \u6d3b \u4e2d \u5b58 \u5728 \u7684 \u95ee \u9898 \uff01 \u8ba9 \u4eba \u8083 \u7136 \u8d77 \u656c \uff01 \u5728 \u7206 \u7b11 \u4e2d \u5ea6 \u8fc7 \u6574 \u90e8 \u5f71 \u7247 \uff01 \u5b9e \u5728 \n\u662f \u597d \u7247 \u5440 \uff01 ", "useful_count": "1"},
{"page_index": 1, "movie_id": "27622779", "title": "\u5c0f\u57ce\u8f76\u4e8b\u4e4b\u4eba\u6015\u51fa\u540d\u732a\u6015\u58ee", "username": "\u5fc3\u82e5\u521d\u6674", "user_id": "175009272", "rating": "\u63a8\u8350", "date": "2018-03-08", "time": "08:08:00", "comment": "\u652f\u6301\u4e00\u4e0b", "useful_count": "1"},
{"page_index": 1, "movie_id": "27622779", "title": "\u5c0f\u57ce\u8f76\u4e8b\u4e4b\u4eba\u6015\u51fa\u540d\u732a\u6015\u58ee", "username": "\u4e8c\u90ce\u795e", "user_id": "176094682", "rating": "\u529b\u8350", "date": "2018-03-29", "time": "12:45:23", "comment": "\u597d\u60f3\u770b\n\n", "useful_count": "0"}
]