[
{"page_index": 0, "movie_id": "26596836", "title": "\u4ee5\u7231\u4e3a\u540d", "username": "\u5357\u5cf0", "user_id": "140772395", "rating": "\u63a8\u8350", "date": "2017-05-12", "time": "21:24:06", "comment": "\u7b80\u5355\uff0c\u7eaf\u771f\u53c8\u7f8e\u597d\u7684\u7231\u60c5\u6545\u4e8b\u3002", "useful_count": "0"},
{"page_index": 0, "movie_id": "26596836", "title": "\u4ee5\u7231\u4e3a\u540d", "username": "\u5566\u5566", "user_id": "151879209", "rating": "\u63a8\u8350", "date": "2017-05-12", "time": "21:14:47", "comment": "\u54c7", "useful_count": "0"},
{"page_index": 0, "movie_id": "26596836", "title": "\u4ee5\u7231\u4e3a\u540d", "username": "\u5929\u5929", "user_id": "43818995", "rating": "\u529b\u8350", "date": "2017-05-14", "time": "15:25:43", "comment": "\u597d\u50cf\u8fd8\u4e0d\u9519\u54ce", "useful_count": "0"},
{"page_index": 0, "movie_id": "26596836", "title": "\u4ee5\u7231\u4e3a\u540d", "username": "\u9752\u5e74\u4eba\u7535\u5f71\u534f\u4f1a", "user_id": "159457903", "rating": "\u8fd8\u884c", "date": "2017-05-13", "time": "09:19:07", "comment": "\u4ee5\u7231\u505a\u7684\u4e8b\u60c5\u624d\u662f\u771f\u611f\u60c5\uff0c\u5f71\u7247\u7684\u9752\u6625\u5f88\u9752\u6625", "useful_count": "1"},
{"page_index": 0, "movie_id": "26596836", "title": "\u4ee5\u7231\u4e3a\u540d", "username": "\u70e7\u70ad\u5c0f\u4e94\u90ce", "user_id": "byebyebadman", "rating": "\u5f88\u5dee", "date": "2017-08-14", "time": "23:11:14", "comment": "\u7247\u5b50\u5f88\u70c2\uff0c\u4f46\u662f\u89c2\u5f71\u8fc7\u7a0b\u6109\u60a6", "useful_count": "0"},
{"page_index": 0, "movie_id": "26596836", "title": "\u4ee5\u7231\u4e3a\u540d", "username": "\u79bb\u79bb\u586c\u4e0a\u8349", "user_id": "147353927", "rating": "\u8fd8\u884c", "date": "2017-05-13", "time": "08:08:38", "comment": "\u5267\u60c5\u4e0d\u597d\uff0c\u5973\u4e3b\u770b\u7740\u8fd8\u884c", "useful_count": "0"},
{"page_index": 0, "movie_id": "26596836", "title": "\u4ee5\u7231\u4e3a\u540d", "username": "dac", "user_id": "134486661", "rating": "\u8f83\u5dee", "date": "2017-05-22", "time": "08:23:43", "comment": "\u53f0\u6e7e\u7535\u5f71\u8fd9\u79cd\u8c03\u8c03\uff0c\u6211\u771f\u5fc3\u4e0d\u559c\u6b22", "useful_count": "2"},
{"page_index": 0, "movie_id": "26596836", "title": "\u4ee5\u7231\u4e3a\u540d", "username": "monica\u55b5", "user_id": "4314650", "rating": "\u8f83\u5dee", "date": "2017-05-12", "time": "20:36:17", "comment": "\u611f\u89c9\u53f0\u6e7e\u7684\u7535\u5f71\u6ca1\u843d\u4e86", "useful_count": "3"},
{"page_index": 0, "movie_id": "26596836", "title": "\u4ee5\u7231\u4e3a\u540d", "username": "jessica", "user_id": "159269744", "rating": "\u8fd8\u884c", "date": "2017-05-13", "time": "10:24:13", "comment": "\u8bf4\u5b9e\u8bdd\u5267\u60c5\u4e0d\u600e\u4e48\u597d\u770b\uff0c\u6279\u5224\u793e\u4f1a\u4e00\u4e9b\u4e3a\u4e86\u8fbe\u5230\u76ee\u7684\u51fa\u5356\u7231\u60c5\uff0c\u7075\u9b42\u7684\u73b0\u8c61\u7684\u610f\u4e49\u8fd8\u4e0d\u9519\u3002\u7537\u4e3b\u662f\u4e0d\u662f\u8d75\u96c5\u829d\u7684\u513f\u5b50\u554a\uff0c\u786e\u5b9e\u633a\u5e05\u7684\u3002", "useful_count": "0"},
{"page_index": 0, "movie_id": "26596836", "title": "\u4ee5\u7231\u4e3a\u540d", "username": "\u6d6e\u5938", "user_id": "44185044", "rating": "\u63a8\u8350", "date": "2017-05-21", "time": "22:20:13", "comment": "\u53f0\u6e7e\u597d\u50cf\u5f88\u4e45\u6ca1\u6709\u4e0a\u6620\u8fd9\u79cd\u7247\u5b50\u4e86\uff0c\u867d\u7136\u53f0\u6e7e\u5076\u50cf\u5267\u5df2\u7ecf\u8fc7\u4e86\u5dc5\u5cf0\u65f6\u671f\u4e86\uff0c\u4f46\u662f\u8fd9\u90e8\u7535\u5f71\u8fd8\u662f\u771f\u7684\u611f\u52a8\u5230\u6211\u4e86\uff0c\u7136\u540e\u5267\u60c5\u4e0a\u6709\u4e9b\u4e0d\u5408\u7406\uff0c\u4f46\u8c01\u7684\u521d\u604b\u53c8\u5168\u90fd\u662f\u5408\u7406\u7684\u5462\u3002\u662f\u4e0d\u662f\u3002\u4ee5\u7231\u4e3a\u540d\uff0c\u56de\u5f52\u521d\u5fc3\u3002\u5f88\u597d\u3002", "useful_count": "0"},
{"page_index": 0, "movie_id": "26596836", "title": "\u4ee5\u7231\u4e3a\u540d", "username": "\u590f\u67d3", "user_id": "49983396", "rating": "\u8fd8\u884c", "date": "2017-05-12", "time": "22:09:46", "comment": "\u65b0\u4eba\u6bd4\u8f83\u8ba8\u559c\uff0c\u5267\u60c5\u786c\u4f24\u4e0d\u5927\uff0c\u4e0d\u529f\u4e0d\u8fc7", "useful_count": "5"},
{"page_index": 0, "movie_id": "26596836", "title": "\u4ee5\u7231\u4e3a\u540d", "username": "\u8981\u7626\u8981\u7626\u8981\u7626", "user_id": "isis0", "rating": "\u8f83\u5dee", "date": "2017-05-12", "time": "21:28:11", "comment": "\u770b\u8138\uff1f", "useful_count": "1"},
{"page_index": 0, "movie_id": "26596836", "title": "\u4ee5\u7231\u4e3a\u540d", "username": "\u963f\u5446\u540c\u5b66", "user_id": "153453290", "rating": "\u8f83\u5dee", "date": "2017-05-16", "time": "23:00:38", "comment": "\u6709\u7231\uff0c\u65e0\u60c5\uff01", "useful_count": "0"},
{"page_index": 0, "movie_id": "26596836", "title": "\u4ee5\u7231\u4e3a\u540d", "username": "\u98ce\u52b2\u8349", "user_id": "159300731", "rating": "\u8fd8\u884c", "date": "2017-05-12", "time": "20:59:55", "comment": "\u90fd\u662f\u4ee5\u8bef\u4f1a\u5206\u5f00\uff01\uff01\uff01", "useful_count": "0"},
{"page_index": 0, "movie_id": "26596836", "title": "\u4ee5\u7231\u4e3a\u540d", "username": "\u7ea2\u85d5\u9999\u6b8b\u7389\u7c1f\u79cb", "user_id": "127437486", "rating": "\u5f88\u5dee", "date": "2017-05-12", "time": "07:12:44", "comment": "\u8fd9\u4e2a\u5267\u60c5\u4e5f\u662f\u9189\u4e86\uff0c\u6839\u672c\u770b\u4e0d\u4e0b\u53bb", "useful_count": "1"},
{"page_index": 0, "movie_id": "26596836", "title": "\u4ee5\u7231\u4e3a\u540d", "username": "\u4f9d\u840d\u66b4\u5bcc\u4e86\u5417", "user_id": "131023951", "rating": "\u8f83\u5dee", "date": "2017-05-15", "time": "12:09:53", "comment": "\u8fd9\u7535\u5f71\u6d53\u6d53\u7684\u8fc7\u671f\u6e7e\u6e7e\u5c0f\u8a00\u98ce", "useful_count": "0"},
{"page_index": 0, "movie_id": "26596836", "title": "\u4ee5\u7231\u4e3a\u540d", "username": "\u5c0f\u59ae\u5b50", "user_id": "158006680", "rating": "\u63a8\u8350", "date": "2017-05-12", "time": "21:45:36", "comment": "\u604b\u7231\u7684\u611f\u89c9", "useful_count": "0"},
{"page_index": 0, "movie_id": "26596836", "title": "\u4ee5\u7231\u4e3a\u540d", "username": "\u4ed9\u5973\u60c5", "user_id": "159410949", "rating": "\u63a8\u8350", "date": "2017-05-12", "time": "20:38:37", "comment": "\u770b\u8bc4\u8bba\u597d\u611f\u5ea6\u4e0a\u5347\u4e2d\uff01\u6709\u6240\u4fdd\u7559\u7684\u671f\u5f85\u4e2d\uff01", "useful_count": "0"},
{"page_index": 0, "movie_id": "26596836", "title": "\u4ee5\u7231\u4e3a\u540d", "username": "\u5b64\u72ec\u7684\u7535\u996d\u7172", "user_id": "157650116", "rating": "\u63a8\u8350", "date": "2017-05-12", "time": "21:51:25", "comment": "\u4e00\u822c\u822c\u5427\uff01\u5267\u60c5\u6709\u70b9\u4fd7\u5957\uff01", "useful_count": "0"},
{"page_index": 0, "movie_id": "26596836", "title": "\u4ee5\u7231\u4e3a\u540d", "username": "\u65e0\u4f18\u65e0\u5f8b", "user_id": "154737590", "rating": "\u8fd8\u884c", "date": "2017-05-12", "time": "21:28:51", "comment": "\u53f0\u6e7e\u7684\u7eaf\u7231\u7535\u5f71\u5176\u5b9e\u8fd8\u662f\u6709\u4e00\u5b9a\u529f\u5e95\u7684\uff0c\u4e3b\u9898\u66f2\u633a\u559c\u6b22\u7684\uff0c\u7537\u5973\u4e3b\u7684\u914d\u97f3\u5dee\u8bc4\uff0c\u592a\u51fa\u620f\u4e86\uff01", "useful_count": "0"},
{"page_index": 0, "movie_id": "26596836", "title": "\u4ee5\u7231\u4e3a\u540d", "username": "Morning", "user_id": "qiweiming750", "rating": "\u5f88\u5dee", "date": "2017-08-09", "time": "12:48:06", "comment": "\u57fa\u672c\u5c31\u662f\u7f51\u5927\u8d28\u611f\uff0c\u6ca1\u6709\u4e00\u4e1d\u81ea\u7136\u800c\u6d41\u6dcc\u51fa\u7684\u6210\u5206\u5728\u3002", "useful_count": "0"},
{"page_index": 0, "movie_id": "26596836", "title": "\u4ee5\u7231\u4e3a\u540d", "username": "\u534e\u4e3d\u53d8\u8eab\u99a8\u4eba", "user_id": "155100740", "rating": "\u8f83\u5dee", "date": "2017-05-13", "time": "14:44:51", "comment": "\u4ee5\u7231\u4e3a\u540d\uff1f\u54fc\uff01\u8bf4\u7684\u5012\u662f\u633a\u7b80\u5355\u7684\uff0c\u56e0\u4e3a\u7231\u6211\uff0c\u5c31\u53ef\u4ee5\u968f\u4fbf\u4ec0\u4e48\u90fd\u539f\u8c05\u5417\uff1f\u672a\u514d\u592a\u53ef\u7b11\u4e86\u5427\u3002\u5267\u60c5\u771f\u7684\u4e00\u822c\uff0c\u6bd4\u8f83\u8001\u5957\uff0c\u6ca1\u6709\u4ec0\u4e48\u4eae\u70b9\u4e4b\u5904\u3002\u7537\u5973\u4e3b\u90fd\u4e0d\u719f\uff0c\u4e0d\u8fc7\u7537\u4e3b\u8fd8\u86ee\u517b\u773c\u7684\u3002", "useful_count": "0"},
{"page_index": 0, "movie_id": "26596836", "title": "\u4ee5\u7231\u4e3a\u540d", "username": "\u5de5\u85e4\u65b0\u4e00\u7684\u7334\u5b50", "user_id": "72626968", "rating": "\u8f83\u5dee", "date": "2017-05-13", "time": "08:13:01", "comment": "\u8fd9\u5267\u60c5\u4e1d\u6beb\u6ca1\u6709\u770b\u4e0b\u53bb\u7684\u6b32\u671b", "useful_count": "0"},
{"page_index": 0, "movie_id": "26596836", "title": "\u4ee5\u7231\u4e3a\u540d", "username": "\u65e0\u804a", "user_id": "150948299", "rating": "\u5f88\u5dee", "date": "2017-08-08", "time": "09:17:43", "comment": "\u592a\u77eb\u60c5\u4e86\uff0c\u8d77\u4e86\u4e00\u8eab\u9e21\u76ae\u7599\u7629", "useful_count": "3"},
{"page_index": 0, "movie_id": "26596836", "title": "\u4ee5\u7231\u4e3a\u540d", "username": "\u7231\u5403\u9992\u5934\u7684\u5b9d\u5b9d", "user_id": "151268747", "rating": "\u8f83\u5dee", "date": "2017-05-18", "time": "01:09:34", "comment": "\u8fd9\u6f14\u6280\u8ba9\u4eba\u597d\u5c34\u5c2c\uff0c\u5267\u60c5\u4e5f\u771f\u591f\u65e0\u804a\u7684\uff0c\u7537\u5973\u4e3b\u989c\u4e0d\u884c\uff0c\u8fd8\u6709\u914d\u97f3\u662f\u4ec0\u4e48\u9b3c\uff0c\u52c9\u5f3a2\u661f\u9f13\u52b1\u4e00\u4e0b\u5427\u3002", "useful_count": "0"},
{"page_index": 0, "movie_id": "26596836", "title": "\u4ee5\u7231\u4e3a\u540d", "username": "momo", "user_id": "157109306", "rating": null, "date": "2017-06-29", "time": "22:22:22", "comment": "\u6bd4\u8f83\u7c97\u7cd9 \u5267\u672c\u4e5f\u4e0d\u548b\u5730", "useful_count": "0"},
{"page_index": 0, "movie_id": "26596836", "title": "\u4ee5\u7231\u4e3a\u540d", "username": "\u4e00\u888b\u6854\u5b50", "user_id": "106877538", "rating": "\u8fd8\u884c", "date": "2017-05-12", "time": "21:42:31", "comment": "\u86ee\u5c0f\u6e05\u65b0\u7684\u60c5\u4fa3\u6863\u7535\u5f71", "useful_count": "0"},
{"page_index": 0, "movie_id": "26596836", "title": "\u4ee5\u7231\u4e3a\u540d", "username": "\u6ee1\u5929\u661f", "user_id": "156103949", "rating": "\u8fd8\u884c", "date": "2017-05-13", "time": "19:39:37", "comment": "\u6545\u4e8b\u662f\u4fd7\u5957\u4e86\u70b9\u513f\uff0c\u4f46\u4e5f\u633a\u63a5\u5730\u6c14\u7684\uff0c\u633a\u771f\u5b9e\u7684\uff0c\u52a0\u5165\u4e86\u201c\u96fe\u973e\u201d\u3001\u201c\u6768\u8fc7\u5c0f\u9f99\u5973\u201d\u7b49\u70ed\u95e8\u8bdd\u9898", "useful_count": "0"},
{"page_index": 0, "movie_id": "26596836", "title": "\u4ee5\u7231\u4e3a\u540d", "username": "\u7a46\u5b50\u887f", "user_id": "155602014", "rating": "\u5f88\u5dee", "date": "2017-05-12", "time": "21:13:43", "comment": "\u8fd9\u5267\u60c5\u4e5f\u662f\u9189\u4e86\uff0c\u73b0\u5728\u7684\u7535\u5f71\u8d8a\u6765\u8d8a\u6311\u6218\u5fcd\u8010\u6781\u9650\u4e86\u3002", "useful_count": "1"},
{"page_index": 0, "movie_id": "26596836", "title": "\u4ee5\u7231\u4e3a\u540d", "username": "\u590f\u65e5\u63a0\u593a\u6625\u79cb", "user_id": "130369122", "rating": "\u5f88\u5dee", "date": "2017-05-27", "time": "13:20:31", "comment": "\u5267\u60c5\u592a\u8001\u5957\u4e86\uff0c\u4e5f\u6ca1\u6709\u989c\u503c\u80fd\u6491\u7740\u770b\u4e0b\u53bb", "useful_count": "1"},
{"page_index": 0, "movie_id": "26596836", "title": "\u4ee5\u7231\u4e3a\u540d", "username": "\u84dd\u97f5", "user_id": "153345917", "rating": "\u8f83\u5dee", "date": "2017-05-13", "time": "00:19:47", "comment": "\u989c\u503c\u8fd8\u4e0d\u9519\uff0c\u53ef\u4ee5\u5f25\u8865\u90e8\u5206\u5267\u60c5\u96f7\u70b9", "useful_count": "0"},
{"page_index": 0, "movie_id": "26596836", "title": "\u4ee5\u7231\u4e3a\u540d", "username": "\u5feb\u4e50\u535f\u535f", "user_id": "155672072", "rating": "\u8f83\u5dee", "date": "2017-06-19", "time": "13:32:08", "comment": "\u5185\u5bb9\u6ca1\u5565\u7279\u8272\uff0c\u5973\u4e3b\u5165\u620f\u4e0d\u6df1\u3002", "useful_count": "0"},
{"page_index": 0, "movie_id": "26596836", "title": "\u4ee5\u7231\u4e3a\u540d", "username": "\u5eb7\u7199\u961f\u957f", "user_id": "heathlon", "rating": "\u5f88\u5dee", "date": "2017-11-05", "time": "01:38:11", "comment": "\u5783\u573e\u3002\u989c\u503c\u8fd8\u884c\uff0c\u52c9\u5f3a\u6574\u4f53\u7ed9\u4e00\u661f\u3002", "useful_count": "0"},
{"page_index": 0, "movie_id": "26596836", "title": "\u4ee5\u7231\u4e3a\u540d", "username": "\u98ce\u5439\u5c41\u5c41\u51c9", "user_id": "154677514", "rating": "\u5f88\u5dee", "date": "2017-05-13", "time": "06:56:41", "comment": "\u5267\u60c5\u592a\u5927\u4f17\u5316\u4e86\uff0c\u6ca1\u65b0\u610f", "useful_count": "0"},
{"page_index": 0, "movie_id": "26596836", "title": "\u4ee5\u7231\u4e3a\u540d", "username": "kidding", "user_id": "133196182", "rating": "\u8fd8\u884c", "date": "2017-05-14", "time": "15:57:55", "comment": "\u4ece\u6821\u56ed\u4e2d\u7684\u5076\u9047\u5230\u591a\u5e74\u4ee5\u540e\u5f97\u91cd\u9022\uff0c\u6897\u662f\u8001\u6897\uff0c\u4f46\u662f\u8fd8\u53ef\u4ee5\u4e86", "useful_count": "1"},
{"page_index": 0, "movie_id": "26596836", "title": "\u4ee5\u7231\u4e3a\u540d", "username": "\u65e0\u5fe7\u900d\u9065", "user_id": "56333481", "rating": "\u5f88\u5dee", "date": "2017-05-14", "time": "20:35:47", "comment": "\u53f0\u6e7e\u7684\u5c0f\u6e05\u65b0\u7535\u5f71\u4e5f\u4e0d\u884c\u4e86\u554a", "useful_count": "0"},
{"page_index": 0, "movie_id": "26596836", "title": "\u4ee5\u7231\u4e3a\u540d", "username": "jfflnzw", "user_id": "114890297", "rating": "\u8fd8\u884c", "date": "2017-05-18", "time": "17:09:20", "comment": "\u8fd8\u597d\u5427\uff0c\u6ca1\u4ec0\u4e48\u89e6\u52a8", "useful_count": "0"},
{"page_index": 0, "movie_id": "26596836", "title": "\u4ee5\u7231\u4e3a\u540d", "username": "\u9010\u5f71", "user_id": "51094182", "rating": "\u5f88\u5dee", "date": "2022-05-14", "time": "21:29:49", "comment": "\u8fd9\u4e5f\u80fd\u6210\u7247\uff1f", "useful_count": "0"},
{"page_index": 0, "movie_id": "26596836", "title": "\u4ee5\u7231\u4e3a\u540d", "username": "\u8ba8\u538c\u4e0b\u96e8\u5929", "user_id": "155606228", "rating": "\u8fd8\u884c", "date": "2017-05-12", "time": "21:12:59", "comment": "\u8fd8\u53ef\u4ee5\u5427 \u770b\u7684\u4e0b\u53bb", "useful_count": "0"},
{"page_index": 0, "movie_id": "26596836", "title": "\u4ee5\u7231\u4e3a\u540d", "username": "Dear and Honey", "user_id": "150511688", "rating": "\u8fd8\u884c", "date": "2017-05-13", "time": "17:20:12", "comment": "\u8fd8\u53ef\u4ee5\u5427\uff01\u80fd\u770b\u4e0b\u53bb\u554a", "useful_count": "0"},
{"page_index": 0, "movie_id": "26596836", "title": "\u4ee5\u7231\u4e3a\u540d", "username": "\u590f\u5929\u60f3\u5403\u51b0\u6dc7\u6dcb", "user_id": "1513590", "rating": "\u8fd8\u884c", "date": "2017-05-12", "time": "20:40:39", "comment": "\u5267\u60c5\u8fd8\u53ef\u4ee5\uff0c\u753b\u9762\u4e00\u822c", "useful_count": "1"},
{"page_index": 0, "movie_id": "26596836", "title": "\u4ee5\u7231\u4e3a\u540d", "username": "CobraCB", "user_id": "CobraCB", "rating": "\u5f88\u5dee", "date": "2017-08-09", "time": "03:11:57", "comment": "\u5c3d\u7ba1\u7247\u5b50\u5f88\u70c2\uff0c\u4f46\u7537\u4e3b\u89d2\u5c45\u7136\u662f\u8d75\u96c5\u829d\u7684\u513f\u5b50\uff0c\u8fd9\u8d77\u6b65\u4e5f\u7740\u5b9e\u662f\u6709\u70b9\u513f\u592a\u63a5\u5730\u6c14\u4e86\u3002", "useful_count": "0"},
{"page_index": 0, "movie_id": "26596836", "title": "\u4ee5\u7231\u4e3a\u540d", "username": "harvey\u5c11\u6821", "user_id": "108693709", "rating": "\u5f88\u5dee", "date": "2017-09-13", "time": "07:47:09", "comment": "\u914d\u97f3\u5267\u60c5\u6f14\u6280\u6ca1\u4e00\u4e2a\u8fc7\u5173\u7684\uff0c\u989c\u503c\u4e5f\u5ffd\u9ad8\u5ffd\u4f4e\u7684", "useful_count": "0"},
{"page_index": 0, "movie_id": "26596836", "title": "\u4ee5\u7231\u4e3a\u540d", "username": "\u98ce\u51cc\u5929\u4e0b", "user_id": "153368412", "rating": "\u5f88\u5dee", "date": "2017-05-12", "time": "22:25:43", "comment": "\u5973\u4e3b\u771f\u4e11", "useful_count": "0"},
{"page_index": 0, "movie_id": "26596836", "title": "\u4ee5\u7231\u4e3a\u540d", "username": "\u4e0d\u8981\u4e0d\u5f00\u5fc3\u54e6", "user_id": "155602622", "rating": "\u8fd8\u884c", "date": "2017-05-12", "time": "20:50:21", "comment": "\u4fd7\u5957\u7684\u5267\u60c5\uff0c\u6f14\u5458\u6f14\u6280\u4e5f\u4e00\u822c\u3002", "useful_count": "0"},
{"page_index": 0, "movie_id": "26596836", "title": "\u4ee5\u7231\u4e3a\u540d", "username": "\u02d9\u02d8\u02d9", "user_id": "155603461", "rating": "\u8f83\u5dee", "date": "2017-05-12", "time": "21:57:31", "comment": "\u53f0\u6e7e\u7684\u7535\u5f71\u771f\u7684\u662f\u8d8a\u6765\u8d8a\u770b\u4e0d\u4e0b\u53bb\uff0c\u8fd9\u4e2a\u5267\u60c5\u4e5f\u662f\u6ca1\u8c01\u4e86\uff0c\u592a\u72d7\u8840\u4e86", "useful_count": "0"},
{"page_index": 0, "movie_id": "26596836", "title": "\u4ee5\u7231\u4e3a\u540d", "username": "\u82fb\u82fc", "user_id": "148354178", "rating": "\u5f88\u5dee", "date": "2017-05-13", "time": "11:14:27", "comment": "\u4e0d\u597d\u770b\uff0c\u4e0d\u77e5\u9053\u611f\u52a8\u7684\u70b9\u5728\u54ea\u91cc", "useful_count": "1"},
{"page_index": 0, "movie_id": "26596836", "title": "\u4ee5\u7231\u4e3a\u540d", "username": "\u9152\u917f\u5c0f\u4e38\u5b50", "user_id": "57770211", "rating": "\u5f88\u5dee", "date": "2017-05-15", "time": "08:52:57", "comment": "\u770b\u70b9\u5728\u54ea\uff1f", "useful_count": "0"},
{"page_index": 0, "movie_id": "26596836", "title": "\u4ee5\u7231\u4e3a\u540d", "username": "\u9ad8\u7aef\u732b", "user_id": "49364303", "rating": "\u5f88\u5dee", "date": "2019-05-25", "time": "10:25:36", "comment": "\u8fd8\u80fd\u8bf4\u5565\uff0c\u6253\u4e00\u661f\u5427", "useful_count": "0"},
{"page_index": 0, "movie_id": "26596836", "title": "\u4ee5\u7231\u4e3a\u540d", "username": "lcy_", "user_id": "157930709", "rating": "\u8fd8\u884c", "date": "2017-05-12", "time": "21:27:58", "comment": "\u770b\u4e86\u9884\u544a \u5f88\u4e00\u822c", "useful_count": "0"},
{"page_index": 0, "movie_id": "26596836", "title": "\u4ee5\u7231\u4e3a\u540d", "username": "\u68a6\u4e4b\u5b89\u9b42\u66f2", "user_id": "Makoto614", "rating": "\u8f83\u5dee", "date": "2017-08-13", "time": "18:58:14", "comment": "\u7537\u751f\u7231\u4e0a\u4e00\u4e2a\u5973\u751f\u7684\u65f6\u5019\uff0c\u667a\u5546\u4f55\u6b62\u964d\u4f4e\u4e00\u822c\uff1f\u662f\u4e3a0\u597d\u5417\uff1f\u5267\u60c5\u4e0d\u884c\uff0c\u989c\u503c\u4e5f\u4e0d\u884c\u3002\u914d\u4e50\u300a\u542c\u6d77\u300b\u9009\u5f97\u7248\u672c\u96be\u542c\u3002\u5f88\u5931\u8d25\u3002\u8fd8\u662f\u89c9\u5f97\u539f\u7248\u7684\u597d\u542c\u3002\u8fd9\u90e8\u53f0\u6e7e\u9752\u6625\u7247\uff0c\u62cd\u5f97\u8fd8\u4e0d\u5982\u5927\u9646\u7684\u30022\u5206\u7684\u7535\u5f71\u4e3a\u4ec0\u4e48\u8fd8\u6709\u4eba\u548c8\u5206\u7684\u90a3\u4e9b\u5e74\u6bd4\uff1f\u5b8c\u5168\u6ca1\u6709\u7535\u5f71\u7684\u611f\u89c9\uff0c\u5c31\u50cf\u662f\u4e00\u90e8\u53f0\u6e7e\u7684\u5076\u50cf\u5267\u3002", "useful_count": "0"},
{"page_index": 0, "movie_id": "26596836", "title": "\u4ee5\u7231\u4e3a\u540d", "username": "momo", "user_id": "156222271", "rating": "\u8fd8\u884c", "date": "2017-05-12", "time": "20:41:37", "comment": "\u4e00\u822c\u7231\u60c5\u7247", "useful_count": "0"},
{"page_index": 0, "movie_id": "26596836", "title": "\u4ee5\u7231\u4e3a\u540d", "username": "\u6ce1\u8299\u5473\u7684\u8349\u8393", "user_id": "68629412", "rating": "\u5f88\u5dee", "date": "2017-05-13", "time": "11:28:23", "comment": "\u4e0d\u662f\u7279\u522b\u559c\u6b22\u8fd9\u79cd\u7c7b\u578b\u7684\uff0c\u7eaf\u7231\uff1f\u770b\u7740\u4e0d\u592a\u50cf\u5440", "useful_count": "0"},
{"page_index": 0, "movie_id": "26596836", "title": "\u4ee5\u7231\u4e3a\u540d", "username": "\u9752\u57ce\u5c71\u4e0b", "user_id": "132820354", "rating": "\u5f88\u5dee", "date": "2017-05-12", "time": "23:02:45", "comment": "\u8fd9\u4e48\u72d7\u8840\u7684\u5c0f\u8a00\u5267\u60c5\u4e5f\u6709\u4eba\u62cd\uff1f\u65e0\u529b\u5410\u69fd\u3002", "useful_count": "0"},
{"page_index": 0, "movie_id": "26596836", "title": "\u4ee5\u7231\u4e3a\u540d", "username": "F...S", "user_id": "158142017", "rating": "\u8fd8\u884c", "date": "2017-05-13", "time": "08:26:19", "comment": "\u4e00\u822c\u822c \u5267\u60c5\u662f\u786c\u4f24", "useful_count": "0"},
{"page_index": 0, "movie_id": "26596836", "title": "\u4ee5\u7231\u4e3a\u540d", "username": "\u9c7c\u9c7c\u83f2\u83f2", "user_id": "153908341", "rating": "\u8fd8\u884c", "date": "2017-05-12", "time": "21:16:04", "comment": "\u8fd8\u884c\uff0c\u611f\u89c9\u633a\u9752\u6625\u7684\uff0c\u4e0d\u9519\u7684", "useful_count": "0"},
{"page_index": 0, "movie_id": "26596836", "title": "\u4ee5\u7231\u4e3a\u540d", "username": "\u5e74\u5c11\u8f7b\u72c2", "user_id": "151822292", "rating": "\u8fd8\u884c", "date": "2017-05-12", "time": "21:37:15", "comment": "\u8fd8\u4e0d\u9519\u7684\u9752\u6625\u7247\uff0c\u9752\u6625\u5c31\u5e94\u8be5\u662f\u8fd9\u6837\u7b80\u7b80\u5355\u5355\u7684\uff01", "useful_count": "0"},
{"page_index": 0, "movie_id": "26596836", "title": "\u4ee5\u7231\u4e3a\u540d", "username": "\u9ea6\u5b50", "user_id": "btone0808", "rating": "\u5f88\u5dee", "date": "2017-08-10", "time": "12:35:06", "comment": "\u5267\u60c5\u6df7\u4e71\uff0c\u6f14\u7ece\u5446\u50bb\uff0c\u79c0\u9c9c\u8089\u7684", "useful_count": "0"},
{"page_index": 0, "movie_id": "26596836", "title": "\u4ee5\u7231\u4e3a\u540d", "username": "\u4e00\u4e07", "user_id": "159229329", "rating": "\u8f83\u5dee", "date": "2017-05-13", "time": "21:04:49", "comment": "\u5267\u60c5\u4e0d\u548b\u6837", "useful_count": "0"},
{"page_index": 0, "movie_id": "26596836", "title": "\u4ee5\u7231\u4e3a\u540d", "username": "\u307f\u3053_Yukina", "user_id": "150930396", "rating": "\u8f83\u5dee", "date": "2017-05-14", "time": "20:20:08", "comment": "\u5267\u60c5\u4fd7\u5957\u751f\u786c \u6f14\u6280\u5b8c\u5168\u4e0d\u5728\u7ebf\u5427 \u5c34\u5c2c", "useful_count": "0"},
{"page_index": 0, "movie_id": "26596836", "title": "\u4ee5\u7231\u4e3a\u540d", "username": "\u6ca1\u74dc\u5403", "user_id": "46745294", "rating": "\u5f88\u5dee", "date": "2017-05-12", "time": "22:50:34", "comment": "\u4e0d\u8fdd\u80cc\u793e\u4f1a\u9053\u5fb7\u524d\u63d0\u4e0b\u51fa\u5356\u7231\u60c5\u7075\u9b42\u8eab\u4f53\uff1f\u7f16\u5267\uff0c\u4f60\u5728\u9017\u6211\u5417\uff1f", "useful_count": "0"},
{"page_index": 0, "movie_id": "26596836", "title": "\u4ee5\u7231\u4e3a\u540d", "username": "\u79cb\u69ff\u8272\u6d77\u68e0", "user_id": "7509548", "rating": "\u8f83\u5dee", "date": "2017-05-12", "time": "23:16:00", "comment": "\u8fd9\u5267\u60c5\u80fd\u770b\uff1f\u6f14\u6280\u4e5f\u5c34\u5c2c\uff0c\u8bf4\u770b\u8138\u7684\u662f\u8ba4\u771f\u7684\u5417\uff0c\u5b8c\u5168\u6d6a\u8d39\u65f6\u95f4", "useful_count": "0"},
{"page_index": 0, "movie_id": "26596836", "title": "\u4ee5\u7231\u4e3a\u540d", "username": "TADA", "user_id": "156484465", "rating": "\u8f83\u5dee", "date": "2017-05-12", "time": "22:31:26", "comment": "\u4e0d\u559c\u6b22", "useful_count": "0"},
{"page_index": 0, "movie_id": "26596836", "title": "\u4ee5\u7231\u4e3a\u540d", "username": "\u789f\u604b\u82b1 \u7ea2\u989c\u52ab", "user_id": "159252148", "rating": "\u8f83\u5dee", "date": "2017-05-13", "time": "01:04:26", "comment": "\u8bef\u4f1a\u800c\u5206\u624b\uff0c\u4e86\u89e3\u800c\u590d\u5408\uff0c\u5267\u60c5\u592a\u8001\u5957\u6ca1\u65b0\u9896\u3002", "useful_count": "0"},
{"page_index": 0, "movie_id": "26596836", "title": "\u4ee5\u7231\u4e3a\u540d", "username": "\u4f4f\u5728\u590f\u5929\u7684\u756a\u8304", "user_id": "93825881", "rating": "\u5f88\u5dee", "date": "2017-08-13", "time": "11:36:31", "comment": "\u6211\u5fcd\u7740\u8fd9\u6076\u5fc3\u7684\u65c1\u767d \u770b\u4e8610\u591a\u5206\u949f\n\u7206\u70b8\u53d1\u578b\u662f05\u5e74\u6d41\u884c\u7684\u4e86\u5427\uff1f\n\u8fd9 \u5973\u4e3b\u6f02\u4eae\uff1f\uff1f\uff1f\n\u6709\u6f14\u6280\uff1f\uff1f\uff1f", "useful_count": "0"},
{"page_index": 0, "movie_id": "26596836", "title": "\u4ee5\u7231\u4e3a\u540d", "username": "happy", "user_id": "120777170", "rating": "\u8f83\u5dee", "date": "2017-05-16", "time": "23:35:26", "comment": "\u4e00\u822c\u5427", "useful_count": "0"},
{"page_index": 0, "movie_id": "26596836", "title": "\u4ee5\u7231\u4e3a\u540d", "username": "\u52a0\u4f3d", "user_id": "48440883", "rating": "\u8f83\u5dee", "date": "2017-05-13", "time": "11:54:42", "comment": "\u8fd8\u53ef\u4ee5\u5427= =", "useful_count": "0"},
{"page_index": 0, "movie_id": "26596836", "title": "\u4ee5\u7231\u4e3a\u540d", "username": "LSomnusy", "user_id": "141799162", "rating": "\u8f83\u5dee", "date": "2017-05-14", "time": "15:14:09", "comment": "\u4e00\u822c\u5427", "useful_count": "0"},
{"page_index": 0, "movie_id": "26596836", "title": "\u4ee5\u7231\u4e3a\u540d", "username": "\u5c0f\u5c0f\u6613", "user_id": "2344720", "rating": "\u5f88\u5dee", "date": "2017-05-11", "time": "11:25:31", "comment": "\u597d\u53ef\u6015\u7684\u7247\u5b50\uff0c\u770b\u70b9\u6620\u7684\u65f6\u5019\u611f\u89c9\u81ea\u5df1\u5feb\u8981\u778e\u4e86\u3002", "useful_count": "0"},
{"page_index": 0, "movie_id": "26596836", "title": "\u4ee5\u7231\u4e3a\u540d", "username": "\u7ef4\u7ef4\u8c46\u5976o_0", "user_id": "135131475", "rating": "\u8f83\u5dee", "date": "2017-05-14", "time": "22:19:01", "comment": "\u4e00\u822c\u5427", "useful_count": "0"},
{"page_index": 0, "movie_id": "26596836", "title": "\u4ee5\u7231\u4e3a\u540d", "username": "\u6dd8\u4e50\u59a4", "user_id": "48938261", "rating": "\u5f88\u5dee", "date": "2017-08-12", "time": "14:44:59", "comment": "\u4e3b\u6f14\u7684\u6f14\u6280\u5c11\u7684\u53ef\u601c\uff0c\u8fd8\u8d76\u4e0d\u4e0a\u8def\u4eba\u7532\u4e59\u4e19\u4e01\u3002\u600e\u4e48\u957f\u5f97\u5e05\u5c31\u771f\u5f53\u996d\u5403\u4e86\u554a\uff01", "useful_count": "0"},
{"page_index": 0, "movie_id": "26596836", "title": "\u4ee5\u7231\u4e3a\u540d", "username": "\u592a\u9633\u7cd5", "user_id": "bielimoshengren", "rating": "\u5f88\u5dee", "date": "2017-10-31", "time": "09:57:58", "comment": "\u771f\u5fc3\u770b\u4e0d\u4e0b\u53bb", "useful_count": "0"},
{"page_index": 0, "movie_id": "26596836", "title": "\u4ee5\u7231\u4e3a\u540d", "username": "\u756a\u77f3\u69b4", "user_id": "161725458", "rating": "\u8f83\u5dee", "date": "2017-09-13", "time": "11:07:17", "comment": "\u4ec0\u4e48\u5783\u573e\u7684\u7535\u5f71\u554a", "useful_count": "1"},
{"page_index": 0, "movie_id": "26596836", "title": "\u4ee5\u7231\u4e3a\u540d", "username": "\u5f00\u5fc3\u5c0f\u811a\u4e2b", "user_id": "71776922", "rating": "\u5f88\u5dee", "date": "2017-08-21", "time": "14:19:58", "comment": "\u771f\u70c2\uff0c\u4e0d\u77e5\u5728\u8bb2\u4ec0\u4e48\uff0c\u5973\u4e3b\u633a\u597d\u770b\u7684\uff01", "useful_count": "0"},
{"page_index": 0, "movie_id": "26596836", "title": "\u4ee5\u7231\u4e3a\u540d", "username": "\u5494\u5494", "user_id": "204476359", "rating": "\u5f88\u5dee", "date": "2019-12-18", "time": "03:37:18", "comment": "\u8fd9\u90fd\u662f\u5565\uff01\n\n\u96f7\u4eba\uff01", "useful_count": "0"},
{"page_index": 0, "movie_id": "26596836", "title": "\u4ee5\u7231\u4e3a\u540d", "username": "\u5996\u5b7d\u4e1b\u751f", "user_id": "153907121", "rating": "\u8fd8\u884c", "date": "2017-05-12", "time": "21:04:05", "comment": "\u5267\u60c5\u4e0d\u548b\u5730\uff0c\u7537\u4e3b\u8fd8\u662f\u633a\u5e05\u7684", "useful_count": "0"},
{"page_index": 0, "movie_id": "26596836", "title": "\u4ee5\u7231\u4e3a\u540d", "username": "\u82cf\u7fce", "user_id": "127345309", "rating": "\u8f83\u5dee", "date": "2017-05-13", "time": "09:50:42", "comment": "\u5267\u60c5\u4fd7\u4e0d\u53ef\u8010\uff0c\u6ca1\u770b\u70b9\u3002", "useful_count": "0"},
{"page_index": 0, "movie_id": "26596836", "title": "\u4ee5\u7231\u4e3a\u540d", "username": "\u6cb8\u6cb8", "user_id": "149239445", "rating": "\u8f83\u5dee", "date": "2017-05-13", "time": "14:45:55", "comment": "\u770b\u8138\u4e5f\u6ca1\u6709\u770b\u4e0b\u53bb\u7684\u6b32\u671b", "useful_count": "0"},
{"page_index": 0, "movie_id": "26596836", "title": "\u4ee5\u7231\u4e3a\u540d", "username": "\u4e0d\u662f\u800d\u7334\u7684\u662f\u8ab0", "user_id": "66363942", "rating": "\u5f88\u5dee", "date": "2022-07-04", "time": "20:12:22", "comment": "\u5c2c\u4e00\u5730\uff0c\u5e76\u4e14\u7cdf\u8e4b\u4e86\u51e0\u9996\u597d\u6b4c", "useful_count": "0"},
{"page_index": 0, "movie_id": "26596836", "title": "\u4ee5\u7231\u4e3a\u540d", "username": "ghuhon_jess", "user_id": "150252047", "rating": "\u5f88\u5dee", "date": "2017-05-12", "time": "21:56:55", "comment": "\u53c8\u4fd7\u53c8\u65e0\u8da3", "useful_count": "0"},
{"page_index": 0, "movie_id": "26596836", "title": "\u4ee5\u7231\u4e3a\u540d", "username": "\u53ef\u7231\u591a", "user_id": "142335389", "rating": "\u8fd8\u884c", "date": "2017-05-14", "time": "20:19:18", "comment": "\u6545\u4e8b\u5be1\u6de1\u4e86\u4e00\u70b9", "useful_count": "0"},
{"page_index": 0, "movie_id": "26596836", "title": "\u4ee5\u7231\u4e3a\u540d", "username": "\u4eba\u751f\u5982\u620f", "user_id": "204249702", "rating": "\u5f88\u5dee", "date": "2022-10-29", "time": "09:32:22", "comment": "\u542c\u6d77\u5f88\u597d\u542c\uff01\n\u5bfc\u6f14\u5e94\u8be5\u662f\u963f\u59b9\u7684\u6b4c\u8ff7\u5427\n\u7247\u5c3e\u66f2\u54ed\u7802\u4e5f\u597d\u68d2\uff01", "useful_count": "0"},
{"page_index": 0, "movie_id": "26596836", "title": "\u4ee5\u7231\u4e3a\u540d", "username": "one_sunnyday", "user_id": "159293546", "rating": "\u8fd8\u884c", "date": "2017-05-12", "time": "20:46:31", "comment": "\u73b0\u5b9e\u662f\u6b8b\u9177\u7684", "useful_count": "0"},
{"page_index": 0, "movie_id": "26596836", "title": "\u4ee5\u7231\u4e3a\u540d", "username": "\u4fa7\u8033\u503e\u542c", "user_id": "138486228", "rating": "\u5f88\u5dee", "date": "2017-09-19", "time": "23:56:53", "comment": "\u5b9e\u5728\u4e0d\u77e5\u6240\u4e91", "useful_count": "0"},
{"page_index": 0, "movie_id": "26596836", "title": "\u4ee5\u7231\u4e3a\u540d", "username": "\u4e2b\u4e2b\u4e0d\u5416", "user_id": "151864044", "rating": "\u5f88\u5dee", "date": "2017-05-24", "time": "00:31:35", "comment": "\u5267\u60c5\u70c2\u7684\u770b\u4e0d\u4e0b\u53bb", "useful_count": "0"},
{"page_index": 0, "movie_id": "26596836", "title": "\u4ee5\u7231\u4e3a\u540d", "username": "\u8c46\u53cb159020106", "user_id": "159020106", "rating": "\u5f88\u5dee", "date": "2017-08-28", "time": "12:44:31", "comment": "\u5168\u5458\u52a0\u901f", "useful_count": "0"},
{"page_index": 0, "movie_id": "26596836", "title": "\u4ee5\u7231\u4e3a\u540d", "username": "\u5c0f\u4eba\u9c7c", "user_id": "150805728", "rating": "\u8fd8\u884c", "date": "2017-05-12", "time": "20:47:29", "comment": "\u53f0\u6e7e\u7231\u60c5\u7535\u5f71 \u7b97\u662f\u7eaf\u7231\u5427 \u5267\u60c5\u753b\u9762\u90fd\u8fd8\u53ef\u4ee5 \u5176\u4ed6\u7684\u4e00\u822c", "useful_count": "0"},
{"page_index": 0, "movie_id": "26596836", "title": "\u4ee5\u7231\u4e3a\u540d", "username": "\u5c0f\u592a\u9633", "user_id": "159644926", "rating": "\u5f88\u5dee", "date": "2017-05-14", "time": "19:12:32", "comment": "\u70c2", "useful_count": "0"},
{"page_index": 0, "movie_id": "26596836", "title": "\u4ee5\u7231\u4e3a\u540d", "username": "\u67d3\u5c18", "user_id": "159296242", "rating": "\u8fd8\u884c", "date": "2017-05-12", "time": "23:14:23", "comment": "\u524d\u534a\u90e8\u5206\u5dee\u70b9\u6ca1\u770b\u4e0b\u53bb\uff0c\u540e\u9762\u5267\u60c5\u7ffb\u8f6c\u4e86\u4e0b\uff0c\u8fd8\u7b97\u53ef\u4ee5\uff0c\u53f0\u6e7e\u5c0f\u6e05\u65b0\u98ce\u3002", "useful_count": "0"},
{"page_index": 0, "movie_id": "26596836", "title": "\u4ee5\u7231\u4e3a\u540d", "username": "\u706b\u9505", "user_id": "44327401", "rating": "\u5f88\u5dee", "date": "2017-05-13", "time": "17:03:45", "comment": "\u80fd\u770b\u4e0b\u53bb\u7684\u4eba\uff01\u6211\u670d\u6c14\uff01\u96be\u4e0d\u6210\u8d8a\u6d3b\u8d8a\u56de\u53bb\u4e86\uff1f", "useful_count": "0"},
{"page_index": 0, "movie_id": "26596836", "title": "\u4ee5\u7231\u4e3a\u540d", "username": "\u6211\u7231\u770b\u7535\u5f71", "user_id": "159428835", "rating": "\u8fd8\u884c", "date": "2017-05-18", "time": "08:19:46", "comment": "\u8fd8\u53ef\u4ee5", "useful_count": "0"},
{"page_index": 0, "movie_id": "26596836", "title": "\u4ee5\u7231\u4e3a\u540d", "username": "\u955c\u5fc3", "user_id": "150665665", "rating": "\u8fd8\u884c", "date": "2017-05-24", "time": "19:30:22", "comment": "\u597d\u4e45\u6ca1\u770b\u53f0\u6e7e\u9752\u6625\u5076\u50cf\u7247\u4e86", "useful_count": "0"},
{"page_index": 0, "movie_id": "26596836", "title": "\u4ee5\u7231\u4e3a\u540d", "username": "\u554a\u54c8", "user_id": "150874344", "rating": "\u5f88\u5dee", "date": "2017-05-12", "time": "23:21:40", "comment": "\u611f\u89c9\u8fd9\u7535\u5f71\u4e09\u89c2\u4e0d\u6b63\u554a", "useful_count": "0"},
{"page_index": 0, "movie_id": "26596836", "title": "\u4ee5\u7231\u4e3a\u540d", "username": "\u71d5\u5c3e\u8776", "user_id": "156014382", "rating": "\u8fd8\u884c", "date": "2017-05-12", "time": "22:34:23", "comment": "\u672c\u4eba\u4e00\u76f4\u5f88\u5403\u8fd9\u79cd\u98ce\u683c\uff0c\u5728\u53f0\u6e7e\u7535\u5f71\u4e2d\uff0c\u518d\u55f2\u7684\u53e3\u97f3\u90fd\u4e0d\u89c9\u5f97\u5c34\u5c2c\uff0c\u53ef\u80fd\u662f\u56e0\u4e3a\u611f\u60c5\u6bd4\u8f83\u7ec6\u817b\uff0c\u5927\u8fc7\u4e86\u8868\u8fbe\u65b9\u5f0f\u3002", "useful_count": "0"},
{"page_index": 0, "movie_id": "26596836", "title": "\u4ee5\u7231\u4e3a\u540d", "username": "\u6770\u514b\u68ee", "user_id": "157644651", "rating": "\u8fd8\u884c", "date": "2017-05-12", "time": "23:37:11", "comment": "\u55ef\uff5e\uff5e\u54e6\ud83d\ude0a", "useful_count": "0"},
{"page_index": 0, "movie_id": "26596836", "title": "\u4ee5\u7231\u4e3a\u540d", "username": "\u8001\u5e84\u58a8\u97e9\u5feb\u51fa\u6765", "user_id": "131327066", "rating": "\u8fd8\u884c", "date": "2017-05-22", "time": "17:43:48", "comment": "\u5176\u5b9e\u5c31\u662f\u5267\u672c\u592a\u5dee\u4e86\uff0c\u6ca1\u6709\u6838\u5fc3\u601d\u60f3", "useful_count": "0"},
{"page_index": 0, "movie_id": "26596836", "title": "\u4ee5\u7231\u4e3a\u540d", "username": "\u6e05\u98ce\u8c08\u7b11\u95f4", "user_id": "Ly198797", "rating": "\u8fd8\u884c", "date": "2017-05-12", "time": "21:28:28", "comment": "\u6211\u4eec\u5e38\u5e38\u4ee5\u7231\u4e4b\u540d\u8981\u6c42\u522b\u4eba\u505a\u8fd9\u505a\u90a3 \u6b8a\u4e0d\u77e5\u4f60\u7684\u7231\u624d\u662f\u6700\u5927\u7684\u969c\u788d", "useful_count": "0"},
{"page_index": 0, "movie_id": "26596836", "title": "\u4ee5\u7231\u4e3a\u540d", "username": "\u5c0f\u5973\u5b50\u559c\u6b22\u82b1", "user_id": "153850873", "rating": "\u5f88\u5dee", "date": "2017-05-12", "time": "21:59:37", "comment": "\u6700\u70e6\u4ee5\u7231\u4e3a\u540d\u60c5\u611f\u7ed1\u67b6", "useful_count": "0"},
{"page_index": 0, "movie_id": "26596836", "title": "\u4ee5\u7231\u4e3a\u540d", "username": "\u8bf4\u597d\u4e86\u4e0d\u52a8\u60c5", "user_id": "205252701", "rating": "\u8fd8\u884c", "date": "2020-05-08", "time": "09:16:02", "comment": "\u8fd8\u53ef\u4ee5", "useful_count": "0"},
{"page_index": 0, "movie_id": "26596836", "title": "\u4ee5\u7231\u4e3a\u540d", "username": "\u987e\u5c0f\u5c0f", "user_id": "150935289", "rating": "\u5f88\u5dee", "date": "2017-05-12", "time": "21:26:08", "comment": "\u5783\u573e\uff0c\u5168\u5267\u5c31\u6ca1\u9ad8\u6f6e\u70b9\uff0c\u70c2\u7247\uff01", "useful_count": "0"},
{"page_index": 0, "movie_id": "26596836", "title": "\u4ee5\u7231\u4e3a\u540d", "username": "\u5b63\u6e05\u8a00", "user_id": "138671780", "rating": "\u8fd8\u884c", "date": "2017-05-14", "time": "13:46:39", "comment": "\u5267\u60c5\u4e0d\u662f\u5f88\u559c\u6b22\uff0c\u4e0d\u8fc7\u8fd8\u662f\u6709\u4e9b\u521d\u604b\u7684\u611f\u89c9\u7684", "useful_count": "0"},
{"page_index": 0, "movie_id": "26596836", "title": "\u4ee5\u7231\u4e3a\u540d", "username": "TonyStark", "user_id": "55985737", "rating": "\u5f88\u5dee", "date": "2017-08-23", "time": "00:29:33", "comment": "\u8fd9\u4e2a\u4e00\u661f\u5c31\u7ed9\u7537\u4e3b\u7684\u989c\u5427\uff01", "useful_count": "0"},
{"page_index": 0, "movie_id": "26596836", "title": "\u4ee5\u7231\u4e3a\u540d", "username": "\u5165\u6728\u4e09\u5206", "user_id": "122863853", "rating": "\u8fd8\u884c", "date": "2017-05-13", "time": "12:56:26", "comment": "\u4e00\u822c\u822c\u5427  \u770b\u4e0d\u4e0b\u53bb", "useful_count": "0"},
{"page_index": 0, "movie_id": "26596836", "title": "\u4ee5\u7231\u4e3a\u540d", "username": "\u4efb\u6027", "user_id": "155189753", "rating": "\u8fd8\u884c", "date": "2017-05-12", "time": "21:37:02", "comment": "\u8fd8\u884c\u54af \u770b\u770b\u5427", "useful_count": "0"},
{"page_index": 0, "movie_id": "26596836", "title": "\u4ee5\u7231\u4e3a\u540d", "username": "\u68a6\u91cc\u5bfb\u5e38", "user_id": "56926817", "rating": "\u8fd8\u884c", "date": "2017-05-12", "time": "21:08:10", "comment": "\u90fd\u662f\u65b0\u4eba", "useful_count": "0"},
{"page_index": 0, "movie_id": "26596836", "title": "\u4ee5\u7231\u4e3a\u540d", "username": "\u683c\u5170\u83f2\u8fea", "user_id": "138539376", "rating": "\u8fd8\u884c", "date": "2017-05-13", "time": "14:14:13", "comment": "\u7247\u5b50\u8fd8\u51d1\u5408\uff0c\u5c31\u662f\u5b9e\u5728\u641e\u4e0d\u61c2\u4e09\u89c2\u3002\u3002\u3002", "useful_count": "0"},
{"page_index": 0, "movie_id": "26596836", "title": "\u4ee5\u7231\u4e3a\u540d", "username": "\u4e09\u4e09\u56db\u56db", "user_id": "156398715", "rating": "\u8fd8\u884c", "date": "2017-05-13", "time": "12:04:50", "comment": "  \u9752\u6625\u4e4b\u6240\u4ee5\u53ef\u8d35\uff0c\u5c31\u6765\u81ea\u4e8e\u8086\u610f\u7684\u771f\u5b9e\uff0c\u8fd9\u6216\u8bb8\u662f\u5bf9\u8c01\u4e5f\u5b9a\u4e49\u4e0d\u6e05\u7684\u9752\u6625\u8be0\u91ca\u3002", "useful_count": "0"},
{"page_index": 0, "movie_id": "26596836", "title": "\u4ee5\u7231\u4e3a\u540d", "username": "\u58a8", "user_id": "127591096", "rating": "\u8fd8\u884c", "date": "2017-05-13", "time": "15:49:26", "comment": "\u8fd8\u884c", "useful_count": "0"},
{"page_index": 0, "movie_id": "26596836", "title": "\u4ee5\u7231\u4e3a\u540d", "username": "w", "user_id": "149051894", "rating": "\u8fd8\u884c", "date": "2017-05-14", "time": "22:17:24", "comment": "\u867d\u7136\u5267\u60c5\u8001\u5957\u4e86\u70b9\u4f46\u6574\u4f53\u8fd8\u662f\u53ef\u4ee5", "useful_count": "0"},
{"page_index": 0, "movie_id": "26596836", "title": "\u4ee5\u7231\u4e3a\u540d", "username": "momo", "user_id": "130351381", "rating": "\u8fd8\u884c", "date": "2017-05-16", "time": "13:47:17", "comment": "\u5267\u60c5\u8868\u6f14\u90fd\u5f88\u4e00\u822c", "useful_count": "0"},
{"page_index": 0, "movie_id": "26596836", "title": "\u4ee5\u7231\u4e3a\u540d", "username": "\u897f\u74dc\u541b\u4e0d\u5410\u7c7d", "user_id": "because520kiwi", "rating": null, "date": "2017-05-12", "time": "19:28:43", "comment": "\u9664\u4e86\u6211\uff0c\u5176\u4ed6\u90fd\u662f\u6c34\u519b\u5427", "useful_count": "0"},
{"page_index": 0, "movie_id": "26596836", "title": "\u4ee5\u7231\u4e3a\u540d", "username": "\u8f7b\u821e\u98de\u626c", "user_id": "158887942", "rating": "\u8fd8\u884c", "date": "2017-05-18", "time": "12:02:35", "comment": "\u4e00\u822c\u5427\uff0c\u7231\u60c5\u6587\u827a\u7247\uff0c\u8272\u5f69\u642d\u914d\u5f88\u53f0\u6e7e\uff0c\u753b\u9762\u611f\u8fd8\u884c\uff0c\u5f88\u641e\u7b11\uff0c\u9002\u5408\u5c0f\u5973\u751f\u770b\u3002", "useful_count": "0"},
{"page_index": 0, "movie_id": "26596836", "title": "\u4ee5\u7231\u4e3a\u540d", "username": "\u6728\u706b\u901a\u660e", "user_id": "37084169", "rating": "\u8fd8\u884c", "date": "2018-01-19", "time": "20:38:01", "comment": "\u8fd8\u884c", "useful_count": "0"},
{"page_index": 0, "movie_id": "26596836", "title": "\u4ee5\u7231\u4e3a\u540d", "username": "\u5c0f\u8c79", "user_id": "156289547", "rating": "\u8fd8\u884c", "date": "2017-05-12", "time": "21:25:23", "comment": "\u7b80\u5355\u7f8e\u597d\uff0c\u770b\u5b8c\u7279\u60f3\u53bb\u57a6\u4e01", "useful_count": "0"},
{"page_index": 0, "movie_id": "26596836", "title": "\u4ee5\u7231\u4e3a\u540d", "username": "\u67f3\u5343\u5bfb", "user_id": "159437668", "rating": "\u8fd8\u884c", "date": "2017-05-12", "time": "21:06:33", "comment": "\u53f0\u6e7e\u7684\u5267\u90fd\u8fd8\u4e0d\u9519\u5427\uff0c\u6211\u770b\u8fc7\u51e0\u90e8\uff0c\u90fd\u8fd8\u53ef\u4ee5\uff0c\u8fd9\u90e8\u4e5f\u8fd8\u884c", "useful_count": "0"},
{"page_index": 0, "movie_id": "26596836", "title": "\u4ee5\u7231\u4e3a\u540d", "username": "\u660e\u54e5\u7684\u7c89\u8272\u6bdb\u6bdb", "user_id": "mingge200", "rating": "\u8fd8\u884c", "date": "2017-05-13", "time": "12:27:43", "comment": "\u611f\u89c9\u4e00\u822c\uff0c\u7537\u5973\u4e3b\u770b\u7740\u90fd\u8fd8\u4e0d\u9519", "useful_count": "0"},
{"page_index": 0, "movie_id": "26596836", "title": "\u4ee5\u7231\u4e3a\u540d", "username": "\u603b\u662f\u5728\u81ea\u8a00\u81ea\u8bed", "user_id": "159380016", "rating": "\u8fd8\u884c", "date": "2017-05-14", "time": "22:36:31", "comment": "\u8fd9\u4e2a\u5f2f\u5f2f\u7535\u5f71\u5b9e\u5728\u6b23\u8d4f\u4e0d\u6765", "useful_count": "0"},
{"page_index": 0, "movie_id": "26596836", "title": "\u4ee5\u7231\u4e3a\u540d", "username": "\u6e05\u626c", "user_id": "159448151", "rating": "\u8fd8\u884c", "date": "2017-05-13", "time": "16:38:06", "comment": "\u53ea\u80fd\u8bf4\u4e00\u822c\u5427\uff0c\u6709\u70b9\u65e0\u804a\uff0c\u62d6\u6ce5\u5e26\u6c34\u7684", "useful_count": "0"},
{"page_index": 0, "movie_id": "26596836", "title": "\u4ee5\u7231\u4e3a\u540d", "username": "\u61d2\u61d2\u7684\u6258\u5c3c", "user_id": "159388990", "rating": "\u8fd8\u884c", "date": "2017-05-12", "time": "22:06:26", "comment": "\u5973\u4e3b\u8fd8\u633a\u6f02\u4eae\u7684\uff0c\u4f46\u662f\u5267\u60c5\u592a\u5570\u55e6", "useful_count": "1"},
{"page_index": 0, "movie_id": "26596836", "title": "\u4ee5\u7231\u4e3a\u540d", "username": "\u767d\u7ea4\u695a", "user_id": "157923714", "rating": "\u8fd8\u884c", "date": "2017-05-24", "time": "21:23:08", "comment": "\u4e5f\u7b97\u5408\u683c\u5566", "useful_count": "0"}
]