[
{"page_index": 0, "movie_id": "27107261", "title": "\u4e00\u8def\u5411\u7231", "username": "\u674e\u5c0f\u5eab", "user_id": "leeshiuan", "rating": "\u8fd8\u884c", "date": "2017-11-24", "time": "14:35:00", "comment": "\u8be5\u7247\u72ec\u8f9f\u8e4a\u5f84 \u8d70\u51fa\u4e00\u6761\u5c0f\u6e05\u65b0\u52b1\u5fd7\u7231\u60c5\u8def\u7ebf \u57fa\u8c03\u6e29\u6696 \u9ad8\u59dd\u7476\u9970\u6f14\u7684\u590f\u5929\u6b63\u5982\u56db\u5b63\u4e2d\u7684\u201c\u590f\u5929\u201d\u4e00\u822c \u70ed\u60c5\u4f3c\u706b \u5bf9\u751f\u6d3b\u5145\u6ee1\u6fc0\u60c5\u4e0e\u81ea\u4fe1 \u6f14\u5458\u6f14\u6280\u597d \u5f71\u7247\u8fd8\u6709\u7740\u6b63\u786e\u7684\u4ef7\u503c\u89c2 \u901a\u8fc7\u5973\u4e3b\u72ec\u7acb\u81ea\u5f3a \u79ef\u6781\u5411\u4e0a \u6c38\u4e0d\u8a00\u8d25\u7684\u6027\u683c\u6fc0\u53d1\u4eba\u4eec\u52aa\u529b\u594b\u6597\u7684\u7cbe\u795e\u52a8\u529b \u5e76\u4ee5\u6b64\u9f13\u52b1\u5927\u5bb6\u4e0d\u65ad\u8ffd\u6c42\u66f4\u52a0\u771f\u5b9e\u7684\u81ea\u6211\u60c5\u611f \u8ba9\u751f\u6d3b\u53d8\u5f97\u5706\u6ee1\u5e78\u798f", "useful_count": "0"},
{"page_index": 0, "movie_id": "27107261", "title": "\u4e00\u8def\u5411\u7231", "username": "\u5c0f\u9752\u5e74", "user_id": "53248408", "rating": "\u63a8\u8350", "date": "2017-08-29", "time": "12:08:15", "comment": "\u7247\u5b50\u96f6\u5206\uff0c\u9ad8\u59dd\u7476\u53cb\u60c5\u8d5e\u52a9\u56db\u9897\u661f\u3002\u8fd9\u5bfc\u6f14\u8fd8\u662f\u5148\u4e0a\u4e2a\u5bfc\u6f14\u7cfb\u7684\u7814\u4fee\u73ed\u5427", "useful_count": "3"},
{"page_index": 0, "movie_id": "27107261", "title": "\u4e00\u8def\u5411\u7231", "username": "\u8fd9\u91cc\u7684\u9ece\u660e\u9759\u6084", "user_id": "165813188", "rating": "\u8f83\u5dee", "date": "2017-08-28", "time": "12:08:31", "comment": "\u7247\u540d\u5f88\u4f4e\u4fd7\uff0c\u8fd8\u900f\u9732\u7740\u4e00\u80a1\u5c71\u5be8\u6c14\u606f\u3002\uff08\u8fd9\u540d\u4e5f\u6709\u5fc5\u8981\u5c71\u5be8\uff1f\uff09", "useful_count": "1"},
{"page_index": 0, "movie_id": "27107261", "title": "\u4e00\u8def\u5411\u7231", "username": "\u7ea2\u85d5\u9999\u6b8b\u7389\u7c1f\u79cb", "user_id": "127437486", "rating": "\u5f88\u5dee", "date": "2017-08-28", "time": "21:48:45", "comment": "\u540d\u5b57\u5c31\u900f\u9732\u51fa\u70c2\u7247", "useful_count": "1"},
{"page_index": 0, "movie_id": "27107261", "title": "\u4e00\u8def\u5411\u7231", "username": "\u6770\u6d1b\u7279", "user_id": "133624871", "rating": "\u5f88\u5dee", "date": "2017-08-28", "time": "16:07:11", "comment": "\u4e00\u8def\u5411\u8279", "useful_count": "1"},
{"page_index": 0, "movie_id": "27107261", "title": "\u4e00\u8def\u5411\u7231", "username": "\u4e3d\u5730\u547c\u58f0", "user_id": "120672970", "rating": null, "date": "2017-09-03", "time": "21:32:49", "comment": "\u4f60\u5f04\u4e00\u4e2a\u548c\u6211\u6e2f\u5927\u4f5c\u300a\u4e00\u8def\u5411\u897f\u300b\u76f8\u8fd1\u7684\u7247\u540d\uff0c\u597d\u5417\u3002", "useful_count": "0"},
{"page_index": 0, "movie_id": "27107261", "title": "\u4e00\u8def\u5411\u7231", "username": "\u6700\u5e78\u8fd0\u7684\u5e78\u8fd0", "user_id": "160473084", "rating": "\u5f88\u5dee", "date": "2017-11-26", "time": "23:35:06", "comment": "\u5f88\u5ec9\u4ef7\u7684\u6f14\u5458\u548c\u5236\u4f5c", "useful_count": "0"},
{"page_index": 0, "movie_id": "27107261", "title": "\u4e00\u8def\u5411\u7231", "username": "\u82b1\u5f00\u843d\u5e74\u590d\u5e74", "user_id": "130895031", "rating": "\u5f88\u5dee", "date": "2017-09-01", "time": "14:43:10", "comment": "\u662f\u4e3a\u4e86\u5708\u94b1\u62cd\u7684\u7247\u5b50\u4e48\uff1f", "useful_count": "1"},
{"page_index": 0, "movie_id": "27107261", "title": "\u4e00\u8def\u5411\u7231", "username": "\u4e66\u4ee5\u8212\u540d", "user_id": "83213165", "rating": null, "date": "2017-11-16", "time": "12:08:13", "comment": "\u5c2c\u5c2c\u5c2c\u5c2c\u3002\u3002\u3002\u3002\u8d1f\u5206\u6eda\u7c97", "useful_count": "0"},
{"page_index": 0, "movie_id": "27107261", "title": "\u4e00\u8def\u5411\u7231", "username": "\u9ea6\u5b50", "user_id": "btone0808", "rating": "\u5f88\u5dee", "date": "2017-11-16", "time": "12:56:20", "comment": "\u5267\u60c5\u5b89\u6392\u4f4e\u667a\u5316\uff0c\u559c\u4e50\u90fd\u663e\u5f97\u83ab\u540d\uff0c\u6f14\u7ece\u751f\u786c\u50f5\u5316", "useful_count": "0"},
{"page_index": 0, "movie_id": "27107261", "title": "\u4e00\u8def\u5411\u7231", "username": "smile", "user_id": "173124393", "rating": "\u8fd8\u884c", "date": "2021-06-14", "time": "20:55:14", "comment": "\u590f\u5929\u6ee1\u6ee1\u7684\u6b63\u80fd\u91cf\uff0c\u5f88\u559c\u6b22\u5979\u7684\u6d3b\u6cfc\uff0c\u771f\u5b9e\uff0c\u575a\u5f3a\uff0c\u5267\u60c5\u867d\u6ca1\u5565\u770b\u70b9\uff0c\u4f46\u60c5\u611f\u771f\u631a\uff0c\u662f\u4e00\u90e8\u8fc7\u5173\u7684\u7535\u5f71", "useful_count": "0"},
{"page_index": 0, "movie_id": "27107261", "title": "\u4e00\u8def\u5411\u7231", "username": "\u853a\u98de\u971c", "user_id": "164116603", "rating": "\u5f88\u5dee", "date": "2017-08-28", "time": "18:08:52", "comment": "\u5267\u60c5\u592a\u62d6\uff0c\u6ca1\u4ec0\u4e48\u8ba9\u4eba\u773c\u524d\u4e00\u4eae\u7684\u70b9\uff0c\u53d9\u4e8b\u4f3c\u7684\u628a\u4e00\u6574\u90e8\u7535\u5f71\u6f14\u5b8c\u4e86\u3002\u6f14\u5458\u7684\u6f14\u6280\u4e5f\u5f88\u666e\u901a\u3002\u8fd8\u662f\u7ee7\u7eed\u52aa\u529b\u5427\u3002", "useful_count": "0"},
{"page_index": 0, "movie_id": "27107261", "title": "\u4e00\u8def\u5411\u7231", "username": "\u6bd4\u7eaf\u7cb9\u66f4\u7eaf", "user_id": "162896097", "rating": "\u8fd8\u884c", "date": "2017-08-28", "time": "23:05:03", "comment": "\u4e00\u822c\u822c\u5427", "useful_count": "0"},
{"page_index": 0, "movie_id": "27107261", "title": "\u4e00\u8def\u5411\u7231", "username": "\u738b\u8ff7\u7cca", "user_id": "64324877", "rating": "\u5f88\u5dee", "date": "2017-12-03", "time": "15:36:59", "comment": "\u5783\u573e......", "useful_count": "0"},
{"page_index": 0, "movie_id": "27107261", "title": "\u4e00\u8def\u5411\u7231", "username": "\u5341\u5e74\u751f\u6b7b\u4e24\u832b\u832b", "user_id": "156543026", "rating": "\u5f88\u5dee", "date": "2017-08-28", "time": "22:03:39", "comment": "\u54c8\u54c8\u54c8\u54c8\u54c8\u54c8\u54c8\u5c2c\u6b7b\u6211\u4e86", "useful_count": "1"},
{"page_index": 0, "movie_id": "27107261", "title": "\u4e00\u8def\u5411\u7231", "username": "echoninibaby", "user_id": "103061736", "rating": "\u5f88\u5dee", "date": "2018-01-13", "time": "09:54:31", "comment": "\u5929\uff0c\u5973\u4e3b\u7684\u773c\u7ebf\uff0c\u51fa\u620f", "useful_count": "0"},
{"page_index": 0, "movie_id": "27107261", "title": "\u4e00\u8def\u5411\u7231", "username": "\u9e4f\u5934", "user_id": "178060533", "rating": "\u5f88\u5dee", "date": "2019-02-11", "time": "22:23:42", "comment": "\u786e\u5b9e\u662f\u70c2\u7247\uff01", "useful_count": "0"},
{"page_index": 0, "movie_id": "27107261", "title": "\u4e00\u8def\u5411\u7231", "username": "bumblebeer", "user_id": "140530962", "rating": "\u5f88\u5dee", "date": "2017-09-02", "time": "17:11:46", "comment": "\u4e0d\u77e5\u6240\u8c13", "useful_count": "0"},
{"page_index": 0, "movie_id": "27107261", "title": "\u4e00\u8def\u5411\u7231", "username": "\u7a3b\u5348", "user_id": "146063489", "rating": "\u5f88\u5dee", "date": "2018-10-08", "time": "00:50:08", "comment": "\u5236\u4f5c\u770b\u4e0a\u53bb\u5f88\u7c97\u7cd9\uff0c\u5267\u60c5\u6ca1\u5565\u4eae\u70b9\uff0c\u6709\u51e0\u5904\u60c5\u8282\u51b2\u7a81\u5b89\u6392\u5f97\u4e5f\u662f\u83ab\u540d\u5176\u5999", "useful_count": "0"},
{"page_index": 0, "movie_id": "27107261", "title": "\u4e00\u8def\u5411\u7231", "username": "\u963f\u8521", "user_id": "163583365", "rating": "\u5f88\u5dee", "date": "2017-08-31", "time": "01:53:59", "comment": "\u770b\u8fc7\u539f\u7248\uff0c\u4e0d\u77e5\u4e3a\u4f55\u4e0a\u6620\u7684\u8fd9\u4e2a\u7248\u672c\u548c\u539f\u6765\u5168\u7136\u4e0d\u540c\uff0c\u5df2\u88ab\u6539\u7684\u4e71\u4e03\u516b\u7cdf\uff0c\u65e0\u6cd5\u7406\u89e3", "useful_count": "0"},
{"page_index": 0, "movie_id": "27107261", "title": "\u4e00\u8def\u5411\u7231", "username": "\u8c46\u74e3\u9171", "user_id": "165432230", "rating": "\u5f88\u5dee", "date": "2017-08-21", "time": "11:05:23", "comment": "\u8c01\u77e5\u9053\u8fd9\u662f\u54ea\u4e2a\u5927\u54e5\u5199\u7684\u5267\u672c\uff0c\u670d\u4e86\uff01", "useful_count": "0"},
{"page_index": 0, "movie_id": "27107261", "title": "\u4e00\u8def\u5411\u7231", "username": "cici", "user_id": "216834414", "rating": "\u5f88\u5dee", "date": "2021-10-18", "time": "20:19:42", "comment": "\u5565\u4e5f\u4e0d\u662f\u3001\u4e11\u5f97\u4e00\u903c", "useful_count": "0"}
]