[
{"page_index": 0, "movie_id": "27158354", "title": "\u7ae5\u8bdd\u5148\u751f", "username": "\u4e0d\u8981\u4e0d\u5f00\u5fc3\u54e6", "user_id": "155602622", "rating": "\u8fd8\u884c", "date": "2017-10-24", "time": "09:03:55", "comment": "\u633a\u611f\u4eba\u7684\u6545\u4e8b\u3002", "useful_count": "9"},
{"page_index": 0, "movie_id": "27158354", "title": "\u7ae5\u8bdd\u5148\u751f", "username": "\u6708\u4eae\u5473\u7684\u7c73\u7ebf", "user_id": "159777932", "rating": "\u63a8\u8350", "date": "2017-10-24", "time": "17:05:21", "comment": "\u7acb\u610f\u4e0d\u9519 \u6545\u4e8b\u4e5f\u5f88\u597d", "useful_count": "6"},
{"page_index": 0, "movie_id": "27158354", "title": "\u7ae5\u8bdd\u5148\u751f", "username": "\u91ce\u83dc", "user_id": "160229974", "rating": "\u5f88\u5dee", "date": "2018-03-02", "time": "22:34:22", "comment": "\u6d0b\u5927\u4eba\u62b1\u5f97\u4e2d\u56fd\u7f8e\u4eba\u5f52\uff0c\u8fd9\u624d\u662f\u7ae5\u8bdd\u7684\u7ed3\u5c40\u548c\u6700\u7ec8\u76ee\u7684\uff0c\u5bfc\u6f14\u60f3\u8fbe\u5230\u7684\u5883\u754c\u975e\u5e38\u9ad8\uff0c\u4f46\u662f\u8fc7\u7a0b\u65e0\u6bd4\u5783\u573e\uff0c\u96be\u4ee5\u60f3\u8c61\u5b69\u5b50\u4eec\u548c\u8001\u5916\u662f\u5982\u4f55\u5efa\u7acb\u8d77\u65e0\u6bd4\u6df1\u539a\u7684\u5e08\u751f\u60c5\uff0c\u5973\u8001\u5e08\u7eaf\u7eaf\u5973\u8ffd\u7537\uff0c\u770b\u5230\u6d0b\u5927\u4eba\u773c\u775b\u90fd\u53d1\u5149\u4e86\u3002\u5c0f\u6f14\u5458\u6ca1\u6709\u4e00\u4e2a\u5165\u620f\u7684\uff0c\u5973\u8001\u5e08\u955c\u5934\u7279\u522b\u591a\u4f46\u662f\u4e5f\u6e38\u79bb\u4e8e\u60c5\u8282\u4e4b\u5916\uff0c\u603b\u4e4b\u4e0d\u660e\u767d\u8fd9\u4e2a\u7535\u5f71\u60f3\u8868\u8fbe\u4ec0\u4e48", "useful_count": "4"},
{"page_index": 0, "movie_id": "27158354", "title": "\u7ae5\u8bdd\u5148\u751f", "username": "\u9152\u968f\u610f", "user_id": "150092021", "rating": "\u8f83\u5dee", "date": "2018-01-19", "time": "18:15:35", "comment": "\u6545\u4e8b\u5f88\u7b80\u5355\uff0c\u4f46\u8fd8\u662f\u6ca1\u80fd\u62cd\u597d\uff0c\u633a\u53ef\u60dc\u7684\uff0c\u4e0d\u7136\u7684\u8bdd\u4e09\u9897\u661f\u80af\u5b9a\u662f\u6ca1\u95ee\u9898\u7684\uff0c\u73b0\u5728\u53ea\u80fd\u7ed9\u4e24\u661f\u4e86\u3002", "useful_count": "3"},
{"page_index": 0, "movie_id": "27158354", "title": "\u7ae5\u8bdd\u5148\u751f", "username": "\u7535\u5f71\u4eba\u5c0f\u80d6\u54e5", "user_id": "96480798", "rating": "\u529b\u8350", "date": "2017-12-09", "time": "17:57:00", "comment": "\u6211\u53c2\u4e0e\u7684\u7535\u5f71\uff0c\u597d\u4e0d\u597d\u4e5f\u5f97\u6ee1\u5206\uff0c\u8981\u8bf4\u4e0d\u597d\u770b\u4e86\u518d\u8bf4\uff0c\u8fd1\u4e9b\u5e74\u6765\u4e91\u5357\u5c11\u6709\u7684\u597d\u7535\u5f71", "useful_count": "2"},
{"page_index": 0, "movie_id": "27158354", "title": "\u7ae5\u8bdd\u5148\u751f", "username": "\u9ed1\u9a6c\u753b\u5427", "user_id": "154440738", "rating": "\u63a8\u8350", "date": "2017-12-12", "time": "19:58:46", "comment": "\u6606\u660e\u4eba\u652f\u6301\u4e91\u5357\u7535\u5f71\uff01\u666f\u8272\u79c0\u4e3d\uff01", "useful_count": "0"},
{"page_index": 0, "movie_id": "27158354", "title": "\u7ae5\u8bdd\u5148\u751f", "username": "\u8001\u4e8c", "user_id": "41249084", "rating": null, "date": "2017-10-24", "time": "16:52:21", "comment": "\u867d\u7136\u6ca1\u4ec0\u4e48\uff0c\u4f46\u6d41\u4e86\u4e24\u6b21\u6cea\u3002", "useful_count": "5"},
{"page_index": 0, "movie_id": "27158354", "title": "\u7ae5\u8bdd\u5148\u751f", "username": "\u661f\u5ddd", "user_id": "169875971", "rating": "\u63a8\u8350", "date": "2020-02-09", "time": "23:42:30", "comment": "\u8fd8\u884c\uff0cBGM\u597d\u542c", "useful_count": "0"},
{"page_index": 0, "movie_id": "27158354", "title": "\u7ae5\u8bdd\u5148\u751f", "username": "\u5f69\u620f\u5e08wala", "user_id": "caixishi", "rating": "\u5f88\u5dee", "date": "2017-12-25", "time": "23:48:27", "comment": "\u597d\u800c\u4e0d\u771f", "useful_count": "0"},
{"page_index": 0, "movie_id": "27158354", "title": "\u7ae5\u8bdd\u5148\u751f", "username": "\u5047\u9762Vic\u5c0f\u98db\u4fe0", "user_id": "euphoriavicc", "rating": "\u5f88\u5dee", "date": "2018-05-01", "time": "16:18:16", "comment": "\u8bf7\u544a\u8bc9\u6211\u4e3a\u4ec0\u4e48\u4e2d\u56fd\u59d1\u5a18\u770b\u5230\u5916\u56fd\u4eba\uff08\u767d\u4eba\uff09\u90fd\u4f1a\u773c\u775b\u653e\u5149\uff1f", "useful_count": "0"},
{"page_index": 0, "movie_id": "27158354", "title": "\u7ae5\u8bdd\u5148\u751f", "username": "Wait", "user_id": "3618040", "rating": null, "date": "2017-12-08", "time": "12:01:07", "comment": "\u62cd\u7ed9\u8001\u5916\u770b\u7684\u4e61\u6751\u77e5\u8bc6\u666e\u53ca\u7247", "useful_count": "0"},
{"page_index": 0, "movie_id": "27158354", "title": "\u7ae5\u8bdd\u5148\u751f", "username": "\u521d52\u5ea6", "user_id": "148710407", "rating": "\u63a8\u8350", "date": "2018-12-02", "time": "13:18:41", "comment": "\u4ee5\u540e\u4e00\u5b9a\u8981\u505a\u4e00\u6b21\u652f\u6559\n", "useful_count": "0"},
{"page_index": 0, "movie_id": "27158354", "title": "\u7ae5\u8bdd\u5148\u751f", "username": "\u638c\u706f\u8005", "user_id": "79970161", "rating": "\u8f83\u5dee", "date": "2020-02-06", "time": "18:53:15", "comment": "\u5728\u516d\u516c\u4e3b\u770b\u7684\u66f9\u64cd\u7684\u7247\uff0c\u6709\u70b9\u5fd2\u653f\u6cbb\u6b63\u786e\u4e86\uff0c\u53cd\u800c\u5047\u4e86", "useful_count": "0"},
{"page_index": 0, "movie_id": "27158354", "title": "\u7ae5\u8bdd\u5148\u751f", "username": "\u67b6\u7a7a\u5c11\u5973", "user_id": "4096669", "rating": "\u5f88\u5dee", "date": "2020-10-29", "time": "09:41:37", "comment": "\u5916\u56fd\u4eba\u5927\u53ef\u4e0d\u5fc5\u5927\u53ef\u4e0d\u5fc5\uff0c\u6beb\u65e0\u610f\u4e49\u3002\u56fd\u5185\u6587\u5316\u7684\u5dee\u5f02\u4e5f\u5f88\u5927\u3002\u603b\u7684\u6765\u8bf4\u6ca1\u8ddf\u4e0a\u7535\u5f71\u53d1\u5c55\u8d8b\u52bf\u3002", "useful_count": "0"},
{"page_index": 0, "movie_id": "27158354", "title": "\u7ae5\u8bdd\u5148\u751f", "username": "DHA\ud83e\udd17\u6c38\u6625\u65c5\u6e38\u4e13", "user_id": "209807810", "rating": "\u529b\u8350", "date": "2020-05-08", "time": "00:16:53", "comment": "\u516d\u516c\u4e3b\u8ba9\u8fd9\u90e8\u7535\u5f71\ud83c\udfac\u4e3a\u4eba\u6240\u77e5", "useful_count": "0"},
{"page_index": 0, "movie_id": "27158354", "title": "\u7ae5\u8bdd\u5148\u751f", "username": "\u65e0\u91cf\u900d\u9065\u54e5", "user_id": "133448114", "rating": "\u8f83\u5dee", "date": "2019-07-31", "time": "01:36:01", "comment": "\u5267\u672c\u6ca1\u95ee\u9898\uff0c\u53ef\u662f\u62cd\u7684\u70c2\uff0c\u6f14\u7684\u5676\u3002\u90fd\u4e0d\u77e5\u9053\u5bfc\u6f14\u7a76\u7adf\u60f3\u8868\u8fbe\u4ec0\u4e48\uff0c\u4e71\u4e03\u516b\u7cdf\uff0c\u56db\u5904\u5206\u6563\u3002", "useful_count": "0"},
{"page_index": 0, "movie_id": "27158354", "title": "\u7ae5\u8bdd\u5148\u751f", "username": "\u674e\u9065\u661f\u68a6", "user_id": "163952486", "rating": "\u529b\u8350", "date": "2018-12-14", "time": "01:44:46", "comment": "\u6211\u559c\u6b22lucky  \u548c\u7ae5\u8bdd\u91cc\u6c38\u4e0d\u653e\u5f03\u7684\u82f1\u96c4", "useful_count": "0"},
{"page_index": 0, "movie_id": "27158354", "title": "\u7ae5\u8bdd\u5148\u751f", "username": "\u9972\u517b\u5458\u5148\u68ee", "user_id": "155715551", "rating": "\u63a8\u8350", "date": "2017-10-25", "time": "08:26:01", "comment": "\u8fd8\u884c\u5427", "useful_count": "0"},
{"page_index": 0, "movie_id": "27158354", "title": "\u7ae5\u8bdd\u5148\u751f", "username": "\u9ea6\u5b50", "user_id": "btone0808", "rating": "\u5f88\u5dee", "date": "2017-12-11", "time": "15:33:34", "comment": "\u56fd\u4eba\u672c\u5c31\u7f3a\u4e4f\u652f\u6559\u7c7b\u5f71\u7247\u7684\u7ecf\u9a8c\uff0c\u66f4\u522b\u8bf4\u52a0\u4e00\u4e2a\u6b6a\u679c\u4ec1\uff0c\u89c2\u5f71\u4f53\u9a8c\u592a\u5dee\u4e86\uff1b\u8001\u8001\u5b9e\u5b9e\u4ece\u652f\u6559\u7eaa\u5f55\u7247\u5f00\u59cb\u5427\uff0c\u6ca1\u6709\u8fd9\u65b9\u9762\u7684\u771f\u5b9e\u7d20\u6750\u79ef\u7d2f\uff0c\u5bfc\u6f14\u4e5f\u771f\u6562\u62cd\uff0c\u4e0d\u80fd\u62cd\u8111\u888b\u60f3\u51fa\u6765\u662f\u4ec0\u4e48\u5c31\u662f\u4ec0\u4e48\u554a\uff01", "useful_count": "1"},
{"page_index": 0, "movie_id": "27158354", "title": "\u7ae5\u8bdd\u5148\u751f", "username": "\u563b\u563b\u5f17\u65af", "user_id": "Zero0919", "rating": "\u8fd8\u884c", "date": "2017-12-13", "time": "20:09:05", "comment": "\u5475\u5475\uff0c\u6ca1\u6df1\u5ea6", "useful_count": "1"},
{"page_index": 0, "movie_id": "27158354", "title": "\u7ae5\u8bdd\u5148\u751f", "username": "SX", "user_id": "1831746", "rating": "\u8f83\u5dee", "date": "2017-12-11", "time": "22:30:52", "comment": "\u5916\u56fd\u4eba\u5728\u519c\u6751", "useful_count": "0"},
{"page_index": 0, "movie_id": "27158354", "title": "\u7ae5\u8bdd\u5148\u751f", "username": "\u8803\u5b34\u7fb8\u8d62", "user_id": "131383344", "rating": "\u8f83\u5dee", "date": "2017-12-15", "time": "21:57:28", "comment": "\u5988\u5440\uff0c\u770b\u4e86\u4e00\u534a\u5c34\u5c2c\u5f97\u770b\u4e0d\u4e0b\u53bb\u4e86\u2026\u2026", "useful_count": "0"},
{"page_index": 0, "movie_id": "27158354", "title": "\u7ae5\u8bdd\u5148\u751f", "username": "\u5723\u6751\u9152\u4fdd", "user_id": "59387630", "rating": "\u8fd8\u884c", "date": "2017-12-13", "time": "01:34:42", "comment": "\u8fd9\u6837\u7684\u6545\u4e8b\uff0c\u53ea\u80fd\u8bf4\u771f\u7684\u662f\u4e2a\u7ae5\u8bdd\u3002\u5185\u5fc3\u53d8\u5316\u7684\u8868\u73b0\u5904\u7406\u5f97\u4e0d\u591f\u7ec6\u817b\uff0c\u56e0\u6b64\u65e0\u6cd5\u8ba9\u4eba\u4fe1\u670d\u3002", "useful_count": "0"},
{"page_index": 0, "movie_id": "27158354", "title": "\u7ae5\u8bdd\u5148\u751f", "username": "\u8c46\u53cb47605458", "user_id": "zsyzoey", "rating": "\u8fd8\u884c", "date": "2017-12-10", "time": "14:28:57", "comment": "\u6574\u4e2a\u6545\u4e8b\u4e0d\u591f\u5b8c\u5584\uff0c\u4f46\u662f\u5f88\u611f\u4eba", "useful_count": "0"},
{"page_index": 0, "movie_id": "27158354", "title": "\u7ae5\u8bdd\u5148\u751f", "username": "\u574f\u8bd7\u2728", "user_id": "ktallu", "rating": "\u8fd8\u884c", "date": "2019-01-28", "time": "23:05:28", "comment": "\u95f2\u7684\u6ca1\u4e8b\u70b9\u5f00\u7684... \u5973\u4e3b\u6f14\u6280\u6263\u4e00\u5206...", "useful_count": "0"},
{"page_index": 0, "movie_id": "27158354", "title": "\u7ae5\u8bdd\u5148\u751f", "username": "\u4e00\u6839\u70df\u7684\u65f6\u95f4", "user_id": "186037822", "rating": "\u8fd8\u884c", "date": "2019-12-02", "time": "11:29:48", "comment": "\u633a\u611f\u4eba\u7684\uff01", "useful_count": "0"},
{"page_index": 0, "movie_id": "27158354", "title": "\u7ae5\u8bdd\u5148\u751f", "username": "\u601d\u7130\u72c2\u821e", "user_id": "2253135", "rating": "\u8f83\u5dee", "date": "2017-12-17", "time": "01:05:33", "comment": "\u6d45\u6d45\u7684\u98d8\u8fc7\uff0c\u597d\u5c34\u5c2c\uff0c\u4e0d\u5c34\u5c2c\u7684\u65f6\u5019\u5df2\u7ecf\u6f14\u5b8c", "useful_count": "0"},
{"page_index": 0, "movie_id": "27158354", "title": "\u7ae5\u8bdd\u5148\u751f", "username": "arle", "user_id": "47805154", "rating": "\u8fd8\u884c", "date": "2017-11-03", "time": "23:56:43", "comment": "\u5267\u60c5\u751f\u642c\u786c\u5957\uff0c\u4e0d\u5207\u5b9e\u9645\u3002\u4e24\u9897\u661f\u7ed9\u5a03\u513f\u4eec\uff0c\u4e00\u9897\u661f\u7ed9\u5973\u4e3b\u7684\u989c\u3002", "useful_count": "0"},
{"page_index": 0, "movie_id": "27158354", "title": "\u7ae5\u8bdd\u5148\u751f", "username": "C'est La Vie", "user_id": "165347408", "rating": "\u8fd8\u884c", "date": "2017-10-24", "time": "12:31:35", "comment": "\u867d\u7136\u662f\u5c0f\u6210\u672c\u7535\u5f71  \u4f46\u5bfc\u6f14\u4e5f\u5f88\u5c3d\u529b\u4e86  \u4e3b\u9898\u4e0d\u9519  ", "useful_count": "8"},
{"page_index": 0, "movie_id": "27158354", "title": "\u7ae5\u8bdd\u5148\u751f", "username": "matchbox", "user_id": "qustwd", "rating": "\u8fd8\u884c", "date": "2017-12-11", "time": "22:48:43", "comment": "\u7ed3\u5c3e\u4e0d\u591f\u5706\u6ee1 \u4f3c\u4e4e\u751f\u6d3b\u5c31\u662f\u8fd9\u6837", "useful_count": "0"},
{"page_index": 0, "movie_id": "27158354", "title": "\u7ae5\u8bdd\u5148\u751f", "username": "\u5c0f\u5b9e", "user_id": "3495234", "rating": "\u5f88\u5dee", "date": "2017-12-12", "time": "10:48:36", "comment": "\u739b\u5fb7\u8fd9\u540d\u5b57\u53d6\u5f97\u68d2\u68d2\u54d2", "useful_count": "0"},
{"page_index": 0, "movie_id": "27158354", "title": "\u7ae5\u8bdd\u5148\u751f", "username": "\u5c0f\u50bb\u74dcDe\u840d\u840d", "user_id": "142050638", "rating": "\u529b\u8350", "date": "2018-01-29", "time": "04:16:52", "comment": "\u8fd9\u662f\u4e00\u4e2a\u73b0\u5b9e\u82f1\u96c4\uff0c\u4e5f\u662f\u4e00\u4e2a\u7ae5\u8bdd\u4e2d\u7684\u6076\u9b54\uff0c\u6700\u559c\u6b22\u5f71\u7247\u4e2d\u7684\u5c71\u5c71\u6c34\u6c34\uff0c\u90a3\u662f\u5927\u81ea\u7136\u7684\u7f8e\u8c8c\uff0c\u6734\u7d20\u5929\u771f\u7684\u5b69\u5b50\u6700\u4e3a\u53ef\u7231\uff0c\u90a3\u65f6\u7684\u7ae5\u5e74\u65e0\u5fe7\u65e0\u8651\uff0c\u7b80\u5355\u7684\u6559\u5ba4\u91cc\u5c3d\u662f\u6b22\u4e50\u3002\u5a03\u5a03\u4eec\u90fd\u559c\u6b22\u548c\u4ed6\u4e00\u8d77\u521b\u9020\u6545\u4e8b\uff0c\u6700\u540e\uff0c\u5728\u8fd9\u4e2a\u5c0f\u5c71\u6751\u521b\u9020\u51fa\u4e86\u771f\u7684\u597d\u6545\u4e8b\u3002", "useful_count": "0"},
{"page_index": 0, "movie_id": "27158354", "title": "\u7ae5\u8bdd\u5148\u751f", "username": "\u5c0f\u53ef\u7231\u5624\u5624\u5624", "user_id": "awwdxtm", "rating": "\u8fd8\u884c", "date": "2017-12-07", "time": "20:37:51", "comment": "\u6709\u4e24\u79d2\u949f\u60f3\u54ed  \u8fd8\u662f\u5fcd\u4f4f\u4e86", "useful_count": "0"},
{"page_index": 0, "movie_id": "27158354", "title": "\u7ae5\u8bdd\u5148\u751f", "username": "mano-fun", "user_id": "47197928", "rating": "\u8fd8\u884c", "date": "2017-12-13", "time": "08:42:45", "comment": "\u4e0d\u592a\u6df1\u523b \u4e0d\u8fc7\u72ec\u7acb\u7535\u5f71\u80fd\u62cd\u6210\u8fd9\u6837\uff0c\u503c\u5f97\u9f13\u52b1\u4e00\u4e0b", "useful_count": "0"},
{"page_index": 0, "movie_id": "27158354", "title": "\u7ae5\u8bdd\u5148\u751f", "username": "\u9e8b\u9e7f\u8ff7\u8def", "user_id": "163918708", "rating": "\u5f88\u5dee", "date": "2017-12-27", "time": "12:43:23", "comment": "\u5f88\u5047\u3002\u3002\u3002\u3002\u3002\u3002\u3002", "useful_count": "0"},
{"page_index": 0, "movie_id": "27158354", "title": "\u7ae5\u8bdd\u5148\u751f", "username": "\u5927\u559c\u95ea\u7535\u6ce2", "user_id": "184345847", "rating": "\u8fd8\u884c", "date": "2019-12-11", "time": "01:20:28", "comment": "\u6bcf\u4e2a\u4eba\u90fd\u6709\u81ea\u5df1\u7684\u7ae5\u8bdd\u4e16\u754c\u3002", "useful_count": "0"},
{"page_index": 0, "movie_id": "27158354", "title": "\u7ae5\u8bdd\u5148\u751f", "username": "-\u98fd\u98fd\u4ed9", "user_id": "162688791", "rating": "\u8fd8\u884c", "date": "2017-10-24", "time": "20:17:21", "comment": "\u7535\u5f71\u5267\u60c5\u5f88\u7b80\u5355\uff0c\u6ca1\u6709\u79bb\u5947\u3001\u66f2\u6298\u7684\u7684\u60c5\u8282\u8bbe\u8ba1\uff0c\u90fd\u662f\u4e00\u4e9b\u6734\u5b9e\u3001\u666e\u901a\u7684\u4e61\u6751\u751f\u6d3b\u573a\u666f\u3002\u4e0d\u8fc7\uff0c\u56e0\u4e3a\u6734\u5b9e\uff0c\u6240\u4ee5\u771f\u5b9e\u3002\u8fd9\u662f\u4e00\u90e8\u6709\u7455\u75b5\u7684\u7535\u5f71\u3002\u573a\u666f\u8c03\u5ea6\u751f\u6da9\uff0c\u5267\u672c\u4e0d\u591f\u4e25\u8c28\uff0c\u526a\u8f91\u4e0d\u591f\u6d41\u7545\u2026\u2026\u4f46\u5b83\u6253\u52a8\u4e86\u6211\u3002\u56e0\u4e3a\u5b83\u5f88\u771f\u5b9e\uff0c\u8fd8\u539f\u4e86\u4e00\u4e2a\u771f\u5b9e\u7684\u201c\u7a77\u4e61\u50fb\u58e4\u201d\u3002", "useful_count": "1"},
{"page_index": 0, "movie_id": "27158354", "title": "\u7ae5\u8bdd\u5148\u751f", "username": "\u516c\u5b50", "user_id": "52022745", "rating": "\u5f88\u5dee", "date": "2017-12-12", "time": "02:06:09", "comment": "\u8bf7\u4e2a\u5916\u56fd\u66f9\u64cd\u8fd8\u4e0d\u662f\u70c2\u7247", "useful_count": "1"},
{"page_index": 0, "movie_id": "27158354", "title": "\u7ae5\u8bdd\u5148\u751f", "username": "Allen", "user_id": "216295241", "rating": "\u8fd8\u884c", "date": "2020-05-04", "time": "20:51:30", "comment": "\u7535\u5f71\u592a\u8d76\u4e86", "useful_count": "0"},
{"page_index": 0, "movie_id": "27158354", "title": "\u7ae5\u8bdd\u5148\u751f", "username": "z", "user_id": "153903690", "rating": "\u8f83\u5dee", "date": "2017-12-16", "time": "19:42:13", "comment": "\u6545\u4e8b\u6bd4\u8f83\u8001\u5957\uff0c\u98ce\u666f\u4e0d\u9519\uff0c\u5c24\u5176\u4e2d\u90e8\u508d\u665a\u6e56\u8fb9\u6708\u5149\u5c71\u8272\u7f8e\u5f97\u597d\u50cf\u5047\u7684\u4e00\u6837\u3002", "useful_count": "0"},
{"page_index": 0, "movie_id": "27158354", "title": "\u7ae5\u8bdd\u5148\u751f", "username": "\u563f\u563f", "user_id": "155261153", "rating": "\u8fd8\u884c", "date": "2017-12-17", "time": "10:20:22", "comment": "\u4e2d\u56fd\u4e00\u822c\u7535\u5f71\u6700\u5927\u7684\u95ee\u9898\uff1a\u903b\u8f91\u4e0d\u4e25\u5bc6\uff0c\u3002\u4e0d\u77e5\u9053\u662f\u4e0d\u662f\u6587\u7406\u5206\u79d1\u9020\u6210\u7684\u3002", "useful_count": "0"},
{"page_index": 0, "movie_id": "27158354", "title": "\u7ae5\u8bdd\u5148\u751f", "username": "\u6df1\u84dd", "user_id": "54672341", "rating": "\u8f83\u5dee", "date": "2017-10-27", "time": "17:25:52", "comment": "\u5f88\u4e00\u822c\uff0c\u7535\u5f71\u8c03\u8272\u548c\u526a\u8f91\u5b9e\u5728\u592a\u5dee\u4e86\u3002", "useful_count": "0"},
{"page_index": 0, "movie_id": "27158354", "title": "\u7ae5\u8bdd\u5148\u751f", "username": "dino.", "user_id": "60304638", "rating": "\u5f88\u5dee", "date": "2020-05-06", "time": "13:26:22", "comment": "\uff1f\uff1f\uff1f\uff1f\uff1f\uff1f\uff1f\uff1f", "useful_count": "0"},
{"page_index": 0, "movie_id": "27158354", "title": "\u7ae5\u8bdd\u5148\u751f", "username": "\u5236\u7247\u4eba\u7adf\u7136", "user_id": "169458432", "rating": "\u529b\u8350", "date": "2017-11-12", "time": "20:35:40", "comment": "\u5f88\u597d\u770b\uff0c\u5c0f\u5b69\u5b50\u7b11\u5f97\u5f00\u5fc3", "useful_count": "0"},
{"page_index": 0, "movie_id": "27158354", "title": "\u7ae5\u8bdd\u5148\u751f", "username": "\u6a0a\u5c0f\u70e6", "user_id": "169213332", "rating": "\u5f88\u5dee", "date": "2018-01-21", "time": "15:35:47", "comment": "\u5f03\u3002", "useful_count": "0"},
{"page_index": 0, "movie_id": "27158354", "title": "\u7ae5\u8bdd\u5148\u751f", "username": "\u9a6c\u83f2\u4e9a", "user_id": "178473190", "rating": "\u5f88\u5dee", "date": "2018-06-03", "time": "00:18:46", "comment": "\u739b\u5fb7\u8fd9\u540d\u5b57\u53d6\u5f97\u68d2\u68d2\u54d2", "useful_count": "0"},
{"page_index": 0, "movie_id": "27158354", "title": "\u7ae5\u8bdd\u5148\u751f", "username": "\u83ab\u957f\u57ce", "user_id": "168362478", "rating": "\u63a8\u8350", "date": "2017-10-24", "time": "19:46:51", "comment": "\u83ab\u540d\u5176\u5999\u7684\u6cea\u70b9\u3002", "useful_count": "1"},
{"page_index": 0, "movie_id": "27158354", "title": "\u7ae5\u8bdd\u5148\u751f", "username": "\u963f\u6978", "user_id": "212764504", "rating": "\u63a8\u8350", "date": "2020-05-08", "time": "15:26:03", "comment": "\u4f5c\u4e3a\u7ae5\u8bdd\u6765\u8bf4\uff0c\u8fd8\u662f\u4e0d\u9519\u7684\n\u98ce\u666f\u548c\u6545\u4e8b\u6897\u6982\u90fd\u8fd8\u884c\n\u770b\u5b8c\u540e\u4f1a\u6709\u4e00\u79cd\u6e29\u60c5\uff0c\u4e5f\u8fd8\u80fd\u5f15\u53d1\u5173\u4e8e\u4e61\u6751\u632f\u5174\u7684\u601d\u8003\u3002", "useful_count": "0"},
{"page_index": 0, "movie_id": "27158354", "title": "\u7ae5\u8bdd\u5148\u751f", "username": "\u300eThe Best Wond", "user_id": "170842335", "rating": "\u529b\u8350", "date": "2017-12-10", "time": "14:16:56", "comment": "\u6709\u610f\u601d\uff0c\u63a5\u8fd1\u751f\u6d3b\uff0c\u6709\u4ee3\u5165\u611f\uff0c\u5267\u60c5\u7ed3\u6784\u5b8c\u6574", "useful_count": "0"},
{"page_index": 0, "movie_id": "27158354", "title": "\u7ae5\u8bdd\u5148\u751f", "username": "Quentin", "user_id": "145988595", "rating": "\u63a8\u8350", "date": "2017-12-08", "time": "00:20:16", "comment": "\u9898\u6750\u597d\uff0c\u7ed3\u5c3e\u6709\u4e9b\u8349\u8349\u6536\u573a\u7684\u611f\u89c9\uff0c\u867d\u7136\u7ed3\u5c3e\u4e5f\u5f88\u611f\u4eba\u3002", "useful_count": "0"},
{"page_index": 0, "movie_id": "27158354", "title": "\u7ae5\u8bdd\u5148\u751f", "username": "\u7ea2\u5c18\u4f3c\u68a6", "user_id": "170746311", "rating": "\u529b\u8350", "date": "2017-12-08", "time": "17:32:03", "comment": "\u597d\u770b\uff0c\u5f3a\u529b\u63a8\u8350", "useful_count": "0"}
]