[
{"page_index": 0, "movie_id": "28446693", "title": "\u843d\u7ed5", "username": "\u6492\u62d6", "user_id": "tuochacha", "rating": "\u5f88\u5dee", "date": "2019-03-25", "time": "15:04:25", "comment": "\u3002\u7f8e\u73e0\u7684\u5934\u53d1\u62cd\u5f97\u5f88\u7f8e\uff0c\u6211\u8fd8\u80fd\u8bf4\u5565", "useful_count": "0"},
{"page_index": 0, "movie_id": "28446693", "title": "\u843d\u7ed5", "username": "ikoshirly", "user_id": "1530155", "rating": "\u8f83\u5dee", "date": "2018-09-08", "time": "11:44:37", "comment": "\u53ef\u770b\u6027\u6709\u4e9b\u4f4e\uff0c\u8981\u662f\u62cd\u6210\u7eaa\u5f55\u7247\u5c31\u597d\u4e86\u3002", "useful_count": "0"},
{"page_index": 0, "movie_id": "28446693", "title": "\u843d\u7ed5", "username": "\u53ef\u53ef", "user_id": "vivianzhow", "rating": "\u8f83\u5dee", "date": "2019-02-09", "time": "15:26:35", "comment": "\u5355\u8c03\uff0c\u5947\u602a\u7684\u5267\u60c5", "useful_count": "0"},
{"page_index": 0, "movie_id": "28446693", "title": "\u843d\u7ed5", "username": "\u6240\u8c13", "user_id": "142106291", "rating": "\u63a8\u8350", "date": "2018-03-02", "time": "17:33:52", "comment": "\u90fd\u5e02\u4eba\u865a\u6784\u751f\u6d3b\uff0c\u7ed5\u91cc\u4eba\u9760\u672c\u80fd\u751f\u6d3b\u3002\u300a\u843d\u7ed5\u300b\u8ba9\u4eba\u4eec\u53d1\u73b0\u4e86\u8fd9\u4e2a\u6700\u665a\u88ab\u53d1\u73b0\u7684\u5c11\u6570\u6c11\u65cf\u90e8\u843d\u7684\u5b58\u5728\uff0c\u4e5f\u770b\u5230\u7684\u751f\u6d3b\u7684\u53e6\u4e00\u79cd\u53ef\u80fd\uff0c\u81ea\u7136\u3001\u8d85\u8131\u3001\u4e0d\u4e3a\u751f\u6d3b\u800c\u53bb\u751f\u6d3b\u3002\n ", "useful_count": "1"},
{"page_index": 0, "movie_id": "28446693", "title": "\u843d\u7ed5", "username": "\u4e13\u4e1a\u975e\u8ba4\u771f\u5237\u7247", "user_id": "137555231", "rating": "\u5f88\u5dee", "date": "2018-09-04", "time": "22:00:14", "comment": "\u5f00\u59cb\u8fd8\u4ee5\u4e3a\u662f\u7eaa\u5f55\u7247\u5462", "useful_count": "0"},
{"page_index": 0, "movie_id": "28446693", "title": "\u843d\u7ed5", "username": "\u58a8\u8272", "user_id": "46038574", "rating": null, "date": "2018-09-01", "time": "23:10:03", "comment": "\u5f53\u98ce\u666f\u7247\u770b\u4e0d\u9519\u3002\u6545\u4e8b\u6027\u592a\u5dee\uff0c\u4eba\u8bbe\u4e5f\u5dee\u3002\u5973\u4e3b\u662f\u5916\u9762\u62b1\u6765\u7684\uff0c\u5c31\u8fd9\u6837\u4e0d\u8ba4\u5979\u4e86\uff0c\u592a\u51b0\u51b7\u7684\u5be8\u5b50\u4e86\u3002\u4e0d\u8ba4\u5979\u4e86\u5979\u624d\u80fd\u542c\u4ece\u5185\u5fc3\uff0c\u4e0d\u7528\u63a5\u53d7\u5be8\u5b50\u4e60\u4fd7\u7684\u675f\u7f1a\u4e86\uff0c\u5012\u662f\u4e00\u4ef6\u597d\u4e8b\u3002\u6ca1\u6709\u4e00\u4e2a\u6f14\u5458\u6f02\u4eae\uff0c\u53ea\u80fd\u770b\u98ce\u666f\u4e86\u3002", "useful_count": "0"},
{"page_index": 0, "movie_id": "28446693", "title": "\u843d\u7ed5", "username": "\u5b7d\u597d", "user_id": "xiaoxuehaohao", "rating": "\u5f88\u5dee", "date": "2022-07-30", "time": "14:07:56", "comment": "\u8ff7\u4fe1\u7f62\u4e86", "useful_count": "0"},
{"page_index": 0, "movie_id": "28446693", "title": "\u843d\u7ed5", "username": "\u7f8e\u6210\u5999\u6210", "user_id": "2826239", "rating": "\u8f83\u5dee", "date": "2018-10-12", "time": "17:00:41", "comment": "\u6d3b\u6d3b\u574f\u4e86\u597d\u7d20\u6750", "useful_count": "0"},
{"page_index": 0, "movie_id": "28446693", "title": "\u843d\u7ed5", "username": "\u4e03\u4e2b\u5934", "user_id": "152517441", "rating": "\u5f88\u5dee", "date": "2019-03-09", "time": "21:04:46", "comment": "\u6700\u540e\u592a\u8fc7\u5de7\u5408\u4e86", "useful_count": "0"},
{"page_index": 0, "movie_id": "28446693", "title": "\u843d\u7ed5", "username": "\u725b\u4ed4\u9a6c\u6d1b", "user_id": "24461595", "rating": "\u8f83\u5dee", "date": "2018-03-03", "time": "02:33:19", "comment": "\u4e00\u5e2e\u5b50\u64cd\u7740\u6807\u51c6\u5317\u65b9\u666e\u901a\u8bdd\u751a\u81f3\u4e1c\u5317\u53e3\u97f3\u7684\u6f14\u5458 \u6f14\u8d35\u5dde\u6df1\u5c71\u957f\u89d2\u82d7 \u5c31\u8bf4\u5c2c\u4e0d\u5c2c \u51fa\u620f\u4e0d\u51fa\u620f \u8bf4\u662f\u4eba\u7c7b\u5b66\u89c6\u89d2 \u4f46\u4e60\u4fd7\u90e8\u5206\u7684\u5448\u73b0\u8fd8\u6709\u8bd5\u56fe\u8868\u73b0\u4e24\u79cd\u6587\u5316\u7684\u51b2\u7a81\u90fd\u633a\u6d6e\u4e8e\u8868\u9762\u7684 \u6545\u4e8b\u5185\u6838\u4e5f\u5c31\u662f\u4e2a\u666e\u901a\u4fd7\u5957\u7231\u60c5\u6545\u4e8b\u800c\u5df2", "useful_count": "1"},
{"page_index": 0, "movie_id": "28446693", "title": "\u843d\u7ed5", "username": "\u65bc\u9678", "user_id": "100328938", "rating": "\u8f83\u5dee", "date": "2018-09-07", "time": "23:00:05", "comment": "\u62cd\u51fa\u4e86\u53bf\u7ea7\u7535\u89c6\u53f0\u516c\u76ca\u5e7f\u544a\u7247\u7684\u6c34\u51c6", "useful_count": "0"},
{"page_index": 0, "movie_id": "28446693", "title": "\u843d\u7ed5", "username": "\u51c9\u98ce\u6709\u4fe1-\u59da", "user_id": "138577608", "rating": "\u5f88\u5dee", "date": "2018-10-19", "time": "22:17:28", "comment": "\u6bd4\u201c\u9010\u68a6\u201d\u597d\u770b\u4e00\u70b9\uff01", "useful_count": "0"},
{"page_index": 0, "movie_id": "28446693", "title": "\u843d\u7ed5", "username": "\u6e21\u751f", "user_id": "vikkehuang", "rating": "\u8f83\u5dee", "date": "2018-11-27", "time": "13:00:53", "comment": "\u628a\u592a\u591a\u7684\u7bc7\u5e45\u7528\u53bb\u63cf\u5199\u4e09\u4e2a\u7537\u5973\u7684\u611f\u60c5\u7ea0\u845b\uff0c\u5e76\u4e14\u8fd8\u6ca1\u6709\u63cf\u5199\u7684\u7ec6\u817b\u3002\u6bd4\u5982\uff0c\u4e3a\u4ec0\u4e48\u9e21\u9aa8\u6700\u540e\u6ca1\u6709\u5bf9\u4e0a\uff0c\u662f\u56e0\u4e3a\u8fd9\u4e2a\u9e21\u9aa8\u4e0d\u662f\u90a3\u4e2a\u5973\u5b69\u7684\u5417\uff1f\u8fd8\u662f\u5be8\u5b50\u4e0d\u63a5\u53d7\u672c\u65cf\u4eba\u5be8\u5b50\u5916\u901a\u5a5a\uff1f\u6807\u7740\u4eba\u7c7b\u5b66\u89d2\u5ea6\u63cf\u8ff0\u957f\u89d2\u82d7\u7684\u4f2a\u6587\u827a\u9762\u7eb1\uff0c\u672c\u8d28\u63cf\u8ff0\u7684\u4e3b\u6b21\u4e0d\u5206\uff0c\u4e00\u584c\u7cca\u6d82\u3002", "useful_count": "0"},
{"page_index": 0, "movie_id": "28446693", "title": "\u843d\u7ed5", "username": "SX", "user_id": "1831746", "rating": "\u8f83\u5dee", "date": "2018-08-30", "time": "09:13:48", "comment": "\u8fd8\u4e0d\u5982\u6574\u4e2a\u7eaa\u5f55\u7247\u597d\u597d\u4ecb\u7ecd\u4e00\u4e0b", "useful_count": "0"},
{"page_index": 0, "movie_id": "28446693", "title": "\u843d\u7ed5", "username": "\u91c7\u8587_Linda", "user_id": "13141333", "rating": "\u8f83\u5dee", "date": "2019-06-04", "time": "18:17:43", "comment": "\u56e0\u4e3a\u559c\u6b22\u8fd9\u4e2a\u5973\u6f14\u5458\u6240\u4ee5\u77a7\u77a7 \u8fd9\u6837\u7684\u7535\u5f71\u672c\u610f\u662f\u5f88\u597d\u7684 \u4f20\u64ad\u6c11\u65cf\u6587\u5316 \u53ef\u662f\u6545\u4e8b\u592a\u8584\u5f31\u4e86 \u7537\u5973\u4e3b\u611f\u60c5\u63a8\u8fdb\u592a\u5feb\u4e86\u5427 \u6700\u540e\u8fd8\u6765\u4e2a\u51cf\u6765\u7684\u5b69\u5b50\u7684\u6897 \u5509 \u7f3a\u4e2a\u597d\u5267\u672c", "useful_count": "0"},
{"page_index": 0, "movie_id": "28446693", "title": "\u843d\u7ed5", "username": "DarkStar", "user_id": "AnonymousK", "rating": "\u8f83\u5dee", "date": "2018-07-26", "time": "01:33:52", "comment": "3", "useful_count": "0"},
{"page_index": 0, "movie_id": "28446693", "title": "\u843d\u7ed5", "username": "\u84dd", "user_id": "141359550", "rating": "\u8f83\u5dee", "date": "2020-02-13", "time": "22:42:03", "comment": "\u5267\u60c5\u786c\u4f24 \u957f\u89d2\u4e0d\u9519", "useful_count": "0"},
{"page_index": 0, "movie_id": "28446693", "title": "\u843d\u7ed5", "username": "\u5600\u55d2555", "user_id": "124526172", "rating": "\u63a8\u8350", "date": "2018-02-03", "time": "16:58:25", "comment": "\u770b\u4e86\u70b9\u6620\u573a\uff0c\u603b\u4f53\u770b\u8bf4\u7b97\u662f\u8bda\u610f\u4e4b\u4f5c\u3002\u4ee5\u539f\u59cb\u90e8\u843d\u4e4b\u95f4\uff0c\u4e0d\u80fd\u4e92\u76f8\u901a\u5a5a\u4e3a\u4e00\u6761\u4e3b\u7ebf\uff0c\u6545\u4e8b\u53d9\u8ff0\u6bd4\u8f83\u6e05\u6670\uff0c\u90e8\u843d\u548c\u6c11\u65cf\u8fd9\u4e9b\u66f4\u6df1\u5c42\u6b21\u7684\u6545\u4e8b\u5e94\u8be5\u53ef\u4ee5\u66f4\u597d\u7684\u6316\u6398\u3002", "useful_count": "0"},
{"page_index": 0, "movie_id": "28446693", "title": "\u843d\u7ed5", "username": "kwps", "user_id": "1335362", "rating": "\u8f83\u5dee", "date": "2018-09-18", "time": "00:20:49", "comment": "\u97e9\u8001\u5e08\u7684\u6f14\u6280\u597d\u5047\uff0c\u5267\u60c5\u4e5f\u5f88\u8001\u5957\u3002\u6751\u5b50\u6c11\u98ce\u6df3\u6734\uff0c\u633a\u559c\u6b22\u7684\u3002", "useful_count": "0"},
{"page_index": 0, "movie_id": "28446693", "title": "\u843d\u7ed5", "username": "\u58a8\u5bf3", "user_id": "174433323", "rating": "\u529b\u8350", "date": "2018-04-09", "time": "10:12:01", "comment": "\u6c11\u65cf\u4f20\u7edf\u4e0e\u73b0\u4ee3\u6587\u660e\u7684\u78b0\u649e\uff0c\u73b0\u4ee3\u5316\u5bf9\u6c11\u65cf\u4f20\u627f\u7684\u51b2\u51fb\uff0c\u4e0d\u4e00\u6837\u7684\u7231\u60c5\u6545\u4e8b", "useful_count": "0"},
{"page_index": 0, "movie_id": "28446693", "title": "\u843d\u7ed5", "username": "\u51b0\u54e5", "user_id": "175033880", "rating": "\u63a8\u8350", "date": "2018-04-09", "time": "12:10:50", "comment": "\u5728\u90e8\u843d\u6587\u660e\u4e0e\u5916\u754c\u7684\u6587\u660e\u53d1\u751f\u4ea4\u6d41\u65f6\uff0c\u53c8\u5e94\u8be5\u600e\u4e48\u53bb\u63a5\u7eb3\u5916\u6765\u7684\u6587\u660e\uff0c\u8fd9\u672c\u6765\u5c31\u662f\u6709\u5f88\u591a\u7684\u65b9\u5f0f\u7684\uff01", "useful_count": "0"},
{"page_index": 0, "movie_id": "28446693", "title": "\u843d\u7ed5", "username": "\u62fe\u9152\u9152", "user_id": "175716109", "rating": "\u63a8\u8350", "date": "2018-04-10", "time": "11:37:51", "comment": "\u633a\u4e0d\u9519\u7684\u4e00\u90e8\u5f71\u7247\uff0c\u8bb2\u8ff0\u4e86\u82d7\u65cf\u7684\u4e00\u4e9b\u6587\u5316\u4e60\u4fd7\uff0c\u8bb0\u5f55\u4e86\u5f88\u591a\u6b63\u5728\u88ab\u4eba\u6240\u9057\u5fd8\u7684\u4e1c\u897f\u3002\u771f\u5e94\u8be5\u597d\u597d\u4fdd\u62a4\u548c\u4f20\u627f\u6211\u4eec\u90a3\u4e9b\u4f18\u79c0\u7684\u4f20\u7edf\u6587\u5316\uff01", "useful_count": "0"},
{"page_index": 0, "movie_id": "28446693", "title": "\u843d\u7ed5", "username": "\u53f8\u5bc7\u5c81\u8fb0", "user_id": "sikousuichen", "rating": "\u529b\u8350", "date": "2018-04-09", "time": "10:41:01", "comment": "\u5f71\u7247\u975e\u7b80\u5355\u7684\u5448\u73b0\u4e86\u4ed6\u4eec\u7684\u7231\u60c5\u6545\u4e8b\uff0c\u66f4\u591a\u7684\u662f\u5173\u4e8e\u6587\u5316\u7684\u4f20\u627f\uff0c\u5bf9\u4eba\u6027\u66f4\u6df1\u5c42\u6b21\u7684\u601d\u8003\uff0c\u5982\u679c\u662f\u4f60\uff0c\u4f60\u53c8\u4f1a\u600e\u4e48\u505a\u5462\uff1f\u5f3a\u70c8\u63a8\u8350", "useful_count": "0"},
{"page_index": 0, "movie_id": "28446693", "title": "\u843d\u7ed5", "username": "\u6cb3\u6d41\u822c\u7684\u5fe7\u90c1", "user_id": "170169639", "rating": "\u8fd8\u884c", "date": "2019-06-19", "time": "09:12:25", "comment": "\u636e\u79f0\u662f\u9996\u90e8\u4ece\u4eba\u7c7b\u5b66\u7684\u89d2\u5ea6\u5173\u6ce8\u82d7\u65cf\u72ec\u7279\u98ce\u4fd7\u7684\u7535\u5f71\uff0c\u4f46\u6545\u4e8b\u8bb2\u5f97\u5e76\u4e0d\u597d\u3002", "useful_count": "0"},
{"page_index": 0, "movie_id": "28446693", "title": "\u843d\u7ed5", "username": "\u4eca\u5929\u4e70\u8fa3\u6912\u4e86\u5417", "user_id": "155984325", "rating": "\u63a8\u8350", "date": "2018-09-15", "time": "21:03:44", "comment": "\u56e0\u4e3a\u91cc\u9762\u6709\u4e00\u4f4d\u559c\u6b22\u7684\u6f14\u5458\u624d\u770b\u7684\u3002\u5267\u60c5\u6709\u70b9\u8001\u5957\uff0c\u6545\u4e8b\u8d70\u5411\u5f88\u5bb9\u6613\u5c31\u731c\u5230\u4e86\u3002\u770b\u7535\u5f71\u7684\u65f6\u5019\u89c9\u5f97\u66f4\u50cf\u662f\u957f\u89d2\u82d7\u65cf\u90e8\u843d\u7684\u5ba3\u4f20\u7247\uff0c\u5c31\u6709\u60f3\u53bb\u5f53\u5730\u8d70\u4e00\u8d70\u7684\u5fc3\u3002\u76f8\u5bf9\u4e8e\u4e00\u4e9b\u7535\u5f71\u8fd8\u662f\u5f88\u503c\u5f97\u4e00\u770b\u7684\u3002", "useful_count": "0"},
{"page_index": 0, "movie_id": "28446693", "title": "\u843d\u7ed5", "username": "\u6bb5\u9053\u7384", "user_id": "dukeduan", "rating": "\u5f88\u5dee", "date": "2018-09-02", "time": "22:08:39", "comment": "\u4e71\u4e03\u516b\u7cdf\uff0c\u626f\u5f20\u864e\u76ae\u5f53\u5927\u65d7\uff0c\u8ddf\u4eba\u7c7b\u5b66\u6709\u6bdb\u5173\u7cfb\u3002\u5927\u70c2\u7247\u3002", "useful_count": "0"},
{"page_index": 0, "movie_id": "28446693", "title": "\u843d\u7ed5", "username": "Cake\u54e5", "user_id": "133661052", "rating": "\u63a8\u8350", "date": "2018-04-09", "time": "21:54:23", "comment": "\u539f\u59cb\u90e8\u843d\u6587\u5316\u80cc\u666f\u4e0b\u7684\u7231\u60c5\u6545\u4e8b\uff0c\u52fe\u52d2\u51fa\u82d7\u65cf\u805a\u96c6\u5730\u7684\u4eba\u6587\u60c5\u6000\uff0c\u5370\u8c61\u5341\u5206\u6df1\u523b\u3002", "useful_count": "0"},
{"page_index": 0, "movie_id": "28446693", "title": "\u843d\u7ed5", "username": "\u7098\u7098", "user_id": "170794048", "rating": "\u529b\u8350", "date": "2018-04-09", "time": "11:23:32", "comment": "\u559c\u6b22\u53e4\u8001\u800c\u795e\u79d8\u7684\u6545\u4e8b\uff0c\u6545\u4e8b\u60c5\u8282\u7d27\u51d1\uff0c\u6f14\u5458\u597d\u50cf\u662f\u65b0\u4eba\u2026", "useful_count": "0"},
{"page_index": 0, "movie_id": "28446693", "title": "\u843d\u7ed5", "username": "\u610f\u6c14\u98ce\u53d1", "user_id": "176408279", "rating": "\u529b\u8350", "date": "2018-04-09", "time": "10:12:53", "comment": "\u8ba9\u6211\u4eec\u53d1\u73b0\u4e86\u5c11\u6570\u6c11\u65cf\u7684\u5b58\u5728\uff0c\u4e5f\u770b\u5230\u4e86\u751f\u6d3b\u7684\u53e6\u4e00\u79cd\u53ef\u80fd\uff0c\u81ea\u7136\uff0c\u8d85\u8131\uff0c\u4e0d\u4e3a\u751f\u6d3b\u800c\u53bb\u751f\u6d3b\uff0c\u8ba9\u6211\u4eec\u8ba4\u8bc6\u5230\uff0c\u4e0d\u80fd\u4e00\u5473\u5730\u5f80\u524d\u770b\uff0c\u4e5f\u8981\u5f80\u56de\u770b\uff0c\u770b\u770b\u6211\u4eec\u66fe\u7ecf\u751f\u6d3b\u7684\u5730\u65b9\u3002\u8fdc\u5728\u5929\u8fb9\u4e4b\u5916\u7684\u6f02\u6cca\u8005\uff0c\u4f60\u8fd8\u8bb0\u5f97\u6545\u4e61\u5417\uff1f", "useful_count": "0"},
{"page_index": 0, "movie_id": "28446693", "title": "\u843d\u7ed5", "username": "hellogo", "user_id": "81080319", "rating": "\u8fd8\u884c", "date": "2018-10-01", "time": "17:14:06", "comment": "\u592a\u5de7\u5408\u4e86", "useful_count": "0"},
{"page_index": 0, "movie_id": "28446693", "title": "\u843d\u7ed5", "username": "\u6842\u82b1\u9171\u4e0e\u8377\u53f6\u7ca5", "user_id": "155514847", "rating": "\u8f83\u5dee", "date": "2018-03-04", "time": "11:33:48", "comment": "\u4ece\u5934\u5c2c\u5230\u5c3e\u2026\u2026\u8bf4\u7740\u666e\u901a\u8bdd\u8bb2\u82d7\u65cf\u6545\u4e8b\uff0c\u51b2\u7a81\u70b9\u4e0e\u6587\u5316\u7684\u5173\u7cfb\u6478\u4e0d\u7740\u5934\u8111\uff0c\u54ea\u91cc\u4eba\u7c7b\u5b66\u4e86\u2026\u2026\u4e5f\u8bb8\u6709\u8bda\u610f\uff0c\u4f46\u6700\u7ec8\u6210\u7247\u53ea\u662f\u62ab\u7740\u5404\u79cd\u5916\u8863\u7684\u5165\u95e8\u7ea7\u7231\u60c5\u6545\u4e8b\u3002", "useful_count": "1"},
{"page_index": 0, "movie_id": "28446693", "title": "\u843d\u7ed5", "username": "\u767d\u8863", "user_id": "174461967", "rating": "\u529b\u8350", "date": "2018-04-09", "time": "10:15:55", "comment": "\u8fd9\u90e8\u7535\u5f71\u8bb2\u8ff0\u4e86\u82d7\u65cf\u7684\u4e00\u4e2a\u5be8\u5b50\u53d1\u751f\u7684\u6545\u4e8b\uff0c\u4ece\u4ed6\u4eec\u5728\u9762\u5bf9\u5916\u754c\u7684\u6587\u5316\u51b2\u7a81\u548c\u79cd\u7fa4\u5185\u90e8\u78e8\u5408\u3001\u81ea\u6211\u8ba4\u77e5\u7684\u53d8\u5316\u7b49\u89d2\u5ea6\u53cd\u6620\u4e86\u82d7\u65cf\u7684\u53d1\u5c55\uff0c\u53c8\u52a0\u4e0a\u4e86\u7231\u60c5\u5143\u7d20\uff0c\u503c\u5f97\u4e00\u770b\u3002", "useful_count": "0"},
{"page_index": 0, "movie_id": "28446693", "title": "\u843d\u7ed5", "username": "danielzz", "user_id": "32489978", "rating": "\u8fd8\u884c", "date": "2018-09-02", "time": "19:32:19", "comment": "\u611f\u89c9\u662f\u4e0d\u5408\u683c\u7684\u65c5\u6e38\u5ba3\u4f20\u7247\u5427\uff0c\u7231\u60c5\u6545\u4e8b\u8fc7\u4e8e\u7b80\u5355\uff0c\u4e00\u5b9a\u4e0d\u662f\u771f\u5b9e\u7684\u3002", "useful_count": "0"},
{"page_index": 0, "movie_id": "28446693", "title": "\u843d\u7ed5", "username": "\u7af9\u5c45\u7136", "user_id": "170478331", "rating": "\u63a8\u8350", "date": "2018-04-09", "time": "12:09:13", "comment": "\u539f\u58f0\u6587\u660e\u4e0e\u5916\u9762\u7684\u6587\u660e\u51b2\u7a81\uff0c\u611f\u89c9\u8fd8\u662f\u4e00\u6837\u7684\u5207\u5165\u70b9\uff01\u53ea\u662f\u6f14\u7ece\u7684\u4e0d\u591f\u5f3a\u70c8\uff01", "useful_count": "0"},
{"page_index": 0, "movie_id": "28446693", "title": "\u843d\u7ed5", "username": "\u6e90\u6c0f\u7269\u8bed", "user_id": "177113757", "rating": "\u63a8\u8350", "date": "2018-04-10", "time": "12:05:18", "comment": "\u559c\u6b22\u8fd9\u79cd\u98ce\u683c\u7684\u7535\u5f71\uff0c\u53d9\u4e8b\u624b\u6cd5\u72ec\u7279\uff0c\u6587\u827a\u5f97\u6765\u53c8\u53d1\u4eba\u751f\u601d\u3002", "useful_count": "0"},
{"page_index": 0, "movie_id": "28446693", "title": "\u843d\u7ed5", "username": "\u5927\u6f20\u80e1\u6768", "user_id": "176408909", "rating": "\u529b\u8350", "date": "2018-04-10", "time": "12:12:56", "comment": "\u5f71\u7247\u5f88\u4e0d\u9519\uff0c\u5728\u5448\u73b0\u51fa\u5f88\u597d\u5267\u60c5\u7684\u540c\u65f6\uff0c\u4e5f\u8ba9\u6211\u4eec\u4e86\u89e3\u5230\u4e86\u5f53\u5730\u4eba\u7684\u751f\u6d3b\u4e60\u4fd7\u3002", "useful_count": "0"},
{"page_index": 0, "movie_id": "28446693", "title": "\u843d\u7ed5", "username": "zyzjhp_2001", "user_id": "85441212", "rating": "\u8f83\u5dee", "date": "2018-09-04", "time": "14:04:22", "comment": "\u5c11\u6570\u6c11\u65cf\u98ce\u60c5\u592a\u5c11", "useful_count": "0"},
{"page_index": 0, "movie_id": "28446693", "title": "\u843d\u7ed5", "username": "\u6d77\u8fde", "user_id": "176174358", "rating": "\u63a8\u8350", "date": "2018-04-09", "time": "12:12:32", "comment": "\u539f\u59cb\u7279\u8272\u7684\u751f\u6d3b\uff0c\u8fd9\u662f\u6700\u8003\u9a8c\u4eba\u6027\u7684\uff01\u4e00\u4e2a\u4eba\u80fd\u5426\u5b88\u4f4f\u81ea\u5df1\u7684\u6839\u662f\u975e\u5e38\u96be\u5f97\u7684\uff01", "useful_count": "0"},
{"page_index": 0, "movie_id": "28446693", "title": "\u843d\u7ed5", "username": "\u534a\u590f\u751f", "user_id": "174580576", "rating": "\u63a8\u8350", "date": "2018-04-09", "time": "17:54:58", "comment": "\u4e00\u90e8\u4e0d\u540c\u5473\u9053\u7684\u7eaf\u60c5\u6545\u4e8b\u7247\uff0c\u4e00\u8d77\u8d70\u8fdb\u8fd9\u90e8\u5f71\u7247\uff0c\u770b\u770b\u53d1\u751f\u5728\u82d7\u65cf\u4eba\u8eab\u4e0a\u7684\u795e\u79d8\u6545\u4e8b\uff0c\uff0c\uff0c", "useful_count": "0"},
{"page_index": 0, "movie_id": "28446693", "title": "\u843d\u7ed5", "username": "\u8282\u64cd\u4e4b\u738b", "user_id": "zorgliusicheng", "rating": "\u5f88\u5dee", "date": "2022-11-26", "time": "00:38:17", "comment": "\u50bb\u903c\u4eec\u662f\u4e0d\u662f\u5bf9\u4eba\u7c7b\u5b66\u7684\u89c6\u70b9\u9700\u8981\u626b\u76f2\u554a\u3002\u8fd9\u662f\u4eba\u7c7b\u5b66\u5f0f\u72d7\u8840\u743c\u7476\u60c5\u8282\u5267\u5427\uff1f\u975e\u5171\u8bc6\u6027\u7684\u5b64\u5c9b\u4e16\u5c45\u5730\u56fe\u666f\uff0c\u5178\u578b\u7684\u865a\u6784\u7ed3\u6784\u3002\u5c31\u522b\u8ddf\u6211\u5728\u8fd9\u91cc\u626f\u4ec0\u4e48\u65cf\u7fa4\u6587\u5316\u8d70\u51fa\u53bb\u4e86\u5427\u3002", "useful_count": "0"},
{"page_index": 0, "movie_id": "28446693", "title": "\u843d\u7ed5", "username": "\u5409\u5c0f\u6613", "user_id": "jijitou", "rating": "\u5f88\u5dee", "date": "2018-12-03", "time": "13:13:37", "comment": "\u539f\u672c\u60f3\u770b\u7c73\u82b1\u4e4b\u5473\u7684\uff0c\u7231\u5947\u827a\u4e0d\u77e5\u600e\u4e48\u7ed9\u8df3\u5230\u4e86\u8fd9\u90e8\uff0c\u5e76\u4e14\u6211\u8fd8\u6ca1\u6ce8\u610f\uff0c\u770b\u4e86\u534a\u4e2a\u5c0f\u65f6\u8d8a\u770b\u8d8a\u770b\u4e0d\u4e0b\u53bb\uff0c\u9000\u51fa\u6765\u4e00\u770b\u624d\u53d1\u73b0\u770b\u9519\u4e86\uff0c\u53ea\u80fd\u8bf4\uff0c\u8fd9\u90e8\u7535\u5f71\u771f\u7684\u662f\u770b\u4e0d\u4e0b\u53bb\u554a", "useful_count": "0"},
{"page_index": 0, "movie_id": "28446693", "title": "\u843d\u7ed5", "username": "\u9c7c\u5c0f\u6e38\u4e0d\u52a8", "user_id": "174840655", "rating": "\u63a8\u8350", "date": "2018-04-09", "time": "13:01:48", "comment": "\u6587\u5316\u7684\u51b2\u7a81\u4e0e\u610f\u8bc6\u7684\u51b2\u7a81\uff0c\u662f\u8d70\u51fa\u53bb\u8fd8\u662f\u58a8\u5b88\u6210\u89c4\uff0c\u9009\u62e9\u4e0e\u7ed3\u679c\u662f\u5426\u90fd\u80fd\u4e24\u5168\u5176\u7f8e\uff1f", "useful_count": "0"},
{"page_index": 0, "movie_id": "28446693", "title": "\u843d\u7ed5", "username": "December", "user_id": "can1210", "rating": "\u8fd8\u884c", "date": "2018-08-29", "time": "11:17:06", "comment": "\u4ee5\u5c11\u6570\u6c11\u65cf\u4e3a\u80cc\u666f\u7684\u7231\u60c5\u6545\u4e8b\u3002\u5f88\u60f3\u77e5\u9053\u6700\u540e\u7684\u5bf9\u9e21\u9aa8\u662f\u4ec0\u4e48\u610f\u601d\uff1f\u600e\u4e48\u6837\u7b97\u5bf9\u4e0a\uff1f", "useful_count": "0"},
{"page_index": 0, "movie_id": "28446693", "title": "\u843d\u7ed5", "username": "\u738b\u60a6\u6b22", "user_id": "174433762", "rating": "\u8fd8\u884c", "date": "2021-08-08", "time": "22:02:15", "comment": "\u7ed9\u5c11\u6570\u6c11\u65cf\u4e00\u661f\uff0c\u7ed9\u98ce\u666f\u4e00\u661f\u3002\u5982\u679c\u7528\u65b9\u8a00\u5bf9\u8bdd\u5c31\u597d\u4e86\u3002\u666e\u901a\u8bdd\u8bf4\u65b9\u8a00\u8bcd\u6c47\u6709\u70b9\u5947\u602a\u3002\u5267\u60c5\u4e0d\u548b\u5730", "useful_count": "0"},
{"page_index": 0, "movie_id": "28446693", "title": "\u843d\u7ed5", "username": "dorary", "user_id": "dorary", "rating": "\u5f88\u5dee", "date": "2018-10-17", "time": "20:18:48", "comment": "\u6ca1\u4ec0\u4e48\u610f\u601d\u7684\u7247\u5b50\u3002\u3002\u9970\u6f14\u97e9\u5fd7\u7684\u90a3\u4e2a\u6f14\u5458\u3002\u3002\u3002\u9f3b\u5b50\u592a\u5947\u602a\u4e86\u3002\u3002\u54c8\u54c8\u54c8\u54c8", "useful_count": "0"},
{"page_index": 0, "movie_id": "28446693", "title": "\u843d\u7ed5", "username": "\u85cf\u67ef", "user_id": "152356159", "rating": "\u63a8\u8350", "date": "2018-04-10", "time": "11:45:47", "comment": "\u4e0d\u662f\u6211\u559c\u6b22\u7684\u7231\u60c5\u3002\u4f46\u662f\u5f88\u559c\u6b22\u8fd9\u6837\u5c55\u793a\u6c11\u4fd7\u4e0e\u6c11\u65cf\u98ce\u60c5\u7684\u4e1c\u897f\uff0c\u559c\u6b22\u5728\u4ef7\u503c\u89c2\u7684\u78b0\u649e\u4e2d\u5e26\u52a8\u601d\u7ef4\u7684\u706b\u82b1\u3002\u671f\u5f85\u6709\u66f4\u591a\u66f4\u597d\u7684\u5f71\u7247\u3002", "useful_count": "0"},
{"page_index": 0, "movie_id": "28446693", "title": "\u843d\u7ed5", "username": "\u591c\u6cf1", "user_id": "176409865", "rating": "\u63a8\u8350", "date": "2018-04-09", "time": "10:06:44", "comment": "\u5173\u4e8e\u5c11\u6570\u6c11\u65cf\u7684\u6587\u5316\u4ecb\u7ecd\u7684\u975e\u5e38\u8be6\u7ec6\uff0c\u6709\u7279\u6b8a\u7684\u97f5\u5473\uff0c\u975e\u5e38\u503c\u5f97\u89c2\u770b", "useful_count": "0"},
{"page_index": 0, "movie_id": "28446693", "title": "\u843d\u7ed5", "username": "\u5b59\u6587\u6ce2", "user_id": "121603090", "rating": "\u5f88\u5dee", "date": "2018-11-16", "time": "23:37:49", "comment": "\u5475\u5475", "useful_count": "0"},
{"page_index": 0, "movie_id": "28446693", "title": "\u843d\u7ed5", "username": "daytoosoon", "user_id": "171507227", "rating": "\u63a8\u8350", "date": "2018-03-03", "time": "12:33:06", "comment": "\n\u6587\u5316\u51b2\u7a81\u6ca1\u90a3\u4e48\u6df1\u523b\uff0c\u770b\u5f97\u6211\u5fc3\u91cc\u53d1\u75d2\u3002\u4f60\u8981\u8868\u8fbe\u4f60\u8981\u7a81\u51fa\u4e3b\u9898\u4f60\u5c31\u597d\u597d\u62cd\u554a\uff0c\u4e3a\u5565\u8ba9\u4eba\u89c9\u5f97\u8fd9\u5bfc\u6f14\u5fc3\u6709\u4f59\u800c\u529b\u4e0d\u8db3\u5462\u3002\u8fd8\u662f\u86ee\u559c\u6b22\u7537\u5973\u4e3b\u89d2\u7684\u3002\u4ee5\u4e3a\u8fd9\u4e2a\u5be8\u5b50\u771f\u7684\u662f\u8ddf\u5916\u754c\u8054\u7cfb\u4e0d\u591a\u7684\u5be8\u5b50\u3002\u53ef\u7535\u5f71\u91cc\u7684\u573a\u666f\u65e0\u4e0d\u900f\u9732\u7740\u4e00\u79cd\u8ff9\u8c61: \u8fd9\u5730\u65b9\u65c5\u6e38\u4e1a\u53d1\u5c55\u5f97\u4e0d\u9519\u3002\u4f46\u662f\u8fd9\u6837\u7684\u9898\u6750\u8fd8\u662f\u503c\u5f97\u6df1\u6316\uff0c\u503c\u5f97\u8ba9\u5168\u4e16\u754c\u53bb\u4e86\u89e3\u7684\u3002", "useful_count": "0"},
{"page_index": 0, "movie_id": "28446693", "title": "\u843d\u7ed5", "username": "\u5c0f\u6dd8\u6c14", "user_id": "40190290", "rating": "\u8fd8\u884c", "date": "2018-09-20", "time": "15:40:11", "comment": "65", "useful_count": "0"},
{"page_index": 0, "movie_id": "28446693", "title": "\u843d\u7ed5", "username": "Elwinyeats", "user_id": "46214488", "rating": null, "date": "2020-01-20", "time": "16:42:04", "comment": "\uff1f\uff1f\uff1f", "useful_count": "0"},
{"page_index": 0, "movie_id": "28446693", "title": "\u843d\u7ed5", "username": "\u6613\u65e0\u5fe7", "user_id": "169731261", "rating": "\u63a8\u8350", "date": "2018-04-09", "time": "11:27:29", "comment": "\u5168\u7a0b\u666e\u901a\u8bdd\u7a0d\u5fae\u6709\u70b9\u51fa\u620f\uff0c\u4f46\u662f\u53cd\u8fc7\u6765\u8bf4\uff0c\u5982\u679c\u662f\u5c11\u6570\u6c11\u65cf\u8bed\u8a00\uff0c\u770b\u5b57\u5e55\u4e5f\u592a\u7d2f\u4e86\u2026\u6f14\u6280\u4e0d\u9519\uff0c\u70b9\u8d5e\uff01", "useful_count": "0"},
{"page_index": 0, "movie_id": "28446693", "title": "\u843d\u7ed5", "username": "\u6c90\u96ea\u513f", "user_id": "167503701", "rating": "\u529b\u8350", "date": "2018-04-09", "time": "10:13:13", "comment": "\u770b\u8fc7\u4e4b\u540e\uff0c\u9707\u64bc\u7279\u5927\uff0c\u5c11\u6570\u6c11\u65cf\u611f\u4eba\u6545\u4e8b\uff0c\u7279\u522b\u597d\u770b\uff0c\u5982\u679c\u6709\u673a\u4f1a\u4f1a\u518d\u53bb\u770b\u7684\u3002", "useful_count": "0"},
{"page_index": 0, "movie_id": "28446693", "title": "\u843d\u7ed5", "username": "\u4e66\u9999\u6709\u95e8\u7b2c", "user_id": "175532634", "rating": "\u529b\u8350", "date": "2018-04-10", "time": "09:47:53", "comment": "\u5c11\u6570\u6c11\u65cf\u7684\u6587\u5316\u4e5f\u662f\u4e00\u79cd\u4f20\u627f\uff0c\u5f18\u626c\u6587\u5316\u7684\u7535\u5f71\u503c\u5f97\u8d5e\u626c\u3002", "useful_count": "0"},
{"page_index": 0, "movie_id": "28446693", "title": "\u843d\u7ed5", "username": "\u672a\u679c", "user_id": "172550522", "rating": "\u529b\u8350", "date": "2018-04-09", "time": "10:11:00", "comment": "\u5f53\u521d\u5927\u5b66\u5dee\u70b9\u62a5\u5f80\u516d\u76d8\u6c34\uff0c\u73b0\u5728\u80fd\u591f\u770b\u770b\u516d\u76d8\u6c34\u7684\u4eba\u6587\u98ce\u60c5\u4e5f\u662f\u8db3\u77e3\u89e3\u61be\uff0c\u65e5\u540e\u5e94\u8be5\u4f1a\u53bb\u516d\u76d8\u6c34\u65c5\u6e38\u3002", "useful_count": "0"},
{"page_index": 0, "movie_id": "28446693", "title": "\u843d\u7ed5", "username": "\u5bd2\u591c\u95fb\u971c\u7b11\u715e\u4eba", "user_id": "181154447", "rating": "\u5f88\u5dee", "date": "2018-09-15", "time": "09:15:40", "comment": "\u83ab\u660e\u5947\u5999\u7684\u7231\u60c5\uff0c\u683c\u683c\u4e0d\u5165\u620f\u7684\u6f14\u5458\uff0c\u4e0d\u77e5\u6240\u8c13\u7684\u6545\u4e8b\u3002", "useful_count": "0"},
{"page_index": 0, "movie_id": "28446693", "title": "\u843d\u7ed5", "username": "\u7231\u8bfb\u4e66\u7684\u864e\u6251\u599e", "user_id": "132875170", "rating": "\u529b\u8350", "date": "2018-04-09", "time": "10:45:34", "comment": "\u7f8e\u4e3d\u7684\u666f\u8272\uff0c\u7eda\u4e3d\u7684\u9633\u5149\uff0c\u53ef\u7231\u7684\u5973\u4e3b\u89d2\u548c\u6d6a\u6f2b\u7684\u7231\u60c5\uff0c\u5e7b\u5883\u4e00\u751f\uff0c\u751f\u5982\u5e7b\u5883\u3002", "useful_count": "0"},
{"page_index": 0, "movie_id": "28446693", "title": "\u843d\u7ed5", "username": "\u66f2\u4e8c\u5148\u751f", "user_id": "176300027", "rating": "\u63a8\u8350", "date": "2018-04-10", "time": "12:47:20", "comment": "\u8fd9\u79cd\u9898\u6750\u7684\u7535\u5f71\u786e\u5b9e\u8ba9\u4eba\u8033\u76ee\u4e00\u65b0\uff0c\u4f5c\u4e3a\u4e00\u4e2a\u82d7\u65cf\u7684\u516c\u6c11\uff0c\u771f\u7684\u662f\u5f88\u60ca\u559c\u3002\u6709\u70b9\u795e\u79d8\u7684\u611f\u89c9\uff0c\u603b\u4f53\u5f88\u8212\u670d\u7684\u4e00\u4e2a\u6b89\u60c5\u3002", "useful_count": "0"},
{"page_index": 0, "movie_id": "28446693", "title": "\u843d\u7ed5", "username": "\u674e\u5fc6", "user_id": "171276702", "rating": "\u529b\u8350", "date": "2018-04-16", "time": "08:53:10", "comment": "\u6c11\u65cf\u7684\u624d\u662f\u4e16\u754c\u7684  \u5e0c\u671b\u53ef\u4ee5\u7ecf\u5f97\u8d77\u65f6\u95f4\u7684\u68c0\u9a8c  \u7ec8\u7a76\u88ab\u5386\u53f2\u53d1\u73b0\u5427", "useful_count": "0"},
{"page_index": 0, "movie_id": "28446693", "title": "\u843d\u7ed5", "username": "\u8d1d\u58f3\u53d4", "user_id": "171057425", "rating": "\u529b\u8350", "date": "2018-04-09", "time": "14:45:24", "comment": "\u4ee5\u82d7\u65cf\u4e3a\u80cc\u666f\u7684\u7eaa\u5f55\u7247\uff0c\u770b\u8fc7\u4e4b\u540e\u5341\u5206\u9707\u64bc\u4eba\u5fc3\uff0c\u7279\u522b\u63a8\u8350\u3002", "useful_count": "0"},
{"page_index": 0, "movie_id": "28446693", "title": "\u843d\u7ed5", "username": "\u8fbe\u4ee4\u8fbe\u4ee4\u8fbe\u4ee4\u8fbe", "user_id": "148829857", "rating": "\u8fd8\u884c", "date": "2020-02-26", "time": "18:02:23", "comment": "\u88ab\u9996\u90e8\u4ece\u4eba\u7c7b\u5b66\u89d2\u5ea6\u5448\u73b0\u4e2d\u56fd\u957f\u89d2\u82d7\u65cf\u4e60\u4fd7\u9a97\u8fdb\u6765\u7684\u2026\u2026\u8bb2\u7684\u5176\u5b9e\u662f\u4e00\u4e2a\u82d7\u65cf\u59d1\u5a18\u6551\u4e86\u53d7\u4f24\u7684\u6709\u94b1\u516c\u5b50\u5e76\u4e14\u76f8\u604b\u7684\u6545\u4e8b\u3002\u770b\u5b8c\u89c9\u5f97\u548c\u4eba\u7c7b\u5b66\uff0c\u4e60\u4fd7\u6ca1\u6709\u534a\u6bdb\u94b1\u5173\u7cfb\u3002\u5e94\u8be5\u62cd\u5f97\u66f4\u597d\u4e00\u70b9\uff0c\u6bd4\u5982\u8bf4\u82d7\u65cf\u4eba\u7684\u751f\u6d3b\uff0c\u8863\u98df\u4f4f\u884c\uff0c\u5a5a\u4e27\u5ac1\u5a36\u2026\u2026", "useful_count": "0"},
{"page_index": 0, "movie_id": "28446693", "title": "\u843d\u7ed5", "username": "\u5c0f\u7b28\u624b\ud83c\udde8\ud83c\uddf3Yolanda", "user_id": "157083683", "rating": "\u8fd8\u884c", "date": "2018-09-02", "time": "12:11:06", "comment": "\u8bd7\u5199\u7684\u4e00\u822c", "useful_count": "0"},
{"page_index": 0, "movie_id": "28446693", "title": "\u843d\u7ed5", "username": "\u523b\u9aa8\u94ed\u5fc3\u7684\u7e41\u534e", "user_id": "171950065", "rating": "\u8fd8\u884c", "date": "2018-04-09", "time": "10:46:02", "comment": "\u4eba\u6027\u5728\u957f\u671f\u6076\u52a3\u751f\u5b58\u73af\u5883\u4e2d\uff0c\u662f\u5982\u4f55\u5f62\u6210\u7684\u81ea\u6211\u4fdd\u62a4\u610f\u8bc6\uff1f\u9700\u8981\u600e\u6837\u7684\u65cf\u7fa4\u8ba4\u540c\u548c\u53d6\u6696\u65b9\u5f0f\uff0c\u624d\u53ef\u4ee5\u7a7f\u8fc7\u5343\u5e74\u5386\u53f2\u6cbf\u9769\uff0c\u8d70\u5230\u6211\u4eec\u8ddf\u524d\u3002", "useful_count": "0"},
{"page_index": 0, "movie_id": "28446693", "title": "\u843d\u7ed5", "username": "\u77e5\u767d", "user_id": "175229694", "rating": "\u63a8\u8350", "date": "2018-04-09", "time": "10:43:36", "comment": "\u4e00\u76f4\u5f88\u559c\u6b22\u8fd9\u7c7b\u8bb2\u8ff0\u5c11\u6570\u6c11\u65cf\u9898\u6750\u7684\u7535\u5f71\u548c\u4e66\u7c4d\uff0c\u8fd9\u90e8\u7535\u5f71\u5f88\u7528\u5fc3\uff0c\u5f3a\u529b\u63a8\u8350", "useful_count": "0"},
{"page_index": 0, "movie_id": "28446693", "title": "\u843d\u7ed5", "username": "\u4e71\u4e71\u4e0d\u5c0f\u5fc3\u5931\u5fc6", "user_id": "129009708", "rating": "\u8f83\u5dee", "date": "2020-01-14", "time": "14:07:14", "comment": "\u8fd9\u8bb2\u6545\u4e8b\u8bb2\u7684\uff0c\u5e7c\u513f\u56ed\u7ea7\u522b\uff0c\u6545\u4e8b\u75d5\u8ff9\u592a\u5389\u5bb3\u4e86\uff0c\u5c31\u5f53\u770b\u770b\u6c11\u65cf\u670d\u9970\u4ec0\u4e48\u7684\u5427", "useful_count": "0"},
{"page_index": 0, "movie_id": "28446693", "title": "\u843d\u7ed5", "username": "\u5feb\u4e50\u7684\u732a", "user_id": "174819131", "rating": "\u63a8\u8350", "date": "2018-04-09", "time": "18:39:45", "comment": "\u8003\u8651\u5230\u89c2\u4f17\u542c\u4e0d\u61c2\u6c11\u65cf\u90e8\u843d\u7684\u8bed\u8a00\u6240\u4ee5\u7528\u4e86\u666e\u901a\u8bdd\u3002\u662f\u5bf9\u6c11\u4fd7\uff0c\u53e4\u8001\u548c\u73b0\u4ee3\u51b2\u7a81\u7684\u6df1\u601d", "useful_count": "0"},
{"page_index": 0, "movie_id": "28446693", "title": "\u843d\u7ed5", "username": "\u5feb\u4e50\u7684\u732a\u732a", "user_id": "175616493", "rating": "\u63a8\u8350", "date": "2018-04-09", "time": "10:31:30", "comment": "\u8bb2\u8ff0\u7684\u662f\u4e2d\u56fd\u53e4\u8001\u5c11\u6570\u6c11\u65cf\u7684\u4e8b\u60c5\u3002\u5f15\u53d1\u5bf9\u4e8e\u53e4\u8001\u6c11\u65cf\uff0c\u53e4\u8001\u6587\u5316\u7684\u4f20\u627f\uff0c\u4ee5\u53ca\u53e4\u8001\u4e0e\u73b0\u4ee3\u793e\u4f1a\u51b2\u7a81\u7684\u6df1\u601d", "useful_count": "0"},
{"page_index": 0, "movie_id": "28446693", "title": "\u843d\u7ed5", "username": "\u4ed6\u59d3\u5f20", "user_id": "160798579", "rating": "\u63a8\u8350", "date": "2018-04-09", "time": "10:45:05", "comment": "\u4eba\u6027\u5728\u957f\u671f\u6076\u52a3\u751f\u5b58\u73af\u5883\u4e2d\uff0c\u662f\u5982\u4f55\u5f62\u6210\u7684\u81ea\u6211\u4fdd\u62a4\u610f\u8bc6\uff1f\u9700\u8981\u600e\u6837\u7684\u65cf\u7fa4\u8ba4\u540c\u548c\u53d6\u6696\u65b9\u5f0f\uff0c\u624d\u53ef\u4ee5\u7a7f\u8fc7\u5343\u5e74\u5386\u53f2\u6cbf\u9769\uff0c\u8d70\u5230\u6211\u4eec\u8ddf\u524d\u3002", "useful_count": "0"}
]