[
{"page_index": 0, "movie_id": "26828415", "title": "\u9752\u662524\u79d2", "username": "\u65e0\u804a", "user_id": "150948299", "rating": "\u8f83\u5dee", "date": "2018-05-07", "time": "22:35:23", "comment": "\u867d\u7136\u5267\u60c5\u5957\u8def\u739b\u4e3d\u82cf\uff0c\u6f14\u6280\u4e5f\u5c34\u5c2c\uff0c\u53ef\u6709\u7684\u53f0\u8bcd\u8fd8\u884c", "useful_count": "0"},
{"page_index": 0, "movie_id": "26828415", "title": "\u9752\u662524\u79d2", "username": "\u68b5\u9ad8\u5148\u751f", "user_id": "152098833", "rating": "\u63a8\u8350", "date": "2018-05-03", "time": "21:36:55", "comment": "\u56e0\u4e3a\u5728\u7ecd\u5174\u62cd\u7684", "useful_count": "0"},
{"page_index": 0, "movie_id": "26828415", "title": "\u9752\u662524\u79d2", "username": "\u5927\u738b\u53eb\u6211\u6765\u5de1\u5c71", "user_id": "chloeqx", "rating": null, "date": "2018-04-04", "time": "18:59:25", "comment": "\u5988\u5440 \u96be\u9053\u4f60\u4eec\u7684\u9752\u6625\u90fd\u7528\u6765\u6253\u7403\u4e86\u5417 \u6211\u7684\u9752\u6625\u90fd\u7528\u6765\u5b66\u4e60\u4e86 \u4e3a\u4ec0\u4e48\u4e0d\u62cd\u4e00\u4e2a\u9752\u662545\u5206\u949f", "useful_count": "0"},
{"page_index": 0, "movie_id": "26828415", "title": "\u9752\u662524\u79d2", "username": "pauper", "user_id": "41158884", "rating": "\u5f88\u5dee", "date": "2018-05-18", "time": "16:42:44", "comment": "\u95eb\u9732\u5a22\u597d\u50cf\u738b\u9e25\uff0c\u4e8e\u5609\u7684\u4e71\u5165\u53ef\u4ee5\u6709...", "useful_count": "0"},
{"page_index": 0, "movie_id": "26828415", "title": "\u9752\u662524\u79d2", "username": "\u5899\u5bf9\u5899\u8bf4", "user_id": "172686941", "rating": "\u5f88\u5dee", "date": "2018-05-15", "time": "16:42:22", "comment": "\u4ece\u6ca1\u770b\u8fc7\u8fd9\u4e48\u5047\u8fd9\u4e48\u61d2\u7684\u7247\u5b50", "useful_count": "1"},
{"page_index": 0, "movie_id": "26828415", "title": "\u9752\u662524\u79d2", "username": "\u9ea6\u5b50", "user_id": "btone0808", "rating": "\u5f88\u5dee", "date": "2018-05-11", "time": "09:48:35", "comment": "\u9752\u6625\u5267\u5c31\u5269\u4e0b\u989c\u503c\u548c\u5e7c\u7a1a\u53f0\u8bcd\u4e86\uff0c\u7684\u786e\u662f\u6709\u8da3\u7684\u7075\u9b42\u592a\u5c11", "useful_count": "0"},
{"page_index": 0, "movie_id": "26828415", "title": "\u9752\u662524\u79d2", "username": "\u65af\u5766\u5229\u2022\u8d75", "user_id": "1001195", "rating": "\u8f83\u5dee", "date": "2018-05-07", "time": "00:06:37", "comment": "\u9752\u6625\u7247\u4e0d\u662f\u5e94\u8be5\u5f88\u70ed\u8840\u561b\uff1f\u600e\u4e48\u4f1a\u8fd9\u4e48\u65e0\u804a\u3002", "useful_count": "0"},
{"page_index": 0, "movie_id": "26828415", "title": "\u9752\u662524\u79d2", "username": "\u5317\u57ce\u6709\u5357\u7b19", "user_id": "115230957", "rating": "\u5f88\u5dee", "date": "2020-03-14", "time": "14:22:26", "comment": "\u771f\u662f\u7edd\u4e86\u6211\u7684\u5929 \u6559\u7ec3\u597d\u7f8e \u5973\u4e3b\u597d\u4e11 \u9ec4\u4fca\u6377\u5e05\u7684 \u4f46\u662f\u53f0\u8bcd\u771f\u7684\u592a\u5c34\u5c2c\u4e86", "useful_count": "0"},
{"page_index": 0, "movie_id": "26828415", "title": "\u9752\u662524\u79d2", "username": "LHBATDB", "user_id": "151931265", "rating": "\u8f83\u5dee", "date": "2018-05-27", "time": "00:22:58", "comment": "24\u79d2\uff0c\u633a\u7537\u4eba\u7684\u3002", "useful_count": "0"},
{"page_index": 0, "movie_id": "26828415", "title": "\u9752\u662524\u79d2", "username": "\u597d\u5b66\u7684\u53f6\u5c3e", "user_id": "191973321", "rating": "\u8f83\u5dee", "date": "2021-10-01", "time": "15:25:49", "comment": "\u8865\u8bb0\uff1a\u8c28\u4ee5\u6b64\u7eaa\u5ff5\u6211\u7684\u9ad8\u4e2d\u6bcd\u6821", "useful_count": "0"},
{"page_index": 0, "movie_id": "26828415", "title": "\u9752\u662524\u79d2", "username": "\u4e03\u4e2b\u5934", "user_id": "152517441", "rating": "\u5f88\u5dee", "date": "2018-11-25", "time": "16:46:32", "comment": "\u5267\u60c5\u739b\u4e3d\u82cf\uff0c\u6f14\u6280\u8d85\u5c34\u5c2c", "useful_count": "0"},
{"page_index": 0, "movie_id": "26828415", "title": "\u9752\u662524\u79d2", "username": "\u4e9a\u4e9a\u4e9a\u4e9a\u4e9a", "user_id": "50043116", "rating": "\u5f88\u5dee", "date": "2020-07-26", "time": "15:34:26", "comment": "\u54c8\u54c8\u54c8\u54c8\u54c8\u54c8\u54c8\u597d\u65e0\u804a\u554a\uff0c\u4e00\u661f\u7ed9\u5e74\u8f7b\u7684\u5c0f\u9ec4", "useful_count": "1"},
{"page_index": 0, "movie_id": "26828415", "title": "\u9752\u662524\u79d2", "username": "\u5494\u5494", "user_id": "204476359", "rating": "\u5f88\u5dee", "date": "2019-09-30", "time": "08:05:26", "comment": "\u8fd9\u90fd\u662f\u5565\u5440\uff01\n\n\u70c2\u7247\uff01", "useful_count": "0"},
{"page_index": 0, "movie_id": "26828415", "title": "\u9752\u662524\u79d2", "username": "Syd Berg", "user_id": "87769477", "rating": "\u5f88\u5dee", "date": "2018-08-06", "time": "18:53:24", "comment": "\u5168\u573a\u6700\u5c2c\u5728\u4e24\u4e2a\u6559\u7ec3\u63e1\u624b \ud83d\udc4f\ud83c\udffb\u81ea\u5df1\u5b66\u6821\u7684\u7535\u5f71 \u8dea\u7740\u4e5f\u8981\u770b\u5b8c", "useful_count": "0"},
{"page_index": 0, "movie_id": "26828415", "title": "\u9752\u662524\u79d2", "username": "\u6c5f\u6c94\u4f7e\u5ead", "user_id": "56613176", "rating": "\u5f88\u5dee", "date": "2018-04-06", "time": "11:41:19", "comment": "0", "useful_count": "0"},
{"page_index": 0, "movie_id": "26828415", "title": "\u9752\u662524\u79d2", "username": "\u96ea\u5c0f\u732ayuki", "user_id": "63213696", "rating": "\u529b\u8350", "date": "2018-08-11", "time": "20:30:43", "comment": "\u54c8\u54c8\u54c8", "useful_count": "0"},
{"page_index": 0, "movie_id": "26828415", "title": "\u9752\u662524\u79d2", "username": "\u4f60\u8bf4\u5565\u6211\u542c\u4e0d\u89c1", "user_id": "xxxxxxxmushroom", "rating": "\u8fd8\u884c", "date": "2018-03-23", "time": "12:26:25", "comment": "\u9ad8\u4e2d\u6821\u53cb\u51fa\u6f14\uff0c\u5979\u8bf4\uff0c\u771f\u7684\u5f88\u70c2\u2026\u2026", "useful_count": "1"},
{"page_index": 0, "movie_id": "26828415", "title": "\u9752\u662524\u79d2", "username": "\u4e00\u5f20\u6e38\u7130", "user_id": "172167694", "rating": "\u5f88\u5dee", "date": "2019-01-08", "time": "12:49:58", "comment": "\u8bf7\u95ee\u5bfc\u6f14\u62e5\u6709\u8fc7\u9752\u6625\u5417\uff1f", "useful_count": "0"},
{"page_index": 0, "movie_id": "26828415", "title": "\u9752\u662524\u79d2", "username": "\u9010\u8f89", "user_id": "102647175", "rating": "\u8fd8\u884c", "date": "2018-05-03", "time": "22:09:18", "comment": "\u7bee\u7403\u9898\u6750 \u591a\u7ed9\u4e00\u661f", "useful_count": "0"},
{"page_index": 0, "movie_id": "26828415", "title": "\u9752\u662524\u79d2", "username": "\u767d", "user_id": "151553804", "rating": "\u5f88\u5dee", "date": "2018-11-10", "time": "09:05:26", "comment": "\u70c2\u7247\uff0c\u5783\u573e", "useful_count": "0"},
{"page_index": 0, "movie_id": "26828415", "title": "\u9752\u662524\u79d2", "username": "\u54c8\u76ae\u54c8\u54c8", "user_id": "187559345", "rating": "\u5f88\u5dee", "date": "2019-05-19", "time": "18:13:23", "comment": "\u7b2c\u4e00\u4e2a\u6211\u7684\u4e00\u661f\u8bc4\u5206\uff0c\u771f\u7684\u8d85\u7ea7\u96be\u770b", "useful_count": "0"},
{"page_index": 0, "movie_id": "26828415", "title": "\u9752\u662524\u79d2", "username": "\u7cd6\u7eb8", "user_id": "gzcats", "rating": "\u8fd8\u884c", "date": "2018-03-25", "time": "19:27:17", "comment": "\u30102018.03.25/\u4e2d\u5f71\u5357\u65b9ONE/No.40\u3011\u91cc\u9762\u8fd8\u6709\u7a7f\u6211\u5927\u6e58\u531714\u53f7\u548c10\u53f7\u7403\u8863\uff0c\u5565\u64cd\u4f5c\uff1f", "useful_count": "0"},
{"page_index": 0, "movie_id": "26828415", "title": "\u9752\u662524\u79d2", "username": "\u8f9b\u8482", "user_id": "175748145", "rating": "\u529b\u8350", "date": "2018-03-23", "time": "16:35:28", "comment": "\u56e0\u4e3a\u6211\u7684\u4fca\u6377\uff0c\u52a0\u6cb9", "useful_count": "2"},
{"page_index": 0, "movie_id": "26828415", "title": "\u9752\u662524\u79d2", "username": "\u7edd\u5bf9\u96f6\u5ea60o", "user_id": "abso0ozero", "rating": "\u8fd8\u884c", "date": "2018-06-05", "time": "23:25:46", "comment": "\u7bee\u7403\uff0c\u591a\u5c11\u4eba\u66fe\u7ecf\u7684\u68a6\u60f3\u3002", "useful_count": "0"},
{"page_index": 0, "movie_id": "26828415", "title": "\u9752\u662524\u79d2", "username": "\u3002\u3002\u3002", "user_id": "148314793", "rating": "\u5f88\u5dee", "date": "2018-05-12", "time": "17:01:03", "comment": "\u8fd9\u662f\u5728\u4fae\u8fb1\u7bee\u7403\u5427", "useful_count": "0"},
{"page_index": 0, "movie_id": "26828415", "title": "\u9752\u662524\u79d2", "username": "\u7f18\u706d30169", "user_id": "200924691", "rating": "\u5f88\u5dee", "date": "2019-08-09", "time": "03:35:44", "comment": "\u5904\u5904\u662f\u70c2\u70b9\uff0c\u6211\u53ef\u4ee5\u51992000\u5b57\u6765\u5410\u69fd", "useful_count": "0"},
{"page_index": 0, "movie_id": "26828415", "title": "\u9752\u662524\u79d2", "username": "\u8c46\u53cb202132012", "user_id": "202132012", "rating": "\u8fd8\u884c", "date": "2022-11-13", "time": "10:33:54", "comment": "\u4f3c\u4e4e\u5f39\u5e55\u6709\u660e\u663e\u53d8\u5c11\u3002\u4e3a\u9ec4\u4fca\u6377\u6765\u7684\u3002\u5e94\u8be5\u662f\u521d\u6765\u4e4d\u5230\u65f6\u6f14\u7684\uff0c\u9752\u6da9\u7684\u5c0f\u9ec4\uff0c\u5168\u7a0b\u575a\u6301\u770b\u5b8c\u662f\u201c\u771f\u7231\u201d\u4e86\u3002\uff1b\u7f8e\u5973\u6559\u7ec3\u6709\u70b9\u773c\u719f\uff0c\u6821\u957f\u8c8c\u4f3c\u662f\u5927\u8bdd\u897f\u6e38\u91cc\u7684\u5510\u50e7\uff1f\u8fd8\u6709\u4e2a\u5c31\u51e0\u5206\u949f\u955c\u5934\u7684\u5927\u5988\u4e5f\u662f\u201c\u661f\u5973\u90ce\u201d\u8fd8\u662f\u7f57\u5fd7\u7965\u90a3\u4e2a\u7535\u5f71\u91cc\u7684\u6492\u82b1\u914d\u89d2\uff1f\u53cd\u6b63\u662f\u6709\u70b9\u773c\u719f\uff1b\u53d1\u73b0\u91cc\u9762\u7684\u79e6\u745e\u4e5f\u6709\u70b9\u5c0f\u5e05\u6c14\u8d28\uff0c\u5c31\u662f\u8eab\u9ad8\u7a0d\u5fae\u4e0d\u5982Jj\u3002\uff1b\u5a31\u4e50\u5708\u8fd9\u4e48\u591a\u4eba\uff0c\u80fd\u4e0d\u80fd\u9009\u4e2a\u66f4\u5408\u9002\u548c\u6f02\u4eae\u5e74\u8f7b\u7684\u6f14\u5973\u4e3b\u561b\uff0c\u4e0d\u8fc7\u7b97\u6709\u6f14\u51fa\u5b66\u6821\u5c0f\u5973\u751f\u90a3\u79cd\u611f\u89c9\uff1b\u4e0d\u7b97\u65e9\u604b\u5427\uff1f\u7537\u4e3b\u8bbe\u5b9a\u5341\u4e5d\uff0c\u4ed6\u54e5\u4e8c\u5341\u5c81\uff0c\u624d\u9ad8\u4e2d\u4e2d\u5b66\uff1f\uff1b\u9752\u6625\u5267\u8fd8\u884c\u5427\uff0c\u4e0d\u8fc7\u53ef\u80fd\u89c6\u89d2\u4e0d\u540c\uff0c\u9752\u6625\u91cc\u4e0d\u53ea\u6709\u7bee\u7403\uff0c\u6b64\u5360\u5927\u4e3b\u7ebf\u5168\u56f4\u7ed5\u7bee\u7403\uff0c\u8c03\u4f83\u4e00\u53e5\uff0c\u4e0d\u7528\u8bfb\u4e66\u7684\u5417", "useful_count": "0"},
{"page_index": 0, "movie_id": "26828415", "title": "\u9752\u662524\u79d2", "username": "\u661f\u7a7a\u9985\u7684\u5c0f\u7b3c\u5305", "user_id": "201980259", "rating": "\u8fd8\u884c", "date": "2020-08-01", "time": "07:58:54", "comment": "\u5c2c \u5168\u7a0b\u4e09\u500d\u901f", "useful_count": "0"},
{"page_index": 0, "movie_id": "26828415", "title": "\u9752\u662524\u79d2", "username": "shen4039", "user_id": "154064967", "rating": "\u8fd8\u884c", "date": "2023-01-12", "time": "20:42:36", "comment": "2023\u5e741\u670812\u65e5", "useful_count": "0"},
{"page_index": 0, "movie_id": "26828415", "title": "\u9752\u662524\u79d2", "username": "\u7bad7", "user_id": "155154977", "rating": "\u5f88\u5dee", "date": "2018-05-10", "time": "19:41:29", "comment": "\u6700\u8fd1\u8fc7\u7684\u5f88\u4e27\uff0c\u770b\u7740\u4e50\u5475\u4e50\u5475", "useful_count": "0"},
{"page_index": 0, "movie_id": "26828415", "title": "\u9752\u662524\u79d2", "username": "\u964d\u7ef4\u6253\u51fb", "user_id": "179943987", "rating": "\u5f88\u5dee", "date": "2018-09-30", "time": "09:47:38", "comment": "\u6211\u770b\u8fc7\u4ed6\u4eec\u62cd\u620f\u73b0\u573a  \u7b11\u6b7b\u6211\u4e86 \ud83d\ude02\ud83d\ude02\ud83d\ude02\ud83d\ude02", "useful_count": "0"},
{"page_index": 0, "movie_id": "26828415", "title": "\u9752\u662524\u79d2", "username": "\u6731\u4e00\u9f99", "user_id": "205963883", "rating": "\u63a8\u8350", "date": "2020-02-25", "time": "18:53:35", "comment": "\u7537\u4e3b\u771f\u7684\u5f88\u9752\u6da9\u7684\u611f\u89c9\u3002\u3002\u3002\u6821\u56ed\u65f6\u4ee3\u7684\u70ed\u8840\u4e0e\u9752\u6625\u3002\u7ed3\u5c3e\u62cd\u7684\u7279\u522b\u597d\u3002", "useful_count": "0"},
{"page_index": 0, "movie_id": "26828415", "title": "\u9752\u662524\u79d2", "username": "chewcc", "user_id": "210696494", "rating": "\u8fd8\u884c", "date": "2020-12-01", "time": "23:31:40", "comment": "\u4e3a\u4e86\u9ec4\u4fca\u6377\uff0c\u6253\u4e09\u5206\u662f\u6211\u7684\u6781\u9650\u3002\u3002", "useful_count": "2"},
{"page_index": 0, "movie_id": "26828415", "title": "\u9752\u662524\u79d2", "username": "\u9752\u83dc\u5148\u751f", "user_id": "136936658", "rating": null, "date": "2019-07-06", "time": "13:06:08", "comment": "\u5267\u60c5\u739b\u4e3d\u82cf\uff0c\u6f14\u6280\u8d85\u5c34\u5c2c\u3002", "useful_count": "0"},
{"page_index": 0, "movie_id": "26828415", "title": "\u9752\u662524\u79d2", "username": "\u65e0\u4eba\u50cf\u6211", "user_id": "177121307", "rating": "\u8fd8\u884c", "date": "2018-04-20", "time": "19:00:12", "comment": "\u4e00\u822c", "useful_count": "1"},
{"page_index": 0, "movie_id": "26828415", "title": "\u9752\u662524\u79d2", "username": "yang1429", "user_id": "128031307", "rating": "\u529b\u8350", "date": "2018-05-07", "time": "02:47:42", "comment": "\u559c\u5267\u7247  \u8fd9\u4e2a\u7247\u5b50\u6700\u5927\u6210\u672c\u652f\u51fa\u4f30\u8ba1\u5c31\u662f\u7403\u573a\u79df\u91d1\u4e86  \u6700\u9057\u61be\u5c31\u662f\u4e00\u4e2a\u591a\u5c0f\u65f6\u7684\u7bee\u7403\u7535\u5f71\u6ca1\u89c1\u5230\u4e00\u6ef4\u6c57\u6c34  ", "useful_count": "0"}
]